PartNumber,Description,ItemStatus,SalesUnit,Authorization,PriceGroup,PriceGroupDescription,ProductLifeCycleManagement,ItemClass
VOLTA55A                      ,"55"" VOLTA XTREME HIGH BRIGHT OUTDOOR DISPLAY",Active,EA,,ET DD,ET Dealer / Distributor Pricing,,VLTA STAND               
LCT100S                       ,"Desktop Monitor Mount For up to 38"" Monitors",Active,EA,False,CORE,Mounts,Active,FPSS STANDETAIL          
941-11001                     ,11GA TUBE ROUND DOM 1.562 OD X 204.000 to 288.000,Active,FT,,PRO,Professional Sales Price Group,,TBNG                     
521-0684                      ,"M6 X 12MM SKT PIN 18-8 SS, Blk Ox",Active,EA,,PRO,Professional Sales Price Group,,FAST                HW   
520-0878                      ,"SCREW, M6 X 16MM PHIL FLT, 18-8 SS",Active,EA,,PRO,Professional Sales Price Group,,FAST                HW   
590-1209                      ,"BUTTON BUMPER, 3169-003",Active,EA,,PRO,Professional Sales Price Group,,PP                  MISC 
560-0400                      ,"PEM SELFCLNCH M6x1 NUT,  SS  CLS-M6-1 from McMaster Carr",Active,EA,,KIOSK,Kiosks,,FAST                NUT  
561-0066                      ,PEM STUD M6X30MM,Active,EA,,KIOSK,Kiosks,,PP                  MISC 
FMAL                          ,FM 600X400 Articulating Wall Mount,Active,EA,,CONS,Consumer,Active,FPSS STANDETAIL          
FMAM                          ,FM 400X400 Articulating Wall Mount,Active,EA,,CONS,Consumer,Active,FPSS STANDETAIL          
FMAS                          ,FM 100x100 Articulating Wall Mount,Active,EA,,CONS,Consumer,Active,FPSS STANDETAIL          
FMFL                          ,FM 600X400 Flat Wall Mount,Active,EA,,CONS,Consumer,Active,FPSS STANDETAIL          
FMTL                          ,FM 600x400 Tilt Mount,Active,EA,,CONS,Consumer,Active,FPSS STANDETAIL          
FMTM                          ,FM 400X400 Tilt Wall Mount,Active,EA,,CONS,Consumer,Active,FPSS STANDETAIL          
009-0001                      ,BACK PLATE,Active,EA,,PRO,Professional Sales Price Group,,FAB                 LASER
009-0020                      ,FAB CLAMP FOR PLASMA CRT TRAY,Active,EA,,PRO,Professional Sales Price Group,,FAB                 LASER
009-0193                      ,TOP SHELF FOR JCT-P2854E,Active,EA,,PRO,Professional Sales Price Group,,PP                       
009-0200                      ,BACK PANEL FOR JCT-P2854CE,Active,EA,,PRO,Professional Sales Price Group,,PP                       
009-0201                      ,SIDE PANEL FOR JCT-P2854CE,Active,EA,,PRO,Professional Sales Price Group,,PP                       
009-0202                      ,DOOR PANEL FOR JCT-P2854CE,Active,EA,,PRO,Professional Sales Price Group,,PP                       
009-0203                      ,GROOVED LEG FOR JCT-P2642CE,Active,EA,,PRO,Professional Sales Price Group,,PP                       
009-0204                      ,BACK PANEL FOR JCT-P2642CE,Active,EA,,PRO,Professional Sales Price Group,,PP                       
009-0205                      ,SIDE PANEL FOR JCT-P2642CE,Active,EA,,PRO,Professional Sales Price Group,,PP                       
009-0206                      ,DOOR PANEL FOR JCT-P2642CE,Active,EA,,PRO,Professional Sales Price Group,,PP                       
009-0207                      ,TOP SHELF FOR JCT-P2642CE,Active,EA,,PRO,Professional Sales Price Group,,PP                       
009-0208                      ,MIDDLE SHELF FOR JCT-P2642CE,Active,EA,,PRO,Professional Sales Price Group,,PP                       
009-0209                      ,BOTTOM SHELF FOR JCT-P2642CE,Active,EA,,PRO,Professional Sales Price Group,,PP                       
009-0210                      ,"16 1/2"" LEG FOR JCT-P2642CE",Active,EA,,PRO,Professional Sales Price Group,,PP                       
009-0211                      ,"18 1/2"" LEG FOR JCT-P1642E",Active,EA,,PRO,Professional Sales Price Group,,PP                       
009-0212                      ,"8 1/2"" LEG FOR JCT-P1642E",Active,EA,,PRO,Professional Sales Price Group,,PP                       
009-1020                      ,PNTD CLAMP FOR PLASMA CRT TRAY,Active,EA,,PRO,Professional Sales Price Group,,FAB                 PAINT
009-1037                      ,"UPPER SHELF FOR AV-P97 CART,BLK",Active,EA,,PRO,Professional Sales Price Group,,PP                       
009-1038                      ,"LOWER SHELF FOR AV-P97 CART,BLK",Active,EA,,PRO,Professional Sales Price Group,,PP                       
009-1040                      ,"LOWER SHELF FOR AV-P137 CART,BLK",Active,EA,,PRO,Professional Sales Price Group,,PP                       
009-1042                      ,"LEG ""X"" FOR AV-T112 CART,BLK",Active,EA,,PRO,Professional Sales Price Group,,PP                       
009-1045                      ,"RUBBER MATT FOR AV-P97/137 CART,BLK",Active,EA,,PRO,Professional Sales Price Group,,PP                       
009-1168                      ,CORD WRAP FOR PLASTIC CARTS,Active,EA,,PRO,Professional Sales Price Group,,PP                       
009-8025                      ,FASTPACK FOR JCT-2642E,Active,EA,,PRO,Professional Sales Price Group,,FAST                     
017-1019                      ,"SUPPORT ARM 15.5"" ASSY,BLK,#14",Active,EA,,PRO,Professional Sales Price Group,,FAB                 PAINT
017-8007                      ,FAST PACK PWA-14,Active,EA,,PRO,Professional Sales Price Group,,FAST                     
017-8008                      ,FAST PACK PWA-14S,Active,EA,,PRO,Professional Sales Price Group,,FAST                     
017-8009                      ,FAST PACK PWA-14W,Active,EA,,PRO,Professional Sales Price Group,,FAST                     
046-8005-1                    ,"FASTPACK, 4 LP WOOD SCREW & ANCHORS",Active,EA,,PRO,Professional Sales Price Group,,FAST                     
046-8006-1                    ,"FASTPACK, 6 LP WOOD SCREW & ANCHORS",Active,EA,,PRO,Professional Sales Price Group,,FAST                     
054-8045-2                    ,FAST PACK FOR ACC570S/W,Active,EA,,PRO,Professional Sales Price Group,,FAST                     
055-0016                      ,"PJF BASE UNIT ASSY-2, SILVER",Inactive,EA,,PRO,Professional Sales Price Group,,FAB                      
055-0469                      ,"FAB, ADPR PLATE FOR PAP/PJC/PJF-227",Active,EA,,PRO,Professional Sales Price Group,,FAB                 LASER
055-0516                      ,COLUMN BRKT,Active,EA,,PRO,Professional Sales Price Group,,FAB                 PUNCH
055-0517                      ,COLUMN TUBE LONG,Active,EA,,PRO,Professional Sales Price Group,,FAB                 TUBE 
055-0589                      ,"CHANNEL BRACKET, UNV, GEN II",No Request,EA,,PRO,Professional Sales Price Group,,FAB                 PUNCH
055-0694                      ,"ASSY, POLE CLAMPS, UNV PRJ CAGE,BLK",Active,EA,,PRO,Professional Sales Price Group,,FAB                 ASSYP
055-0696                      ,"ASSY, POLE CLAMPS, UNV PRJ CAGE,WHT",Active,EA,,PRO,Professional Sales Price Group,,FAB                 ASSYP
055-1174                      ,"SUPPORT BRKT FOR ANTI-VIB, BLK",Active,EA,,PRO,Professional Sales Price Group,,FAB                 PAINT
055-1516                      ,"COLUMN BRKT, BLK",Active,EA,,PRO,Professional Sales Price Group,,FAB                 PAINT
055-1520                      ,"COLUMN SHORT TUBE ASSY, BLK",Active,EA,,PRO,Professional Sales Price Group,,FAB                 ASSYP
055-1521                      ,"COLUMN LONG TUBE ASSY, BLK",Active,EA,,PRO,Professional Sales Price Group,,FAB                 ASSYP
055-1551                      ,"TILTING BRKT, BLK",Active,EA,,PRO,Professional Sales Price Group,,FAB                 PAINT
055-1589                      ,"CHANNEL BRACKET, UNV, GEN II, ZB",No Request,EA,,PRO,Professional Sales Price Group,,FAB                      
055-1657                      ,"ADPR PLT FOR PAP/PRS/PJF2-270, BLK",Active,EA,,PRO,Professional Sales Price Group,,FAB                 PAINT
055-1866                      ,"PROJECTOR PLATE, UNV, GEN III, BLK",Active,EA,,PRO,Professional Sales Price Group,,FAB                 PAINT
055-1867                      ,"SEC G3 UNV PRJ PLT ASY, BLK",Active,EA,,PRO,Professional Sales Price Group,Use Up,PPA                      
055-1884                      ,"SEC G3 UNV PRJ CHANNEL ASSY, BLK",No Request,EA,,PRO,Professional Sales Price Group,,FAB                 ASSYP
055-1938                      ,"SEC UNIV PROJ PLT ASSY W/CONN., BLK",Active,EA,,PRO,Professional Sales Price Group,,FAB                 ASSYP
055-2690                      ,"ASSY, PAN, UNV PRJ CAGE, WHT",Active,EA,,PRO,Professional Sales Price Group,,FAB                 PAINT
055-2867                      ,"SEC G3 UNV PRJ PLT ASY, WHT",Active,EA,,PRO,Professional Sales Price Group,,PPA                      
055-2884                      ,"SEC G3 UNV PRJ CHANNEL ASSY, WHT",Inactive,EA,,PRO,Professional Sales Price Group,,FAB                 ASSYP
055-2930                      ,"CHANNEL, UNV, GEN III, WHT",Active,EA,,PRO,Professional Sales Price Group,,FAB                 PAINT
055-4589                      ,"CHANNEL BRACKET, UNV, GEN II, ZC",Inactive,EA,,PRO,Professional Sales Price Group,,FAB                      
055-4867                      ,"SEC G3 UNV PRJ PLT ASY, SLV",Inactive,EA,,PRO,Professional Sales Price Group,,PPA                      
055-4930                      ,"CHANNEL, UNV, GEN III, SLV",Inactive,EA,,PRO,Professional Sales Price Group,,FAB                 PAINT
055-8004                      ,"FAST PACK, ACC840",Active,EA,,PRO,Professional Sales Price Group,,FAST                     
055-8005                      ,"FAST PACK, ACC845",Active,EA,,PRO,Professional Sales Price Group,,FAST                     
055-8269                      ,FASTPACK FOR SECURITY CMJ500,Active,EA,,PRO,Professional Sales Price Group,,FAST                     
055-8270                      ,FAST PACK FOR ACC913,Active,EA,,PRO,Professional Sales Price Group,,FAST                     
055-8271                      ,FAST PACK FOR ACC912,Active,EA,,PRO,Professional Sales Price Group,,FAST                     
055-8283-1                    ,FASTPACK FOR LCC-18/36 EXPRS ANCH,Active,EA,,PRO,Professional Sales Price Group,,FAST                     
055-8284                      ,"FASTPACK FOR VESA 75/100, BLK",Active,EA,,PRO,Professional Sales Price Group,,FAST                     
055-8285-1                    ,FASTPACK FOR LCC-18/36(-C),Active,EA,,PRO,Professional Sales Price Group,,FAST                     
055-8322-S                    ,"FASTPACK FOR PROJ. 269, SLV",Inactive,EA,,PRO,Professional Sales Price Group,,FAST                     
055-8328                      ,"FASTPACK FOR UNV PJR GAGE, BLK",Active,EA,,PRO,Professional Sales Price Group,,FAST                     
055-8328-S                    ,"FASTPACK FOR UNV PJR GAGE, SLV",Active,EA,,PRO,Professional Sales Price Group,,FAST                     
055-8334                      ,FASTPACK FOR MIS347,Active,EA,,PRO,Professional Sales Price Group,,FAST                     
080000276                     ,"Kit, MIS419 Speaker Brackt Retrofit",Active,EA,,PRO,Professional Sales Price Group,Active,FPSS STAND               
080000277                     ,"Bracket, Endcap TV Locking (Left)",Active,EA,,PRO,Professional Sales Price Group,Active,FPSS STAND               
080000278                     ,"Bracket, Endcap TV Locking (Right)",Active,EA,,PRO,Professional Sales Price Group,Active,FPSS STAND               
081-0029                      ,VCR ADAPTER FOR VPM40-L,Active,EA,,PRO,Professional Sales Price Group,,FAB                 LASER
081-1050                      ,"VERT ADJUSTER 4.25"" BLK",Active,EA,,PRO,Professional Sales Price Group,,FAB                 PAINT
081-1051                      ,"VERT ADJUSTER 2.69"" I.D., BLK",Active,EA,,PRO,Professional Sales Price Group,,FAB                 PAINT
081-1052                      ,"HORIZONTAL ADJUSTER, BLK",Active,EA,,PRO,Professional Sales Price Group,,FAB                 PAINT
081-1053                      ,"HORZ CROSS SUPPORT 13.25"", BLK",Active,EA,,PRO,Professional Sales Price Group,,FAB                 PAINT
081-1062                      ,"1.5"" VERT ANCHOR, BLK",Active,EA,,PRO,Professional Sales Price Group,,PP                       
081-2051                      ,"VERT ADJUSTER 2.69"" I.D., WHT",Active,EA,,PRO,Professional Sales Price Group,,FAB                 PAINT
081-2052                      ,"HORIZONTAL ADJUSTER, WHT",Active,EA,,PRO,Professional Sales Price Group,,FAB                 PAINT
083-8011                      ,"FAST PACK, FOR PS200",Active,EA,,PRO,Professional Sales Price Group,,FAST                     
087-8019                      ,FAST PACK MSA-101,Active,EA,,PRO,Professional Sales Price Group,,FAST                     
090-0544                      ,BASE BACKER PLATE SQ MTG PATTERN,Active,EA,,PRO,Professional Sales Price Group,,FAB                 LASER
090-0642                      ,"RIGHT VERT. BRKT., FDS-V6X4-LG/PHIL",Active,EA,,PRO,Professional Sales Price Group,,FAB                 PRESS
090-0643                      ,"LEFT VERT. BRKT., FDS-V6X4-LG/PHIL",Active,EA,,PRO,Professional Sales Price Group,,FAB                 PRESS
090-0821                      ,DESKTOP SWIVEL BASE SQ MTG PTN CAST,Active,EA,,PRO,Professional Sales Price Group,,PP                       
090-1372                      ,"FAB, CAM LOCK FOR FDS-3250-K, BLK",Active,EA,,PRO,Professional Sales Price Group,,FAB                 PAINT
090-1544                      ,"BASE BACKER PLT SQ MTG PATTERN, BLK",Active,EA,,PRO,Professional Sales Price Group,,FAB                 PAINT
090-1552                      ,"ADAPTER PLATE WELDMENT, HD-UNV, BLK",Active,EA,,PRO,Professional Sales Price Group,,FAB                 PAINT
090-1783-1                    ,"SPRT TUBE ASSM 21.75"", BLK",Active,EA,,PRO,Professional Sales Price Group,,FAB                 ASSYP
090-1787                      ,"ROT. BOX - FDS-3250-K, NEW, BLK",Active,EA,,PRO,Professional Sales Price Group,,FAB                 PAINT
090-1817                      ,"ROTATION BOX WLDMNT - FDS-3250, BLK",Active,EA,,PRO,Professional Sales Price Group,,FAB                 PAINT
090-1899                      ,"ADAPTER PLT RIVT ASSY MIS672-FDS,BL",Active,EA,,PRO,Professional Sales Price Group,,FAB                 PAINT
090-1904                      ,"RIGHT VERT. ASSY, MIS671/672, BL",Active,EA,,PRO,Professional Sales Price Group,,FAB                 ASSYP
090-1905                      ,"LEFT VERT. ASSY, MIS671/672, BL",Active,EA,,PRO,Professional Sales Price Group,,FAB                 ASSYP
090-8040-3                    ,FAST PACK FOR HP450 W/ WASH,Active,EA,,PRO,Professional Sales Price Group,,FAST                     
090-8325                      ,FAST PACK FOR MIS671-HP,Active,EA,,PRO,Professional Sales Price Group,,FAST                     
090-8328                      ,FAST PACK 2 FOR HLG452-PH-Q10,Active,EA,,PRO,Professional Sales Price Group,,FAST                     
092-8001                      ,"FAST PACK, ACC120",Active,EA,,PRO,Professional Sales Price Group,,FAST                     
095-0140                      ,"RTLT-100, TILT BRKT, FAB",Active,EA,,PRO,Professional Sales Price Group,,FAB                 COMBO
095-0141                      ,"RTLF-100, WALL BRKT, FAB",Active,EA,,PRO,Professional Sales Price Group,,FAB                 LASER
095-0320                      ,"WALL PLATE, SF630/635",Active,EA,,PRO,Professional Sales Price Group,,FAB                      
095-0321                      ,"HOOK BRKT, SF630/635",Active,EA,,PRO,Professional Sales Price Group,,PP                       
095-1509                      ,"TILT PLATE WELDMENT, CNN MOUNT, BLK",Active,EA,,PRO,Professional Sales Price Group,,FAB                 PAINT
095-1747                      ,"WALL PLATE COVER, DBL STUD",Active,EA,,PRO,Professional Sales Price Group,,PPA                      
095-1748                      ,"COVER, WALL PLATE",Active,EA,,PRO,Professional Sales Price Group,,PPA                      
095-4652                      ,"WALL BRACKET SMART BOARD, SLV",Active,EA,,PRO,Professional Sales Price Group,,FAB                 PAINT
095-8102                      ,FASTPACK (4) M5X10MM TYPE-F PHL BLK,Active,EA,,PRO,Professional Sales Price Group,,FAST                     
095-8188                      ,FASTPACK FOR LC-100,Active,EA,,PRO,Professional Sales Price Group,,FAST                     
095-8352-1                    ,FASTPACK FOR PF632,Active,EA,,PRO,Professional Sales Price Group,,FAST                     
095-8355                      ,"FAST PACK FOR IM760P, IM760PU, BLK",Active,EA,,PRO,Professional Sales Price Group,,FAST                     
095-8356                      ,"SCRN SIDE FP IM760PU, BLK",Active,EA,,PRO,Professional Sales Price Group,,FAST                     
095-8360                      ,"FAST PACK FOR IB40, IM740",Active,EA,,PRO,Professional Sales Price Group,,FAST                     
095-8381                      ,"FASTPACK, 4 WOOD SCREWS",Active,EA,,PRO,Professional Sales Price Group,,FAST                     
095-P1517                     ,"TRIM, OUTER RING ,GBLK",Active,EA,,PRO,Professional Sales Price Group,,FAB                 PAINT
100-1007                      ,"PAINTED CEILING PLATE 4"" X 4""",Active,EA,,PRO,Professional Sales Price Group,,FAB                 PAINT
100-1008                      ,"PNT CEILING PLATE 8"" X 8""",Active,EA,,PRO,Professional Sales Price Group,,FAB                 PAINT
103-0017                      ,"FAB, LOCK PLATE",Active,EA,,PRO,Professional Sales Price Group,,FAB                 COMBO
103-1001                      ,"JUMBO SHELF VCR BRACKET, BLK",Active,EA,,PRO,Professional Sales Price Group,,FAB                 PAINT
1182-701                      ,CTN MAILER 12.25 X 9.5 X 2.5,Active,EA,,PRO,Professional Sales Price Group,,CARTN               BOXES
1184-701                      ,CTN 12.25 X 9.625 X 4 FOR S-276,Active,EA,,PRO,Professional Sales Price Group,,CARTN               BOXES
120-8080                      ,FAST PACK FOR ACC170,Active,EA,,PRO,Professional Sales Price Group,,FAST                     
1235-502                      ,FAST PACK FOR LDM233K,Active,EA,,PRO,Professional Sales Price Group,,FAST                     
124-1062                      ,"BACK LOCKDOWN BRKT FOR MIS208, BLK",Active,EA,,PRO,Professional Sales Price Group,,FAB                 PAINT
124-8011                      ,"DVD-P1, FST PK",Active,EA,,PRO,Professional Sales Price Group,,FAST                     
124-8746                      ,FAST PACK FOR FLD-UNV,Active,EA,,PRO,Professional Sales Price Group,,FAST                     
124-8835                      ,FASTPACK FOR 49-5672-20,Active,EA,,PRO,Professional Sales Price Group,,FAST                     
125-1006                      ,"ADAPTER BRACKET FOR DMU50SM, BLK",Active,EA,,HOSP,Hospitality,,FAB                 PAINT
125-1021                      ,"BASE RIGHT HAND FOR 49-5672-20, BLK",Active,EA,,PRO,Professional Sales Price Group,,FAB                 PAINT
125-1025                      ,"ADPTER BOX FOR 49-5672-20, WLD, BLK",Active,EA,,PRO,Professional Sales Price Group,,FAB                 PAINT
128-0026                      ,"LEFT END SPRT TRAY,14""",Active,EA,,PRO,Professional Sales Price Group,,FAB                 PUNCH
128-0027                      ,"RIGHT SPRT TRAY,14"" W/LOGO HOLES",Active,EA,,XGPREFAB,XGPREFAB,,FAB                 PUNCH
128-0069                      ,"WALL ARM 22.5"" ASSY JUMBO, WLD",Active,EA,,PRO,Professional Sales Price Group,,FAB                 WELD 
128-0419                      ,STRUCTURAL CLNG DECOUPLER,Active,EA,,PRO,Professional Sales Price Group,,FAB                 ASSYP
128-1026                      ,"LEFT END SPRT TRAY, 14"" BLK",Active,EA,,PRO,Professional Sales Price Group,,FAB                 PAINT
128-1027                      ,"RIGHT END SPRT TRAY, 14""",Active,EA,,PRO,Professional Sales Price Group,,FAB                 PAINT
128-1029                      ,"EXT COLUMN STABILIZER BRKT, BLACK",Active,EA,,PRO,Professional Sales Price Group,,FAB                 PAINT
128-1039                      ,"TAPERED CEILING BRACKET, BLACK",Active,EA,,PRO,Professional Sales Price Group,,FAB                 PAINT
128-1059                      ,"WALL ARM 18"" ASSY BLK",Active,EA,,PRO,Professional Sales Price Group,,FAB                 PAINT
128-1069                      ,"WALL ARM 22.5"" ASSY, BLACK",Active,EA,,PRO,Professional Sales Price Group,,FAB                 PAINT
128-1086                      ,"PAINTED CEILING BRKT ASSY,20""",Active,EA,,PRO,Professional Sales Price Group,,FAB                 PAINT
128-1087                      ,"PAINTED CEILING BRKT ASSY,24""",Active,EA,,PRO,Professional Sales Price Group,,FAB                 PAINT
128-1141                      ,BLK ADP DCPLR TRUS CELNG BRKT WLD,Active,EA,,PRO,Professional Sales Price Group,,FAB                 PAINT
128-1189                      ,CLAMPS FOR I-BEAM,Active,EA,,PRO,Professional Sales Price Group,,FAB                 PAINT
128-1194                      ,PNTD CLAMPS FOR DCT500,Active,EA,,PRO,Professional Sales Price Group,,FAB                 PAINT
128-1205                      ,"PNTD,, 2"" I-BEAM CLAMP",Active,EA,,PRO,Professional Sales Price Group,,FAB                 PAINT
128-1273                      ,PNTD CLAMPS FOR DCT900,Active,EA,,PRO,Professional Sales Price Group,,FAB                 PAINT
128-2039                      ,"TAPERED CLNG BRACKET, WHITE",Active,EA,,PRO,Professional Sales Price Group,,FAB                 PAINT
128-8002                      ,FAST PACK - 3 WOOD SCREW/BSHG,Active,EA,,PRO,Professional Sales Price Group,,FAST                     
128-8003                      ,FAST PACK-4 WOOD SCREW/BSHG,Active,EA,,PRO,Professional Sales Price Group,,FAST                     
128-8020-1                    ,FASTPACK I-BEAM ADP SM & LG,Active,EA,,PRO,Professional Sales Price Group,,FAST                     
128-8021                      ,FASTPACK FOR I-BEAM HEAVY DUTY,Active,EA,,PRO,Professional Sales Price Group,,FAST                     
128-8104                      ,FAST PACK FOR 2-PCS SUSP.CLNG,Active,EA,,PRO,Professional Sales Price Group,,FAST                     
128-8105                      ,FAST PACK FOR CMJ455,Active,EA,,PRO,Professional Sales Price Group,,FAST                     
128-8111                      ,FAST PACK FOR ACC600,Active,EA,,PRO,Professional Sales Price Group,,FAST                     
130-0088                      ,"J- BOX WELDMENT, PIC-NGTV-04",Active,EA,,PRO,Professional Sales Price Group,,FAB                 WELD 
130-0089                      ,"BASE WELDMENT, PIC-NGTV-04",Active,EA,,PRO,Professional Sales Price Group,,FAB                 WELD 
130-1070                      ,"J- BOX WELDMENT, PIC-NGTV-05, BLK",Active,EA,,PRO,Professional Sales Price Group,,FAB                 PAINT
130-8012                      ,"FAST PACK, FOR CABLE ASSY",Active,EA,,PRO,Professional Sales Price Group,,FAST                     
130-T1383                     ,"COVER LATCH PLATE, DSI-CM-46PH,TBLK",Active,EA,,PRO,Professional Sales Price Group,,FAB                 PAINT
130-T1384                     ,"SPEAKER PLATE, DSI-CM-46PH, TBLK",Active,EA,,PRO,Professional Sales Price Group,,FAB                 PAINT
130-T1386                     ,"CABLE COVER, DSI-CM-46, TBLK",Active,EA,,PRO,Professional Sales Price Group,,FAB                 PAINT
130-T1392                     ,"COVER LATCH PLATE, DSI-CM-57PL,TBLK",Active,EA,,PRO,Professional Sales Price Group,,FAB                 PAINT
130-T1395                     ,"SPKR PLT,DSI-CM-57PL, TBLK",Active,EA,,PRO,Professional Sales Price Group,,FAB                 PAINT
139-1015                      ,"DUAL CROSS SUPPORT 44""ASSY,BLK",Active,EA,,PRO,Professional Sales Price Group,,FAB                 PAINT
139-1083                      ,"SUPPORT PIPE 4"", BLACK w/NOTCHES",Active,EA,,PRO,Professional Sales Price Group,,FAB                 PAINT
139-8004                      ,FASTPACK FOR PLCM-2,Active,EA,,PRO,Professional Sales Price Group,,FAST                     
140-1019                      ,"YAW LOCK BRACKET, BLK",Active,EA,,PRO,Professional Sales Price Group,,FAB                 PAINT
1418-001A                     ,"ESCUTCHEON PLATE FOR 1.9"" OD",Active,EA,,PRO,Professional Sales Price Group,,PP                       
142-1001                      ,"PNTD,ALIGNMENT PLATE BLACK",Active,EA,,PRO,Professional Sales Price Group,,FAB                 PAINT
142-1002                      ,"PNTD, ATTACHMENT PLATE BLACK",Active,EA,,PRO,Professional Sales Price Group,,FAB                 PAINT
142-8001                      ,FAST PACK FOR UNI-STRUT ADAPT,Active,EA,,PRO,Professional Sales Price Group,,FAST                     
142-8002                      ,FAST PACK FOR DCT300,Active,EA,,PRO,Professional Sales Price Group,,FAST                     
142-8003                      ,"FAST PACK, CONCRETE",Active,EA,,PRO,Professional Sales Price Group,,FAST                     
1445-701B                     ,"CAPS FOR TUBE CARTON 2.5""",Active,EA,,PRO,Professional Sales Price Group,,CARTN               INSRT
1450-203                      ,"TRAY STIFFNER,LRG",Active,EA,,XGPREFAB,XGPREFAB,,FAB                 PUNCH
1450-204                      ,"TRAY STIFFNER,SMALL",Active,EA,,XGPREFAB,XGPREFAB,,FAB                 PUNCH
1450-517                      ,"STRND WIRE,1/8DIAK 10FT #7/7",Active,EA,,PRO,Professional Sales Price Group,,FAB                      
1450-518                      ,"CLAMP, 1/4 CABLE",Active,EA,,PRO,Professional Sales Price Group,,PP                       
1450-522                      ,WIRE 12GA SOFT GALVANIZED,Active,EA,,PRO,Professional Sales Price Group,,FAB                 ASSYF
1455-406                      ,FALSE CLNG ADAPTER,Active,EA,,XGPREFAB,XGPREFAB,,FAB                 PUNCH
1455-476W                     ,SUSPENDED CEILING TRAY 2'X2' WHT,Active,EA,,PRO,Professional Sales Price Group,,FAB                 PAINT
1465-273                      ,"UPPER CLNG ADAPTOR, WHT",Active,EA,,PRO,Professional Sales Price Group,,FAB                 PAINT
1465-505                      ,FAST PACK FOR TRUSS CELIING ADAPTER,Active,EA,,PRO,Professional Sales Price Group,,FAST                     
154-0004                      ,"ADJ TUBE 36.5"" LONG",Active,EA,,PRO,Professional Sales Price Group,,FAB                 WELD 
154-0011                      ,ADJ CLNG EXT ASSY,Active,EA,,PRO,Professional Sales Price Group,,FAB                 ASSYP
154-0013                      ,ADJ CLNG EXT ASSY ADD1012,Active,EA,,PRO,Professional Sales Price Group,,FAB                 ASSYP
154-1001                      ,"ADJ TUBE 21"" W/8 ADJ HOLES BLK",Active,EA,,PRO,Professional Sales Price Group,,FAB                 PAINT
154-1002                      ,"ADJ TUBE 35.5"" W/14 ADJ HOLES BLACK",Active,EA,,PRO,Professional Sales Price Group,,FAB                 PAINT
154-1004                      ,"ADJ TUBE 36.5"" LONG BLACK",Active,EA,,PRO,Professional Sales Price Group,,FAB                 PAINT
154-1034                      ,"PNTD EXTENSIN PIPE 15""",Active,EA,,PRO,Professional Sales Price Group,,FAB                 PAINT
154-8007                      ,FASTPACK FOR ADD%,Active,EA,,PRO,Professional Sales Price Group,,FAST                     
170-8039-1                    ,"FASTPACK FOR SAFETY BELT SET, BLK",Active,EA,,PRO,Professional Sales Price Group,,FAST                     
1800-375                      ,"RETAINING COLLAR, BLACK FINISH",Active,EA,,PRO,Professional Sales Price Group,,PP                  MISC 
1PM-99TD01P                   ,"BLACK BELT F/PM600 7' 3/4""W/BUCKLE",Active,EA,,PRO,Professional Sales Price Group,,FAST                MISC 
200-0351                      ,"NEC 61"", HORTL+MID ASSEMBLY",Active,EA,,PRO,Professional Sales Price Group,,FAB                 ASSYP
200-0552                      ,PLASMA/LCD TILT BRKT W/ LOGO HOLES,Active,EA,,PRO,Professional Sales Price Group,,FAB                 PUNCH
200-1289                      ,"ADPR BRKT - V200, TOP PLATE, BLK",Active,EA,,PRO,Professional Sales Price Group,,FAB                 PAINT
200-1305                      ,"PLASMA VIDEO CONF. SHELF-ACC309,BLK",Active,EA,,PRO,Professional Sales Price Group,,FAB                 PAINT
200-1306                      ,"SHELF BRACKET - ACC309, BLK",Active,EA,,PRO,Professional Sales Price Group,,FAB                 PAINT
200-1552                      ,"PLASMA/LCD TILT BRKT W/ LOGO, BLK",Active,EA,,PRO,Professional Sales Price Group,,FAB                 PAINT
200-1862                      ,"WALL PLATE FOR FPS MOUNT, WLD, BLK",Active,EA,,PRO,Professional Sales Price Group,,FAB                 PAINT
200-1871                      ,"TEAR DROP LOCKING TAB, BLK",Active,EA,,PRO,Professional Sales Price Group,,FAB                 PAINT
200-8004A-2                   ,FASTPACK FOR PLP-NEC LCD 4000,Active,EA,,PRO,Professional Sales Price Group,,FAST                     
200-8125-3                    ,FAST PACK FOR PLP NEC42,Active,EA,,PRO,Professional Sales Price Group,,FAST                     
200-8195                      ,FAST PACK - ACC309,Active,EA,,PRO,Professional Sales Price Group,,FAST                     
200-8203                      ,"FASTPACK, (PLB) STANDARD PLASMA",Active,EA,,PRO,Professional Sales Price Group,,FAST                     
200-8337A                     ,FASTPACK FOR PLP-CR40 W/ WRENCH,Active,EA,,PRO,Professional Sales Price Group,,FAST                     
200-8359                      ,"FASTPACK FOR PLP-V100, BLK",Active,EA,,PRO,Professional Sales Price Group,,FAST                     
200-8405-2                    ,"FASTPACK, LARGE SCREEN-SIDE NON-SEC",Active,EA,,PRO,Professional Sales Price Group,,FAST                     
200-8508                      ,FASTPACK FOR PLP% - 4 X M5*10MM,Active,EA,,PRO,Professional Sales Price Group,,FAST                     
200-8512                      ,"FASTPACK FOR PL, PLC, PLP SH65",Active,EA,,PRO,Professional Sales Price Group,,FAST                     
200-8529-1                    ,FASTPACK FOR FPZ-401,Active,EA,,PRO,Professional Sales Price Group,,FAST                     
200-8558                      ,FASTPACK FOR PANA-103MTV,Active,EA,,PRO,Professional Sales Price Group,,FAST                     
200-8561                      ,FASTPACK FOR PT-425,Active,EA,,PRO,Professional Sales Price Group,,FAST                     
200-8590                      ,"FASTPACK FOR LOCKING TAB, BLK",Active,EA,,PRO,Professional Sales Price Group,,FAST                     
200-8606-1                    ,FASTPACK FOR PLP-V4X2,Active,EA,,PRO,Professional Sales Price Group,,FAST                     
200-8607                      ,FASTPACK FOR PLP-V6X4,Active,EA,,PRO,Professional Sales Price Group,,FAST                     
200-8612                      ,FASTPACK FOR PLP-V4X4,Active,EA,,PRO,Professional Sales Price Group,,FAST                     
200-8615-1                    ,"FASTPACK, 4 WOOD SCREWS & ANCHORS",Active,EA,,PRO,Professional Sales Price Group,,FAST                     
200-8617                      ,ELDORADO FP 6 WOOD SCREWS & ANCHORS,Active,EA,,PRO,Professional Sales Price Group,,FAST                HW   
201-0300                      ,"FAB, WALL PLT, PFT640",Active,EA,,PRO,Professional Sales Price Group,,FAB                 PUNCH
201-1079                      ,"FLAT PLATE, FPS1000, BLK",Active,EA,,PRO,Professional Sales Price Group,,FAB                 PAINT
2245-308                      ,"UPPER TRAY 19""",Active,EA,,XGPREFAB,XGPREFAB,,FAB                 PUNCH
2454-901                      ,"ADH/DBL SDE 4945 1 3/4""WX 1/16""T",Active,FT,,PRO,Professional Sales Price Group,,PP                  ADPRT
29WK07                        ,ACC215 FOR GRAINGER,Active,EA,,PRO,Professional Sales Price Group,Active,APNS                     
2CP-51TV01                    ,"FAST PACK, CONCRETE",Active,EA,,PRO,Professional Sales Price Group,,FAST                     
2JM-11CP01L                   ,LWR CLNG BRKT W/RETNR PNT JUM MNT,Active,EA,,PRO,Professional Sales Price Group,,FAB                 PAINT
2JM-51TV01                    ,FASTPACK FOR ACC556 CEILING ADAPTER,Active,EA,,PRO,Professional Sales Price Group,,FAST                     
2MD-55VS04K                   ,PNTD ADJ ASSY - ADAPTER FLANGE,Active,EA,,PRO,Professional Sales Price Group,,FAB                 PAINT
2MD-55VS06W                   ,"EXT PIPE 116"" W/VINYL ASSY ADD1012",Active,EA,,PRO,Professional Sales Price Group,,FAB                 PAINT
2MD-55VS08W                   ,7.67 FT TUBE & VINYL ASSY FOR ADD08,Active,EA,,PRO,Professional Sales Price Group,,FAB                 PAINT
2MD-55VS10D                   ,"PNTD EXT PIPE 44"" LONG",Inactive,EA,,PRO,Professional Sales Price Group,,FAB                      
2MD-55VS11D                   ,"PNTD EXT PIPE 21"" LONG",Active,EA,,PRO,Professional Sales Price Group,,FAB                 PAINT
2MD-55VS12D                   ,"PNTD EXT PIPE 33"" LONG",Active,EA,,PRO,Professional Sales Price Group,,FAB                 PAINT
2PT-22CA01D                   ,"END CAP, CEILING PLATE BLACK",Active,EA,,PRO,Professional Sales Price Group,,FAB                 PAINT
38TK97                        ,"I-Beam Clamp,250lb.,Ceiling Mount,Steel",Active,EA,,PRO,Professional Sales Price Group,Active,FPSS STAND               
38TK99                        ,PANEL ADAPTOR PLATE ( VESA 400X400),Active,EA,,PRO,Professional Sales Price Group,Active,APNS                     
38X961                        ,"TV EXTENSION COLUMN, FLAT PANEL,CEILING,BLK",Active,EA,,PRO,Professional Sales Price Group,Active,FPSS STAND               
407K70                        ,"6""-9"" Adjustable Extension Column",Active,EA,,PRO,Professional Sales Price Group,Active,APNS                     
407K72                        ,"9""-12"" Adjustable Extension Column",Active,EA,,PRO,Professional Sales Price Group,Active,APNS                     
407K73                        ,"9""-12"" Adjustable Extension Column",Active,EA,,PRO,Professional Sales Price Group,Active,APNS                     
407K75                        ,"18""-24"" Adjustable Extension Column",Active,EA,,PRO,Professional Sales Price Group,Active,APNS                     
407K76                        ,"18""-24"" Adjustable Extension Column",Active,EA,,PRO,Professional Sales Price Group,Use Up,APNS                     
407K77                        ,2'-3' Adjustable Extension Column,Active,EA,,PRO,Professional Sales Price Group,Active,APNS                     
407K78                        ,2'-3' Adjustable Extension Column,Active,EA,,PRO,Professional Sales Price Group,Active,APNS                     
407K80                        ,3'-5' Adjustable Extension Column,Active,EA,,PRO,Professional Sales Price Group,Active,APNS                     
407K82                        ,4'-6' Adjustable Extension Column,Active,EA,,PRO,Professional Sales Price Group,Active,APNS                     
407K84                        ,Grainger: 5'-7' Adjustable Extension Column,Active,EA,,PRO,Professional Sales Price Group,Active,APNS                     
407K85                        ,6’- 8’ Adjustable Extension Column,Active,EA,,PRO,Professional Sales Price Group,Active,APNS                     
407K87                        ,8’-10’ Adjustable Extension Column,Active,EA,,PRO,Professional Sales Price Group,Active,APNS                     
407K89                        ,10'-12' Adjustable Extension Column - Blk,Active,EA,,PRO,Professional Sales Price Group,Active,APNS                     
407K91                        ,Ceiling Plate For Wood Joist and Structural Ceiling,Active,EA,,PRO,Professional Sales Price Group,Active,APNS                     
407K92                        ,"Ceiling Plate For Wood Joists at 16"" centers and Concrete",Active,EA,,PRO,Professional Sales Price Group,Active,APNS                     
407K95                        ,"Ceiling Plate For 4""x4"" Unistrut® and Structural Ceiling",Active,EA,,PRO,Professional Sales Price Group,Active,APNS                     
407K96                        ,Ceiling Plate For Unistrut Adaptor in Truss Ceilings,Active,EA,,PRO,Professional Sales Price Group,Active,APNS                     
407K99                        ,Ceiling Plate For Truss Ceiling,Active,EA,,PRO,Professional Sales Price Group,Active,APNS                     
407L01                        ,Suspended Ceiling Plate,Active,EA,,PRO,Professional Sales Price Group,Active,APNS                     
407L02                        ,Suspended Ceiling plate,Active,EA,,PRO,Professional Sales Price Group,Active,APNS                     
407L03                        ,Suspended Ceiling plate,Active,EA,,PRO,Professional Sales Price Group,Active,APNS                     
42013                         ,"FOR BOSE PRODUCTS, ACC415",Active,EA,,PRO,Professional Sales Price Group,Active,APNS                     
47475234                      ,"Triple Metal stud wall plate For PLA Series, 16"", 20"", 24"" stud centers",Active,EA,,CORE,Mounts,Use Up,APNS                     
4MD-08XX03B                   ,"FLANGE, PEDESTAL & DECOUPLER",Active,EA,,PRO,Professional Sales Price Group,,PP                  MISC 
4MD-08XX03D                   ,"FLANGE, BLK PEDESTAL & DECOUPLER",Active,EA,,PRO,Professional Sales Price Group,,FAB                 PAINT
500-1011                      ,"#8X.5 TRH,SHTMTLSCR, BLK,PHH TYP A",Active,EA,,PRO,Professional Sales Price Group,,FAST                HW   
500-1081                      ,"SCR SET,SOC CUP 5/16-18 X 1/2"", BLK",Active,EA,,PRO,Professional Sales Price Group,,FAST                HW   
500-1082                      ,SCR SHLDR BLT 5/16-18X3/8 SKT BLK,Active,EA,,PRO,Professional Sales Price Group,,FAST                HW   
500-1084                      ,"SCR SET, SOC CUP 1/4-20 X 1/4"", BLK",Active,EA,,PRO,Professional Sales Price Group,,FAST                HW   
500-1086                      ,"SCR SET, SOC CUP 10-32 X 1/4"", BLK",Active,EA,,PRO,Professional Sales Price Group,,FAST                HW   
500-1088                      ,"M12-1.75 X 50MM FULL THRD SHCS, BLK",Active,EA,,PRO,Professional Sales Price Group,,FAST                HW   
500-1090                      ,"WD SCR, STAFAST BW0740UHD BO",Active,EA,,PRO,Professional Sales Price Group,,FAST                HW   
500-2001                      ,SCR TAP M5 X.8X10MM F PENTA CAD ZNC,Active,EA,,PRO,Professional Sales Price Group,,FAST                HW   
500-2031                      ,"FHCS M8 X 1.25 X 20MM SKT,ZN",Active,EA,,PRO,Professional Sales Price Group,,FAST                HW   
500-9006                      ,SCR WOOD #10 X 3/4 PHL PAN BLK,Active,EA,,PRO,Professional Sales Price Group,,FAST                HW   
504-1015                      ,"SCR BOLT M4 X .7 X 25MM PHL, BLK",No Purchases,EA,,PRO,Professional Sales Price Group,,FAST                HW   
504-9007                      ,SCR BOLT M4 X .7 X 6MM PHL BLK,Active,EA,,PRO,Professional Sales Price Group,,FAST                HW   
505-9010                      ,SCR TAP M5X.8X10MM F PENTA PIN BLK,Active,EA,,PRO,Professional Sales Price Group,,FAST                HW   
506-9058                      ,SCR TAP #6 X 5/8 TRS PHL BLK,Active,EA,,PRO,Professional Sales Price Group,,FAST                HW   
510-1002                      ,"M3  X 20MM SKT PIN SER WSHR HD, BLK",Active,EA,,PRO,Professional Sales Price Group,,FAST                HW   
510-1004                      ,"M3 X 8MM SKT PIN SER WSHR HD, BLK",No Purchases,EA,,PRO,Professional Sales Price Group,,FAST                HW   
510-1005                      ,"M4 X 8MM SKT PIN SER WSHR HD, BLK",Active,EA,,PRO,Professional Sales Price Group,,FAST                HW   
510-1050                      ,"M6 X 12MM SKT PIN SER WSHR HD, BLK",Active,EA,,PRO,Professional Sales Price Group,Use Up,FAST                HW   
510-1059                      ,"M4  X 6MM SKT PIN SER WSHR HD, BLK",Active,EA,,PRO,Professional Sales Price Group,,FAST                HW   
510-1064                      ,"M5 X 12MM SKT PIN SER WSHR HD, BLK",Active,EA,,PRO,Professional Sales Price Group,,FAST                HW   
510-1065                      ,"M5 x 20MM SKT PIN SER WSHR HD, BLK",Active,EA,,PRO,Professional Sales Price Group,,FAST                HW   
510-1066                      ,"M6 X 10MM SKT PIN SER WSHR HD, BLK",Active,EA,,PRO,Professional Sales Price Group,,FAST                HW   
510-1079                      ,"M4 X 12 MM SKT PIN SER WSHR HD, BLK",Active,EA,,PRO,Professional Sales Price Group,,FAST                HW   
510-1082                      ,"M4 X 25 MM SKT PIN SER WSHR HD, BLK",Active,EA,,PRO,Professional Sales Price Group,,FAST                HW   
510-1087                      ,"M4 X 16MM SKT PIN SER WSHR HD, BLK",Active,EA,,PRO,Professional Sales Price Group,,FAST                HW   
510-1097                      ,"M4 X 35MM SKT PIN SER WSHR HD, BLK",Active,EA,,PRO,Professional Sales Price Group,,FAST                HW   
510-1112                      ,"M5 X 30MM SKT PIN SER WSHR HD, BLK",Inactive,EA,,PRO,Professional Sales Price Group,,FAST                HW   
510-1114                      ,"M5 X 6MM SKT PIN SER WSHR HD, BLK",Active,EA,,PRO,Professional Sales Price Group,,FAST                HW   
510-1122                      ,"M5 X 25MM SKT PIN SER WSHR HD, BLK",Active,EA,,PRO,Professional Sales Price Group,,FAST                HW   
510-1126                      ,"M5 X 10MM SKT PIN SER WSHR HD, BLK",Active,EA,,PRO,Professional Sales Price Group,,FAST                HW   
510-1208                      ,"M5 X 20MM PAN PHL, BLK",Active,EA,,PRO,Professional Sales Price Group,,FAST                HW   
510-2004                      ,"M3 X 8MM SKT PIN SER WSHR HD, ZC",Inactive,EA,,PRO,Professional Sales Price Group,,FAST                HW   
510-2060                      ,"M4 X10MM SKT PIN SER WSHR HD, ZINC",Inactive,EA,,PRO,Professional Sales Price Group,,FAST                HW   
510-2063                      ,"M5 X 10MM SKT PIN SER WSHR HD, ZINC",Inactive,EA,,PRO,Professional Sales Price Group,,FAST                HW   
510-2065                      ,"M5 x 20MM SKT PIN SER WSHR HD, ZINC",Active,EA,,PRO,Professional Sales Price Group,,FAST                HW   
510-2066                      ,"M6 X 10MM SKT PIN SER WSHR HD, ZINC",Inactive,EA,,PRO,Professional Sales Price Group,,FAST                HW   
510-2082                      ,"M4 X 25 MM SKT PIN SER WSHR HD, ZC",Inactive,EA,,PRO,Professional Sales Price Group,,FAST                HW   
510-2087                      ,"M4  X 16MM SKT PIN SER WSHR HD, ZC",Inactive,EA,,PRO,Professional Sales Price Group,,FAST                HW   
510-9108                      ,SCR BOLT 1/4-20 X 1/2 RND PHL BLK,Active,EA,,PRO,Professional Sales Price Group,,FAST                HW   
510-9109                      ,SCR BOLT M6 X 30MM PHL BLK,Active,EA,,PRO,Professional Sales Price Group,,FAST                HW   
510-9113                      ,SCR BOLT 1/4-20 X 1 1/2 RND PHL BLK,Active,EA,,PRO,Professional Sales Price Group,,FAST                HW   
510-9157                      ,SCR WOOD #14 X 1 1/4 PAN PHL BLK,No Purchases,EA,,PRO,Professional Sales Price Group,,FAST                HW   
510-9163                      ,"SCR WOOD #10 X 1 1/2"" PHL BLK",Active,EA,,PRO,Professional Sales Price Group,,FAST                HW   
510-9554                      ,"M6 X 20MM SKT PIN SER WSHR HD, BLK",Active,EA,,PRO,Professional Sales Price Group,,FAST                HW   
520-1006                      ,SCR BOLT M4 X .7 X 6MM PHL PAN BLK,Active,EA,,PRO,Professional Sales Price Group,,FAST                HW   
520-1013                      ,SCR BOLT 1/4-20 X .75 BTN SKT BLK,Active,EA,,PRO,Professional Sales Price Group,,FAST                HW   
520-1017                      ,"SCR BOLT 1/4-20 X 1 3/4"" CAR BLK",Active,EA,,PRO,Professional Sales Price Group,,FAST                HW   
520-1028                      ,SCR BOLT M3-.5X6MM PHL PAN BLK,Active,EA,,PRO,Professional Sales Price Group,,FAST                HW   
520-1031                      ,SCR BOLT M8 X25MM PAN PHL BLK,Active,EA,,PRO,Professional Sales Price Group,,FAST                HW   
520-1038                      ,M3 X .5 X 8MM PHL PAN HD MACH SCRW,Active,EA,,PRO,Professional Sales Price Group,,FAST                HW   
520-1042                      ,SCR BOLT M5X30MM PAN PHL BLK,Inactive,EA,,PRO,Professional Sales Price Group,,FAST                HW   
520-1054                      ,SCR BOLT 1/4-20 X 1/2 SKT PIN,Active,EA,,PRO,Professional Sales Price Group,,FAST                HW   
520-1067                      ,"M6 X 30MM SKT PIN , BLK",Active,EA,,PRO,Professional Sales Price Group,,FAST                HW   
520-1076                      ,SCR WOOD #8 X 3/4 FLT PHL BLK,Active,EA,,PRO,Professional Sales Price Group,,FAST                HW   
520-1088                      ,"SCR U-BOLT 3/8-16 X 4"" BLACK",Active,EA,,PRO,Professional Sales Price Group,,FAST                HW   
520-1104                      ,"SCR BOLT 5/16-18x 1.25 SKT BTN, BLK",Active,EA,,PRO,Professional Sales Price Group,,FAST                HW   
520-1114                      ,"M5 X 6MM SKT PIN , BLK",Active,EA,,PRO,Professional Sales Price Group,,FAST                HW   
520-1118                      ,"SCR BOLT 1/2-13 X 1.0 GR#5, HEX BLK",Active,EA,,PRO,Professional Sales Price Group,,FAST                HW   
520-1122                      ,SCR BOLT M5 X0.8 X 25MM SKT PIN,Active,EA,,PRO,Professional Sales Price Group,,FAST                HW   
520-1127                      ,"10-32 X 3/8 SOC SET SCREW, BLK",Active,EA,,PRO,Professional Sales Price Group,,FAST                HW   
520-1128                      ,SCR BOLT M6 X1X12MM PAN PHL BLK,Active,EA,,PRO,Professional Sales Price Group,,FAST                HW   
520-1129                      ,"M6 X 40MM SKT PIN, BLK",Active,EA,,PRO,Professional Sales Price Group,,FAST                HW   
520-1132                      ,"SCREW, M6 X 16MM SKT PIN , BLK",Active,EA,,PRO,Professional Sales Price Group,,FAST                HW   
520-1136                      ,SCR BOLT M8X40MM PAN PHL BLK,Active,EA,,PRO,Professional Sales Price Group,,FAST                HW   
520-1139                      ,"M5 X 30MM SKT CAP, FULL THEAD, BLK",Active,EA,,PRO,Professional Sales Price Group,,FAST                HW   
520-1141                      ,"M5 X 35MM PAN PHL, BLK",Active,EA,,PRO,Professional Sales Price Group,,FAST                HW   
520-1156                      ,"SCR BOLT M4X10MM SKT PIN,SER, BLK",No Request,EA,,PRO,Professional Sales Price Group,,FAST                HW   
520-1157                      ,"6-32 X .375 PHIL SCREW, BLK",Active,EA,,PRO,Professional Sales Price Group,,FAST                HW   
520-1169                      ,SCR BOLT 1/4-20 X 1/2 BTN SKT BLK,Active,EA,,PRO,Professional Sales Price Group,,FAST                HW   
520-1175                      ,CARR BOLT 1/4-20 X 5/8 SHRT NCK BLK,Active,EA,,PRO,Professional Sales Price Group,,FAST                HW   
520-1176                      ,SCR BOLT 1/4-20 X 7/8 SKT PIN BLK,No Request,EA,,PRO,Professional Sales Price Group,,FAST                HW   
520-1179                      ,SCR BOLT M5 X .8 X 16MM BTN SKT BLK,Active,EA,,PRO,Professional Sales Price Group,,FAST                HW   
520-1189                      ,SCR BOLT M5 X .8 X 16MM PAN PHL BLK,Active,EA,,PRO,Professional Sales Price Group,,FAST                HW   
520-1191                      ,"SCR BOLT M8 X 30MM SKT PIN(4mm),BLK",Active,EA,,PRO,Professional Sales Price Group,,FAST                HW   
520-1193                      ,SCR BOLT M5 X .8 X 55MM BTN SKT BLK,Active,EA,,PRO,Professional Sales Price Group,,FAST                HW   
520-1196                      ,"10-32 X1/4 SKT PIN W/LOCK PATCH,BLK",Active,EA,,PRO,Professional Sales Price Group,,FAST                HW   
520-1199                      ,"M5 X 40MM PAN PHL, BLK",Active,EA,,PRO,Professional Sales Price Group,,FAST                HW   
520-1202                      ,"#14 x 2.5 FH WOOD SCREW PHL, BLK",Active,EA,,PRO,Professional Sales Price Group,,FAST                HW   
520-1209                      ,"SCR BOLT,1/4-20x1/2 PH FH BOLT, BLK",Active,EA,,PRO,Professional Sales Price Group,,FAST                HW   
520-1210                      ,"SCR #8-32 X 0.375"" SHCS, BLK",Active,EA,,PRO,Professional Sales Price Group,,FAST                HW   
520-1211                      ,SCREW M6x1 X 25mm SKT PIN BLK,Active,EA,,PRO,Professional Sales Price Group,,FAST                HW   
520-1216                      ,SCR BOLT M5 X .8 X 10MM BTN SKT BLK,Active,EA,,PRO,Professional Sales Price Group,,FAST                HW   
520-1219                      ,"1.5"" SCREW FOR JCT-2642E",Active,EA,,PRO,Professional Sales Price Group,,FAST                HW   
520-1233                      ,"M5 X 10MM PAN PHL, BLK",Active,EA,,PRO,Professional Sales Price Group,,FAST                HW   
520-1237                      ,"SCR BOLT M4 X 8MM PAN PHL, BLK",Active,EA,,PRO,Professional Sales Price Group,,FAST                HW   
520-1238                      ,"SCR BOLT M6 X 8MM PAN PHL, ZINC",Active,EA,,PRO,Professional Sales Price Group,,FAST                HW   
520-1243                      ,"SCR WOOD Ø.31 X 3"" LONG TYPE-AB BLK",Active,EA,,PRO,Professional Sales Price Group,,FAST                HW   
520-1264                      ,"1/4-20 x 1.5 FH BOLT, BLK",Active,EA,,PRO,Professional Sales Price Group,,FAST                HW   
520-1299                      ,"M8 X 30MM PAN PHL, BLK",Active,EA,,PRO,Professional Sales Price Group,,FAST                HW   
520-1302                      ,"SCR BOLT M5 X 50MM SKT PIN, BLK",Active,EA,,PRO,Professional Sales Price Group,,FAST                HW   
520-1305                      ,SCR BLT M10 X1.5 X 15MM PHL PAN BLK,No Request,EA,,PRO,Professional Sales Price Group,,FAST                HW   
520-1306                      ,SCR BOLT M3 X .5 X 4MM PAN PHL BLK,Active,EA,,PRO,Professional Sales Price Group,,FAST                HW   
520-1307                      ,SCR BOLT M4 X .7X 5MM PAN PHL BLK,Active,EA,,PRO,Professional Sales Price Group,,FAST                HW   
520-1314                      ,"BOLT 1/2-13 X 3.0"" HEX, FULTHRD BLK",Active,EA,,PRO,Professional Sales Price Group,,FAST                HW   
520-1315                      ,"CAR BOLT 3/8-16 X 3.25"" HEX BLK",Active,EA,,PRO,Professional Sales Price Group,,FAST                HW   
520-1316                      ,"SCR #10-32 X 0.625"" LONG SHCS BLK",Active,EA,,PRO,Professional Sales Price Group,,FAST                HW   
520-1318                      ,"M6 X 10MM, SKT BUTTON, ZB",Active,EA,,PRO,Professional Sales Price Group,,FAST                HW   
520-1321                      ,"SCR 1/4-20X3/4 HX WSHR HD TYP F, BL",Active,EA,,PRO,Professional Sales Price Group,,FAST                HW   
520-1322                      ,"BOLT 1/4-20 X 2.5"" HEX, FULL THRD",No Purchases,EA,,PRO,Professional Sales Price Group,,FAST                HW   
520-1324                      ,"SCR BOLT M5 X .8 X 10MM HEX, BLK",Active,EA,,PRO,Professional Sales Price Group,,FAST                HW   
520-1329                      ,SCR BOLT 3/8-16 X 1.5 SKT BLK,Active,EA,,PRO,Professional Sales Price Group,,FAST                HW   
520-1330                      ,"SCR BOLT M5X20MM FLT HD PHL, BLK",Active,EA,,PRO,Professional Sales Price Group,,FAST                HW   
520-1339                      ,SCR BOLT M10 X 30MM  BTN SKT BLK,Active,EA,,PRO,Professional Sales Price Group,,FAST                HW   
520-1573                      ,"SCR M5 X 10MM FLT PHL,  BLK",No Purchases,EA,,PRO,Professional Sales Price Group,,FAST                HW   
520-1574                      ,SCR BOLT M5 X .8 X 9MM BTN SKT BLK,Active,EA,,PRO,Professional Sales Price Group,,FAST                HW   
520-1584                      ,M6 x 40mm PHIL PAN MACHINE SCRW BLK,Active,EA,,PRO,Professional Sales Price Group,,FAST                HW   
520-1596                      ,SCREW M6X1MMX10MM PHIL OVAL BLK,Active,EA,,PRO,Professional Sales Price Group,,FAST                HW   
520-1604                      ,"M5 X 12, LOW HD,SOC,DIN 7984,BLK",Active,EA,,PRO,Professional Sales Price Group,,FAST                HW   
520-1605                      ,"SCR BOLT M8 X10MM PAN PHL, BLACK",Active,EA,,PRO,Professional Sales Price Group,,FAST                HW   
520-1613                      ,"SCR M6X12MM HEX WASHER HEAD, BLK",Active,EA,,PRO,Professional Sales Price Group,,FAST                HW   
520-1614                      ,"10-32 X 1/2 SOC SET SCREW, BLK",Active,EA,,PRO,Professional Sales Price Group,,FAST                HW   
520-1620                      ,BOLT JCB-A 1/4-20X23MM HX BO,No Request,EA,,PRO,Professional Sales Price Group,,FAST                HW   
520-2005                      ,SCR TAP M5X.8X10MM F PAN PHL ZINC,Active,EA,,PRO,Professional Sales Price Group,,FAST                HW   
520-2008                      ,SCR BOLT M5 X .8 X 12MM PAN PHL ZNC,Active,EA,,PRO,Professional Sales Price Group,,FAST                HW   
520-2015                      ,"SCR BOLT 1/4-20 X 3/8"" SCK BT",Active,EA,,PRO,Professional Sales Price Group,,FAST                HW   
520-2024                      ,M3X.5X8MM PHL PAN HEAD MACH SCRW ZC,Active,EA,,PRO,Professional Sales Price Group,,FAST                HW   
520-2038                      ,"M5 X 8MM SKT PIN, ZINC",Active,EA,,PRO,Professional Sales Price Group,,FAST                HW   
520-2050                      ,"M6 X 12MM SKT PIN, ZINC",Active,EA,,PRO,Professional Sales Price Group,,FAST                HW   
520-2052                      ,"SCR BOLT M8 X25MM PAN PHL, ZINC",No Request,EA,,PRO,Professional Sales Price Group,,FAST                HW   
520-2062                      ,"M5 X 6MM SKT PIN , ZINC",Active,EA,,PRO,Professional Sales Price Group,,FAST                HW   
520-2064                      ,"M5 X 12MM SKT PIN, ZINC",Active,EA,,PRO,Professional Sales Price Group,,FAST                HW   
520-2068                      ,"SCR BOLT M8X1.25X15MM SKT PIN, ZINC",Active,EA,,PRO,Professional Sales Price Group,,FAST                HW   
520-2069                      ,"SCR BOLT 1/4-20 X 1/2 SKT PIN, ZINC",Active,EA,,PRO,Professional Sales Price Group,,FAST                HW   
520-2082                      ,"M4 X 25 MM SKT PIN , ZN",Active,EA,,PRO,Professional Sales Price Group,,FAST                HW   
520-2084                      ,"SCR BOLT #10-32 X 3/8 SKT PIN, ZINC",Active,EA,,PRO,Professional Sales Price Group,,FAST                HW   
520-2126                      ,"M5 X 20MM PAN PHL, ZINC",Active,EA,,PRO,Professional Sales Price Group,,FAST                HW   
520-2130                      ,"SCR BOLT #10-32 x 3/8"" PHL PAN, ZC",Active,EA,,PRO,Professional Sales Price Group,,FAST                HW   
520-2151                      ,"#10-32X3/8 SKT PIN SER WSHR HD, ZC",Active,EA,,PRO,Professional Sales Price Group,,FAST                HW   
520-2161                      ,"SCR BOLT M5 X.8 X 16MM SKT PIN, ZC",Active,EA,,PRO,Professional Sales Price Group,,FAST                HW   
520-2167                      ,"M5 X .8 X 8MM PAN PHL TYPE-F, ZC",Active,EA,,PRO,Professional Sales Price Group,,FAST                HW   
520-2184                      ,"SCR BOLT M8 X 25MM SKT BTN, ZN",Active,EA,,PRO,Professional Sales Price Group,,FAST                HW   
520-2193                      ,"CUSTOM 10-32 X 1"", CAP SKT, ZN",Active,EA,,PRO,Professional Sales Price Group,,FAST                HW   
520-2196                      ,"10-32 X1/4 SKT PIN W/LOCK PATCH,ZNC",Inactive,EA,,PRO,Professional Sales Price Group,,FAST                HW   
520-2214                      ,SCR BOLT M5 X .8 X 6MM PAN PHL ZINC,Active,EA,,PRO,Professional Sales Price Group,,FAST                HW   
520-2233                      ,"SCR, M5 X 10MM PAN PHL, ZINC",Inactive,EA,,PRO,Professional Sales Price Group,,FAST                HW   
520-2237                      ,"SCR BOLT M4 X 8MM PAN PHL, ZC",Active,EA,,ET DD,ET Dealer / Distributor Pricing,,FAST                HW   
520-2239                      ,"SCR BOLT M4 X.7 X 14MM PHL PAN, ZC",No Purchases,EA,,PRO,Professional Sales Price Group,,FAST                HW   
520-2243                      ,"SCR WOOD Ø.31 X 3"" LONG TYPE-AB ZN",Active,EA,,PRO,Professional Sales Price Group,,FAST                HW   
520-2318                      ,"M6 X 10MM, SKT BUTTON, ZNC",Active,EA,,PRO,Professional Sales Price Group,,FAST                HW   
520-2325                      ,DECRTV SCR 1/4-20X12MM BLK,Active,EA,,PRO,Professional Sales Price Group,,FAST                HW   
520-2560                      ,"SCR BLT 3/8-16X2"" CONE PNT SQHD, BL",Active,EA,,PRO,Professional Sales Price Group,,FAST                HW   
520-2585                      ,"THREADED ROD,1/4-20 X 3 L,,ZINC",Active,EA,,PRO,Professional Sales Price Group,,FAST                HW   
520-2612                      ,"#10 X 3/8 PHIL PAN TEK SCR, ZNC",Active,EA,,PRO,Professional Sales Price Group,,FAST                HW   
520-2616                      ,"M5 X .8 X 13MM SKT PIN TYPE-F, ZNC",Active,EA,,PRO,Professional Sales Price Group,,FAST                HW   
520-9207                      ,"CARR BOLT 5/16-18 X 1/2 SHORT, ZB",Active,EA,,PRO,Professional Sales Price Group,,FAST                HW   
520-9210                      ,"BOLT 5/16-18 X 3/4 HXH GRD 5, ZB",Active,EA,,PRO,Professional Sales Price Group,,FAST                HW   
520-9215                      ,"CARR BOLT 3/8-16X 3/4 S.N., ZB",Active,EA,,PRO,Professional Sales Price Group,,FAST                HW   
520-9241                      ,U-BOLT 3/8-16X5 3/4 TRUSS ADPTR ZB,Active,EA,,PRO,Professional Sales Price Group,,FAST                HW   
520-9249                      ,"M5 x 1"" TOOL DRIVER PENTA-PIN",Active,EA,,PRO,Professional Sales Price Group,,FAST                HW   
520-9250                      ,SCR TAP M5X.8X10MM TYP F PAN PHL ZB,Active,EA,,PRO,Professional Sales Price Group,,FAST                HW   
520-9257                      ,SCR BOLT M8 X 1.25 X 16MM PHL,Active,EA,,PRO,Professional Sales Price Group,,FAST                HW   
520-9258                      ,SCR SHTMTL 10-16X3/4 AB PENT-PIN BL,Inactive,EA,,PRO,Professional Sales Price Group,,FAST                HW   
520-9260                      ,"M10  x  2"" TOOL DRIVER PENTA-PIN",Active,EA,,PRO,Professional Sales Price Group,,FAST                HW   
520-9262                      ,SCR BOLT M10X1.5 X 15MM RND SKT BLK,Active,EA,,PRO,Professional Sales Price Group,,FAST                HW   
520-9263                      ,SCR BLT M10X1.5X15MM PENTA-PIN BLK,Active,EA,,PRO,Professional Sales Price Group,,FAST                HW   
520-9265                      ,"BOLT M10X1.5X25MM HXH, ZB",Active,EA,,PRO,Professional Sales Price Group,,FAST                HW   
520-9266                      ,SCR BOLT 10-24 X 2.75 FLT PHL BLK,Active,EA,,PRO,Professional Sales Price Group,,FAST                HW   
520-9267                      ,SCR BOLT 10-24 X 3.75 FLT PHL BLK,Active,EA,,PRO,Professional Sales Price Group,,FAST                HW   
520-9268                      ,SCR BOLT 10-24 X 4.5 FLT PHL BLK,Active,EA,,PRO,Professional Sales Price Group,,FAST                HW   
520-9274                      ,SCR BOLT M6 X 1 X 16MM PHL BLK,Active,EA,,PRO,Professional Sales Price Group,,FAST                HW   
520-9401                      ,SCR BOLT M6 X 1 X 10MM PAN PHL BLK,Active,EA,,PRO,Professional Sales Price Group,,FAST                HW   
520-9402                      ,SCR BOLT M6X1.0X20MM JP PAN PHL BLK,Active,EA,,PRO,Professional Sales Price Group,,FAST                HW   
520-9514                      ,SCR BOLT 10-32 X 1 PAN PHL BLK,Active,EA,,PRO,Professional Sales Price Group,,FAST                HW   
520-9515                      ,SCR TAP M5X.8X16MM  F PAN PHL BLK,Active,EA,,PRO,Professional Sales Price Group,,FAST                HW   
520-9522                      ,SCR BOLT 1/4-20 X 2.5 RND PHL ZINC,Active,EA,,PRO,Professional Sales Price Group,,FAST                HW   
520-9523                      ,"CARR BOLT #10-24 X 1/2, ZB",Active,EA,,PRO,Professional Sales Price Group,,FAST                HW   
520-9535                      ,SCR BOLT M6 X 16MM RND SKT BTN BLK,No Request,EA,,PRO,Professional Sales Price Group,,FAST                HW   
520-9543                      ,"SCR BOLT M5 X 25MM PAN PHL, BLK",Active,EA,,PRO,Professional Sales Price Group,,FAST                HW   
520-9548                      ,"BOLT 3/8-16X4.50"" HXH, ZB",Active,EA,,PRO,Professional Sales Price Group,,FAST                HW   
520-9549                      ,SCR BOLT 5/16-18 X 5/8 RND SKT BLK,Active,EA,,PRO,Professional Sales Price Group,,FAST                HW   
520-9556                      ,"BOLT CARRIAGE, 1/4-20X4"" BLK OR ZNC",Active,EA,,PRO,Professional Sales Price Group,,FAST                HW   
520-9558                      ,"BOLT, SHLDR 5/16-18 X.375 X 2.0, ZB",No Request,EA,,PRO,Professional Sales Price Group,,FAST                HW   
520-9560                      ,SCR TAP 10-32X1/2 TYP F PHL BLK FLT,Active,EA,,PRO,Professional Sales Price Group,,FAST                HW   
520-9566                      ,"5/16-24 x 1/4 SOC CUP SET SCR, BLK",Active,EA,,PRO,Professional Sales Price Group,,FAST                HW   
520-9571                      ,SCR BOLT M8X1.25X12MM PHL PAN BLK,Active,EA,,PRO,Professional Sales Price Group,,FAST                HW   
530-0001                      ,"1/2-13 X .465 WELDNUT, 1.25 X .09",Active,EA,,PRO,Professional Sales Price Group,,FAST                NUT  
530-0035                      ,NUT 1/4-20 SLOPED ZINC,Active,EA,,PRO,Professional Sales Price Group,,FAST                NUT  
530-1014                      ,"HEX NUT FOR ET AV CART, BLK",Active,EA,,PRO,Professional Sales Price Group,,FAST                NUT  
530-1019                      ,"NUT, M5 X .8 NYLOCK, NUT, BLK",Active,EA,,PRO,Professional Sales Price Group,,FAST                NUT  
530-1021                      ,"1/4-20 SER HEX FLANGED LOCKNUT, BLK",Active,EA,,PRO,Professional Sales Price Group,,FAST                NUT  
530-1025                      ,"WINGED NUT, BLK",Active,EA,,PRO,Professional Sales Price Group,,FAST                NUT  
530-1026                      ,"NUT FOR JCT-WB44, BLK",Active,EA,,PRO,Professional Sales Price Group,,FAST                NUT  
530-1027                      ,"M5 SER HEX FLANGED LOCKNUT, BLK",Active,EA,,PRO,Professional Sales Price Group,,FAST                NUT  
530-1048                      ,"M6 SERRATED FLANGED NUT, BLK",Active,EA,,PRO,Professional Sales Price Group,,FAST                NUT  
530-1053                      ,CAP JCN 1/4-20X 17MM HX BO,Active,EA,,PRO,Professional Sales Price Group,,FAST                MISC 
530-1055                      ,NUT M4 NYLOCK ZN,Active,EA,,PRO,Professional Sales Price Group,,FAST                NUT  
530-2002                      ,NUT 1/4-20 NYLOCK WHT,Active,EA,,PRO,Professional Sales Price Group,,FAST                NUT  
530-2010                      ,6-32 HEX NUT ZINC,Active,EA,,PRO,Professional Sales Price Group,,FAST                NUT  
530-2021                      ,"1/4-20 SER HEX FLANGED LOCKNUT,ZINC",Active,EA,,PRO,Professional Sales Price Group,,FAST                NUT  
530-2050                      ,"NUT, CAGE, 1/4-20, TINNERMAN, ZINC",Active,EA,,PRO,Professional Sales Price Group,,FAST                NUT  
530-9302                      ,"NUT 1/4-20 HEX, ZB",Active,EA,,PRO,Professional Sales Price Group,,FAST                NUT  
530-9306                      ,NUT 5/16-18 NYLOCK ZB,Active,EA,,PRO,Professional Sales Price Group,,FAST                NUT  
530-9308                      ,NUT 3/8-16 HEX ZB,Active,EA,,PRO,Professional Sales Price Group,,FAST                NUT  
530-9317                      ,NUT 1/2-13 NYLOCK ZB,Inactive,EA,,PRO,Professional Sales Price Group,,FAST                NUT  
530-9334                      ,"NUT NYLON M6, BLK",Active,EA,,PRO,Professional Sales Price Group,,FAST                NUT  
530-9341                      ,"NUT NYLOCK #10-24, ZB",Active,EA,,PRO,Professional Sales Price Group,,FAST                NUT  
530-9402                      ,NUT M10 X 1.5 CENTER LOCK NUT ZB.,Active,EA,,PRO,Professional Sales Price Group,,FAST                NUT  
530-9404                      ,NUT M10 X 1.5 CENTER LOCKNUT ZINC,Active,EA,,PRO,Professional Sales Price Group,,FAST                NUT  
530-9408                      ,NUT M8X1.25 LOCK BLK,Active,EA,,PRO,Professional Sales Price Group,,FAST                NUT  
530-9412                      ,"NUT M10 NYLOCK, ZINC",Active,EA,,PRO,Professional Sales Price Group,,FAST                NUT  
530-9413                      ,NUT 1/4-20 NYLOCK ZB,Active,EA,,PRO,Professional Sales Price Group,,FAST                NUT  
530-9415                      ,NUT M4 NYLOCK Zinc BLK,Active,EA,,PRO,Professional Sales Price Group,,FAST                NUT  
540-0010                      ,"WASHER 0.625 X 1.5 X 0.093"", BRASS",Active,EA,,PRO,Professional Sales Price Group,,FAST                WASH 
540-0011                      ,"WASHER 0.200 X 0.500 X 0.040"" BRASS",Active,EA,,PRO,Professional Sales Price Group,,FAST                WASH 
540-1001                      ,WSHR #8 SAE FLAT BLK,Active,EA,,PRO,Professional Sales Price Group,,FAST                WASH 
540-1005                      ,"WSHR 1/2"" SAE FLAT BLACK",Active,EA,,PRO,Professional Sales Price Group,,FAST                WASH 
540-1007                      ,"WSHR FLAT 1/2"" X 3/16"" BLACK",Active,EA,,PRO,Professional Sales Price Group,,FAST                WASH 
540-1025                      ,"WSHR, .16 IDx.50 ODx.032THK, BLK",Active,EA,,PRO,Professional Sales Price Group,,FAST                WASH 
540-1032                      ,"SPCR, .219 ID X .50 OD X .125, BLK",Active,EA,,PRO,Professional Sales Price Group,,FAST                WASH 
540-1035                      ,"#10 SPLIT LOCK WASHER, BLK",Active,EA,,PRO,Professional Sales Price Group,,FAST                WASH 
540-1036                      ,"PLAS SPCR, .52IDx.80ODx.375THK, BLK",Active,EA,,PRO,Professional Sales Price Group,,FAST                WASH 
540-1040                      ,"WSHR, .203 ID X .688 OD X .048, BLK",No Request,EA,,PRO,Professional Sales Price Group,,FAST                WASH 
540-1045                      ,WSHR BLVL .255 X .500 X .018THK BLK,Active,EA,,PRO,Professional Sales Price Group,,FAST                WASH 
540-1046                      ,WSHR DLRN .258 X .725 X .063THK BLK,Active,EA,,PRO,Professional Sales Price Group,,FAST                WASH 
540-1047                      ,"WASER FOR JCT-WB44, BLK",Active,EA,,PRO,Professional Sales Price Group,,FAST                WASH 
540-1048                      ,"WSHR .413""IDx.625""ODx.039"" SER BLK",No Request,EA,,PRO,Professional Sales Price Group,,FAST                WASH 
540-1049                      ,"WSHR, #4 SAE FLAT, BLK",Active,EA,,PRO,Professional Sales Price Group,,FAST                WASH 
540-1053                      ,"WSHR, NYL .203IDx.565ODx.06, BLK",Active,EA,,PRO,Professional Sales Price Group,,FAST                WASH 
540-1054                      ,"FLNG PUSH CAP NUT FOR 1/4 SHAFT, BLK",Active,EA,,PRO,Professional Sales Price Group,,FAST                NUT  
540-1057                      ,"SPACER .219 ID X .5 OD X .5 HT, BLK",Active,EA,,PRO,Professional Sales Price Group,,FAST                WASH 
540-1058                      ,"SPACER .257 ID X .5 OD X .5 HT, BLK",Active,EA,,PRO,Professional Sales Price Group,,FAST                WASH 
540-1059                      ,"SPACER .344 ID X .75 OD X .5 HT,BLK",Active,EA,,PRO,Professional Sales Price Group,,FAST                WASH 
540-1060                      ,"NYLON WSHR, .26 X .55 X .047 ,BLK",Active,EA,,PRO,Professional Sales Price Group,,FAST                WASH 
540-1063                      ,"WSHR .28 ID X 1.0 OD X .068"" THK ZB",Active,EA,,PRO,Professional Sales Price Group,,FAST                WASH 
540-1070                      ,"WSHR 1.525 X 2.0 X 0.062"" DELRN BLK",Active,EA,,PRO,Professional Sales Price Group,,FAST                WASH 
540-1074                      ,"WSHR 0.505 X 0.75 X 0.062"" NYL, BLK",Active,EA,,PRO,Professional Sales Price Group,,FAST                WASH 
540-1078                      ,WSHR M6 FLT 6.400X18.000X1.600MM BLKOX,Active,EA,,PRO,Professional Sales Price Group,,FAST                WASH 
540-1475                      ,WSHR 8018 .228 X .625 X .063THK BLK,Active,EA,,PRO,Professional Sales Price Group,,FAST                WASH 
540-1476                      ,WSHR w/SHLDR.228x.625x.063 8018 BLK,Active,EA,,PRO,Professional Sales Price Group,,FAST                WASH 
540-1478                      ,"WASHER,SHLD,.75OD., .375 ID, BLK",Active,EA,,PRO,Professional Sales Price Group,,FAST                WASH 
540-2003                      ,WASHER .203 IDX.437 ODX .031 T ZINC,No Request,EA,,PRO,Professional Sales Price Group,,FAST                WASH 
540-2025                      ,"WSHR, .16 IDx.50 ODx.032THK, WHT",Inactive,EA,,PRO,Professional Sales Price Group,,FAST                WASH 
540-2027                      ,"SPRNG WASH .190 ID 5/8 OD, K=90 LB",Active,EA,,PRO,Professional Sales Price Group,,FAST                WASH 
540-2029                      ,"DLRN WSH, .375 ID, .75 OD, .02 THK",Active,EA,,PRO,Professional Sales Price Group,,FAST                WASH 
540-2044                      ,"#8 SPLIT LOCK WASHER, ZINC",Active,EA,,PRO,Professional Sales Price Group,,FAST                WASH 
540-2060                      ,"NYLON WSHR, .26 X .55  X .047, WHT",Active,EA,,PRO,Professional Sales Price Group,,FAST                WASH 
540-2068                      ,"WSHR M8 SPLIT LOCK 2MM THK, ZN",Active,EA,,PRO,Professional Sales Price Group,,FAST                WASH 
540-2078                      ,WSHR 6.5 ID X17.8 OD X1.6mm FLAT ZN,Active,EA,,PRO,Professional Sales Price Group,,FAST                WASH 
540-2081                      ,"M4 FLAT WASHER, ZN",Active,EA,,PRO,Professional Sales Price Group,,FAST                WASH 
540-2478                      ,"WASHER,SHLD,.75OD., .375 ID, WHT",Active,EA,,PRO,Professional Sales Price Group,,FAST                WASH 
540-9400                      ,WSHR #10 SAE FLAT BLK,Active,EA,,PRO,Professional Sales Price Group,,FAST                WASH 
540-9401                      ,"WSHR 1/4X.567X1/16 STL FLT, ZB",Active,EA,,PRO,Professional Sales Price Group,,FAST                WASH 
540-9402                      ,"WSHR 1/4X1/2X.068 STL SPLIT,ZB",Active,EA,,PRO,Professional Sales Price Group,,FAST                WASH 
540-9405                      ,WSHR 5/16X.6X.09 SPLIT,Active,EA,,PRO,Professional Sales Price Group,,FAST                WASH 
540-9406                      ,"WSHR 5/16SAE11/32X11/16X1/16FLT,ZB",Active,EA,,PRO,Professional Sales Price Group,,FAST                WASH 
540-9407                      ,WSHR .406X.812X.060 STL FLT ZB(M10),Active,EA,,PRO,Professional Sales Price Group,,FAST                WASH 
540-9413                      ,"NYL SPCR .219 IDX.5 ODX.25, BLK",Active,EA,,PRO,Professional Sales Price Group,,FAST                WASH 
540-9424                      ,"WSHR M10X.402ID LOCK, ZB",Active,EA,,PRO,Professional Sales Price Group,,FAST                WASH 
540-9431                      ,WSHR FIBER 1.906IDX 2.875 OD X0.062,Active,EA,,PRO,Professional Sales Price Group,,FAST                WASH 
540-9432                      ,WSHR FBR 2.125IDX2.875ODX.062,Active,EA,,PRO,Professional Sales Price Group,,FAST                WASH 
540-9435                      ,WSHR #10 PUSH NUT ZB FOR VCR BRKT,Active,EA,,PRO,Professional Sales Price Group,,FAST                NUT  
540-9440                      ,"WSHR 1/4""SAE X.062 FLAT, ZB",Active,EA,,PRO,Professional Sales Price Group,,FAST                WASH 
540-9441                      ,WSHR M10 SILICON BRZ,Active,EA,,PRO,Professional Sales Price Group,,FAST                WASH 
540-9442                      ,WSHR #10 SAE FLAT ZINC,Active,EA,,PRO,Professional Sales Price Group,,FAST                WASH 
540-9444                      ,"WSHR 1/4 SAE, ZINC",Active,EA,,PRO,Professional Sales Price Group,,FAST                WASH 
540-9445                      ,"WSHR 5/16 X .6 X .09 SPLIT,ZINC",Active,EA,,PRO,Professional Sales Price Group,,FAST                WASH 
540-9448                      ,"WSHR M10 SAE, ZINC",Active,EA,,PRO,Professional Sales Price Group,,FAST                WASH 
540-9454                      ,"WSHR 3/8X3/4X1/8 STL FLT,ZB",Active,EA,,PRO,Professional Sales Price Group,,FAST                WASH 
540-9473                      ,WSHR DLRN .228 X .625 X .063THK BLK,Active,EA,,PRO,Professional Sales Price Group,,FAST                WASH 
540-9477                      ,"SPACER,.25 ID X .50 OD X .31",Active,EA,,PRO,Professional Sales Price Group,,FAST                WASH 
540-9478                      ,WSHR.725 OD X .335 ID X .040 STL BZ,Active,EA,,PRO,Professional Sales Price Group,,FAST                WASH 
550-0001                      ,"POP RIVET STL 3/16X.440, BLK DM HD",Active,EA,,HOSP,Hospitality,,FAST                RIVET
550-1009                      ,"POP RIVET, STL 1/8 X .313, BLK",Active,EA,,PRO,Professional Sales Price Group,,FAST                RIVET
550-2001                      ,"POP RVT STL 3/16X.440, DOME HD ZNC",Active,EA,,PRO,Professional Sales Price Group,,FAST                RIVET
55YF28                        ,"14x14"" In-wall Box (Grainger)",Active,EA,,PRO,Professional Sales Price Group,Active,FPSS STAND               
55YF29                        ,"14x9"" In-wall Box",Active,EA,False,PRO,Professional Sales Price Group,Active,FPSS STAND               
560-0029                      ,"WRENCH, 5/64 SHORT ARM ALLEN",Active,EA,,PRO,Professional Sales Price Group,,FAST                MISC 
560-0071                      ,"WRENCH, ALLEN 3/16"" X 1"" X 4""",Active,EA,,PRO,Professional Sales Price Group,,FAST                MISC 
560-0072                      ,"WRENCH, ALLEN 4MM X 1"" X 4""",Active,EA,,PRO,Professional Sales Price Group,,FAST                MISC 
560-0082                      ,CASTER FOR ELITECH AV CARTS,Active,EA,,PRO,Professional Sales Price Group,,PP                  MISC 
560-0104                      ,"WIRE ROPE CLIP 1/8 CABLE, GALVANIZE",Active,EA,,PRO,Professional Sales Price Group,,FAST                MISC 
560-0108                      ,"KNOB 3/8-16"" THREAD X Ø2.5"", BLK",Active,EA,,PRO,Professional Sales Price Group,,FAST                MISC 
560-0125                      ,"WRENCH, ALLEN 2.5MM X 2-3/16"" L",Active,EA,,PRO,Professional Sales Price Group,,FAST                MISC 
560-0194                      ,"WRENCH, ALLEN 3MM X23MM X 66MM STD",Active,EA,,PRO,Professional Sales Price Group,,FAST                MISC 
560-0209                      ,¼ HEX #3 POWER BIT 1-15/16 LONG,Active,EA,,PRO,Professional Sales Price Group,,FAST                MISC 
560-0210                      ,"BRG, FLNG .625 ID, .625 BRNZ",Active,EA,,PRO,Professional Sales Price Group,,FAST                MISC 
560-1029                      ,"3/8 HEX  PLASTIC HEAD COVER, BLK",Active,EA,,PRO,Professional Sales Price Group,,FAST                MISC 
560-1034                      ,HEX WRENCH 3/32,Active,EA,,PRO,Professional Sales Price Group,,FAST                MISC 
560-1101                      ,"#10-32 CAPTIVE SCREW, BLK",Active,EA,,PRO,Professional Sales Price Group,,FAST                HW   
560-1135                      ,"RUBBER MOUNT, 1/4-20, 5/8 x 5/8,M/F",Active,EA,,PRO,Professional Sales Price Group,,FAST                MISC 
560-1151                      ,"M4-.7 X 10MM KNURLED KNOB, BLK",Active,EA,,PRO,Professional Sales Price Group,,FAST                MISC 
560-1159                      ,"M6  X 1.0 X 20MM KNURLED KNOB, BLK",Active,EA,,PRO,Professional Sales Price Group,,FAST                MISC 
560-1160                      ,"M5-.8 X 20MM KNURLED KNOB, BLK",Active,EA,,PRO,Professional Sales Price Group,,FAST                MISC 
560-1162                      ,"KNOB 1/4-20 X 0.5"" MALE",Active,EA,,PRO,Professional Sales Price Group,,FAST                MISC 
560-1715                      ,"SLFTAP#4-24X3/8""AB TYP FL HD PH BLK",Active,EA,,PRO,Professional Sales Price Group,,FAST                MISC 
560-1717                      ,"KNOB 1/4-20X.75"" DAVIES #3084, BLK",Active,EA,,PRO,Professional Sales Price Group,,FAST                MISC 
560-1718                      ,"T-WRENCH, 4mm SECURITY, 3.5"" X 6""",Active,EA,,PRO,Professional Sales Price Group,,FAST                MISC 
560-1720                      ,"BELT W/CLINCH BUCKLE, 1 X 50"", BLK",Active,EA,,PRO,Professional Sales Price Group,,FAST                MISC 
560-1727                      ,"WRENCH, SEC. 4MM ALLEN, 18 X 1",Active,EA,,PRO,Professional Sales Price Group,,FAST                MISC 
560-1734                      ,"SCR M6-1 X 12 HX  LOW PROF BBM, ZB",Active,EA,,PRO,Professional Sales Price Group,,FAST                HW   
560-1735                      ,"SCR M6-1 X 25 HX  LOW PROF BBM, ZB",Active,EA,,PRO,Professional Sales Price Group,,FAST                HW   
560-1736                      ,SCR M8-1.25 X 12 HX LOW PROF BBM ZB,Active,EA,,PRO,Professional Sales Price Group,Use Up,FAST                HW   
560-1737                      ,SCR M8-1.25 X 25 HX LOW PROF BBM ZB,Active,EA,,PRO,Professional Sales Price Group,Use Up,FAST                HW   
560-2029                      ,"3/8 HEX, PLASTIC HEAD COVER, CHROME",Active,EA,,PRO,Professional Sales Price Group,,FAST                MISC 
560-2101                      ,"SPRING NUT, 5/16-18, UNISTRUT",Active,EA,,PRO,Professional Sales Price Group,,FAST                NUT  
560-2107                      ,"#10-32 X 3/8 SPADE THUMB SCREW, ZN",Active,EA,,PRO,Professional Sales Price Group,,FAST                HW   
560-2115                      ,"CLEVIS PIN 1/2 OD X 6"" CARBON STEEL",Active,EA,,PRO,Professional Sales Price Group,,FAST                MISC 
560-2157                      ,"COTTER PIN, 16 GA, .5 PIN SLV",Active,EA,,PRO,Professional Sales Price Group,,FAST                MISC 
560-2173                      ,"TRN BUCKLE 5/8"" HOOK&EYE, 3"" TRAVEL",Active,EA,,PRO,Professional Sales Price Group,,PP                  MISC 
560-2197                      ,"PEM STUD, FH-M6-15-ZI",Active,EA,,PRO,Professional Sales Price Group,,FAST                MISC 
560-4124                      ,"ESCUTCHEON PLATE FOR 2"" OD",Active,EA,,PRO,Professional Sales Price Group,,FAST                MISC 
560-4715                      ,"SLFTAP#4-24X3/8""AB TYP FL HD PH  ZN",Active,EA,,PRO,Professional Sales Price Group,,FAST                MISC 
560-9620                      ,"TRN BUCKLE 1/4"" HOOK&EYE BARON #12",Active,EA,,PRO,Professional Sales Price Group,,FAST                MISC 
560-9640                      ,ALLEN WRENCH 5 MM,Active,EA,,PRO,Professional Sales Price Group,,FAST                MISC 
560-9643                      ,"RETAINER PIN, Ø0.25 X 1.5"" BLACK",Active,EA,,PRO,Professional Sales Price Group,,FAST                MISC 
560-9706                      ,"ALLEN WRENCH 5/32 (4MM) X 2 13/16""",Active,EA,,PRO,Professional Sales Price Group,,FAST                MISC 
560-9707                      ,RAWL 5005/HILTI HLC 8/40 CON LK-BLT,Active,EA,,PRO,Professional Sales Price Group,,FAST                MISC 
560-9711                      ,"CABLE TIE .04 X .1X 5.75 LG, BLK",Active,EA,,PRO,Professional Sales Price Group,,FAST                MISC 
560-9713                      ,ALLEN WRENCH 3/16 SHORT ARM,Active,EA,,PRO,Professional Sales Price Group,,FAST                MISC 
560-9715                      ,"ALLEN WRENCH 7/32"" FOR 3/8 SKT HD SCRW",Active,EA,,PRO,Professional Sales Price Group,,FAST                HW   
560-9716                      ,ALLEN WRENCH 6MM FOR M10 SKT HD SCR,Active,EA,,PRO,Professional Sales Price Group,,FAST                HW   
560-9727                      ,ALLEN WRENCH 10MM; M12 SKT HD SCR,Active,EA,,PRO,Professional Sales Price Group,,FAST                HW   
560-9728                      ,"9/64"" ALLEN WRENCH",No Request,EA,,PRO,Professional Sales Price Group,,FAST                MISC 
565-0048                      ,LOCK KSK-1,Active,EA,,PRO,Professional Sales Price Group,,PP                  MISC 
565-0049                      ,LOCK KSK-2,Active,EA,,PRO,Professional Sales Price Group,,FAST                MISC 
565-0052                      ,LOCK KSK-5,Active,EA,,HOSP,Hospitality,,FAST                MISC 
570-0002                      ,ADHESIVE 1.5 X 1.5 DBL SD. 4945,Active,EA,,PRO,Professional Sales Price Group,,PP                  ADPRT
570-0008                      ,"ADH BLK FOAM #1"" X 1"" X .125""",Active,EA,,PRO,Professional Sales Price Group,,PP                  ADPRT
570-0014                      ,"VCR FOAM 1.5 X 4.5 X.125, WHT",Active,EA,,PRO,Professional Sales Price Group,,PP                  MISC 
570-0017                      ,ADH/DBL SDE VHB TAPE #5925 U/M = FT,Active,FT,,PRO,Professional Sales Price Group,,PP                  ADPRT
570-0031                      ,CLEAR STRIP BELT SLOT ADHESIVE,Active,EA,,PRO,Professional Sales Price Group,,PP                  ADPRT
570-0040                      ,LOC-TITE 271 THREAD LOCK ADH 2ML,Active,EA,,PRO,Professional Sales Price Group,,PP                  ADPRT
570-0045                      ,"ADH BLK FOAM 1"" X .5"" X .125""",Active,EA,,PRO,Professional Sales Price Group,,PP                  ADPRT
570-0046                      ,"570-0017, 3"" PC, VHB TAPE # 5925",Active,FT,,PRO,Professional Sales Price Group,,PP                  ADPRT
580-0004                      ,"LCD FLUSH MOUNT TUBE, NOTCHED",Active,EA,,PRO,Professional Sales Price Group,,FAST                MISC 
580-0010                      ,EXTENSION COLUMN CONNECTOR,Active,EA,,PRO,Professional Sales Price Group,,FAST                MISC 
580-0159                      ,"FPZ MAIN STL TUBE,  2.25 OD 2.0 ID",Active,EA,,PRO,Professional Sales Price Group,,FAB                 TUBE 
580-1017                      ,"5/16-18 TAPERED SOCKET SET SCR , ZB",Active,EA,,PRO,Professional Sales Price Group,,FAST                HW   
580-1021                      ,"THREADED ROD ADAPTER, BLK",Active,EA,,PRO,Professional Sales Price Group,,FAST                MISC 
580-1025                      ,"EXT COL CONNECTOR W/CORD MGMT, BLK",Active,EA,,PRO,Professional Sales Price Group,,PP                  MISC 
580-1042                      ,"MOUNTING PLATE, BLK",Active,EA,,PRO,Professional Sales Price Group,,PP                  MISC 
580-1065                      ,"CONNECTION BLOCK, BLK",Active,EA,,PRO,Professional Sales Price Group,,PPA                      
580-1159                      ,"FPZ  STL TUBE,  2.25 OD 2.0 ID, BLK",Active,EA,,PRO,Professional Sales Price Group,,FAB                 PAINT
580-1163                      ,"ROD, .50"" DIA X 12"", BLK",Active,EA,,PRO,Professional Sales Price Group,,PP                  MISC 
580-2021                      ,"THREADED ROD ADAPTER, SLV",Active,EA,,PRO,Professional Sales Price Group,,PP                  MISC 
580-2022                      ,"BOLT, CARRIAGE M10X1.5X60MM, GRADE 4.6, ZC",Active,EA,,PRO,Professional Sales Price Group,,FAST                HW   
580-2163                      ,"ROD, .50"" DIA X 12"", ZINC CLEAR",Active,EA,,PRO,Professional Sales Price Group,,PP                  MISC 
580-4025                      ,"EXT COL CONNECTOR W/CORD MGMT, SLV",Active,EA,,PRO,Professional Sales Price Group,,PP                  MISC 
580-4065                      ,"CONNECTION BLOCK, SLV",Inactive,EA,,PRO,Professional Sales Price Group,,PPA                      
590-0114                      ,MOLDED ARM JOINT NYLON WASHER,Active,EA,,PRO,Professional Sales Price Group,,FAST                WASH 
590-0213                      ,"ROLL BRAKE PAD, SA745/50/60",Active,EA,,PRO,Professional Sales Price Group,,PP                  MISC 
590-0320                      ,8MM ANCHOR (EXPRESS),Active,EA,,PRO,Professional Sales Price Group,,FAST                MISC 
590-0321                      ,10MM ANCHOR (EXPRESS),Active,EA,,PRO,Professional Sales Price Group,,FAST                MISC 
590-1001                      ,BALL ENDCAP 1.5OD 14GA - WHT RODON,Active,EA,,PRO,Professional Sales Price Group,,FAST                MISC 
590-1004                      ,D-SERIES ASSEM MT. STUD W/ ADHESIVE,Active,EA,,PRO,Professional Sales Price Group,,PP                  ADPRT
590-1004A                     ,D-SERIES ADH MNT STUD M6X1.0 NYL,Active,EA,,PRO,Professional Sales Price Group,,PP                  ADPRT
590-1007                      ,RETAINER PLUG 11GA - BLACK,Active,EA,,PRO,Professional Sales Price Group,,FAST                MISC 
590-1014                      ,BALLEND CAP 1.5OD 14-16GA BLK,Active,EA,,PRO,Professional Sales Price Group,,FAST                MISC 
590-1074                      ,"GROMMET PLASTIC 1.8"" LENGTH",Active,EA,,PRO,Professional Sales Price Group,,PP                  PLPRT
590-1077                      ,"ENDCAP 3/4"" OD 14GA BLK",No Request,EA,,PRO,Professional Sales Price Group,,FAST                MISC 
590-1093                      ,"TOGGLER 1/4"" (#1/4-20) WING ZINC",Active,EA,,PRO,Professional Sales Price Group,,FAST                MISC 
590-1123                      ,"PLASTIC FINISHING CAP,1.5"" DIA.,BLK",Active,EA,,PRO,Professional Sales Price Group,,PP                  PLPRT
590-1124                      ,"RUBBER BTN BUMPER,7/8 ODx .25 T,BLK",Active,EA,,PRO,Professional Sales Price Group,,FAST                MISC 
590-1126                      ,"6' COILED CORD WRAP, BLK",Active,EA,,PRO,Professional Sales Price Group,,PP                  MISC 
590-1142                      ,"BALL JOINT-BOTTOM, ASSY",Active,EA,,PRO,Professional Sales Price Group,,PPA                      
590-1159                      ,"RTLF-100 RBR PAD 3/4 X 1"", 3/16 THK",Active,EA,,PRO,Professional Sales Price Group,,FAST                MISC 
590-1160                      ,"RETAINING SPCR, .375X.500X.38H, BLK",Active,EA,,PRO,Professional Sales Price Group,,FAST                WASH 
590-1166                      ,"CABLE TIE FIN PUSH-IN MOUNT, BLK",Active,EA,,PRO,Professional Sales Price Group,,FAST                MISC 
590-1168                      ,"BLK NYLON CABLE TIE, 0.187 X 7.5 LG",Active,EA,,PRO,Professional Sales Price Group,,FAST                MISC 
590-1199                      ,"CABLE MOUNT PLASTIC, BLK",Active,EA,,PRO,Professional Sales Price Group,,PP                  PLPRT
590-1200                      ,"RUBBER BUMPER, .5""sq. x .230""H, BLK",Active,EA,,PRO,Professional Sales Price Group,,FAST                MISC 
590-1202                      ,"BUSHING 1.5 X 1.77 X 0.75 X 2""FLNGE",Active,EA,,PRO,Professional Sales Price Group,,FAST                WASH 
590-1205                      ,"CABLE MANAGEMENT COVER, 11.375"" BLK",Active,EA,,PRO,Professional Sales Price Group,,PP                  MISC 
590-1265                      ,"SPCR,.260X.75X.75 LNG GLASS FILLED NYLON, BLK",Active,EA,,PRO,Professional Sales Price Group,,FAST                WASH 
590-1269                      ,"SPCR, .376ID x 1.0 x .085 HT, BLK",Active,EA,,PRO,Professional Sales Price Group,,FAST                WASH 
590-1270                      ,"SPCR, .502ID x 1.0 x .140 HT, BLK",Active,EA,,PRO,Professional Sales Price Group,,FAST                WASH 
590-1273                      ,"SHLDR SPCR, .640ID X 1.0 OD X .050",Active,EA,,PRO,Professional Sales Price Group,,FAST                WASH 
590-1280                      ,"COVER, OUTER PLTFRM MOLDED-BLK",Active,EA,,PRO,Professional Sales Price Group,,PP                  MISC 
590-1286                      ,"12"" X .187"" WIDE CABLE TIE, BLK",Active,EA,,PRO,Professional Sales Price Group,,FAST                MISC 
590-1287                      ,THRUST WASHER 1.75IDX2.75ODX.0585TH,Active,EA,,PRO,Professional Sales Price Group,,FAST                WASH 
590-1288                      ,"RUBBER BUMPER, 21/32 DIA. X 1/2"" HT",Active,EA,,PRO,Professional Sales Price Group,,FAST                MISC 
590-1294                      ,"PLASTIC, CAP FOR 1/4-20 SCREWS, BLK",Active,EA,,PRO,Professional Sales Price Group,,FAST                HW   
590-1295                      ,"BUSHING,CABLE HEYCO 2213",Active,EA,,PRO,Professional Sales Price Group,,FAST                WASH 
590-1296                      ,"RIVET, RIBBED, .187"" HOLE, BLK",Active,EA,,PRO,Professional Sales Price Group,,FAST                MISC 
590-1299                      ,"SPCR,1/4"" SCRW ISO.375 LNG 8018,BK",Active,EA,,PRO,Professional Sales Price Group,,FAST                WASH 
590-2009                      ,"RETAING SPCR,.198 X.313 X.375H, WHT",Inactive,EA,,PRO,Professional Sales Price Group,,FAST                WASH 
590-2100                      ,".250 X .500 X 1.00 ROUND SPACER,BLK",Active,EA,,PRO,Professional Sales Price Group,,FAST                WASH 
590-2106                      ,.250 X .500 X .625 NYLON SPCR WHT,Inactive,EA,,PRO,Professional Sales Price Group,,FAST                WASH 
590-2126                      ,"6' COILED CORD WRAP , WHITE",Active,EA,,PRO,Professional Sales Price Group,,PP                  MISC 
590-2185                      ,FLANGE BUSHING .203 ID X .313 OD,Active,EA,,PRO,Professional Sales Price Group,,FAST                WASH 
590-4014                      ,BALLEND CAP 1.5OD 14-16GA SLV,Active,EA,,PRO,Professional Sales Price Group,,FAST                MISC 
590-4118                      ,"BALL JOINT-BOTTOM, SILVER",No Request,EA,,PRO,Professional Sales Price Group,,PP                  MISC 
5M9-381-H03                   ,RAWL BOLT #6913,Active,EA,,PRO,Professional Sales Price Group,,FAST                HW   
5S1-015-C03                   ,SCR WOOD #14 X 2.5 HEX PHL BLK,Active,EA,,PRO,Professional Sales Price Group,,FAST                HW   
5S1-015-C04                   ,SCR WOOD #14 X 2.5 HEX PHL ZINC,Active,EA,,PRO,Professional Sales Price Group,,FAST                HW   
5S1-M10-A20                   ,SCR BOLT M10 X1.5X20MM RND SKT BLK,Active,EA,,PRO,Professional Sales Price Group,,FAST                HW   
5S5-516-H01                   ,"GRADE 8 BOLT 5/16-18 X  2.5""",Active,EA,,PRO,Professional Sales Price Group,,FAST                HW   
5W1-035-X01                   ,"GRD 8 WSHR .35 IDX.68 ODX1/16"" THK",Active,EA,,PRO,Professional Sales Price Group,,FAST                MISC 
600-0017                      ,"TUBE, SUPER GLUE, PJC SECURITY ASSY",Active,EA,,PRO,Professional Sales Price Group,,PP                  ADPRT
600-0018                      ,"ALCOHOL PAD, PJC SECURITY ASSY",Active,EA,,PRO,Professional Sales Price Group,,FAST                MISC 
600-0026                      ,"CASTER, 5"" SWIVEL, BLK",Active,EA,,PRO,Professional Sales Price Group,,FAST                MISC 
600-0033                      ,"CABLE ASSY,1/8 7X7 SS CBL W/ 1""LOOP, 22FT",Active,EA,,PRO,Professional Sales Price Group,,PP                  ELECT
600-0046                      ,LEVEL,Active,EA,,PRO,Professional Sales Price Group,,PP                  MISC 
600-0047                      ,TAPE MEASURE,Active,EA,,PRO,Professional Sales Price Group,,PP                  MISC 
600-0050                      ,STUD FINDER,No Request,EA,,CONS,Consumer,,PP                  MISC 
600-0116                      ,KEY,Active,EA,,PRO,Professional Sales Price Group,,PP                  MISC 
600-1009                      ,"DUAL LOCK 1 X 1.5, RUBBER BASED FOAM ADHESIVE BACKING",Active,EA,,PRO,Professional Sales Price Group,,PP                  ADPRT
600-1011                      ,15' EXTENSION CORD W/ 3 OUTLET,Active,EA,,PRO,Professional Sales Price Group,,PP                  ELECT
600-1012                      ,"VINYL EDGE TRIM, 1.625""",Active,EA,,PRO,Professional Sales Price Group,,FAST                MISC 
600-1013                      ,"VINYL EDGE TRIM, 7-7/8""",Active,EA,,PRO,Professional Sales Price Group,,FAST                MISC 
600-1014                      ,"POLYESTER MESH SLEEVE 18"" LONG",Active,EA,,PRO,Professional Sales Price Group,,FAST                MISC 
700-0001                      ,CTN 20X10X1.75 FOR SMALL LDS,Active,EA,,PRO,Professional Sales Price Group,,CARTN               BOXES
700-0005A                     ,CTN 19-1/8X24-1/4 DIE CUT WALARMS,Active,EA,,PRO,Professional Sales Price Group,,CARTN               BOXES
981-0004                      ,CTN 26X13X1.5 32 ECT,Active,EA,,PRO,Professional Sales Price Group,,CARTN               BOXES
981-0005                      ,CTN 18X13X1.5 29 ECT,Active,EA,,PRO,Professional Sales Price Group,,CARTN               BOXES
981-0068                      ,CTN 5.625 X 3.25 X 2.5,Active,EA,,PRO,Professional Sales Price Group,,CARTN               BOXES
981-0101                      ,"CARTON, BROWN BOX, ULINE (S-15049) 15 X 8 X 8",Active,EA,,PRO,Professional Sales Price Group,,CARTN               BOXES
981-0115                      ,PLASMA 2000 MAIN CTN,Active,EA,,PRO,Professional Sales Price Group,,CARTN               BOXES
981-0155                      ,MAIN CTN ROLLAWAY PLASMA CART,No Purchases,EA,,PRO,Professional Sales Price Group,,CARTN               BOXES
981-0169                      ,"CARTON, 4 X 4 X 72 (DS)",Active,EA,,PRO,Professional Sales Price Group,,CARTN               BOXES
981-0172                      ,"CARTON, 4 X 4 X 24-1/2",Active,EA,,PRO,Professional Sales Price Group,,CARTN               BOXES
981-0184                      ,"CTN, 36 3/4 X 11 1/2 X 3 3/4, BLANK",Active,EA,,PRO,Professional Sales Price Group,,CARTN               BOXES
981-0216                      ,CARTON FOR LARGE PLASMA MODELS,Active,EA,,PRO,Professional Sales Price Group,,CARTN               BOXES
981-0236                      ,CTN FOR FBZ-600 (BOTTOM COVER) (DS),Active,EA,,PRO,Professional Sales Price Group,,CARTN               BOXES
981-0237                      ,CTN FOR FBZ-600 (TOP COVER) (DS),No Purchases,EA,,PRO,Professional Sales Price Group,,CARTN               BOXES
981-0266                      ,"CTN FOR PLASMA CART, BODY (DS)",Active,EA,,PRO,Professional Sales Price Group,,CARTN               BOXES
981-0267                      ,"CTN FOR PLASMA CART, TOP (DS)",Active,EA,,PRO,Professional Sales Price Group,,CARTN               BOXES
981-0282                      ,CTN FOR SP850,Active,EA,,PRO,Professional Sales Price Group,,CARTN               BOXES
981-0283                      ,CTN FOR SP850-UNL,Active,EA,,PRO,Professional Sales Price Group,,CARTN               BOXES
981-0299                      ,CTN FOR ST635,Active,EA,,PRO,Professional Sales Price Group,,CARTN               BOXES
981-0301                      ,CTN FOR 650,Active,EA,,PRO,Professional Sales Price Group,,CARTN               BOXES
981-0302                      ,CTN FOR 660,Active,EA,,PRO,Professional Sales Price Group,,CARTN               BOXES
981-0320-1                    ,"NEW CTN, COMPONENT PLT, DSI-CM",Active,EA,,PRO,Professional Sales Price Group,,CARTN               BOXES
981-0322                      ,PLCM-UNL-CP CARTON,Active,EA,,PRO,Professional Sales Price Group,,CARTN               BOXES
981-0367                      ,CARTON FOR SA/SP740P,Active,EA,,PRO,Professional Sales Price Group,,CARTN               BOXES
981-0414                      ,"CARTON FOR SA752,761,763 09-1490a",Active,EA,,PRO,Professional Sales Price Group,,CARTN               BOXES
981-2419                      ,"CTNTube 2 .5"" x 119"" for AEC 1012",Active,EA,,PRO,Professional Sales Price Group,,CARTN               BOXES
982-0037                      ,INSERT 9/9 3/8 275C (DS),Active,EA,,PRO,Professional Sales Price Group,,CARTN               INSRT
982-0096                      ,"INSERT, PLSMA CEIL MNT, ADAPR PLATE",Active,EA,,PRO,Professional Sales Price Group,,CARTN               INSRT
982-0114                      ,INSERT FOR PLASMA PHIL1 MODELS,Active,EA,,PRO,Professional Sales Price Group,,CARTN               INSRT
982-0237                      ,"INSERT, SIDE FILLER-LARGE PLSMA MDL",Active,EA,,PRO,Professional Sales Price Group,,CARTN               INSRT
982-0313                      ,"INSERT FOR POSM, SHEET",Active,EA,,PRO,Professional Sales Price Group,,CARTN               INSRT
982-0338                      ,INSERT FOR PP730,Active,EA,,PRO,Professional Sales Price Group,,CARTN               INSRT
982-0340                      ,"INSERT, ""L"" CORNER",Active,EA,,PRO,Professional Sales Price Group,,CARTN               INSRT
982-0341                      ,"INSERT, ROLL UPS",Active,EA,,PRO,Professional Sales Price Group,,CARTN               INSRT
982-0365                      ,PLATE INSERT FOR SUF640,Active,EA,,PRO,Professional Sales Price Group,,CARTN               INSRT
982-0377                      ,INSERT FOR PLCM-UNL-CP,Active,EA,,PRO,Professional Sales Price Group,,CARTN               INSRT
983-0084                      ,"LABEL, UL 2.50X0.75 SILVER FILM",Active,EA,,PRO,Professional Sales Price Group,,PP                  LABEL
983-0105                      ,"LABEL, 4.00X2.00 OPAQUE",Active,EA,,PRO,Professional Sales Price Group,,PP                  LABEL
9EKD6                         ,EXT101 FOR GRAINGER,Active,EA,,PRO,Professional Sales Price Group,Active,APNS                     
ACC-780                       ,Fastpack Screen Side Acc for XL Displays/ PN-SR780M,Active,EA,,PRO,Professional Sales Price Group,,FAST                     
ACC-FLIP65                    ,"Accessory Mounting Kit for the 65"" Samsung Flip",Active,EA,False,CORE,Mounts,Active,FPSS STANDETAIL          
ACC-HPF650                    ,In Furniture Bracket for HPF650,No Purchases,EA,False,HOSP,Hospitality,Use Up,FPSS STANDETAIL          
ACC-LGOLED                    ,Adapter Bracket for LG OLED TV's,Active,EA,False,CORE,Mounts,Active,FPSS STANDETAIL          
ACC-M1020                     ,Accessory Fastpack with M10x20 nonsecurity,Active,EA,,PRO,Professional Sales Price Group,,FAST                     
ACC-M440                      ,"Security Fastpack, M4x40",Active,EA,,HOSP,Hospitality,Active,APNS                     
ACC-M835                      ,"Security fast-pack, M8x25 & M8x35",Active,EA,False,HOSP,Hospitality,Active,FPSS STANDETAIL          
ACC-M8X50                     ,"Non-Security Fast Pack, M8 x 50mm (4pcs)",Active,EA,False,CORE,Mounts,Active,FPSS STANDETAIL          
ACC-MCCM                      ,"Component Mount for SR598ML3, SR598ML3E and SS598ML3",Active,EA,False,CORE,Mounts,Active,FPSS STANDETAIL          
ACC-ML3ECW                    ,Power Cord Manager for SR598ML3E,Active,EA,False,CORE,Mounts,Active,FPSS STANDETAIL          
ACC-ML3ELS                    ,KEYBOARD SHELF ACCESSORY,Active,EA,False,CORE,Mounts,Active,FPSS STANDETAIL          
ACC-QRL                       ,Accessory Quick Release - Landscape,Active,EA,False,DS,Digital Signage,Active,FPSS STANDETAIL          
ACC-QRP                       ,Accessory Quick Release - Portrait,Active,EA,False,DS,Digital Signage,Active,FPSS STANDETAIL          
ACC-SPARK55                   ,"Adaptor Brackets for 55"" Cisco Spark Board",Active,EA,False,CORE,Mounts,Active,FPSS STANDETAIL          
ACC-SPARK70                   ,"Adaptor brackets for Cisco Spark 70""",Active,EA,False,CORE,Mounts,Active,FPSS STANDETAIL          
ACC-V600800                   ,Adaptor accessory for 800x400mm mounting patterns,Active,EA,False,DS,Digital Signage,Active,FPSS STANDETAIL          
ACC-V600X                     ,Adaptor accessory for 600x400 mounting patterns,Active,EA,False,DS,Digital Signage,Active,FPSS STANDETAIL          
ACC-V900X                     ,Adaptor accessory for 800x400 and 900x600mm mounting patterns,Active,EA,False,DS,Digital Signage,Active,FPSS STANDETAIL          
ACC020                        ,Armor Lock ™ Plus Secure Cable,Active,EA,False,CORE,Mounts,Active,APNS                     
ACC050                        ,Extension Column Stabilizer Kit,Active,EA,False,CORE,Mounts,Active,APNS                     
ACC109                        ,Extension Column Connectors,Active,EA,False,CORE,Mounts,Active,APNS                     
ACC109MX                      ,Extension Column Connectors,Active,EA,,PRO,Professional Sales Price Group,Active,APNS                     
ACC120                        ,Internal Wood Joist Mount Ceiling Plate,Active,EA,False,CORE,Mounts,Active,FPSS STANDETAIL          
ACC166                        ,LG STB-5500 HOLDER ACCESSORY FOR HPF665,No Purchases,EA,False,CORE,Mounts,Use Up,FPSS STANDETAIL          
ACC200                        ,Concrete Expansion Anchors 2PK,No Purchases,EA,False,CORE,Mounts,Use Up,FPSS STANDETAIL          
ACC210                        ,Concrete Expansion Anchors 4PK,Active,EA,False,CORE,Mounts,Active,APNS                     
ACC215                        ,"Metal Stud Fastener kit, 2PK",Active,EA,False,CORE,Mounts,Active,APNS                     
ACC217                        ,Extension Column Shelf,Active,EA,False,CORE,Mounts,Active,FPSS STANDETAIL          
ACC230                        ,Concrete Anchors 50PK 8mm,Active,EA,False,CORE,Mounts,Use Up,FPSS STANDETAIL          
ACC234                        ,Concrete Anchors 4PK 8mm,Active,EA,False,CORE,Mounts,Active,APNS                     
ACC244                        ,Concrete Anchors 4 pack 10mm,Active,EA,False,CORE,Mounts,Active,APNS                     
ACC2RU-580                    ,2RU Rack for VCM580,Active,EA,,PRO,Professional Sales Price Group,Active,FPSS STANDETAIL          
ACC2RU-755                    ,2RU Rack for VCM755,No Purchases,EA,,PRO,Professional Sales Price Group,Use Up,FPSS STANDETAIL          
ACC310VWC4                    ,"Accessory feet - 4 pack, Use with DS-C VW Carts",Active,EA,False,DS,Digital Signage,Active,FPSS STANDETAIL          
ACC310VWC6                    ,"Accessory feet - 6 pack, Use with DS-C555-4x2",Active,EA,False,DS,Digital Signage,Active,FPSS STANDETAIL          
ACC415                        ,"Metal Stud Fastener Kit, 4PK",Active,EA,False,CORE,Mounts,Active,FPSS STANDETAIL          
ACC506                        ,FASTPACK FOR VPM & SVPM,Active,EA,,PRO,Professional Sales Price Group,,FAST                     
ACC515                        ,"Metal Stud Fastener Kit, 50PK",Active,EA,False,CORE,Mounts,Active,FPSS STANDETAIL          
ACC550                        ,Ceiling Plate For Unistrut Adaptor in Truss Ceilings,Active,EA,False,CORE,Mounts,Active,FPSS STANDETAIL          
ACC556                        ,Ceiling Plate For Cathedral Ceiling,Active,EA,False,CORE,Mounts,Active,FPSS STANDETAIL          
ACC557                        ,Ceiling Plate For Truss Ceiling,Active,EA,False,CORE,Mounts,Active,FPSS STANDETAIL          
ACC558                        ,"Ceiling Plate For I-Beam width of 4""-8""",Active,EA,False,CORE,Mounts,Active,FPSS STANDETAIL          
ACC559                        ,"Ceiling Plate For I-Beam width of 7""-12""",Active,EA,False,CORE,Mounts,Active,FPSS STANDETAIL          
ACC560                        ,Ceiling Plate For Wood Joist and Structural Ceiling,Active,EA,False,CORE,Mounts,Active,FPSS STANDETAIL          
ACC600                        ,Multi-Display Interface Bracket,Active,EA,False,CORE,Mounts,Active,FPSS STANDETAIL          
ACC615                        ,Metal Stud Fastener Kit 6PK,Active,EA,False,CORE,Mounts,Active,FPSS STANDETAIL          
ACC640                        ,"Escutcheon Ring For 1.9"" DIA Pole",Active,EA,False,CORE,Mounts,Active,FPSS STANDETAIL          
ACC640-B                      ,"Escutcheon Ring For 1.9"" DIA Pole Black",Active,EA,False,CORE,Mounts,Active,FPSS STANDETAIL          
ACC640-W                      ,"Escutcheon Ring For 1.9"" DIA Pole White",Active,EA,False,CORE,Mounts,Active,FPSS STANDETAIL          
ACC641                        ,Chrome Escutcheon Ring for 3/4 pipe,Active,EA,,PRO,Professional Sales Price Group,Active,FPSS STANDETAIL          
ACC666                        ,13' Safety Belt,Active,EA,False,CORE,Mounts,Use Up,FPSS STANDETAIL          
ACC912                        ,Ceiling Plate For Cathedral Ceiling,Active,EA,False,CORE,Mounts,Active,FPSS STANDETAIL          
ACC952                        ,Above Display SUF Security Lock Accessory,Active,EA,False,CORE,Mounts,Use Up,FPSS STANDETAIL          
ACC954                        ,Security Kit For PTM200 and PTM400 Series,Active,EA,False,CORE,Mounts,Active,FPSS STANDETAIL          
ACC957                        ,Security Fastner Kit - Outdoor,Inactive,EA,False,CORE,Mounts,,APNS                     
ACC964                        ,PC/Keyboard Acessory For SC590,Active,EA,False,CORE,Mounts,Active,FPSS STANDETAIL          
ACC973                        ,VESA® 400 x 400mm Adaptor Plates,Active,EA,False,CORE,Mounts,Active,FPSS STANDETAIL          
ACCSH100                      ,"AV WALL SHELF, SNGL (RTBOX)",No Purchases,EA,,CORE,Mounts,Active,FPSS STANDETAIL          
ACCSH200                      ,"AV WALL SHELF, SINGLE W/GLASS",No Purchases,EA,,CORE,Mounts,Active,FPSS STANDETAIL          
ACCSH300                      ,"AV WALL SHELF, DUAL W/GLASS",Active,EA,,CONS,Consumer,Active,FPSS STANDETAIL          
ACCXT400                      ,SAX IN-WALL ACCESSORY WITH AC SURGE,Inactive,EA,False,CORE,Mounts,,FPSS STANDETAIL          
ACCXT402                      ,SFX-STX IN-WALL ACC WITH AC SURGE,No Purchases,EA,False,CORE,Mounts,Use Up,FPSS STANDETAIL          
ADD012018                     ,"12""-18"" Multi-Display Adjustable Drop Column",Active,EA,False,CORE,Mounts,Active,FPSS STANDETAIL          
ADD018024                     ,"18""-24"" Multi-Display Adjustable Drop Column",Active,EA,False,CORE,Mounts,Active,FPSS STANDETAIL          
ADD0203                       ,2'-3' Multi-Display Adjustable Drop Column,Active,EA,False,CORE,Mounts,Active,FPSS STANDETAIL          
ADD0305                       ,3'-5' Multi-Display Adjustable Drop Column,Active,EA,False,CORE,Mounts,Active,FPSS STANDETAIL          
ADD0507                       ,5'-7' Multi-Display Adjustable Drop Column,Active,EA,False,CORE,Mounts,Active,FPSS STANDETAIL          
ADD0608                       ,6'-8' Multi-Display Adjustable Drop Column,Inactive,EA,,CORE,Mounts,,FPSS STAND               
ADD0810                       ,8'-10' Multi-Display Adjustable Drop Column,Active,EA,False,CORE,Mounts,Active,FPSS STANDETAIL          
ADD1012                       ,10'-12' Multi-Display Adjustable Drop Column,No Purchases,EA,False,CORE,Mounts,Active,FPSS STANDETAIL          
ADD102                        ,2' Multi-Display Fixed Length Extension Column,Active,EA,False,CORE,Mounts,Active,FPSS STANDETAIL          
ADD103                        ,3' Multi-Display Fixed Length Extension Column,Inactive,EA,,CORE,Mounts,,FPSS STAND               
ADD104                        ,4' Multi-Display Fixed Length Extension Column,Inactive,EA,,CORE,Mounts,,FPSS STAND               
ADD105                        ,5' Multi-Display Fixed Length Extension Column,No Purchases,EA,False,CORE,Mounts,Use Up,FPSS STANDETAIL          
ADD106                        ,6' Multi-Display Fixed Length Extension Column,No Purchases,EA,False,CORE,Mounts,Use Up,FPSS STANDETAIL          
ADD107                        ,7' Multi-Display Fixed Length Extension Column,No Purchases,EA,False,CORE,Mounts,Use Up,FPSS STANDETAIL          
ADD108                        ,8' Multi-Display Fixed Length Extension Column,Inactive,EA,,CORE,Mounts,,FPSS STAND               
ADD110                        ,10' Multi-Display Fixed Length Extension Column,No Purchases,EA,False,CORE,Mounts,Use Up,FPSS STANDETAIL          
AEC006009                     ,"6""-9"" Adjustable Extension Column",Active,EA,False,CORE,Mounts,Active,FPSS STANDETAIL          
AEC006009-S                   ,"6""-9""  Adjustable Extension Column",Active,EA,False,CORE,Mounts,Active,FPSS STANDETAIL          
AEC006009-W                   ,"6""-9""  Adjustable Extension Column",Active,EA,False,CORE,Mounts,Active,FPSS STANDETAIL          
AEC009012                     ,"9""-12"" Adjustable Extension Column",Active,EA,False,CORE,Mounts,Active,FPSS STANDETAIL          
AEC009012-S                   ,"9""-12"" Adjustable Extension Column",Active,EA,False,CORE,Mounts,Active,FPSS STANDETAIL          
AEC009012-W                   ,"9""-12"" Adjustable Extension Column",Active,EA,False,CORE,Mounts,Active,FPSS STANDETAIL          
AEC012018                     ,"12""-18"" Adjustable Extension Column",Active,EA,False,CORE,Mounts,Active,FPSS STANDETAIL          
AEC012018-S                   ,"12""-18"" Adjustable Extension Column",Active,EA,False,CORE,Mounts,Active,FPSS STANDETAIL          
AEC012018-W                   ,"12""-18""Adjustable Extension Column",Active,EA,False,CORE,Mounts,Active,FPSS STANDETAIL          
AEC018024                     ,"18""-24"" Adjustable Extension Column",Active,EA,False,CORE,Mounts,Active,FPSS STANDETAIL          
AEC018024-S                   ,"18""-24"" Adjustable Extension Column",Active,EA,False,CORE,Mounts,Active,FPSS STANDETAIL          
AEC018024-W                   ,"18""-24"" Adjustable Extension Column",Active,EA,False,CORE,Mounts,Active,FPSS STANDETAIL          
AEC0203                       ,2'-3' Adjustable Extension Column,Active,EA,False,CORE,Mounts,Active,FPSS STANDETAIL          
AEC0203-S                     ,2'-3' Adjustable Extension Column,Active,EA,False,CORE,Mounts,Active,FPSS STANDETAIL          
AEC0203-W                     ,2'-3' Adjustable Extension Column,Active,EA,False,CORE,Mounts,Active,FPSS STANDETAIL          
AEC0305                       ,3'-5' Adjustable Extension Column,Active,EA,False,CORE,Mounts,Active,FPSS STANDETAIL          
AEC0305-S                     ,3'-5' Adjustable Extension Column,Active,EA,False,CORE,Mounts,Active,FPSS STANDETAIL          
AEC0305-W                     ,3'-5' Adjustable Extension Column,Active,EA,False,CORE,Mounts,Active,FPSS STANDETAIL          
AEC0406                       ,4'-6' Adjustable Extension Column,Active,EA,False,CORE,Mounts,Active,FPSS STANDETAIL          
AEC0406-S                     ,4'-6' Adjustable Extension Column,Active,EA,False,CORE,Mounts,Active,FPSS STANDETAIL          
AEC0406-W                     ,4'-6' Adjustable Extension Column,Active,EA,False,CORE,Mounts,Active,FPSS STANDETAIL          
AEC0507                       ,5'-7' Adjustable Extension Column,Active,EA,False,CORE,Mounts,Active,FPSS STANDETAIL          
AEC0507-S                     ,5'-7' Adjustable Extension Column,Active,EA,False,CORE,Mounts,Use Up,FPSS STANDETAIL          
AEC0507-W                     ,5'-7' Adjustable Extension Column,Active,EA,False,CORE,Mounts,Active,FPSS STANDETAIL          
AEC0608                       ,6’- 8’ Adjustable Extension Column,Active,EA,False,CORE,Mounts,Active,FPSS STANDETAIL          
AEC0608-S                     ,6’- 8’ Adjustable Extension Column,Active,EA,False,CORE,Mounts,Use Up,FPSS STANDETAIL          
AEC0608-W                     ,6’- 8’ Adjustable Extension Column,Active,EA,False,CORE,Mounts,Active,FPSS STANDETAIL          
AEC0810                       ,8’-10’ Adjustable Extension Column,Active,EA,False,CORE,Mounts,Active,FPSS STANDETAIL          
AEC0810-S                     ,8’-10’Adjustable Extension Column,Active,EA,False,CORE,Mounts,Use Up,FPSS STANDETAIL          
AEC0810-W                     ,8’-10’ Adjustable Extension Column,Active,EA,False,CORE,Mounts,Active,FPSS STANDETAIL          
AEC1012                       ,10'-12' Adjustable Extension Column - Blk,Active,EA,False,CORE,Mounts,Active,FPSS STANDETAIL          
AEC1012-S                     ,10'-12'  Adjustable Extension Column,No Purchases,EA,False,CORE,Mounts,Use Up,FPSS STANDETAIL          
AEC1012-W                     ,10'-12'  Adjustable Extension Column,No Purchases,EA,False,CORE,Mounts,Use Up,FPSS STANDETAIL          
AMK-PXX3                      ,"NEC  SPACER 1.43"", 2.39"", 2.89"" & 3.36"" ADJ DEPTH",Active,EA,,PRO,Professional Sales Price Group,Active,FPSS STANDETAIL          
BM-5005A                      ,"Optoma 12"" -18"" Extension Column",No Sales,EA,False,CORE,Mounts,,PSS  STAND               
C3851-31                      ,ADJ CLNG EXT 3-5 FEET JUMBO MOUNTS,Active,EA,,PRO,Professional Sales Price Group,Active,FPSS STANDETAIL          
CL-SCG200                     ,"SCRN CLEAN GEL, 200ML RTAIL RAG BBG",Active,EA,,PRO,Professional Sales Price Group,Active,FPSS STANDETAIL          
CMJ300                        ,"Ceiling Plate For 4""x4"" Unistrut® and Structural Ceiling",Active,EA,False,CORE,Mounts,Active,FPSS STANDETAIL          
CMJ310                        ,"Ceiling Plate For 8""x8"" Unistrut® and Structural Ceiling",Active,EA,False,CORE,Mounts,Active,FPSS STANDETAIL          
CMJ450                        ,Suspended Ceiling Plate,Active,EA,False,CORE,Mounts,Active,FPSS STANDETAIL          
CMJ453                        ,Suspended Ceiling plate,Active,EA,False,CORE,Mounts,Active,FPSS STANDETAIL          
CMJ455                        ,Suspended Ceiling plate,Active,EA,False,CORE,Mounts,Active,PSS  STAND               
CMJ470                        ,"Ceiling Plate For Wood Joists at 16"" centers and Concrete",Active,EA,False,CORE,Mounts,Active,FPSS STANDETAIL          
CMJ470W                       ,"Ceiling Plate For Wood Joists at 16"" centers and Concrete",Active,EA,False,CORE,Mounts,Active,FPSS STANDETAIL          
CMJ480                        ,"Ceiling Plate For Wood Joists at 20"" centers and Concrete",Active,EA,False,CORE,Mounts,Active,FPSS STANDETAIL          
CMJ490                        ,"Ceiling Plate For Wood Joists at 24"" centers and Concrete",Active,EA,False,CORE,Mounts,Active,FPSS STANDETAIL          
CMJ500R1                      ,Suspended Ceiling Plate,Active,EA,False,CORE,Mounts,Active,PSS  STAND               
DCS200                        ,Ceiling Plate For Structural Ceilings w/Stress Decoupler,Active,EA,False,CORE,Mounts,Active,FPSS STANDETAIL          
DCS400                        ,Multi-Display Ceiling Plate w/Stress Decoupler For Concrete,Active,EA,False,CORE,Mounts,Active,FPSS STANDETAIL          
DCT100                        ,Ceiling Plate For Truss and I-Beams w/Stress Decoupler,Active,EA,False,CORE,Mounts,Active,FPSS STANDETAIL          
DCT300                        ,Multi-Display Ceiling Plate w/Stress Decoupler For Truss and I-Beams,Active,EA,False,CORE,Mounts,Active,FPSS STANDETAIL          
DCT500                        ,Multi-Display Ceiling Plate w/Stress Decoupler For I-Beam,Active,EA,False,CORE,Mounts,Active,FPSS STANDETAIL          
DCT600                        ,Multi-Display Ceiling Plate w/Stress Decoupler For I-Beam,Active,EA,False,CORE,Mounts,Active,FPSS STANDETAIL          
DCT900                        ,Multi-Display Ceiling Plate w/Stress Decoupler For I-Beam,Active,EA,False,CORE,Mounts,Active,FPSS STANDETAIL          
DEV-ADD0911                   ,ADD00911 in White,Inactive,EA,,PRO,Professional Sales Price Group,,FPSS STAND               
DEV-DCT300                    ,White Multi-Display Ceiling Plate w/Stress Decoupler For Truss and I-Beams,Active,EA,,PRO,Professional Sales Price Group,Active,FPSS STANDETAIL          
DS-VWRS013                    ,Reusable Video Wall Spacer,Active,EA,False,DS,Digital Signage,Active,FPSS STANDETAIL          
DS-VWRS029                    ,Reusable Video Wall Spacer,Active,EA,False,DS,Digital Signage,Active,FPSS STANDETAIL          
DS-VWRS039                    ,Reusable Video Wall Spacer,Active,EA,False,DS,Digital Signage,Active,FPSS STANDETAIL          
DS-VWRS040                    ,Reusable Video Wall Spacer,Active,EA,False,DS,Digital Signage,Active,FPSS STANDETAIL          
DS-VWRS045                    ,Reusable Video Wall Spacer,Active,EA,False,DS,Digital Signage,Active,FPSS STANDETAIL          
DS-VWRS052                    ,Reusable Video Wall Spacer,Active,EA,False,DS,Digital Signage,Active,FPSS STANDETAIL          
DS-VWRS053                    ,Reusable Video Wall Spacer,Active,EA,False,DS,Digital Signage,Active,FPSS STANDETAIL          
DS-VWRS086                    ,Reusable Video Wall Spacer,Active,EA,False,DS,Digital Signage,Active,FPSS STANDETAIL          
DS-VWRS090                    ,Reusable Video Wall Spacer,Active,EA,False,DS,Digital Signage,Active,FPSS STANDETAIL          
DS-VWRS091                    ,Reusable Video Wall Spacer,Active,EA,False,DS,Digital Signage,Active,FPSS STANDETAIL          
DS-VWRS092                    ,Reusable Video Wall Spacer,Active,EA,False,DS,Digital Signage,Active,FPSS STANDETAIL          
DS-VWS002                     ,DS-VW WALL SPACERS,Active,EA,,PRO,Professional Sales Price Group,Active,FPSS STANDETAIL          
DS-VWS004                     ,DS-VW WALL SPACERS,Active,EA,,PRO,Professional Sales Price Group,Active,FPSS STANDETAIL          
DS-VWS004-P                   ,DS-VW WALL SPACERS - PORTRAIT,Active,EA,,PRO,Professional Sales Price Group,Active,FPSS STANDETAIL          
DS-VWS006                     ,DS-VW WALL SPACERS,Active,EA,,PRO,Professional Sales Price Group,Active,FPSS STANDETAIL          
DS-VWS006-P                   ,DS-VW WALL SPACERS - PORTRAIT,Active,EA,,PRO,Professional Sales Price Group,Active,FPSS STANDETAIL          
DS-VWS007-P                   ,DS-VW WALL SPACERS - PORTRAIT,Active,EA,,PRO,Professional Sales Price Group,Active,FPSS STANDETAIL          
DS-VWS009                     ,DS-VW WALL SPACERS,Active,EA,,PRO,Professional Sales Price Group,Active,FPSS STANDETAIL          
DS-VWS011                     ,DS-VW WALL SPACERS,Active,EA,,PRO,Professional Sales Price Group,Active,FPSS STANDETAIL          
DS-VWS011-P                   ,DS-VW WALL SPACERS - PORTRAIT,Active,EA,,PRO,Professional Sales Price Group,Active,FPSS STANDETAIL          
DS-VWS012                     ,DS-VW WALL SPACERS,Active,EA,,PRO,Professional Sales Price Group,Active,FPSS STANDETAIL          
DS-VWS012-P                   ,DS-VW WALL SPACERS - PORTRAIT,Active,EA,,PRO,Professional Sales Price Group,Active,FPSS STANDETAIL          
DS-VWS013                     ,DS-VW WALL SPACERS,Active,EA,False,DS,Digital Signage,Active,FPSS STANDETAIL          
DS-VWS014-P                   ,DS-VW WALL SPACERS - PORTRAIT,Active,EA,,PRO,Professional Sales Price Group,Active,FPSS STANDETAIL          
DS-VWS015                     ,DS-VW WALL SPACERS,Active,EA,,PRO,Professional Sales Price Group,Active,FPSS STANDETAIL          
DS-VWS015-P                   ,DS-VW WALL SPACERS - PORTRAIT,Active,EA,,PRO,Professional Sales Price Group,Active,FPSS STANDETAIL          
DS-VWS016                     ,DS-VW WALL SPACERS,Active,EA,,PRO,Professional Sales Price Group,Active,FPSS STANDETAIL          
DS-VWS016-P                   ,DS-VW WALL SPACERS - PORTRAIT,Active,EA,,PRO,Professional Sales Price Group,Active,FPSS STANDETAIL          
DS-VWS017                     ,DS-VW WALL SPACERS,Active,EA,,PRO,Professional Sales Price Group,Active,FPSS STANDETAIL          
DS-VWS017-P                   ,DS-VW WALL SPACERS - PORTRAIT,Active,EA,,PRO,Professional Sales Price Group,Active,FPSS STANDETAIL          
DS-VWS018                     ,DS-VW WALL SPACERS,Active,EA,,PRO,Professional Sales Price Group,Active,FPSS STANDETAIL          
DS-VWS019-P                   ,DS-VW WALL SPACERS - PORTRAIT,Active,EA,,PRO,Professional Sales Price Group,Active,FPSS STANDETAIL          
DS-VWS020-P                   ,DS-VW WALL SPACERS - PORTRAIT,Active,EA,,PRO,Professional Sales Price Group,Active,FPSS STANDETAIL          
DS-VWS021                     ,DS-VW WALL SPACERS,Active,EA,,PRO,Professional Sales Price Group,Active,FPSS STANDETAIL          
DS-VWS021-P                   ,DS-VW WALL SPACERS - PORTRAIT,Active,EA,,PRO,Professional Sales Price Group,Active,FPSS STANDETAIL          
DS-VWS022-P                   ,DS-VW WALL SPACERS - PORTRAIT,Active,EA,,PRO,Professional Sales Price Group,Active,FPSS STANDETAIL          
DS-VWS023-P                   ,DS-VW WALL SPACERS - PORTRAIT,Active,EA,,PRO,Professional Sales Price Group,Active,FPSS STANDETAIL          
DS-VWS024-P                   ,DS-VW WALL SPACERS - PORTRAIT,Active,EA,,PRO,Professional Sales Price Group,Active,FPSS STANDETAIL          
DS-VWS025-P                   ,DS-VW WALL SPACERS - PORTRAIT,Active,EA,,PRO,Professional Sales Price Group,Active,FPSS STANDETAIL          
DS-VWS026-P                   ,DS-VW WALL SPACERS - PORTRAIT,Active,EA,,PRO,Professional Sales Price Group,Active,FPSS STANDETAIL          
DS-VWS028                     ,DS-VW WALL SPACERS,Active,EA,,PRO,Professional Sales Price Group,Active,FPSS STANDETAIL          
DS-VWS028-P                   ,DS-VW WALL SPACERS - PORTRAIT,Active,EA,,PRO,Professional Sales Price Group,Active,FPSS STANDETAIL          
DS-VWS029                     ,DS-VW WALL SPACERS,Active,EA,,PRO,Professional Sales Price Group,Active,FPSS STANDETAIL          
DS-VWS030                     ,"DS-VW WALL SPACERS 42""",Active,EA,,PRO,Professional Sales Price Group,Active,FPSS STANDETAIL          
DS-VWS030-P                   ,DS-VW WALL SPACERS - PORTRAIT,Active,EA,,PRO,Professional Sales Price Group,Active,FPSS STANDETAIL          
DS-VWS031                     ,DS-VW WALL SPACERS,Active,EA,,PRO,Professional Sales Price Group,Active,FPSS STANDETAIL          
DS-VWS031-P                   ,DS-VW WALL SPACERS - PORTRAIT,Active,EA,,PRO,Professional Sales Price Group,Active,FPSS STANDETAIL          
DS-VWS033-P                   ,DS-VW WALL SPACERS - PORTRAIT,Active,EA,,PRO,Professional Sales Price Group,Active,FPSS STANDETAIL          
DS-VWS037                     ,DS-VW WALL SPACERS,Active,EA,,PRO,Professional Sales Price Group,Active,FPSS STANDETAIL          
DS-VWS037-P                   ,DS-VW WALL SPACERS - PORTRAIT,Active,EA,,PRO,Professional Sales Price Group,Active,FPSS STANDETAIL          
DS-VWS038                     ,DS-VW WALL SPACERS,Active,EA,,PRO,Professional Sales Price Group,Active,FPSS STANDETAIL          
DS-VWS038-P                   ,DS-VW WALL SPACERS - PORTRAIT,Active,EA,,PRO,Professional Sales Price Group,Active,FPSS STANDETAIL          
DS-VWS039                     ,DS-VW WALL SPACERS,Active,EA,,PRO,Professional Sales Price Group,Active,FPSS STANDETAIL          
DS-VWS039-P                   ,DS-VW WALL SPACERS - PORTRAIT,Active,EA,,PRO,Professional Sales Price Group,Active,FPSS STANDETAIL          
DS-VWS040                     ,DS-VW WALL SPACERS,Active,EA,False,DS,Digital Signage,Active,FPSS STANDETAIL          
DS-VWS040-P                   ,DS-VW WALL SPACERS - PORTRAIT,Active,EA,False,DS,Digital Signage,Active,FPSS STANDETAIL          
DS-VWS041                     ,DS-VW WALL SPACERS,Active,EA,,PRO,Professional Sales Price Group,Active,FPSS STANDETAIL          
DS-VWS042                     ,DS-VW WALL SPACERS,Active,EA,,PRO,Professional Sales Price Group,Active,FPSS STANDETAIL          
DS-VWS042-P                   ,DS-VW WALL SPACERS - PORTRAIT,Active,EA,,PRO,Professional Sales Price Group,Active,FPSS STANDETAIL          
DS-VWS043                     ,DS-VW WALL SPACERS,Active,EA,,PRO,Professional Sales Price Group,Active,FPSS STANDETAIL          
DS-VWS043-P                   ,DS-VW WALL SPACERS - PORTRAIT,Active,EA,,PRO,Professional Sales Price Group,Active,FPSS STANDETAIL          
DS-VWS044                     ,DS-VW WALL SPACERS,Active,EA,,PRO,Professional Sales Price Group,Active,FPSS STANDETAIL          
DS-VWS044-P                   ,DS-VW WALL SPACERS - PORTRAIT,Active,EA,,PRO,Professional Sales Price Group,Active,FPSS STANDETAIL          
DS-VWS045                     ,DS-VW WALL SPACERS,Active,EA,,PRO,Professional Sales Price Group,Active,FPSS STANDETAIL          
DS-VWS045-P                   ,DS-VW WALL SPACERS - PORTRAIT,Active,EA,,PRO,Professional Sales Price Group,Active,FPSS STANDETAIL          
DS-VWS046                     ,Video Wall Spacer Kit,Active,EA,,PRO,Professional Sales Price Group,Active,FPSS STANDETAIL          
DS-VWS046-P                   ,DS-VW WALL SPACERS - PORTRAIT,Active,EA,,PRO,Professional Sales Price Group,Active,FPSS STANDETAIL          
DS-VWS049                     ,Video Wall Spacer Kit,Active,EA,,PRO,Professional Sales Price Group,Active,FPSS STANDETAIL          
DS-VWS049-P                   ,DS-VW WALL SPACERS - PORTRAIT,Active,EA,,PRO,Professional Sales Price Group,Active,FPSS STANDETAIL          
DS-VWS050                     ,VIDEO WALL SPACER KIT,Active,EA,,PRO,Professional Sales Price Group,Active,FPSS STANDETAIL          
DS-VWS050-P                   ,DS-VW WALL SPACERS - PORTRAIT,Active,EA,,PRO,Professional Sales Price Group,Active,FPSS STANDETAIL          
DS-VWS052                     ,DS-VW WALL SPACERS,Active,EA,,PRO,Professional Sales Price Group,Active,FPSS STANDETAIL          
DS-VWS052-P                   ,DS-VW WALL SPACERS,Active,EA,,PRO,Professional Sales Price Group,Active,FPSS STANDETAIL          
DS-VWS053                     ,DS-VW WALL SPACERS,Active,EA,,PRO,Professional Sales Price Group,Active,FPSS STANDETAIL          
DS-VWS053-P                   ,DS-VW WALL SPACERS,Active,EA,,PRO,Professional Sales Price Group,Active,FPSS STANDETAIL          
DS-VWS056                     ,Video Wall Spacer Kit,Active,EA,,PRO,Professional Sales Price Group,Active,FPSS STANDETAIL          
DS-VWS056-P                   ,DS-VW WALL SPACERS - PORTRAIT,Active,EA,,PRO,Professional Sales Price Group,Active,FPSS STANDETAIL          
DS-VWS057                     ,Video Wall Spacer Kit,Active,EA,,PRO,Professional Sales Price Group,Active,FPSS STANDETAIL          
DS-VWS060                     ,Video Wall Spacer Kit,Active,EA,,PRO,Professional Sales Price Group,Active,FPSS STANDETAIL          
DS-VWS060-P                   ,DS-VW WALL SPACERS - PORTRAIT,Active,EA,,PRO,Professional Sales Price Group,Active,FPSS STANDETAIL          
DS-VWS061                     ,Video Wall Spacer Kit,Active,EA,,PRO,Professional Sales Price Group,Active,FPSS STANDETAIL          
DS-VWS061-P                   ,DS-VW WALL SPACERS - PORTRAIT,Active,EA,,PRO,Professional Sales Price Group,Active,FPSS STANDETAIL          
DS-VWS062                     ,Video Wall Spacer Kit,Active,EA,,PRO,Professional Sales Price Group,Active,FPSS STANDETAIL          
DS-VWS062-P                   ,DS-VW WALL SPACERS - PORTRAIT,Active,EA,,PRO,Professional Sales Price Group,Active,FPSS STANDETAIL          
DS-VWS063                     ,Video Wall Spacer Kit,Active,EA,,PRO,Professional Sales Price Group,Active,FPSS STANDETAIL          
DS-VWS064                     ,Video Wall Spacer Kit,Active,EA,,PRO,Professional Sales Price Group,Active,FPSS STANDETAIL          
DS-VWS064-P                   ,DS-VW WALL SPACERS - PORTRAIT,Active,EA,,PRO,Professional Sales Price Group,Active,FPSS STANDETAIL          
DS-VWS066                     ,Video Wall Spacer Kit,Active,EA,,PRO,Professional Sales Price Group,Active,FPSS STANDETAIL          
DS-VWS066-P                   ,DS-VW WALL SPACERS - PORTRAIT,Active,EA,,PRO,Professional Sales Price Group,Active,FPSS STANDETAIL          
DS-VWS070                     ,DS-VW WALL SPACERS,Active,EA,,PRO,Professional Sales Price Group,Active,FPSS STANDETAIL          
DS-VWS074                     ,DS-VW WALL SPACERS,Active,EA,,PRO,Professional Sales Price Group,Active,FPSS STANDETAIL          
DS-VWS075                     ,DS-VW WALL SPACERS,Active,EA,,PRO,Professional Sales Price Group,Active,FPSS STANDETAIL          
DS-VWS076                     ,DS-VW WALL SPACERS,Active,EA,,PRO,Professional Sales Price Group,Active,FPSS STANDETAIL          
DS-VWS079                     ,DS-VW Wall Spacers,Active,EA,False,DS,Digital Signage,Active,FPSS STANDETAIL          
DS-VWS090                     ,DS-VW WALL SPACERS,Active,EA,False,DS,Digital Signage,Active,FPSS STANDETAIL          
DS-VWS090-P                   ,DS-VW WALL SPACERS - PORTRAIT,Active,EA,,PRO,Professional Sales Price Group,Active,FPSS STANDETAIL          
DS-VWS091                     ,DS-VW WALL SPACERS,Active,EA,,FGMT,FGMT,Active,FPSS STANDETAIL          
DS-VWS091-P                   ,DS-VW WALL SPACERS,Active,EA,,FGMT,FGMT,Active,FPSS STANDETAIL          
DS-VWS092-P                   ,DS-VW Mount Spacer- PORTRAIT,Active,EA,,PRO,Professional Sales Price Group,Active,FPSS STANDETAIL          
DS25                          ,DVD/DVR/VCR  Clamp Mount,No Purchases,EA,False,CORE,Mounts,Use Up,FPSS STANDETAIL          
DS45                          ,DVD/DVR/VCR  Clamp Mount,No Purchases,EA,False,CORE,Mounts,Use Up,FPSS STANDETAIL          
DSX200                        ,Media Device Shelf - Attaches to a standard wall plate,No Purchases,EA,False,DS,Digital Signage,Use Up,FPSS STANDETAIL          
EC-HD15F                      ,"ECONOMY, 15FT HDMI 1.4 W/ETHR",No Purchases,EA,,ET WIRE,Emerging Technologies Products,Use Up,FPSS STANDETAIL          
EC-HD25F                      ,"ECONOMY, 25FT HDMI 1.4 W/ETHR",No Purchases,EA,,ET WIRE,Emerging Technologies Products,Use Up,FPSS STANDETAIL          
ESHV10                        ,Single AV Wall Shelf w/o Glass,Inactive,EA,False,CORE,Mounts,Use Up,FPSS STANDETAIL          
ESHV10-S1                     ,"SNGL AV WLL SHLF, SINGLE UNIT IN BO",Inactive,EA,False,CORE,Mounts,Use Up,FPSS STANDETAIL          
ESHV20                        ,Single AV Wall Shelf with Glass,Inactive,EA,False,CORE,Mounts,Use Up,FPSS STANDETAIL          
ESHV20-S1                     ,"SGL AV GLS  SHF, SINGLE UNIT IN BOX",Inactive,EA,False,CORE,Mounts,Use Up,FPSS STANDETAIL          
ESHV30                        ,Dual AV Wall Shelf with Glass,Active,EA,False,CORE,Mounts,Use Up,FPSS STANDETAIL          
ESHV30-S1                     ,"DUL AV GLS  SHF, SINGLE UNIT IN BOX",Active,EA,False,CORE,Mounts,Use Up,FPSS STANDETAIL          
EXT006                        ,"6"" Fixed Extension Column",Active,EA,False,CORE,Mounts,Active,FPSS STANDETAIL          
EXT101                        ,1' Fixed Extension Column,Active,EA,False,CORE,Mounts,Active,FPSS STANDETAIL          
EXT102                        ,2' Fixed Extension Column,Active,EA,False,CORE,Mounts,Active,FPSS STANDETAIL          
EXT106                        ,6' Fixed Extension Column,No Purchases,EA,False,CORE,Mounts,Use Up,FPSS STANDETAIL          
EXT107                        ,7' Fixed Extension Column,No Purchases,EA,False,CORE,Mounts,Use Up,FPSS STANDETAIL          
HX655-TAL                     ,TA-3360D Jack Pack Mt  for LG 55UT570/770/347H,Active,EA,,HOSP,Hospitality,Use Up,HOSP STAND               
IB14X14-W                     ,"14x14"" In-wall Box - White",Active,EA,True,CORE,Mounts,Active,FPSS STAND               
IB14X9-W                      ,"14x9"" In-wall Box - White",Active,EA,True,CORE,Mounts,Active,FPSS STANDETAIL          
IBMP                          ,In-wall Box Media Plate Accessory,Active,EA,False,CORE,Mounts,Active,FPSS STANDETAIL          
MIS213                        ,Cathedral Ceiling Adapter - Used with CMJ455 or CMJ500R1 on a sloped ceiling,No Purchases,EA,False,DS,Digital Signage,Use Up,PSS  STAND               
MIS270                        ,"SPEAKER ACC, CNN AIRPORT FLOOR STND",Active,EA,,PRO,Professional Sales Price Group,Active,APNS                     
MIS275                        ,"SYSTEM TRAY, CNN FLOOR STAND",Active,EA,,PRO,Professional Sales Price Group,Active,FPSS STANDETAIL          
MIS32748-W                    ,Glass Media Enclosure Box Kit- White,Active,EA,,PRO,Professional Sales Price Group,Active,FPSS STANDETAIL          
MIS347                        ,CUSTOM ACC. FAST PACK FOR DS13,Active,EA,,PRO,Professional Sales Price Group,Active,FPSS STANDETAIL          
MIS35178                      ,10 Pack Custom Desktop Cover Plate for HP455,Active,EA,,HOSP,Hospitality,Active,FPSS STANDETAIL          
MIS37268                      ,Triple Groove Wrench,Active,EA,,PRO,Professional Sales Price Group,Active,FPSS STANDETAIL          
MIS37354                      ,Ceiling Menu Board Reinforcement Bracket,Active,EA,,PRO,Professional Sales Price Group,Active,FPSS STANDETAIL          
MIS37581                      ,"Extender Brkt Set  for SF650 and 55"" Samsung NJ Series",Active,EA,,PRO,Professional Sales Price Group,Active,FPSS STANDETAIL          
MIS38426-FP                   ,Supplemental Kit for C43J890,Active,EA,,PRO,Professional Sales Price Group,Active,FPSS STANDETAIL          
MIS728                        ,CNN Airport Cover Acc for LG 55LX540S to DST995,Active,EA,,PRO,Professional Sales Price Group,Active,FPSS STANDETAIL          
MIS755                        ,BoardShare Ceiling Mount,Active,EA,,PRO,Professional Sales Price Group,Active,FPSS STANDETAIL          
MIS767-KIT                    ,SR575K Acc Bundle for MIS767,Active,EA,,PRO,Professional Sales Price Group,Active,FPSS STANDETAIL          
MIS773                        ,Hyatt Laptop Stand- Textured Black,Active,EA,,HOSP,Hospitality,Active,FPSS STANDETAIL          
MIS779                        ,Hyatt Keyboard Stand - Textured Black,Active,EA,,HOSP,Hospitality,Active,FPSS STANDETAIL          
MIS814                        ,PT420 Adapter for 43LX570H,Active,EA,,PRO,Professional Sales Price Group,Active,FPSS STANDETAIL          
MIS929                        ,300x300 Adapter Plt forReachTV  Enclosures,Active,EA,,PRO,Professional Sales Price Group,Active,FPSS STANDETAIL          
MIS947-49UH5B                 ,M:40_CNN /Reach TV Ceiling Mount Cover for LG 49UH5B,Active,EA,,CUSTM,Custom Sales Price Group,Active,FPSS STANDETAIL          
MIS953                        ,Adptr for FPS-1000 to  Samsung HG39NA578 /  & HG40NA577,Active,EA,,HOSP,Hospitality,Active,FPSS STANDETAIL          
MIS960-CSA                    ,Cisco Spark Board Adapter for MIS960,Active,EA,,PRO,Professional Sales Price Group,Active,FPSS STANDETAIL          
MIS963                        ,CUSTOM WALL PLATE FOR HPF650,Active,EA,,HOSP,Hospitality,Use Up,FPSS STANDETAIL          
MIS967                        ,Speaker Lock Down Bracket for Bose Solo 5,Active,EA,,HOSP,Hospitality,Active,FPSS STANDETAIL          
MIS982                        ,"Cover Plate 28"" x 18"" (5 Pk)",Active,EA,,HOSP,Hospitality,Active,FPSS STANDETAIL          
MIS995                        ,Horizontal Rails Extended up to 800mm for SR560M/SR575E,Active,EA,False,CORE,Mounts,Active,FPSS STANDETAIL          
MOD-ACAP                      ,Modular Accessory Caps For MOD Poles,Active,EA,False,CORE,Mounts,Active,PSS                      
MOD-ACF                       ,Accessory Cover For MOD-CPF,Active,EA,False,CORE,Mounts,Active,FPSS STANDETAIL          
MOD-ACF-W                     ,Accessory Cover For MOD-CPF,Active,EA,False,CORE,Mounts,Active,FPSS STANDETAIL          
MOD-ADF                       ,Pole Drill Fixture,Active,EA,False,CORE,Mounts,Active,PSS                      
MOD-APC                       ,Pole Coupler,Active,EA,False,CORE,Mounts,Active,PSS                      
MOD-ASC                       ,Display Stacking Clamp,Active,EA,False,CORE,Mounts,Active,FPSS STANDETAIL          
MOD-ASC-W                     ,"ACCY SCREEN-STACKING CLAMP, WHITE",Active,EA,False,CORE,Mounts,Use Up,FPSS STANDETAIL          
MOD-ATA                       ,Projector Adaptor,Active,EA,False,CORE,Mounts,Active,FPSS STANDETAIL          
MOD-ATA-W                     ,Projector Adaptor,Active,EA,False,CORE,Mounts,Use Up,FPSS STANDETAIL          
MOD-ATD-W                     ,Trim Disc,Active,EA,False,CORE,Mounts,Active,FPSS STANDETAIL          
MOD-AUB                       ,U-Bolt Adaptor Accessory,Active,EA,False,CORE,Mounts,Active,FPSS STANDETAIL          
MOD-CPC                       ,Cathedral Ceiling Plate,Active,EA,False,CORE,Mounts,Active,FPSS STANDETAIL          
MOD-CPC-W                     ,Cathedral Ceiling Plate,Active,EA,False,CORE,Mounts,Active,FPSS STANDETAIL          
MOD-CPF                       ,Ceiling / Floor Plate,Active,EA,False,CORE,Mounts,Active,FPSS STANDETAIL          
MOD-CPF-W                     ,"CEILING PLATE, FLAT, WHITE",Active,EA,False,CORE,Mounts,Use Up,FPSS STANDETAIL          
MOD-CPI                       ,Ceiling Plate For I-Beam,Active,EA,False,CORE,Mounts,Active,FPSS STANDETAIL          
MOD-FPMD                      ,Tilt Box For Back-To-Back,Active,EA,False,CORE,Mounts,Active,FPSS STANDETAIL          
MOD-FPMS                      ,Tilt Box,Active,EA,False,CORE,Mounts,Active,FPSS STANDETAIL          
MOD-FPMS-W                    ,"FLAT PANEL MOUNT, SINGLE, WHITE",Active,EA,False,CORE,Mounts,Active,FPSS STANDETAIL          
MOD-P100                      ,"1M (39"") Extension Pole - Bright Zinc",Active,EA,False,CORE,Mounts,Active,PSS                      
MOD-P100-B                    ,"1M (39"") Extension Pole",Active,EA,False,CORE,Mounts,Active,PSS                      
MOD-P100-S                    ,50MM EXTENSION POLE - 1.0M SILVER (DEV),Active,EA,False,CORE,Mounts,Active,PSS                      
MOD-P100-W                    ,50MM EXTENSION POLE - 1.0M WHITE,Active,EA,False,CORE,Mounts,Active,PSS                      
MOD-P150                      ,"1.5M (59"") Extension Pole - Bright Zinc",Active,EA,False,CORE,Mounts,Active,PSS                      
MOD-P150-B                    ,"1.5M  (59"") Extension Pole",Active,EA,False,CORE,Mounts,Active,PSS                      
MOD-P150-W                    ,150MM EXTENSION POLE - 1.5M WHITE,Active,EA,False,CORE,Mounts,Active,PSS                      
MOD-P200                      ,"2M (78"") Extension Pole -  Bright Zinc",Active,EA,False,CORE,Mounts,Active,PSS                      
MOD-P200-B                    ,"2M (78"") Extension Pole",Active,EA,False,CORE,Mounts,Active,PSS                      
MOD-P200-W                    ,200MM EXTENSION POLE - 2.0M WHITE,Active,EA,False,CORE,Mounts,Active,PSS                      
MOD-P300                      ,"3M (118"") Extension Pole - Bright Zinc Plated",Active,EA,False,CORE,Mounts,Active,PSS                      
MOD-P300-B                    ,"3M (118"") Extension Pole",Active,EA,False,CORE,Mounts,Active,PSS                      
MOD-P300-W                    ,300MM EXTENSION POLE - 3.0M WHITE,Active,EA,False,CORE,Mounts,Active,PSS                      
MOD-PJR125-KIT                ,PJR125/PJR125-POR Modular Hardware Kit,Active,EA,,PRO,Professional Sales Price Group,Active,PSS  STANDPJR            
MOD-PMA                       ,"PROJECTOR MOUNT ADAPTOR, BLK",Active,EA,,PRO,Professional Sales Price Group,Active,PSS  STAND               
MOD-PMA-W                     ,"PROJECTOR MOUNT ADAPTOR, WHT",Active,EA,,PRO,Professional Sales Price Group,Active,PSS  STAND               
MOD-UNL                       ,"Large Unv. Adaptor For 39"" to 75"" TV's",Active,EA,False,CORE,Mounts,Active,FPSS STANDETAIL          
MOD-UNM                       ,"Medium Unv. Adaptor For 32"" to 50"" TV's",Active,EA,False,CORE,Mounts,Active,FPSS STANDETAIL          
PAP250-EPSON1                 ,PJR250 Dedicated Adaptor Plate for Epson,Active,EA,False,CORE,Mounts,Active,PSS  STANDPJR            
PB-1                          ,"Plenum Box For CMJ450, 453, 455 and 500",Active,EA,False,CORE,Mounts,Active,FPSS STANDETAIL          
PCC                           ,Paramount Cable Management Channels,Active,EA,False,CORE,Mounts,Active,FPSS STANDETAIL          
PLP-V8X4                      ,Dedicated Adaptor Plate For VESA 800x400,Active,EA,False,CORE,Mounts,Active,FPSS STANDETAIL          
PLP-V9X6                      ,Dedicated Adaptor Plate For VESA 900x600,Active,EA,False,CORE,Mounts,Active,FPSS STANDETAIL          
PVP1200-CPL6                  ,"SURGE PROTECTOR, 6 OUTLET X 15' CORD",Active,EA,False,CORE,Mounts,Active,FPSS STANDETAIL          
RHMSU                         ,"SUSPND CEILING KIT JUMBO MNT, WHITE",Active,EA,,PRO,Professional Sales Price Group,Active,FPSS STANDETAIL          
RPACC640                      ,"ESCUTCHEON RING, AMER DYNAMICS",Active,EA,,PRO,Professional Sales Price Group,Active,FPSS STANDETAIL          
SCP200                        ,"LITE WT, ADJ. SUSP. CLNG. PLT, Sharp NEC",Active,EA,,PRO,Professional Sales Price Group,Active,FPSS STANDSMRT           
SPK26                         ,Universal Adjustable Speaker Wall Mount for Bookshelf Speakers (Pair),Active,EA,False,TRUVUE+,TruVue+,Active,APNS                     
WMJ018                        ,"18"" Jumbo 2000® TV Mount Wall Arm, Single Arm",Active,EA,False,CORE,Mounts,Active,APNS                     
WMJ022                        ,"22"" Jumbo 2000® TV Mount Wall Arm, Single Arm",Active,EA,False,CORE,Mounts,Active,APNS                     
WSP700                        ,"Double Metal stud wall plate 16"" centers",Active,EA,False,CORE,Mounts,Active,APNS                     
WSP701                        ,"Double Metal stud wall plate 20"" and 24"" centers",Active,EA,False,CORE,Mounts,Active,APNS                     
WSP716                        ,"Triple Metal stud wall plate For PLA Series, 16"" stud centers",Active,EA,False,CORE,Mounts,Use Up,FPSS STANDETAIL          
WSP716-S                      ,"Triple Metal stud wall plate For PLA Series, 16"" stud centers",Active,EA,False,CORE,Mounts,Use Up,FPSS STANDETAIL          
WSP716-W                      ,"Triple Metal stud wall plate For PLA Series, 16"" stud centers",Active,EA,False,CORE,Mounts,Use Up,FPSS STANDETAIL          
WSP724                        ,"Triple Metal stud wall plate For PLA Series, 16"", 20"", 24"" stud centers",Active,EA,False,CORE,Mounts,Use Up,FPSS STANDETAIL          
WSP756                        ,"Metal Stud Wall Plate For SA752P(U),SA761P(U),SA763PU & SA771P(U)",Active,EA,False,CORE,Mounts,Active,FPSS STANDSMRT           
WSP756-V                      ,"Metal Stud Wall Plate for SA752PU, SA761PU and SA771PU",Inactive,EA,False,CORE,Mounts,,FPSS STANDSMRT           
BIHI-010                      ,Blue Planet Energy Blue Ion HI energy storage system,No Request,EA,,CUSTM,Custom Sales Price Group,,BPE  STAND               
BIHI-ACCCK                    ,Blue Planet Energy BIHI Caster Kit,Active,EA,,CUSTM,Custom Sales Price Group,,BPE  STAND               
BILX-ACCBK                    ,BILX Bolt-on Accessory Kit,Active,EA,,CUSTM,Custom Sales Price Group,,BPE  STAND               
BILX-ACCLVA1                  ,BILX LV Accessory Kit for A Cabinet-MOXA/EWON BPE Supplied,Active,EA,,CUSTM,Custom Sales Price Group,,BPE  STAND               
BILX-ACCLVC                   ,BILX LV Accessory Kit for C Cabinet,Active,EA,,CUSTM,Custom Sales Price Group,,BPE  STAND               
BILXA-011                     ,Blue Planet Battery Enclosure Blue Ion LX - Cabinet A,Active,EA,,CUSTM,Custom Sales Price Group,,BPE  STAND               
BILXB-011                     ,Blue Planet Battery Enclosure Blue Ion LX - Cabinet B,Active,EA,,CUSTM,Custom Sales Price Group,,BPE  STAND               
BILXC-011                     ,Blue Planet Battery Enclosure Blue Ion LX - Cabinet C,Active,EA,,CUSTM,Custom Sales Price Group,,BPE  STAND               
AL-HD02                       ,"ALP, 2M HDMI 1.3b H.S. CABLE",Active,EA,,PRO,Professional Sales Price Group,Active,FPSS STANDETAIL          
ACCD-DC49                     ,"Dust Cover for 49"" UV49%",No Purchases,EA,False,ET,Emerging Technologies & Displays,,ET   STANDULTVW          
ACCD-DC55                     ,"Dust Cover for 55"" UV55%",No Purchases,EA,False,ET,Emerging Technologies & Displays,,ET   STANDULTVW          
ACCD-DC65                     ,"Dust Cover for 65"" UV65%",No Purchases,EA,False,ET,Emerging Technologies & Displays,,ET   STANDULTVW          
ACCD-DC86                     ,"Dust Cover for 86"" UV86%",No Purchases,EA,,ET,Emerging Technologies & Displays,,ET   STANDULTVW          
ACCD-IREX                     ,IR Extender for TVs and Displays,Active,EA,False,ET,Emerging Technologies & Displays,Active,ET   STANDXTRME          
ACCD-IRREP                    ,IR Repeater for Peerless-AV TV's and Displays,No Purchases,EA,,ET,Emerging Technologies & Displays,,ET   STANDXTRME          
CL-42PLC68-OB-B               ,"42"" XTREME SEALED LCD DISPLAY - IP68 -BLK - B STOCK",Active,EA,,ET DD,ET Dealer / Distributor Pricing,Active,ET   STANDXTRME          
CL-47PLC68-OB-B               ,"47"" XTREME SEALED LCD DISPLAY - IP68 - BLK - B STOCK",Active,EA,,ET DD,ET Dealer / Distributor Pricing,Active,ET   STANDXTRME          
CL-47PLC68-OB-W-B             ,"47"" SEALED DISPLAY -WHITE FRAME - OPTICALLY ENHANCED - B STOCK",Active,EA,,ET DD,ET Dealer / Distributor Pricing,Active,ET   STANDXTRME          
CL-49PLC68-OB-B               ,"49""  Xtreme LCD DISPLAY - IP68 - BLK - B STOCK",No Request,EA,,ET DD,ET Dealer / Distributor Pricing,Use Up,ET   STANDXTRME          
CL-49PLC68-OB-R               ,"49""  Xtreme LCD DISPLAY - IP68 - BLK - REFURBISHED",No Request,EA,,ET DD,ET Dealer / Distributor Pricing,Use Up,ET   STANDXTRME          
CL-55PLC68-OB-B               ,"55""  XTREME SEALED LCD DISPLAY, OPTICALLY ENHANCED - BLK - B STOCK",Active,EA,,ET DD,ET Dealer / Distributor Pricing,Active,ET   STANDXTRME          
CLP-42PLC68-OB-B              ,"42"" XTREME PORTRAIT DISPLAY -PRO-BLK-OB - B STOCK",Active,EA,,ET DD,ET Dealer / Distributor Pricing,Active,ET   STANDXTRME          
CLP-47PLC68-OB-B              ,"47"" XTREME PORTRAIT DISPLAY -PRO-BLK-OB - B STOCK",Active,EA,,ET DD,ET Dealer / Distributor Pricing,Active,ET   STANDXTRME          
CLP-49PLC68-OB-B              ,"49"" SEALED PORTRAIT DISPLAY -PRO-BLK-OB - B STOCK",No Request,EA,,ET DD,ET Dealer / Distributor Pricing,Use Up,ET   STANDXTRME          
CLP-49PLC68-OB-R              ,"49"" SEALED PORTRAIT DISPLAY -PRO-BLK-OB - REFURB",No Request,EA,,ET DD,ET Dealer / Distributor Pricing,Use Up,ET   STANDXTRME          
CLP-55PLC68-OB-B              ,"55"" XTREME PORTRAIT DISPLAY -PRO-BLK-OB - B STOCK",Active,EA,,ET DD,ET Dealer / Distributor Pricing,Active,ET   STANDXTRME          
CO-UV49                       ,"(Customer Owned) 49"" ULTRAVIEW",Active,EA,False,ET,Emerging Technologies & Displays,Active,ET   STANDULTVW          
CO-UV55                       ,"(Customer Owned) 55"" ULTRAVIEW",Active,EA,False,ET,Emerging Technologies & Displays,Active,ET   STANDULTVW          
CO-UV65                       ,"(Customer Owned) 65"" ULTRAVIEW",Active,EA,False,ET,Emerging Technologies & Displays,Active,ET   STANDULTVW          
CO-UV86                       ,"(Customer Owned) 86"" ULTRAVIEW",Active,EA,False,ET,Emerging Technologies & Displays,Active,ET   STANDULTVW          
CO-VOLTA55                    ,"(Customer Owned) 55"" Volta",Active,EA,False,CUSTM,Custom Sales Price Group,,VLTA STAND               
CO-XHB43                      ,"(Customer Owned) 43"" XHB",Active,EA,False,ET,Emerging Technologies & Displays,Active,ET   STANDXTRME          
CO-XHB49                      ,"(Customer Owned) 49"" XHB",Active,EA,False,ET,Emerging Technologies & Displays,Active,ET   STANDXTRME          
CO-XHB55                      ,"(Customer Owned) 55"" XHB",Active,EA,False,ET,Emerging Technologies & Displays,Active,ET   STANDXTRME          
CO-XHB65                      ,"(Customer Owned) 65"" XHB",Active,EA,False,ET,Emerging Technologies & Displays,Active,ET   STANDXTRME          
SXOBH-43XTR                   ,"43"" XTREME HIGH BRIGHT OUTDOOR DISPLAY",Active,EA,False,ET,Emerging Technologies & Displays,Active,ET   STANDXTRME          
SXOBH-49XTR                   ,"49"" XTREME HIGH BRIGHT OUTDOOR DISPLAY",Active,EA,False,ET,Emerging Technologies & Displays,Active,ET   STANDXTRME          
SXOBH-55XTR                   ,"55"" XTREME HIGH BRIGHT OUTDOOR DISPLAY",Active,EA,False,ET,Emerging Technologies & Displays,Active,ET   STANDXTRME          
SXOBH-65XTR                   ,"65"" XTREME HIGH BRIGHT OUTDOOR DISPLAY",Active,EA,False,ET,Emerging Technologies & Displays,Active,ET   STANDXTRME          
SXUHD-49                      ,"49"" ULTRAVIEW 4K UHD DISPLAY - BLK",Active,EA,False,ET,Emerging Technologies & Displays,Active,ET   STANDULTVW          
SXUHD-55                      ,"55"" ULTRAVIEW 4K UHD DISPLAY - BLK",Active,EA,False,ET,Emerging Technologies & Displays,Active,ET   STANDULTVW          
SXUHD-65                      ,"65"" ULTRAVIEW 4K UHD DISPLAY - BLK",Active,EA,False,ET,Emerging Technologies & Displays,Active,ET   STANDULTVW          
UV492                         ,"49"" ULTRAVIEW 4K UHD DISPLAY - BLK",No Purchases,EA,False,ET,Emerging Technologies & Displays,Use Up,ET   STANDULTVW          
UV492-B                       ,"49"" ULTRAVIEW 4K UHD DISPLAY- B STOCK",Active,EA,,ET DD,ET Dealer / Distributor Pricing,Active,ET   STANDULTVW          
UV492-R                       ,"49"" ULTRAVIEW 4K UHD DISPLAY - (Refurbished)",Active,EA,,ET DD,ET Dealer / Distributor Pricing,Active,ET   STANDULTVW          
UV492-SD                      ,"(NOT FOR SALE) 49"" ULTRAVIEW 4K UHD DISPLAY - BLK - SAMPLE/DEMO",No Purchases,EA,,ET DD,ET Dealer / Distributor Pricing,Use Up,ET   STANDULTVW          
UV551-R                       ,"55"" ULTRAVIEW DISPLAY - BLK - REFURBISHED",Active,EA,,ET DD,ET Dealer / Distributor Pricing,Active,ET   STANDULTVW          
UV552                         ,"55"" ULTRAVIEW 4K UHD DISPLAY - BLK",No Purchases,EA,False,ET,Emerging Technologies & Displays,Use Up,ET   STANDULTVW          
UV552-B                       ,"55"" ULTRAVIEW 4K UHD DISPLAY- B STOCK",Active,EA,,ET DD,ET Dealer / Distributor Pricing,Active,ET   STANDULTVW          
UV652                         ,"65"" ULTRAVIEW 4K UHD DISPLAY - BLK",Inactive,EA,False,ET,Emerging Technologies & Displays,,ET   STANDULTVW          
UV652-B                       ,"65"" ULTRAVIEW 4K UHD DISPLAY- B STOCK",Active,EA,,ET DD,ET Dealer / Distributor Pricing,Active,ET   STANDULTVW          
UV652-R                       ,"65"" ULTRAVIEW 4K UHD DISPLAY - (Refurbished)",Active,EA,,ET DD,ET Dealer / Distributor Pricing,Active,ET   STANDULTVW          
XHB432                        ,"43"" XTREME HIGH BRIGHT OUTDOOR DISPLAY",Inactive,EA,False,ET,Emerging Technologies & Displays,,ET   STANDXTRME          
XHB432-B                      ,"43"" XTREME HIGH BRIGHT OUTDOOR DISPLAY, B STOCK",Inactive,EA,,ET DD,ET Dealer / Distributor Pricing,,ET   STANDXTRME          
XHB492                        ,"49"" XTREME HIGH BRIGHT OUTDOOR DISPLAY",No Purchases,EA,False,ET,Emerging Technologies & Displays,,ET   STANDXTRME          
XHB492-B                      ,"49"" XTREME HIGH BRIGHT OUTDOOR DISPLAY, B STOCK",Active,EA,,ET DD,ET Dealer / Distributor Pricing,,ET   STANDXTRME          
XHB551-B                      ,"55"" XTREME HIGH BRIGHT OUTDOOR DISPLAY, - B-STOCK",No Purchases,EA,,ET DD,ET Dealer / Distributor Pricing,,ET   STANDXTRME          
XHB551-SD                     ,"(NOT FOR SALE) 55"" XTREME HIGH BRIGHT OUTDOOR DISPLAY - BLK - SAMPLE/DEMO",No Purchases,EA,,ET DD,ET Dealer / Distributor Pricing,,ET   STANDXTRME          
XHB552                        ,"55"" XTREME HIGH BRIGHT OUTDOOR DISPLAY",No Purchases,EA,False,ET,Emerging Technologies & Displays,,ET   STANDXTRME          
XHB553                        ,"55"" XTREME HIGH BRIGHT OUTDOOR DISPLAY",Inactive,EA,False,ET,Emerging Technologies & Displays,,ET   STANDXTRME          
XHB652                        ,"65"" XTREME HIGH BRIGHT OUTDOOR DISPLAY WITH OUTDOOR MOUNT",No Purchases,EA,False,ET,Emerging Technologies & Displays,,ET   STANDXTRME          
982-0038                      ,INSERT FOR SWM SERIES (DS),Active,EA,,PRO,Professional Sales Price Group,,CARTN               INSRT
ACC-FV                        ,Ventilation Maximizing Risers and Velcro® Accessory Kit,No Purchases,EA,False,CORE,Mounts,Use Up,APNS                     
ACC-V                         ,Velcro® Accessory Kit,No Purchases,EA,False,CORE,Mounts,Use Up,APNS                     
PS200                         ,Adjustable Shelf For A/V Components,Active,EA,False,CORE,Mounts,Active,FPSS STANDETAIL          
PSP2                          ,Speaker Mount For up to 8lb Speakers (Pair),Active,EA,False,CORE,Mounts,Active,FPSS STANDETAIL          
PSP5                          ,Speaker Mount For up to 8lb Speakers (5-Pack),Inactive,EA,False,CORE,Mounts,,FPSS STAND               
0000-322                      ,P000 KEY,Active,EA,,PRO,Professional Sales Price Group,,PP                  MISC 
046-8004-1                    ,"FASTPACK, 2 LP WOOD SCREW & ANCHORS",Active,EA,,PRO,Professional Sales Price Group,,FAST                     
050000160                     ,130-T1392 COVER LOCK PLATE,Active,EA,,PRO,Professional Sales Price Group,,FAB                 ASSYP
055-1010                      ,"BRACKET, PJRL SEC CABLE ASSY,  BLK",Active,EA,,PRO,Professional Sales Price Group,,FAB                 PAINT
055-1173                      ,"BRKT FOR ANTI-VIB MOUNT ASSY, BLK",Active,EA,,PRO,Professional Sales Price Group,,FAB                 PAINT
055-1518                      ,"COLUMN TUBE SHORT, BLK",Active,EA,,PRO,Professional Sales Price Group,,FAB                 PAINT
080000307                     ,"Mount, Wd Beam Ceiling OT (6 -10ft)",Active,EA,,PRO,Professional Sales Price Group,Active,FPSS STAND               
081-1007                      ,"VERT ANCHOR, BLK",Active,EA,,PRO,Professional Sales Price Group,,FAST                     
081-8102                      ,"FAST PACK, DS35, DS40, DS45",Active,EA,,PRO,Professional Sales Price Group,,FAST                     
083-8015                      ,"FAST PACK, 560-1730 SAFETY BELT",Active,EA,,PRO,Professional Sales Price Group,,FAST                     
095-4101                      ,"75 & 100MM ADPT PLT, VERTIFLEX, SVL",Active,EA,,PRO,Professional Sales Price Group,,PP                       
095-8676                      ,"FASTPACK FOR BRKT 095-0590, BLK",Active,EA,,PRO,Professional Sales Price Group,,FAST                     
095-P1519                     ,"Weldment, Axial Mount, GBLK",Active,EA,,PRO,Professional Sales Price Group,,FAB                 PAINT
100013421                     ,PD01VC,No Sales,EA,,PRO,Professional Sales Price Group,Active,FPSS STAND               
100013865                     ,PD02VWM 2X2 46 55 L,No Sales,EA,,PRO,Professional Sales Price Group,Active,FPSS STAND               
12-04-10383                   ,In-wall Totem Mount  50in-55in,Active,EA,,PRO,Professional Sales Price Group,,FAB                 ASSYP
124-1995                      ,"SIGNAGE ADJ BRKT FOR MIS145, BLK",Active,EA,,PRO,Professional Sales Price Group,,FAB                 PAINT
125-1022                      ,"BASE LEFT HAND FOR 49-5672-20, BLK",Active,EA,,PRO,Professional Sales Price Group,,FAB                 PAINT
125-1023                      ,"SIDE CNNCTN PLT FOR 49-5672-20, BLK",Active,EA,,PRO,Professional Sales Price Group,,FAB                 PAINT
128-0039                      ,"TAPERED CEILING BRACKET ASSY, WLD",Active,EA,,XGPREFAB,XGPREFAB,,FAB                 WELD 
128-0422                      ,TRAY & DECP. ASSMBLY FOR I BEA,Active,EA,,PRO,Professional Sales Price Group,,FAB                 ASSYP
128-1196                      ,PNTD TRAY FOR I-BEAM HVDTY,Active,EA,,PRO,Professional Sales Price Group,,FAB                 PAINT
128-8024                      ,"FAST PACK, SUSPENDED CEILING",Active,EA,,PRO,Professional Sales Price Group,,FAST                     
130-1089                      ,"BASE WELDMENT, PIC-NGTV-04, BLK",Active,EA,,PRO,Professional Sales Price Group,,FAB                 PAINT
130-T1280                     ,"HOOK ON ADAPTER, DSI-CM, TBLK",Active,EA,,PRO,Professional Sales Price Group,,FAB                 PAINT
130-T1307                     ,"SPKR ATCHMNT BRKT,DSI-CM-57PL, TBLK",Active,EA,,PRO,Professional Sales Price Group,,FAB                 PAINT
135-115108-02                 ,"LCD Mount 46-60"" MPL15",No Sales,EA,,PRO,Professional Sales Price Group,Active,DS   STAND               
135-129103-01                 ,ML25- ADA Landscape Mount,Active,EA,,PRO,Professional Sales Price Group,Active,DS   STAND               
139-8009                      ,FAST PACK FOR MDJ650 & MDJ660,Active,EA,,PRO,Professional Sales Price Group,,FAST                     
1446-014                      ,FLUSH MOUNT-NOTCHED BLACK ZINC,Active,EA,,PRO,Professional Sales Price Group,,PP                       
1446-014S                     ,FLUSH MOUNT-NOTCHED SILVER,Active,EA,,PRO,Professional Sales Price Group,,FAB                      
1450-526                      ,"ALLEN WRENCH 1/8"" SHORT ARM",Active,EA,,PRO,Professional Sales Price Group,,PP                  MISC 
1452-278                      ,"HANGER BRKT, PNTD FOR SUS CLNG",Active,EA,,PRO,Professional Sales Price Group,,FAB                      
1452-279                      ,HANGER BRKT CLAMP PNTD,Active,EA,,PRO,Professional Sales Price Group,,FAB                      
1HA95                         ,ST640 FOR GRAINGER,Active,EA,,PRO,Professional Sales Price Group,Active,FPSS STANDSMRT           
1HA97                         ,ST660 FOR GRAINGER,Active,EA,,PRO,Professional Sales Price Group,Active,FPSS STANDSMRT           
200-0936                      ,"SMART TILT BRACKET ASSY, BLK",Active,EA,,PRO,Professional Sales Price Group,,FAB                 ASSYP
200-1090                      ,PNTD INTERFACE BRACKET,Active,EA,,PRO,Professional Sales Price Group,,FAB                 PAINT
200-1137                      ,"MP NEC 42"" ADAPTER BRKT, BLK",Active,EA,,PRO,Professional Sales Price Group,,FAB                 PAINT
200-8116-1                    ,FAST PACK FOR PLP-PION40,Active,EA,,PRO,Professional Sales Price Group,,FAST                     
200-8123                      ,FAST PACK FOR HITACHI CMP402HDU,Active,EA,,PRO,Professional Sales Price Group,,FAST                     
200-8137-2                    ,FAST PACK FOR PLP-PAN42,Active,EA,,PRO,Professional Sales Price Group,,FAST                     
200-8154                      ,FAST PACK FOR PLP-NEC61,Active,EA,,PRO,Professional Sales Price Group,,FAST                     
200-8196                      ,FAST PACK FOR PLCM-1,Active,EA,,PRO,Professional Sales Price Group,,FAST                     
200-8199                      ,FAST PACK FOR PLASMA/LCD TILT BRKT,Active,EA,,PRO,Professional Sales Price Group,,FAST                     
200-8232A                     ,FASTPACK FOR PLP-CS42,Active,EA,,PRO,Professional Sales Price Group,,FAST                     
200-8260-1                    ,FAST PACK FOR PLP-V200,Active,EA,,PRO,Professional Sales Price Group,,FAST                     
200-8310                      ,FASTPACK FOR PLP-PAN42PX,Active,EA,,PRO,Professional Sales Price Group,,FAST                     
200-8367A                     ,FASTPACK FOR PLP-PAN61,Active,EA,,PRO,Professional Sales Price Group,,FAST                     
201-0078                      ,"FLAT PLATE, FPS1000, FAB",Active,EA,,PRO,Professional Sales Price Group,,FAB                 PUNCH
201-0259                      ,"TILT PLATE, SP850, WLD",Active,EA,,PRO,Professional Sales Price Group,,FAB                 WELD 
201-1075                      ,"FLAT PLATE, SP850, BLK",Active,EA,,PRO,Professional Sales Price Group,,FAB                 PAINT
201-1259                      ,"TILT PLATE, SP850, WLD, BLK",Active,EA,,PRO,Professional Sales Price Group,,FAB                 PAINT
201-1535                      ,"VERT. BRKT., RH, FOR PT-420A, BLK",Active,EA,,PRO,Professional Sales Price Group,,FAB                 PAINT
201-1536                      ,"VERT. BRKT., LH, FOR PT-420A, BLK",Active,EA,,PRO,Professional Sales Price Group,,FAB                 PAINT
20VG77                        ,EPT650 FOR GRAINGER,Active,EA,,PRO,Professional Sales Price Group,Active,FPSS STAND               
20VG80                        ,EWMU FOR GRAINGER,Active,EA,,PRO,Professional Sales Price Group,Active,FPSS STAND               
29WK05                        ,ST16D FOR GRAINGER,Active,EA,,PRO,Professional Sales Price Group,Active,FPSS STANDSMRT           
29WK06                        ,SP850 FOR GRAINGER,Active,EA,,PRO,Professional Sales Price Group,Active,FPSS STANDSMRT           
2PT-22CA01B                   ,CLNG PLATE END CAP,Active,EA,,XGPREFAB,XGPREFAB,,FAB                 PUNCH
2ZA83                         ,SA730P FOR GRAINGER,Active,EA,,PRO,Professional Sales Price Group,Active,FPSS STANDSMRT           
2ZA84                         ,SA740P FOR GRAINGER,Active,EA,,PRO,Professional Sales Price Group,Active,FPSS STANDSMRT           
2ZA85                         ,D-FPA-320 FOR GRAINGER,Active,EA,,PRO,Professional Sales Price Group,Use Up,FPSS STAND               
2ZA86                         ,ST630 FOR GRAINGER,Active,EA,,PRO,Professional Sales Price Group,Active,FPSS STANDSMRT           
2ZA92                         ,LCC-18-C FOR GRAINGER,Active,EA,,PRO,Professional Sales Price Group,Active,FPSS STAND               
31NJ11                        ,PA746 FOR GRAINGER,Active,EA,,PRO,Professional Sales Price Group,Active,FPSS STANDPMNT           
31NJ13                        ,PP730 FOR GRAINGER,Active,EA,,PRO,Professional Sales Price Group,Active,FPSS STANDPMNT           
38X964                        ,"TILT MOUNT 39""-75""",Active,EA,,PRO,Professional Sales Price Group,Active,FPSS STANDSMRT           
38X966                        ,"SmartMount® Universal Flat Wall Mount For 32"" to 50"" TV's",Active,EA,,PRO,Professional Sales Price Group,Active,FPSS STANDSMRT           
38X967                        ,SA761PU FOR GRAINGER,Active,EA,,PRO,Professional Sales Price Group,Active,FPSS STANDSMRT           
38X968                        ,"TV STAND, 32-60 IN PLASMA/LCD, FLOOR - BLACK",Active,EA,,PRO,Professional Sales Price Group,Active,FPSS STANDSMRT           
38X970                        ,"TV MOUNT, 23-47 IN. ULTRA-THIN, WALL - BLACK",Active,EA,,PRO,Professional Sales Price Group,Active,FPSS STANDSMRT           
38X971                        ,"TV MOUNT, 32-56 IN. ULTRA-THIN, WALL - BLACK",Active,EA,,PRO,Professional Sales Price Group,Active,FPSS STANDSMRT           
38X972                        ,"Universal Flat Mount For 46"" to 90"" TV's",Active,EA,,PRO,Professional Sales Price Group,Active,FPSS STANDSMRT           
38X973                        ,"TILT TV MOUNT, 42-71 IN. FLAT, WALL - BLACK",Active,EA,,PRO,Professional Sales Price Group,Active,FPSS STANDSMRT           
38X975                        ,"ARTICULATING MOUNT 37""-65""",Active,EA,,PRO,Professional Sales Price Group,Active,FPSS STANDSMRT           
38X976                        ,"TV ARM, 2-65 IN. ULTRA-THIN, WALL - BLACK",Active,EA,,PRO,Professional Sales Price Group,Active,FPSS STANDSMRT           
38X979                        ,"TABLE MOUNT, LESS THAN 3/4 IN. D, DESK - BLACK",Active,EA,,PRO,Professional Sales Price Group,Active,FPSS STAND               
38X980                        ,"TABLE CRADLE, LESS THAN 3/4 IN. D, DESK - BLACK",Active,EA,,PRO,Professional Sales Price Group,Active,FPSS STAND               
38X981                        ,"PIVOT TV MOUNT, 22 TO 40 IN. LCD, WALL - BLACK",Active,EA,,PRO,Professional Sales Price Group,Active,FPSS STAND               
38X994                        ,TV MOUNT WALL - BLACK,No Request,EA,,PRO,Professional Sales Price Group,Use Up,FPSS STAND               
38X995                        ,"Universal Tilt Mount For 60"" to 95"" TV's",Active,EA,,PRO,Professional Sales Price Group,Active,FPSS STAND               
38Y009                        ,"MONITOR STAND, UP TO 30 IN., DESKTOP - BLACK",Active,EA,,PRO,Professional Sales Price Group,Active,FPSS STAND               
38Y011                        ,"MONITOR ARM, UP TO 30 IN., DESKTOP - BLACK",Active,EA,,PRO,Professional Sales Price Group,Active,FPSS STAND               
38Y012                        ,"MONITOR ARM, UP TO 30IN., WALL - BLACK",Active,EA,,PRO,Professional Sales Price Group,Active,FPSS STAND               
38Y013                        ,"DUAL-MONITOR ARM, UP TO 30 IN, DESKTOP - BLACK",Active,EA,,PRO,Professional Sales Price Group,Active,FPSS STAND               
3XVY9                         ,SF630 FOR GRAINGER,Active,EA,,PRO,Professional Sales Price Group,Active,FPSS STANDSMRT           
3XVZ1                         ,SF632 FOR GRAINGER,Active,EA,,PRO,Professional Sales Price Group,Active,FPSS STANDSMRT           
3XVZ2                         ,SF640 FOR GRAINGER,Active,EA,,PRO,Professional Sales Price Group,Active,FPSS STANDSMRT           
3XVZ3                         ,SF650 FOR GRAINGER,Active,EA,,PRO,Professional Sales Price Group,Active,FPSS STANDSMRT           
3XVZ4                         ,SF660 FOR GRAINGER,Active,EA,,PRO,Professional Sales Price Group,Active,FPSS STANDSMRT           
3XVZ5                         ,SF670 FOR GRAINGER,Active,EA,,PRO,Professional Sales Price Group,Active,FPSS STANDSMRT           
3XVZ6                         ,SF680 FOR GRAINGER,Active,EA,,PRO,Professional Sales Price Group,Active,FPSS STANDSMRT           
3XVZ7                         ,SUF640P FOR GRAINGER,Active,EA,,PRO,Professional Sales Price Group,Active,FPSS STANDSMRT           
3XVZ8                         ,SUF650P FOR GRAINGER,Active,EA,,PRO,Professional Sales Price Group,Active,FPSS STANDSMRT           
3XVZ9                         ,SUF660P FOR GRAINGER,Active,EA,,PRO,Professional Sales Price Group,Active,FPSS STANDSMRT           
3XWA2                         ,IM760PU FOR GRAINGER,Active,EA,,PRO,Professional Sales Price Group,Active,FPSS STANDSMRT           
3XWA5                         ,SA771PU FOR GRAINGER,Active,EA,,PRO,Professional Sales Price Group,Active,FPSS STANDSMRT           
3XWA6                         ,SP730P FOR GRAINGER,Active,EA,,PRO,Professional Sales Price Group,Use Up,FPSS STANDSMRT           
3XWA7                         ,SP740P FOR GRAINGER,No Purchases,EA,,PRO,Professional Sales Price Group,Use Up,FPSS STANDSMRT           
3XWA8                         ,LCC-36-C FOR GRAINGER,Active,EA,,PRO,Professional Sales Price Group,Active,FPSS STAND               
3XWA9                         ,PLCM-UNL-CP FOR GRAINGER,Active,EA,,PRO,Professional Sales Price Group,Active,FPSS STAND               
3XWC6                         ,SR560M FOR GRAINGER,Active,EA,,PRO,Professional Sales Price Group,Active,FPSS STANDSMRT           
3YLZ4                         ,PF632 FOR GRAINGER,Active,EA,,PRO,Professional Sales Price Group,Active,FPSS STANDPMNT           
3YLZ5                         ,PF640 FOR GRAINGER,Active,EA,,PRO,Professional Sales Price Group,Active,FPSS STANDPMNT           
3YLZ6                         ,PF650 FOR GRAINGER,Active,EA,,PRO,Professional Sales Price Group,Active,FPSS STANDPMNT           
3YLZ7                         ,PF660 FOR GRAINGER,Active,EA,,PRO,Professional Sales Price Group,Active,FPSS STANDPMNT           
3YLZ9                         ,PT632 FOR GRAINGER,Active,EA,,PRO,Professional Sales Price Group,Active,FPSS STANDPMNT           
3YMA1                         ,PT640 FOR GRAINGER,Active,EA,,PRO,Professional Sales Price Group,Active,FPSS STANDPMNT           
3YMA2                         ,PT650 FOR GRAINGER,Active,EA,,PRO,Professional Sales Price Group,Active,FPSS STANDPMNT           
3YMA3                         ,PT660 FOR GRAINGER,Active,EA,,PRO,Professional Sales Price Group,Active,FPSS STANDPMNT           
3YMA6                         ,PA730 FOR GRAINGER,Active,EA,,PRO,Professional Sales Price Group,Active,FPSS STANDPMNT           
3YMA7                         ,PA740 FOR GRAINGER,Active,EA,,PRO,Professional Sales Price Group,Active,FPSS STANDPMNT           
407K53                        ,"SmartMount® Universal Articulating Mount For 32"" to 50"" TV's",Active,EA,,PRO,Professional Sales Price Group,Active,FPSS STANDSMRT           
407K54                        ,"SmartMount® Universal Articulating Arm Wall Mount For 37"" to 55"" TV's",Active,EA,,PRO,Professional Sales Price Group,Active,FPSS STANDSMRT           
407K55                        ,PARAMOUNT FLUSH MOUNT W/VESA 75/100 (Grainger),Active,EA,,PRO,Professional Sales Price Group,Active,FPSS STANDPMNT           
407K56                        ,"PARAMOUNT FLAT MOUNT FOR 22""-40""",Active,EA,,PRO,Professional Sales Price Group,Active,FPSS STANDPMNT           
407K57                        ,PT630 FOR GRAINGER,Active,EA,,PRO,Professional Sales Price Group,Active,FPSS STANDPMNT           
407K58                        ,PARAMOUNT TILT MOUNT VESA 100/200,Active,EA,,PRO,Professional Sales Price Group,Active,FPSS STANDPMNT           
407K59                        ,Universal Articulating Wall Mount,Active,EA,,PRO,Professional Sales Price Group,Active,FPSS STANDPMNT           
407K60                        ,"ARTICULATING WALL MOUNT 39"" - 75""",Active,EA,,PRO,Professional Sales Price Group,Active,FPSS STANDPMNT           
407K61                        ,"LARGE ARTICULATING MNT, PBLK",Active,EA,,PRO,Professional Sales Price Group,Active,FPSS STANDPMNT           
407K63                        ,"Universal Ultra Slim Flat Wall Mount For 40"" to 80"" Ultra-thin TV's",Active,EA,,PRO,Professional Sales Price Group,Active,FPSS STANDSMRXT          
407K66                        ,"Designer Series Articulating Wall Mount - 32-40""",Active,EA,,PRO,Professional Sales Price Group,Active,FPSS STANDSMRXT          
407K67                        ,"Designer Series Articulating Wall Mount - 32-50""",Active,EA,,PRO,Professional Sales Price Group,Active,FPSS STANDSMRXT          
407K68                        ,"Designer Series Articulating Wall Mount - 37-65""",Active,EA,,PRO,Professional Sales Price Group,Use Up,FPSS STANDSMRXT          
408N15                        ,200 X 200 ACCESORY PLT FOR FPS-1000,Active,EA,,PRO,Professional Sales Price Group,Active,FPSS STANDETAIL          
4250PMK                       ,NEC WALL MNT IN PORTRAIT MODE,Active,EA,,PRO,Professional Sales Price Group,Active,FPSS STAND               
43998                         ,"FOR BOSE PRODUCTS, PLA50",Active,EA,,PRO,Professional Sales Price Group,Use Up,FPSS STANDETAIL          
43999                         ,"FOR BOSE PRODUCTS, PLP-PAN42",Active,EA,,PRO,Professional Sales Price Group,Active,FPSS STANDETAIL          
452Y23                        ,Universal Component Mount,Active,EA,,PRO,Professional Sales Price Group,Active,FPSS STAND               
452Y38                        ,"FLAT PANEL PULLOUT PIVOT MNT, BLK",Active,EA,,PRO,Professional Sales Price Group,Active,FPSS STAND               
452Y39                        ,"32""-55"" SmartMount Pull-Out Pivot Wall Mount with Tilt",Active,EA,,PRO,Professional Sales Price Group,Active,FPSS STANDSMRT           
452Y40                        ,"Security SmartMount® Universal Pull-Out Swivel Mount For 32"" to 80""TV's",Active,EA,,PRO,Professional Sales Price Group,Active,FPSS STANDSMRT           
452Y41                        ,"SmartMount®  Full Features Universal Cart For 32"" to 75"" TV's",Active,EA,,PRO,Professional Sales Price Group,Active,FPSS STANDSMRT           
452Y43                        ,"SmartMount® Universal Cart For 55"" to 98"" TV's",Active,EA,,PRO,Professional Sales Price Group,Active,FPSS STANDSMRT           
452Y44                        ,"SmartMount Universal Cart for Microsoft Surface Hub - 55"" and 84""",Inactive,EA,,PRO,Professional Sales Price Group,,FPSS STANDSMRT           
452Y47                        ,VIDEO CONF CART FOR TWO 40-55' DIPLAYS - VERSION B,Inactive,EA,,PRO,Professional Sales Price Group,Use Up,FPSS STAND               
452Y51                        ,"Universal Kiosk Stand for 32"" to 75"" displays",Active,EA,,PRO,Professional Sales Price Group,Active,KIOSKSTAND               
452Y52                        ,"Outdoor Universal Flat Wall Mount for 42"" to 80"" - Portrait",Active,EA,,PRO,Professional Sales Price Group,Active,FPSS STAND               
452Y53                        ,"Outdoor Universal Articulating Wall Mount For 42"" to 80"" TV's",No Purchases,EA,,PRO,Professional Sales Price Group,Use Up,FPSS STAND               
452Y54                        ,"Outdoor Wall Mount for 42-75"" TV's",Active,EA,,PRO,Professional Sales Price Group,Active,FPSS STAND               
452Y55                        ,"Outdoor Tilt Wall Mount for 22"" to 40"" TV's",Active,EA,,PRO,Professional Sales Price Group,Active,FPSS STAND               
452Y75                        ,"SmartMount® Ultra Thin Flat Video Wall Mount For Ultra-thin Displays 40"" or larger, up to 75lb (34kg)",Active,EA,,DS,Digital Signage,Active,FPSS STANDSMRT           
452Y76                        ,"SmartMount® Flat Video Wall Mount For 40"" to 65"" Displays",Active,EA,,DS,Digital Signage,Active,FPSS STANDSMRT           
452Y77                        ,"SmartMount® Flat Video Wall Mount, 2x2 Kit For 46""-55"" Display",Active,EA,,DS,Digital Signage,Use Up,FPSS STANDSMRT           
452Y78                        ,"SmartMount® Full Service Thin Video Wall Mount with Quick Release For 46"" to 65"" Displays.",Active,EA,,DS,Digital Signage,Active,FPSS STANDSMRT           
452Y79                        ,"SmartMount® Full Service Video Wall Mount - Landscape For 40"" to 65"" Displays",Active,EA,False,DS,Digital Signage,Use Up,FPSS STANDSMRT           
452Y81                        ,"SmartMount® Full Service Video Wall Mount with Quick Release - Landscape For 46"" to 65"" Displays",Active,EA,,DS,Digital Signage,Active,FPSS STANDSMRT           
452Y83                        ,"SmartMount® Full Service Video Wall Mount - For 46"" to 60"" Displays",Active,EA,,DS,Digital Signage,Active,FPSS STANDSMRT           
452Y84                        ,"SmartMount® Full Service Video Wall Mt w Quick Release for 65"" to 98"" Displays",Active,EA,,DS,Digital Signage,Active,FPSS STANDSMRT           
452Y85                        ,"SmartMount® Special Purpose Video Wall Mount For 46"" to 70"" Displays",Active,EA,,DS,Digital Signage,Use Up,FPSS STANDSMRT           
452Y86                        ,"SmartMount® Portable 1x3 Video Wall Cart For 46"" to 60"" Displays up to 5"" Deep",Active,EA,,DS,Digital Signage,Active,FPSS STANDSMRT           
452Y87                        ,"SmartMount® Portable 2x2 Video Wall Cart For 46"" to 60"" Displays up to 5"" Deep",Active,EA,,DS,Digital Signage,Active,FPSS STANDSMRT           
452Y88                        ,"SmartMount® Portable 3x2 Video Wall Cart For 46"" to 55"" Displays up to 5"" Deep",Active,EA,,DS,Digital Signage,Active,FPSS STANDSMRT           
452Y89                        ,"SmartMount® Portable 3x3 Video Wall Cart For 46"" to 55"" Displays up to 5"" Deep",Active,EA,,DS,Digital Signage,Active,FPSS STANDSMRT           
452Y90                        ,"SmartMount® Portable 4x2 Video Wall Cart For 46"" to 55"" Displays up to 5"" Deep",Active,EA,,DS,Digital Signage,Active,FPSS STANDSMRT           
452Y91                        ,"SmartMount® Portable 4x3 Video Wall Cart For 46"" to 55"" Displays up to 5"" Deep",Active,EA,,DS,Digital Signage,Active,FPSS STANDSMRT           
452Y92                        ,"SmartMount® Modular 1x3 Video Wall Pedestal Mount For 46"" to 60"" Displays up to 5"" Deep",Active,EA,,DS,Digital Signage,Active,FPSS STANDSMRT           
452Y93                        ,"SmartMount® Modular 2x2 Video Wall Pedestal Mount For 46"" to 60"" Displays up to 5"" Deep",Active,EA,,DS,Digital Signage,Active,FPSS STANDSMRT           
452Y94                        ,"SmartMount® Modular 3x3 Video Wall Pedestal Mount For 46"" to 55"" Displays up to 5"" Deep",Active,EA,,DS,Digital Signage,Active,FPSS STANDSMRT           
452Y95                        ,"SmartMount® Modular 4x2 Video Wall Pedestal Mount For 46"" to 55"" Displays up to 5"" Deep",Active,EA,,DS,Digital Signage,Active,FPSS STANDSMRT           
452Y96                        ,"SmartMount® Modular 4x3 Video Wall Pedestal Mount For 46"" to 55"" Displays up to 5"" Deep",Active,EA,,DS,Digital Signage,Active,FPSS STANDSMRT           
452Y97                        ,"2x2 Back-to-Back Pedestal Video Wall Mount for 46"" to 60"" Displays up to 5"" Deep",Active,EA,,DS,Digital Signage,Active,FPSS STAND               
452Y98                        ,"SmartMount® 2x2 Video Wall Ceiling Mount For 40"" to 55"" Displays 2x2 Configuration",Active,EA,,DS,Digital Signage,Use Up,FPSS STANDSMRT           
452Z01                        ,"Desktop Swivel Mount, BLK",Active,EA,,PRO,Professional Sales Price Group,Use Up,FPSS STAND               
452Z02                        ,"DESKTOP SWIVEL ADJUSTABLE 2X1, 2X2",Active,EA,,PRO,Professional Sales Price Group,Use Up,FPSS STAND               
452Z03                        ,DESKTOP SWIVEL UNV,Active,EA,,PRO,Professional Sales Price Group,Active,FPSS STAND               
49-5672-30                    ,49-5672-30 UPRIGHT STND FOR CABINET,Active,EA,,PRO,Professional Sales Price Group,Use Up,FPSS STAND               
500-1003                      ,"#8 WOOD SCREWX3/4"" TRUSS HD PHL BLK",Active,EA,,PRO,Professional Sales Price Group,,FAST                HW   
500-2002                      ,"SCR WOOD #10 X 1 1/2"",ZINC",Active,EA,,PRO,Professional Sales Price Group,,FAST                HW   
500-9007                      ,SCR WOOD #6 X 3/8 PHL PAN BLK,Active,EA,,PRO,Professional Sales Price Group,,FAST                HW   
504-2013                      ,SCR BOLT M4 X .7 X 12MM PHL ZINC,Active,EA,,PRO,Professional Sales Price Group,,FAST                HW   
504-2014                      ,"SCR BOLT M4 X .7 X 20MM PHL, ZINC",Active,EA,,PRO,Professional Sales Price Group,,FAST                HW   
504-9013                      ,SCR BOLT M4 X .7 X 12MM PHL BLK,Active,EA,,PRO,Professional Sales Price Group,,FAST                HW   
504-9020                      ,SCR BOLT M4 X .7 X 20MM PHL BLK,Active,EA,,PRO,Professional Sales Price Group,,FAST                HW   
510-1161                      ,"M5 X 16MM SKT PIN SER WSHR HD, BLK",Active,EA,,PRO,Professional Sales Price Group,,FAST                HW   
510-2079                      ,"M4 X 12 MM SKT PIN SER WSHR HD, ZC",Active,EA,,PRO,Professional Sales Price Group,,FAST                HW   
510-9110                      ,SCR BOLT 1/4-20 X 1 RND PHL BLK,Active,EA,,PRO,Professional Sales Price Group,,FAST                HW   
510-9150                      ,SCR BOLT M6 X 6MM SET HEX BLK,Active,EA,,CONS,Consumer,,FAST                HW   
510-9162                      ,SCR BOLT 10-32 X 1/4 PAN PHL BLK,Active,EA,,PRO,Professional Sales Price Group,,FAST                HW   
520-1010                      ,"SCR BOLT 1/4-20 X 2"" BTN SKT BLK",Active,EA,,PRO,Professional Sales Price Group,,FAST                HW   
520-1023                      ,SCR BOLT M5 X .8 X 6MM PAN PHL BLK,Active,EA,,PRO,Professional Sales Price Group,,FAST                HW   
520-1027                      ,SCR BOLT M5 X .8 X 12MM PAN PHL BLK,Active,EA,,PRO,Professional Sales Price Group,,FAST                HW   
520-1064                      ,"M5 X 12MM SKT PIN , BLK",Active,EA,,PRO,Professional Sales Price Group,,FAST                HW   
520-1068                      ,SCR BOLT M8 X 1.25 X 15MM SKT PIN,Active,EA,,PRO,Professional Sales Price Group,,FAST                HW   
520-1078                      ,SCR TAP #8X3/8 PHL TRUS SHT MTL ZB,Active,EA,,PRO,Professional Sales Price Group,,FAST                HW   
520-1089                      ,"#10-32X1.0 SKT PIN , BLK",Active,EA,,PRO,Professional Sales Price Group,,FAST                HW   
520-1096                      ,"SCR CAP 1/4-20 X 1.50 HX HD, BLK",Active,EA,,PRO,Professional Sales Price Group,,FAST                HW   
520-1101                      ,"SCR BOLT M8 X 25MM SKT PIN BTN, BLK",Active,EA,,PRO,Professional Sales Price Group,,FAST                HW   
520-1112                      ,"M5 X 30MM SKT PIN , BLK",Active,EA,,PRO,Professional Sales Price Group,,FAST                HW   
520-1116                      ,SCR BOLT 5/16-18 X 2.0 SKT BLK,Active,EA,,PRO,Professional Sales Price Group,,FAST                HW   
520-1120                      ,SCR BOLT M8 X 1.25 X 20MM SKT PIN,Active,EA,,PRO,Professional Sales Price Group,,FAST                HW   
520-1152                      ,"SCR BOLT M8 X 40MM SKT PIN, BLK",Active,EA,,PRO,Professional Sales Price Group,,FAST                HW   
520-1158                      ,"BOLT CARR M10x63x22 THRD,CRVD HD,ZB",Active,EA,,PRO,Professional Sales Price Group,,FAST                HW   
520-1161                      ,SCR BOLT M5 X.8 X 16MM SKT PIN,Active,EA,,PRO,Professional Sales Price Group,,FAST                HW   
520-1167                      ,"M5 X .8 X 8MM PAN PHL TYPE-F, BLK",Active,EA,,PRO,Professional Sales Price Group,,FAST                HW   
520-1242                      ,"SCR BOLT, 3/8-16 X 1"" HEX HEAD, BLK",Active,EA,,PRO,Professional Sales Price Group,,FAST                HW   
520-1255                      ,"M6 X 8MM SKT PIN, BLK",Active,EA,,PRO,Professional Sales Price Group,,FAST                HW   
520-1320                      ,"#10 X 1/2 PHIL PAN TEK SCR, BL",Active,EA,,PRO,Professional Sales Price Group,,FAST                HW   
520-1607                      ,"1/4-20 X 2.50"" BTN SOCKET SCREW, BL",Active,EA,,PRO,Professional Sales Price Group,,FAST                HW   
520-1616                      ,"M5 X .8 X 13MM SKT PIN TYPE-F, BLK",Active,EA,,PRO,Professional Sales Price Group,,FAST                HW   
520-2027                      ,M4-.7X10MM PHL PAN HD ZINC MACH SCR,Active,EA,,PRO,Professional Sales Price Group,,FAST                HW   
520-2031                      ,"M5 X .8 X 10MM SKT PIN TYPE-F, ZINC",Active,EA,,PRO,Professional Sales Price Group,,FAST                HW   
520-2047                      ,CARR BOLT 5/16-18 X 1/2 SHORT NECK,Active,EA,,PRO,Professional Sales Price Group,,FAST                HW   
520-2060                      ,"M4 X10MM SKT PIN , ZINC",Active,EA,,PRO,Professional Sales Price Group,,FAST                HW   
520-2063                      ,"M5 X 10MM SKT PIN , ZINC",Active,EA,,PRO,Professional Sales Price Group,,FAST                HW   
520-2088                      ,"SCR BOLT M4 X.7 X 16MM PHL PAN, ZC",Active,EA,,PRO,Professional Sales Price Group,,FAST                HW   
520-2250                      ,"THREADED ROD,1/4-20 x 1.5 L,,ZINC",No Request,EA,,HOSP,Hospitality,,FAST                HW   
520-2554                      ,"M6 X 20MM SKT PIN, ZINC",Active,EA,,PRO,Professional Sales Price Group,,FAST                HW   
520-9216                      ,"SCR 1/4-20X2.5"" CARR. BOLT,BLK",Active,EA,,PRO,Professional Sales Price Group,,FAST                HW   
520-9504                      ,SCR TAP M5 X 6MM PAN PHL TYPE F BLK,Active,EA,,PRO,Professional Sales Price Group,,FAST                HW   
520-9509                      ,"SCR BOLT #10-32 X 1/2"" TRUSS PHL, BLK",Active,EA,,PRO,Professional Sales Price Group,,FAST                HW   
520-9511                      ,SCR BOLT 1/4-20 X 1/2 PAN PHL ZINC,Active,EA,,PRO,Professional Sales Price Group,,FAST                HW   
520-9521                      ,SCR BOLT 1/4-20 X 2.5 RND PHL BLK,Active,EA,,PRO,Professional Sales Price Group,,FAST                HW   
520-9524                      ,SCR BOLT M6 X 1 X 10MM PAN PHL SLVR,Active,EA,,PRO,Professional Sales Price Group,,FAST                HW   
520-9525                      ,SCR BOLT M8X1.25X12MM RND SKT BLK,Active,EA,,PRO,Professional Sales Price Group,,FAST                HW   
520-9527                      ,SCR BOLT M8X1.25X16MM SKT BTN BLK,Active,EA,,PRO,Professional Sales Price Group,,FAST                HW   
530-1020                      ,"#10-32 SER HEX FLANGED LOCKNUT, BLK",Active,EA,,PRO,Professional Sales Price Group,,FAST                NUT  
530-1038                      ,"NUT 8-32 NYLOCK, BLACK",Active,EA,,PRO,Professional Sales Price Group,,FAST                NUT  
530-1050                      ,"NUT 1/4-20 HEAVY SQUARE, BLK",Active,EA,,PRO,Professional Sales Price Group,,FAST                NUT  
530-2022                      ,"NUT 1/4-20 SQUARE, ZC",Active,EA,,CONS,Consumer,,FAST                NUT  
530-9301                      ,"T-NUT 1/4-20,3 PRONG ZB",Active,EA,,PRO,Professional Sales Price Group,,FAST                NUT  
530-9310                      ,NUT 3/8-16 NYLOCK ZB,Active,EA,,PRO,Professional Sales Price Group,,FAST                NUT  
540-1002                      ,"WSHR PLST .34 ID .75 OD .25 THK, BK",Active,EA,,PRO,Professional Sales Price Group,,FAST                WASH 
540-1008                      ,"WASHER FENDER, #14X5/64X1 1/4, BLK",Active,EA,,PRO,Professional Sales Price Group,,FAST                WASH 
540-1015                      ,"SPACER,MTL .38ID .625OD .50H,BLK",Active,EA,,PRO,Professional Sales Price Group,,FAST                WASH 
540-1016                      ,"WSHR, FENDER, #10 SAE FLAT, BLK",Active,EA,,PRO,Professional Sales Price Group,,FAST                WASH 
540-1050                      ,"DLRN WSH, .375IDX1.0 ODX.06 THK,BLK",Active,EA,,PRO,Professional Sales Price Group,,FAST                WASH 
540-1055                      ,"WSHR, .406 ID X .750 OD X .06, BLK",No Request,EA,,PRO,Professional Sales Price Group,,FAST                WASH 
540-2064                      ,"BUSH, NYL  MICROPLSTC PT# 12SWS0430",Active,EA,,PRO,Professional Sales Price Group,,FAST                WASH 
540-9439                      ,WSHR .26ID X .7 OD X .062 NYLON,Active,EA,,PRO,Professional Sales Price Group,,FAST                WASH 
540-9468                      ,"WSHR .26  ID X .5 OD X .031,WHT",Active,EA,,PRO,Professional Sales Price Group,,FAST                WASH 
55YF32                        ,"14x9"" In-wall Box with Duplex Surge Protector _Grainger",Active,EA,False,PRO,Professional Sales Price Group,Active,FPSS STAND               
55YF33                        ,"Articulating Mount w/ In-wall Box -37-65"" Displays",Active,EA,False,PRO,Professional Sales Price Group,Active,FPSS STAND               
560-1129                      ,"WRENCH, SECURITY 4MM ALLEN, 9 X 1",Active,EA,,PRO,Professional Sales Price Group,,FAST                MISC 
560-1133                      ,"DRIVER, 4MM SECURITY",Active,EA,,PRO,Professional Sales Price Group,,FAST                MISC 
560-1145                      ,"WRENCH, SECURITY 4MM ALLEN, 14 X 1",Active,EA,,PRO,Professional Sales Price Group,,FAST                MISC 
560-1146                      ,"WRENCH, SEC. 4MM ALLEN, 18 X 2.5",Active,EA,,PRO,Professional Sales Price Group,,FAST                MISC 
560-1161                      ,"KNOB 1/4-20 FEMALE 3 PRONG, BLK",Active,EA,,PRO,Professional Sales Price Group,,FAST                MISC 
560-1714                      ,"SPRING PIN 1/4  O.D.X 1-1/4"" LNGTH.",Active,EA,,PRO,Professional Sales Price Group,,FAST                MISC 
565-0001A                     ,KEY FDS-3250-K1,Active,EA,,PRO,Professional Sales Price Group,,PP                  MISC 
565-0002A                     ,KEY FDS-3250-K2,Active,EA,,PRO,Professional Sales Price Group,,PP                  MISC 
565-0004A                     ,KEY FDS-3250-K4,Active,EA,,PRO,Professional Sales Price Group,,PP                  MISC 
565-0005A                     ,KEY FDS-3250-K5,Active,EA,,PRO,Professional Sales Price Group,,PP                  MISC 
565-0006A                     ,KEY FDS-3250-K6,Active,EA,,PRO,Professional Sales Price Group,,PP                  MISC 
565-0008A                     ,KEY FDS-3250-K8,Active,EA,,PRO,Professional Sales Price Group,,PP                  MISC 
565-0009A                     ,KEY FDS-3250-K9,Active,EA,,PRO,Professional Sales Price Group,,PP                  MISC 
565-0010A                     ,KEY FDS-3250-K10,Active,EA,,PRO,Professional Sales Price Group,,PP                  MISC 
565-0011A                     ,KEY FDS-3250-K11,Active,EA,,PRO,Professional Sales Price Group,,PP                  MISC 
565-0012A                     ,KEY FDS-3250-K12,Active,EA,,PRO,Professional Sales Price Group,,PP                  MISC 
565-0013A                     ,KEY FDS-3250-K13,Active,EA,,PRO,Professional Sales Price Group,,PP                  MISC 
565-0014A                     ,KEY FDS-3250-K14,Active,EA,,PRO,Professional Sales Price Group,,PP                  MISC 
565-0015A                     ,KEY FDS-3250-K15,Active,EA,,PRO,Professional Sales Price Group,,PP                  MISC 
565-0016A                     ,KEY FDS-3250-K16,Active,EA,,PRO,Professional Sales Price Group,,PP                  MISC 
565-0017A                     ,KEY FDS-3250-K17,Active,EA,,PRO,Professional Sales Price Group,,PP                  MISC 
565-0018A                     ,KEY FDS-3250-K18,Active,EA,,PRO,Professional Sales Price Group,,PP                  MISC 
570-0005                      ,SCR BOLT M5 X .8 X 8MM PAN PHL BLK,Active,EA,,PRO,Professional Sales Price Group,,FAST                HW   
570-0028                      ,"ADHESIVE FOAM 2.5""X30""X1/8""THK",Active,EA,,PRO,Professional Sales Price Group,,PP                  ADPRT
570-1029                      ,"BMPR STRP 3/4""X3/16""X10"" W/ADH 1 SD",Active,EA,,PRO,Professional Sales Price Group,,PP                  ADPRT
570-1030                      ,"BMPR STRP 3/4""X3/16""X14"" W/ADH 1 SD",Active,EA,,PRO,Professional Sales Price Group,,PP                  ADPRT
580-0005                      ,ANHR TIE WIRE RAID .25 DEPTH 1.125,Active,EA,,PRO,Professional Sales Price Group,,PP                  MISC 
580-0006                      ,SCR TAP 1/4 X 2 3/4 AB LAG EYE SLV,Active,EA,,PRO,Professional Sales Price Group,,FAST                HW   
580-1036                      ,"UNVL PLASMA TILT MNT MULTI WSHR,BLK",Active,EA,,PRO,Professional Sales Price Group,,FAST                MISC 
590-1081                      ,"SPACER, .255IDx.375ODx.38THK, BLK",Active,EA,,PRO,Professional Sales Price Group,,FAST                WASH 
590-1088                      ,"BUSHING FOR 1.5"" OD X 11GA TUBE",Active,EA,,PRO,Professional Sales Price Group,,FAST                WASH 
590-1109                      ,PLA BAR KNOB 1/4-20X5 PROJTNG STUD,Active,EA,,PRO,Professional Sales Price Group,,FAST                MISC 
590-1115                      ,"1/2"" O.D. SCREW INSULATOR, BLK",Active,EA,,PRO,Professional Sales Price Group,,FAST                HW   
590-1116                      ,BUSHING 1/2 OD X .260 ID X 3/16,No Purchases,EA,,PRO,Professional Sales Price Group,,FAST                WASH 
590-1121                      ,"PLAS SPCR, .52IDx.80ODx.50THK, BLK",Active,EA,,PRO,Professional Sales Price Group,,FAST                WASH 
590-1136                      ,"RETAINING SPCR, .500X.177X.125H,BLK",Active,EA,,PRO,Professional Sales Price Group,,FAST                WASH 
590-1271                      ,"BSHNG 2.0IDX2.38ODX1""L X2.63"" FLNGE",Active,EA,,PRO,Professional Sales Price Group,,FAST                MISC 
590-1281                      ,"COVER, WALL PLATE, MOLDED, BLK",Active,EA,,PRO,Professional Sales Price Group,,PP                  MISC 
590-1293                      ,"KNOB,TEARDROP RATCHET M5X0.8,40MM L",Active,EA,,PRO,Professional Sales Price Group,,FAST                MISC 
590-1301                      ,"HEYCO DOME PLUG FOR 2.0"" HOLE -2783",Active,EA,,PRO,Professional Sales Price Group,,FAST                MISC 
590-2071                      ,NYLON SPACER .25 IDX .56 ODX.26 THK,Inactive,EA,,PRO,Professional Sales Price Group,,FAST                WASH 
590-5003                      ,"RETAINING SPCR,.128X.313X.437H, NAT",Active,EA,,PRO,Professional Sales Price Group,,FAST                WASH 
590-5005                      ,"RETAINING SPCR,.128X.313X.437H, BLK",Active,EA,,PRO,Professional Sales Price Group,,FAST                WASH 
600-1015                      ,"POLYESTER MESH SLEEVE 36"" LONG",Active,EA,,PRO,Professional Sales Price Group,,FAST                MISC 
700-00011196                  ,"PT640 TILT ASSM (x2), GBLK",Active,EA,,PRO,Professional Sales Price Group,Active,FPSS STANDPMNT           
700-00011198                  ,"PT660 TILT ASSM (x2), GBLK",Active,EA,,PRO,Professional Sales Price Group,Active,FPSS STANDPMNT           
981-0011                      ,"CTN 35.5X22.5X4.5, BIG PLASMA ADPR",Active,EA,,PRO,Professional Sales Price Group,,CARTN               BOXES
981-0033                      ,CTN FOR DS27 981-0021 W/O LBL,Active,EA,,PRO,Professional Sales Price Group,,CARTN               BOXES
981-0040                      ,DSPLY COVER PM40 17 1/4X15 7/8X7,Active,EA,,PRO,Professional Sales Price Group,,CARTN               BOXES
981-0113                      ,"CTN,PLASMA MNTS COMMON PARTS (DS)",Active,EA,,PRO,Professional Sales Price Group,,CARTN               BOXES
981-0162                      ,CTN 23 7/8X22 3/8X5 1/8 B OYSTR PLA,Active,EA,,PRO,Professional Sales Price Group,,CARTN               BOXES
981-0164                      ,"CARTON, WHITE BOX, ULINE (S-970) 7 X 3 X 3",Active,EA,,PRO,Professional Sales Price Group,,CARTN               BOXES
981-0175                      ,CTN FOR PLS/PSW/PSWT,Active,EA,,PRO,Professional Sales Price Group,,CARTN               BOXES
981-0181                      ,"CARTON FOR PLS, AND PLP MODELS",Active,EA,,PRO,Professional Sales Price Group,,CARTN               BOXES
981-0185                      ,COVER CARTON FOR PLCT,No Purchases,EA,,PRO,Professional Sales Price Group,,CARTN               BOXES
981-0186                      ,BOTTOM CARTON FOR PLCT,No Purchases,EA,,PRO,Professional Sales Price Group,,CARTN               BOXES
981-0300                      ,CTN FOR 640,Active,EA,,PRO,Professional Sales Price Group,,CARTN               BOXES
981-0313                      ,CTN FOR SUF640P,Active,EA,,PRO,Professional Sales Price Group,,CARTN               BOXES
981-0314                      ,CTN FOR SUF650P/SUF660P,Active,EA,,PRO,Professional Sales Price Group,,CARTN               BOXES
981-0363                      ,CARTON FOR SUA745PU (BROWN),Active,EA,,PRO,Professional Sales Price Group,,CARTN               BOXES
981-0366                      ,CARTON FOR SA/SP730P,Active,EA,,PRO,Professional Sales Price Group,,CARTN               BOXES
982-0113                      ,INSERT FOR PLASMA PLP MODELS,Active,EA,,PRO,Professional Sales Price Group,,CARTN               INSRT
982-0179                      ,"INSRT 28.5 X 15.625, PLA-1 (DS)",Active,EA,,PRO,Professional Sales Price Group,,CARTN               INSRT
982-0396                      ,INSERT FOR SA/SP 740P,Active,EA,,PRO,Professional Sales Price Group,,CARTN               INSRT
9REZ7                         ,SR560M FOR GRAINGER,Active,EA,,PRO,Professional Sales Price Group,Active,FPSS STAND               
ACC-BPR                       ,CART BUMPER ACCESSORY,Active,EA,False,CORE,Mounts,Active,FPSS STANDETAIL          
ACC-CARTGH                    ,Accessory Grab Handle for SmartMount SR Carts,Active,EA,False,CORE,Mounts,Active,FPSS STANDETAIL          
ACC-CCP                       ,Ceiling Plate for Cathedral Ceiling,Active,EA,False,CORE,Mounts,Active,FPSS STANDETAIL          
ACC-CCPHD                     ,HEAVY DUTY CEILING PLATE FOR CATHERDRAL CEILING,Active,EA,False,CORE,Mounts,Active,FPSS STANDETAIL          
ACC-DHP6                      ,Display handling replacement pads - 6pk,No Purchases,EA,False,DS,Digital Signage,Use Up,FPSS STANDETAIL          
ACC-FT                        ,SmartMount(R) SS Stand Feet Accessory,Active,EA,False,CORE,Mounts,Active,FPSS STANDETAIL          
ACC-GBASE                     ,Grommet base for LCT620A(D),Active,EA,False,CORE,Mounts,Use Up,FPSS STANDETAIL          
ACC-GS1                       ,GLASS SHELF FOR CART AND STAND,Active,EA,False,CORE,Mounts,Use Up,FPSS STANDETAIL          
ACC-GS1E                      ,GLASS SHELF FOR VIDEO CONF ENCLOSURE CART,No Purchases,EA,False,CORE,Mounts,Use Up,FPSS STANDETAIL          
ACC-LA                        ,LAPTOP TRAY AND ARM FOR CARTS AND STANDS,Active,EA,False,CORE,Mounts,Active,FPSS STANDETAIL          
ACC-M820                      ,"Security Fast-Pack, M8x20",No Purchases,EA,False,HOSP,Hospitality,Use Up,FPSS STANDETAIL          
ACC-MB0800                    ,"Menu Board Wall Plate - 8.0""",Active,EA,False,DS,Digital Signage,Active,FPSS STANDETAIL          
ACC-MB2200                    ,"Menu Board Wall Plate - 22.0""",Active,EA,False,DS,Digital Signage,Active,FPSS STANDETAIL          
ACC-MB3500                    ,"Menu Board Wall Plate - 35.0""",Active,EA,False,DS,Digital Signage,Active,FPSS STANDETAIL          
ACC-MB3875                    ,"Menu Board Wall Plate - 38.75""",Active,EA,False,DS,Digital Signage,Active,FPSS STANDETAIL          
ACC-MBC                       ,"Menu Board Connector, Connects Ceiling Mounts",Inactive,EA,False,DS,Digital Signage,Use Up,FPSS STANDETAIL          
ACC-MBF                       ,Menu Board Mount Ceiling Attachment Accessory For converting wall mounts to ceiling,Active,EA,False,DS,Digital Signage,Active,FPSS STANDETAIL          
ACC-MCH                       ,Media Component Holder for NEC,Active,EA,False,CORE,Mounts,Active,FPSS STANDETAIL          
ACC-MIS38426                  ,Quick Release  Adapter for FS/B-MIS8426 Desktop Mts,No Purchases,EA,,PRO,Professional Sales Price Group,Use Up,FPSS STANDETAIL          
ACC-MS                        ,METAL SHELF FOR CARTS AND STANDS,Active,EA,False,CORE,Mounts,Active,FPSS STANDETAIL          
ACC-MSF-W                     ,METAL SHELF FOR SR560-FLIP,Active,EA,False,CORE,Mounts,Active,FPSS STANDETAIL          
ACC-UCM                       ,Universal Component Mount,Active,EA,False,CORE,Mounts,Active,FPSS STANDETAIL          
ACC-VCS                       ,VIDEO CONFERENCE CAMERA SHELF FOR CART AND STAND,Active,EA,False,CORE,Mounts,Active,FPSS STANDETAIL          
ACC-WMVCS                     ,SmartMount Video Conferencing Shelf,Active,EA,False,CORE,Mounts,Active,FPSS STANDETAIL          
ACC002                        ,"ESCUTCHEON RING FOR 2"" POLE",Active,EA,False,CORE,Mounts,Active,FPSS STANDETAIL          
ACC114                        ,SS598ML3 STANDOFF PLATE,Active,EA,False,CORE,Mounts,Active,FPSS STANDETAIL          
ACC116                        ,Rear Metal Shelf for SR560-HUB2 Cart,Active,EA,False,CORE,Mounts,Use Up,FPSS STANDETAIL          
ACC170                        ,Cart and Stand Adaptor Plate,Active,EA,False,CORE,Mounts,,FPSS STANDETAIL          
ACC2X1                        ,VESA 200 x 100 Adaptor Plate,Active,EA,False,CORE,Mounts,,FPSS STANDETAIL          
ACC309                        ,Video Conferencing Shelf Wall Mount,Active,EA,False,CORE,Mounts,Active,FPSS STANDETAIL          
ACC310                        ,Leveler Feet,Active,EA,False,CORE,Mounts,Active,FPSS STANDETAIL          
ACC315                        ,Base Shelf For SmartMount® Cart,Active,EA,False,CORE,Mounts,Active,FPSS STANDETAIL          
ACC316                        ,Safety Belt For Component Shelves,Active,EA,False,CORE,Mounts,Use Up,FPSS STANDETAIL          
ACC320                        ,20' Electrical Outlet Strip with Cord Wrap,Active,EA,False,CORE,Mounts,Active,FPSS STANDETAIL          
ACC322                        ,Safety Belt For Component Shelves,Active,EA,False,CORE,Mounts,Active,FPSS STANDETAIL          
ACC324                        ,Corner Mount Shelf,Active,EA,False,CORE,Mounts,Active,FPSS STANDETAIL          
ACC409-B                      ,"WALL PLT ADPT: SA/SP(730/740), BLK",Active,EA,False,CORE,Mounts,Active,FPSS STANDETAIL          
ACC450                        ,200 X 200 ACCESORY PLT FOR FPS-1000,Active,EA,False,CORE,Mounts,Active,FPSS STANDETAIL          
ACC4X4                        ,VESA 400 x 400mm Adaptor Plate,Active,EA,False,CORE,Mounts,Active,FPSS STANDETAIL          
ACC517                        ,DVD/VCR MOUNT CONNECTOR,Active,EA,False,CORE,Mounts,Active,FPSS STANDETAIL          
ACC604                        ,Dual-Stack Cartridge For FPZ600,Active,EA,False,CORE,Mounts,Active,FPSS STANDETAIL          
ACC830                        ,Side to Side Adjuster For Projector Mounts,Active,EA,False,CORE,Mounts,Active,FPSS STANDETAIL          
ACC918                        ,"Security Fastener Pack For V75, V100 & V200x100 Mounts",Active,EA,False,CORE,Mounts,Active,FPSS STANDETAIL          
ACC925                        ,Security Fasteners For V200x200 to V800x400 Mounts,Active,EA,False,CORE,Mounts,Active,FPSS STANDETAIL          
ACC950                        ,DSX750 SPACER KIT FOR ARTIC. MOUNTS,Active,EA,,PRO,Professional Sales Price Group,Use Up,FPSS STANDETAIL          
ACC951                        ,A/V Component Shelf Accessory Bracket For SA Mounts,Inactive,EA,False,CORE,Mounts,,FPSS STANDETAIL          
ACC974                        ,LCT ARM WALL PLATE,Active,EA,,PRO,Professional Sales Price Group,Active,FPSS STANDETAIL          
ACC979                        ,SmartMount SR Cart Caster Accessory Kit,Active,EA,False,CORE,Mounts,Active,FPSS STANDETAIL          
ACSBR1                        ,Universal Sound Bar Mounting Kit,Active,EA,False,CORE,Mounts,Active,FPSS STANDETAIL          
B-MIS38426                    ,1x2 Bolted  Desktop Mt -for 43/49 Curved Samsungs,No Purchases,EA,False,CORE,Mounts,Use Up,FPSS STAND               
BKT-7050                      ,Rotolift Dual Bottom Mount - ECN30082,Active,EA,,PRO,Professional Sales Price Group,Active,FPSS STAND               
BKT-7050-REV1                 ,Rotolift Dual Bottom Mount -Gen 2,Active,EA,,CUSTM,Custom Sales Price Group,Active,FPSS STANDETAIL          
CMAL                          ,Round Column Mount for Digital Signage Displays,Active,EA,False,CORE,Mounts,Active,FPSS STANDETAIL          
CUS511                        ,One way pivot wall mount for HG49/55EE690,Active,EA,,PRO,Professional Sales Price Group,Active,FPSS STANDETAIL          
DEV-DS-OM46ND-CEIL            ,"Samsung OM46N-D Ceiling Mount, Harvest Gold",No Purchases,EA,,DS,Digital Signage,Use Up,FPSS STANDETAIL          
DEV-LCC18                     ,"LCC-18 W/ EXT RESIZED TO 6""-8""",Active,EA,,PRO,Professional Sales Price Group,Active,FPSS STANDETAIL          
DEV-LCC18-010018              ,"LCC-18 - SHORTENED TO 10"" - 18""",Active,EA,,PRO,Professional Sales Price Group,Active,FPSS STANDETAIL          
DEV-MOD-P150-884              ,Modified DEV-MOD-P150 custom length 884mm,Active,EA,,PRO,Professional Sales Price Group,Active,FPSS STANDETAIL          
DEV-MOD-P150-B                ,"Modified MOD-P150-B (47""x2"")",Active,EA,,PRO,Professional Sales Price Group,Active,FPSS STANDETAIL          
DMU-ACC01                     ,Tilt Brackets for DMU wall units,Active,EA,,PRO,Professional Sales Price Group,Active,FPSS STANDETAIL          
DMU50SM-02                    ,Wall mount with slide-out computer access,No Purchases,EA,False,DS,Digital Signage,Use Up,FPSS STANDETAIL          
DS-ACC765                     ,Cable Release Kit for recessed wall applications,Inactive,EA,False,DS,Digital Signage,,FPSS STANDETAIL          
DS-ACC770                     ,Media Player Mounting Bracket,No Purchases,EA,False,DS,Digital Signage,Use Up,FPSS STANDETAIL          
DS-C555-3X2                   ,"SmartMount® Portable 3x2 Video Wall Cart For 46"" to 55"" Displays up to 5"" Deep",Active,EA,False,DS,Digital Signage,Active,FPSS STANDETAIL          
DS-C555-3X3                   ,"SmartMount® Portable 3x3 Video Wall Cart For 46"" to 55"" Displays up to 5"" Deep",Active,EA,False,DS,Digital Signage,Active,FPSS STANDETAIL          
DS-C555-4X2                   ,"SmartMount® Portable 4x2 Video Wall Cart For 46"" to 55"" Displays up to 5"" Deep",Active,EA,False,DS,Digital Signage,Active,FPSS STANDETAIL          
DS-C555-4X3                   ,"SmartMount® Portable 4x3 Video Wall Cart For 46"" to 55"" Displays up to 5"" Deep",Active,EA,False,DS,Digital Signage,Active,FPSS STANDETAIL          
DS-C560-1X3                   ,"SmartMount® Portable 1x3 Video Wall Cart For 46"" to 60"" Displays up to 5"" Deep",Active,EA,False,DS,Digital Signage,Active,FPSS STANDETAIL          
DS-C560-2X2                   ,"SmartMount® Portable 2x2 Video Wall Cart For 46"" to 60"" Displays up to 5"" Deep",Active,EA,False,DS,Digital Signage,Active,FPSS STANDETAIL          
DS-MBZ642L                    ,"SmartMount® Digital Menu Board Mount for 40"" to 42"" Displays - Landscape",Active,EA,True,DS,Digital Signage,Active,FPSS STANDETAIL          
DS-MBZ647L                    ,"SmartMount® Digital Menu Board Mount for 46"" to 65"" Displays - Landscape",Active,EA,True,DS,Digital Signage,Active,FPSS STANDETAIL          
DS-MBZ647P                    ,"SmartMount® Digital Menu Board Mount for 42"" to 65"" Displays with VESA Patterns up to 400x400",Active,EA,True,DS,Digital Signage,Active,FPSS STANDETAIL          
DS-MBZ942L-2X1                ,"SmartMount® Digital Menu Board Ceiling Mount with 8pt Adjustment - Landscape 2x1 Configuration for 40"" to 42"" Displays",Active,EA,True,DS,Digital Signage,Active,FPSS STANDETAIL          
DS-MBZ942L-3X1                ,"SmartMount® Digital Menu Board Ceiling Mount with 8pt Adjustment - Landscape 3x1 Configuration for 40"" to 42"" Displays",Active,EA,True,DS,Digital Signage,Active,FPSS STANDETAIL          
DS-MBZ947L-2X1                ,"SmartMount® Digital Menu Board Ceiling Mount with 8pt Adjustment - Landscape 2x1 Configuration for 46"" to 48"" Displays",Active,EA,True,DS,Digital Signage,Active,FPSS STANDETAIL          
DS-MBZ947L-3X1                ,"SmartMount® Digital Menu Board Ceiling Mount with 8pt Adjustment - Landscape 3x1 Configuration for 46"" to 48"" Displays",Active,EA,True,DS,Digital Signage,Active,FPSS STANDETAIL          
DS-MBZA                       ,DS-MBZ adaptors with additional hardware,Active,EA,False,DS,Digital Signage,Active,FPSS STANDETAIL          
DS-OM46ND-CEIL                ,Samsung OM46N-D Ceiling Mount,No Sales,EA,False,DS,Digital Signage,,FPSS STANDETAIL          
DS-OM46ND-FLOOR               ,Samsung OM46N-D Floor Mount,No Sales,EA,False,DS,Digital Signage,,FPSS STANDETAIL          
DS-OM55ND-CEIL                ,Samsung OM55N-D Ceiling Mount,Active,EA,False,DS,Digital Signage,Active,FPSS STANDETAIL          
DS-OM55ND-FLOOR               ,Samsung OM55N-D Floor Mount,Active,EA,False,DS,Digital Signage,Active,FPSS STANDETAIL          
DS-S555-3X2                   ,"SmartMount® Modular 3x2 Video Wall Pedestal Mount For 46"" to 55"" Displays up to 5"" Deep",Active,EA,False,DS,Digital Signage,Active,FPSS STANDETAIL          
DS-S555-3X3                   ,"SmartMount® Modular 3x3 Video Wall Pedestal Mount For 46"" to 55"" Displays up to 5"" Deep",Active,EA,False,DS,Digital Signage,Active,FPSS STANDETAIL          
DS-S555-4X2                   ,"SmartMount® Modular 4x2 Video Wall Pedestal Mount For 46"" to 55"" Displays up to 5"" Deep",Active,EA,False,DS,Digital Signage,Active,FPSS STANDETAIL          
DS-S555-4X3                   ,"SmartMount® Modular 4x3 Video Wall Pedestal Mount For 46"" to 55"" Displays up to 5"" Deep",Active,EA,False,DS,Digital Signage,Active,FPSS STANDETAIL          
DS-S560-1X3                   ,"SmartMount® Modular 1x3 Video Wall Pedestal Mount For 46"" to 60"" Displays up to 5"" Deep",Active,EA,False,DS,Digital Signage,Active,FPSS STANDETAIL          
DS-S560-2X2                   ,"SmartMount® Modular 2x2 Video Wall Pedestal Mount For 46"" to 60"" Displays up to 5"" Deep",Active,EA,False,DS,Digital Signage,Active,FPSS STANDETAIL          
DS-S560-B2X2                  ,"2x2 Back-to-Back Pedestal Video Wall Mount for 46"" to 60"" Displays up to 5"" Deep",Active,EA,False,DS,Digital Signage,Active,FPSS STANDETAIL          
DS-VW650                      ,"SmartMount® Ultra Thin Flat Video Wall Mount For Ultra-thin Displays 40"" or larger, up to 75lb (34kg)",Active,EA,False,DS,Digital Signage,Active,FPSS STANDETAIL          
DS-VW655-2X2                  ,"SmartMount® Flat Video Wall Mount, 2x2 Kit For 46""-55"" Display",Active,EA,False,DS,Digital Signage,Active,FPSS STANDETAIL          
DS-VW665                      ,"SmartMount® Flat Video Wall Mount For 40"" to 65"" Displays",No Sales,EA,False,DS,Digital Signage,Use Up,FPSS STANDETAIL          
DS-VW755S                     ,"SmartMount® Full Service Thin Video Wall Mount with Quick Release For 46"" to 65"" Displays.",Active,EA,True,DS,Digital Signage,Active,FPSS STANDETAIL          
DS-VW765-L13                  ,Landscape Full-Svc Video Wall MT and #13 Spacer,Active,EA,,PRO,Professional Sales Price Group,Active,FPSS STANDETAIL          
DS-VW765-L40                  ,Landscape Full-Svc Video Wall MT and #40 Spacer,Active,EA,,PRO,Professional Sales Price Group,Active,FPSS STANDETAIL          
DS-VW765-L45                  ,Landscape Full-Svc Video Wall MT and #45 Spacer,No Purchases,EA,,PRO,Professional Sales Price Group,Use Up,FPSS STANDETAIL          
DS-VW765-LAND                 ,"SmartMount® Full Service Video Wall Mount - Landscape For 40"" to 65"" Displays",Active,EA,True,DS,Digital Signage,Active,FPSS STANDETAIL          
DS-VW765-LQR                  ,"SmartMount® Full Service Video Wall Mount with Quick Release - Landscape For 46"" to 65"" Displays",Active,EA,True,DS,Digital Signage,Active,FPSS STANDETAIL          
DS-VW775                      ,"SmartMount® Full Service Video Wall Mount - For 46"" to 60"" Displays",Active,EA,True,DS,Digital Signage,Active,FPSS STANDETAIL          
009-0674                      ,"WELDMENT, SR CART BASE, SINGLE POLE",Active,EA,,PRO,Professional Sales Price Group,,FAB                 WELD 
009-0694                      ,ADJUSTMENT BRACKET,Active,EA,,PRO,Professional Sales Price Group,,FAB                 COMBO
009-0695                      ,"SPACER, 1.0 O.D.x .332 .d, .164 THK,STEEL",Active,EA,,PRO,Professional Sales Price Group,,FAB                 LASER
009-0765                      ,"NUT BAR, SR575",Active,EA,,PRO,Professional Sales Price Group,,FAB                 COMBO
009-0867                      ,"PLATE, BUMPER GUARD",Active,EA,,PRO,Professional Sales Price Group,,FAB                 LASER
009-0868                      ,"EDGING, SR CART BUMPER",Active,EA,,PRO,Professional Sales Price Group,,PP                       
009-1671                      ,"EXTRUSION,RUBBER,SR CART CM, BLACK",Active,EA,,PRO,Professional Sales Price Group,,PPA                 ASSY 
009-1672                      ,"CAP, SR CART, EXTRUSION, BLACK",Active,EA,,PRO,Professional Sales Price Group,,PPA                 ASSY 
009-1694                      ,"ADJUSTMENT BRACKET, BLK OXIDE",No Purchases,EA,,PRO,Professional Sales Price Group,,PP                       
009-1695                      ,"SPACER, 1.0 O.D.x .332 .d, .164 THK,STEEL, BLK OXIDE",No Purchases,EA,,PRO,Professional Sales Price Group,,FAST                WASH 
009-1765                      ,"NUT BAR, SR575, BLK OX",No Request,EA,,PRO,Professional Sales Price Group,,FAST                NUT  
009-1867                      ,"PLATE, BUMPER GUARD, BLK OX",Active,EA,,PRO,Professional Sales Price Group,,PP                       
009-1870                      ,"CAP, SHARP CART, EXTRUSION, BLACK",Inactive,EA,,PRO,Professional Sales Price Group,,PP                  EXTR 
009-4927                      ,"EXTRUSION, STAND, EBAY, SLV",Active,EA,,PRO,Professional Sales Price Group,,FAB                 PAINT
009-4986                      ,"BRACKET, TILT HEAD, SLV",Active,EA,,PRO,Professional Sales Price Group,,FAB                 PAINT
009-4988                      ,"ALUMINUM SHELF, SLV",Active,EA,,PRO,Professional Sales Price Group,,FAB                 PAINT
009-4990                      ,"NUT BAR, M8 X 6"", SLV",Active,EA,,PRO,Professional Sales Price Group,,FAB                 PAINT
009-4993                      ,"TIE PLATE, FRONT, SLV",Active,EA,,PRO,Professional Sales Price Group,,FAB                 PAINT
009-4998                      ,"TUBE MOUNT, VCM580, SLV",Active,EA,,PRO,Professional Sales Price Group,,FAB                 PAINT
009-4999                      ,"SUPPORT TUBE, VCM580, SLV",Active,EA,,PRO,Professional Sales Price Group,,FAB                 PAINT
009-6666                      ,"FRAME CORD WRAP WELDMENT - PN-SR763M, I BLK",Inactive,EA,,PRO,Professional Sales Price Group,,FAB                 PAINT
009-6878                      ,"CORD WRAP, PN-780M, I-BLK",Inactive,EA,,PRO,Professional Sales Price Group,,FAB                 PAINT
009-6891                      ,"COVER, BOTTOM ANGLED, I-BLK",Inactive,EA,,PRO,Professional Sales Price Group,,FAB                 PAINT
009-6912                      ,"Weldment RH Leg, IBLK",No Purchases,EA,,PRO,Professional Sales Price Group,,FAB                 PAINT
009-6913                      ,"Weldment LH Leg, IBLK",No Purchases,EA,,PRO,Professional Sales Price Group,,FAB                 PAINT
009-6917-1                    ,"ADAPTER PLATE PN-SR780M, IBLK (CPR)",Inactive,EA,,PRO,Professional Sales Price Group,,FAB                      
009-6923                      ,"ASSEMBLY, HUB ADAPTER RAIL, SATIN BLK",Active,EA,,PRO,Professional Sales Price Group,,FAB                 ASSYP
009-6930                      ,"WELDMENT, CART BASE, M5 TAP, RAW",Inactive,EA,,PRO,Professional Sales Price Group,,FAB                 PAINT
009-6931                      ,"ASSEMBLY, INTERMEDIATE BASE, SR580/PN-SR780M/L20SR780MEU",Inactive,EA,,PRO,Professional Sales Price Group,,FAB                 ASSYP
009-8058                      ,"FASTPACK, SHELF, SR% CARTS",Active,EA,,PRO,Professional Sales Price Group,,FAST                     
009-8060-2                    ,"FASTPACK, ASSY, SR560M",No Purchases,EA,,PRO,Professional Sales Price Group,,FAST                     
009-8061-1                    ,"FASTPACK, ASSY, SR575M",No Purchases,EA,,PRO,Professional Sales Price Group,,FAST                     
009-8062-2                    ,"FASTPACK, ASSY, SR598",No Purchases,EA,,PRO,Professional Sales Price Group,,FAST                     
009-8067-1                    ,FASTPACK FOR ACC-LA,Active,EA,,PRO,Professional Sales Price Group,,FAST                     
009-8070-1                    ,"FASTPACK, ASSY, SS575K",No Purchases,EA,,PRO,Professional Sales Price Group,,FAST                     
009-8071-1                    ,"FASTPACK, SS STAND FEET, BLK",Active,EA,,PRO,Professional Sales Price Group,,FAST                     
009-8073-1                    ,"FASTPACK, BUMPERS, SR CARTS",Active,EA,,PRO,Professional Sales Price Group,,FAST                     
009-8075                      ,"FASTPACK,  HANDLE BAR, MIS999",Active,EA,,PRO,Professional Sales Price Group,,FAST                     
009-8083-1                    ,"FASTPACK FOR SR598-HUB, SCREEN SIDE",Active,EA,,PRO,Professional Sales Price Group,,FAST                     
009-8088                      ,FASTPACK FOR ACC-2RU580,Active,EA,,PRO,Professional Sales Price Group,,FAST                     
009-8089                      ,FASTPACK FOR VCM580,Active,EA,,PRO,Professional Sales Price Group,,FAST                     
009-G4433                     ,"SHELF ADJSTR TUBE, PN-SR760M, GSLV",Inactive,EA,,PRO,Professional Sales Price Group,,FAB                 PAINT
009-G4434                     ,"KEYBOARD TRAY FOR PN-SR760M, GSLV",Inactive,EA,,PRO,Professional Sales Price Group,,FAB                 PAINT
009-G4435                     ,"LAPTOP TRAY FOR PN-SR760M, GSLV",Inactive,EA,,PRO,Professional Sales Price Group,,FAB                 PAINT
009-P1992                     ,"EXTRUSION DECORATIVE TRIM, 72"", GBLK",Active,EA,,PRO,Professional Sales Price Group,,FAB                 PAINT
009-T1674                     ,"WELDMENT, SR CART BASE, SINGLE POLE,TBLK",No Purchases,EA,,PRO,Professional Sales Price Group,,PPA                      
009-T1675                     ,"WELDMENT, SR CART BASE, DUAL POLE, TBLK",No Purchases,EA,,PRO,Professional Sales Price Group,,FAB                 PAINT
009-T1693                     ,"BRACKET, MOUNTING, SR598, TBLK",No Purchases,EA,,PRO,Professional Sales Price Group,,FAB                 PAINT
009-T1697                     ,"ASSEMBLY , ADAPTER BRACKET SR598, TBLK",No Request,EA,,PRO,Professional Sales Price Group,,FAB                 ASSYP
009-T1763                     ,"ADJUSTMENT STOP, POWDERCOAT TBLK",No Request,EA,,PRO,Professional Sales Price Group,,FAB                 PAINT
009-T1767                     ,"ASSEMBLY, INNER BRACKET, SR575",No Request,EA,,PRO,Professional Sales Price Group,,FAB                 ASSYP
009-T1772                     ,"ASSEMBLY SHELF SR CART, TBLK",No Request,EA,,PRO,Professional Sales Price Group,,PPA                 ASSY 
009-T1808                     ,"WELDMENT, CAMERA SHELF",Active,EA,,PRO,Professional Sales Price Group,,FAB                 PAINT
009-T1831-1                   ,"ASSEMBLY, EXTRUSION, TBLK (overseas)",No Purchases,EA,,PRO,Professional Sales Price Group,,PPA                 ASSY 
009-T1843                     ,"BRACKET, PIVOT 90-DEG, LEFT, TBLK",Active,EA,,PRO,Professional Sales Price Group,,FAB                 PAINT
009-T1844                     ,"BRACKET, PIVOT 90-DEG, RIGHT, TBLK",No Request,EA,,PRO,Professional Sales Price Group,,FAB                 PAINT
009-T1860                     ,"ASSEMBLY, GLASS SHELF SR555E/SR575E, TBLK",No Purchases,EA,,PRO,Professional Sales Price Group,,FAB                 ASSYP
009-T1861                     ,"BRACKET, COLUMN TOP, TBLK",No Request,EA,,PRO,Professional Sales Price Group,,FAB                 PAINT
009-T1862                     ,"HOUSING, MEDIA PLAYER, TBLK",No Request,EA,,PRO,Professional Sales Price Group,,FAB                 PAINT
009-T1863                     ,"COVER, MEDIA PLAYER, TBLK",No Request,EA,,PRO,Professional Sales Price Group,,FAB                 PAINT
009-T1878                     ,"CORD WRAP, PN-780M, TBLK",No Purchases,EA,,PRO,Professional Sales Price Group,,FAB                 PAINT
009-T1922                     ,"RAIL, HUB ADAPTER - TBLK",Active,EA,,PRO,Professional Sales Price Group,,FAB                 PAINT
009-T1923                     ,"ASSEMBLY, HUB ADAPTER RAIL, TBLK",Active,EA,,PRO,Professional Sales Price Group,,FAB                 ASSYP
010-4006                      ,"SHELF SUPPORT, VCM580, SLV",Active,EA,,PRO,Professional Sales Price Group,,FAB                 PAINT
010-4010                      ,"ADAPTER INTERFACE, SLV",Active,EA,,PRO,Professional Sales Price Group,,FAB                 PAINT
010-4024                      ,"ASSEMBLY, EXTRUSION",Active,EA,,PRO,Professional Sales Price Group,,FAB                 ASSYP
010-6067                      ,"ASSEMBLY, BASE, BLK",Active,EA,,PRO,Professional Sales Price Group,,FAB                 ASSYP
010-8006-1                    ,FASTPACK FOR SR598ML3,Active,EA,,PRO,Professional Sales Price Group,,FAST                     
010-T1021                     ,"WELDMENT, ADAPTER FRAME HUB/SPARK, TBLK",No Purchases,EA,,PRO,Professional Sales Price Group,,FAB                 PAINT
021-0043                      ,"PIVOT KNUCKLE,PTM400S/400, RAW",Active,EA,,PRO,Professional Sales Price Group,,FAB                 TUBE 
021-0067                      ,"CLAMP, PTM400T, RAW",Active,EA,,PRO,Professional Sales Price Group,,FAB                 LASER
021-0068                      ,"BRACKET PIVOT, PTM400T, RAW",Active,EA,,PRO,Professional Sales Price Group,,FAB                 LASER
021-1052                      ,"PTM SIDE CLAMP ASSEMBLY,BLK",Active,EA,,PRO,Professional Sales Price Group,,FAB                 ASSYP
021-1054                      ,"PTM TOP CLAMP ASSEMBLY,BLK",Active,EA,,PRO,Professional Sales Price Group,,FAB                 ASSYP
021-1069                      ,"BOTTOM CLAMP ASSEMBLY,BLK",Active,EA,,PRO,Professional Sales Price Group,,FAB                 ASSYP
021-8008                      ,FASTPACK PTM COVERS,Active,EA,,PRO,Professional Sales Price Group,,FAST                     
021-8015                      ,FASTPACK PTM200,Active,EA,,PRO,Professional Sales Price Group,,FAST                     
021-8018                      ,FASTPACK PTM400S,Active,EA,,PRO,Professional Sales Price Group,,FAST                     
021-P1052                     ,"PTM SIDE CLAMP ASSEMBLY, GBLK",Active,EA,,PRO,Professional Sales Price Group,,FAB                 ASSYP
021-P1054                     ,"PTM TOP CLAMP ASSEMBLY, GBLK",Active,EA,,PRO,Professional Sales Price Group,,FAB                 ASSYP
024-1045                      ,"WALL PLATE CONNECTOR, BLK",Active,EA,,PRO,Professional Sales Price Group,,FAB                 PAINT
026-1014                      ,"TUBE, EXTENSION - 6 INCH",Active,EA,,PRO,Professional Sales Price Group,,FAB                 PAINT
046-0223                      ,"Spacer M5 X .120"",ZN",Active,EA,,PRO,Professional Sales Price Group,,FAST                WASH 
046-0224                      ,"Spacer M6 X .120"",ZN",Active,EA,,PRO,Professional Sales Price Group,,FAST                WASH 
046-1376                      ,"PLATE NUT, SUA, BLK ZNC",Active,EA,,PRO,Professional Sales Price Group,,FAB                 PAINT
046-4430                      ,"ADAPTOR PLATE FOR LG OLED, SLV",Active,EA,,PRO,Professional Sales Price Group,,FAB                 PAINT
046-8012                      ,"FASTPACK, 2 WOOD SCREWS & ANCHORS",Active,EA,,PRO,Professional Sales Price Group,,FAST                     
046-8018-1                    ,SUF641/651/661 FASTPACK EXPRS ANCH,Active,EA,,PRO,Professional Sales Price Group,,FAST                     
046-8023                      ,"FASTPACK, LP FOR 650/660 (BAFFLED)",Active,EA,,PRO,Professional Sales Price Group,,FAST                     
046-8026-1                    ,FASTPACK FOR SUA761PU/771PU/SUA747PU,Active,EA,,PRO,Professional Sales Price Group,,FAST                     
046-8027                      ,"FAST PACK, 3 WOOD SCREWS & ANCHORS",Active,EA,,PRO,Professional Sales Price Group,,FAST                     
046-8031-1                    ,FAST PACK,Active,EA,,PRO,Professional Sales Price Group,,FAST                     
046-8033-1                    ,FAST PACK,Active,EA,,PRO,Professional Sales Price Group,,FAST                     
046-8035                      ,"FAST PACK, LONGER WALL SIDE SCREWS",Active,EA,,PRO,Professional Sales Price Group,,FAST                     
046-P1030                     ,"SUF640 - WALL PLT ASSY, GBLK",Active,EA,,PRO,Professional Sales Price Group,,FAB                 ASSYP
046-P1034                     ,"SUF650 - WALL PLT ASSY, GBLK",Active,EA,,PRO,Professional Sales Price Group,,FAB                 ASSYP
046-P1036                     ,"SUF650/660 -  ADPT BRK, ASSY, GBLK",Active,EA,,PRO,Professional Sales Price Group,,FAB                 ASSYP
046-P1038                     ,"SUF660 - WALL PLT ASSY, GBLK",Active,EA,,PRO,Professional Sales Price Group,,FAB                 ASSYP
046-P1201                     ,"Wall Plate - SUF651, GSBLK",Active,EA,,PRO,Professional Sales Price Group,,FAB                 PAINT
046-P1210                     ,"LOCKING BAR ASSEMBLY,SUF641,GSBLK",Active,EA,,PRO,Professional Sales Price Group,,FAB                 ASSYP
046-P1211                     ,"LOCKING BAR ASSEMBLY,SUF651,GSBLK",Active,EA,,PRO,Professional Sales Price Group,,FAB                 ASSYP
046-P1212                     ,"LOCKING BAR ASSEMBLY,SUF661,GSBLK",Active,EA,,PRO,Professional Sales Price Group,,FAB                 ASSYP
046-P1359                     ,"SUA740 ADAPTER PLATE ASSY, GBLK",Active,EA,,PRO,Professional Sales Price Group,,FAB                 ASSYP
054-1171                      ,"PRG MOUNT FINAL ASSEMBLY,BLK",Active,EA,,PRO,Professional Sales Price Group,,FAB                      
055-0980                      ,"CMJ500R1 CEILING PLATE,RAW",Active,EA,,PRO,Professional Sales Price Group,,FAB                 PUNCH
055-0982                      ,"CMJ500R1 CENTER PLATE WELDMNT, RAW",Active,EA,,PRO,Professional Sales Price Group,,FAB                 WELD 
055-1484                      ,"UPPER CEILING BRKT FOR ACC912, BLK",Active,EA,,PRO,Professional Sales Price Group,,FAB                 PAINT
055-1923                      ,ADJUSTABLE WALL PLATE PSTA (BLACK),Active,EA,,PRO,Professional Sales Price Group,,FAB                 PAINT
055-1930                      ,"CHANNEL, UNV, GEN III, BLK",Active,EA,,PRO,Professional Sales Price Group,,FAB                 PAINT
055-2883                      ,"PRG MOUNT FINAL ASSEMBLY, WHT",Active,EA,,PRO,Professional Sales Price Group,,FAB                 PAINT
055-2982                      ,"CMJ500R1 CENTER PLATE WELDMNT, PNTD",Active,EA,,PRO,Professional Sales Price Group,,FAB                 WELD 
055-8301-1                    ,FASTPACK PAP-UNV G2 (BAFF),Active,EA,,PRO,Professional Sales Price Group,,FAST                     
055-8403                      ,FASTPACK FOR CMJ500R1,Active,EA,,PRO,Professional Sales Price Group,,FAST                     
055-8413                      ,FASTPACK FOR MP300CM,Inactive,EA,,PRO,Professional Sales Price Group,,FAST                     
055-8416                      ,FASTPACK FOR PAP-JVC-DLA,Active,EA,,PRO,Professional Sales Price Group,,FAST                     
055-8418-1                    ,FAST PACK WALL SIDE FOR PRGS/PRSS,Active,EA,,PRO,Professional Sales Price Group,,FAST                     
055-8418-1-S                  ,"FAST PACK WALL SIDE FOR PRGS/PRSS, SLV",Inactive,EA,,PRO,Professional Sales Price Group,,FAST                     
055-8418-S                    ,FASTPACK FOR PRG-1S,Inactive,EA,,PRO,Professional Sales Price Group,,FAST                     
055-KPJF2-B-1                 ,"COMMON PARTS,PIK&PCK PJF2 MDL, BLK",Active,EA,,PRO,Professional Sales Price Group,,PPA                      
055-KPJF2-S-1                 ,"COMMON PARTS,PIK&PCK PJF2 MDL, SLV",Inactive,EA,,PRO,Professional Sales Price Group,,PPA                      
055-KPRGU-B-4                 ,"COMMON PARTS PRG UNIV W/O CONN, BLK",Active,EA,,PRO,Professional Sales Price Group,,PPA                      
056-1301                      ,"EXTRUSION, WALL MOUNT, BLK",Active,EA,,PRO,Professional Sales Price Group,,FAB                 PAINT
056-1302                      ,"CABLE COVER, WALL MOUNT",Active,EA,,PRO,Professional Sales Price Group,,FAB                 PAINT
056-1303                      ,"SCREW COVER, WALL MOUNT",Active,EA,,PRO,Professional Sales Price Group,,FAB                 PAINT
056-1304                      ,"ENDCAP, WALL MOUNT",Active,EA,,PRO,Professional Sales Price Group,,FAB                 PAINT
056-1305                      ,"SEC UNV PROJ PLT  W NEW/CONN, BLK",Active,EA,,PRO,Professional Sales Price Group,,FAB                 ASSYP
056-1351                      ,"HITACHI CP-D32WN RETROFIT ST1PLATE2, BLK",Active,EA,,PRO,Professional Sales Price Group,,FAB                 PAINT
056-2305                      ,"SEC UNV PROJ PLT  W NEW/CONN., WHT",Inactive,EA,,PRO,Professional Sales Price Group,,FAB                 ASSYP
056-2394-2                    ,"TILT BOX ASY, WHT",Active,EA,,PRO,Professional Sales Price Group,,FAB                 ASSYP
056-T1369                     ,"TILT PLATE WELDMENT, TBLK",Active,EA,,PRO,Professional Sales Price Group,,FAB                 PAINT
061-0157                      ,EXTENSION TUBE 1,Active,EA,,PRO,Professional Sales Price Group,,FAB                 TUBE 
061-0306                      ,"WELDMENT, CONCRETE CEILING MOUNT",Active,EA,,PRO,Professional Sales Price Group,,FAB                 WELD 
061-8034                      ,"FASTPACK, LARGE SCREEN, NON SEC, SS",Active,EA,,PRO,Professional Sales Price Group,,FAST                     
061-8035                      ,"FASTPACK, WALL, OUTDOOR EPT650",Active,EA,,PRO,Professional Sales Price Group,,FAST                     
061-T1382                     ,RH TILT ASSY TEXTURED BLACK,Active,EA,,PRO,Professional Sales Price Group,,FAB                 ASSYP
061-T1383                     ,LH TILT ASSY TEXTURED BLACK,Active,EA,,PRO,Professional Sales Price Group,,FAB                 ASSYP
083-0011                      ,"HORIZONTAL SLIDE BKT, FAB",Active,EA,,PRO,Professional Sales Price Group,,FAB                 PUNCH
083-0014                      ,SUPPORT ARM WELDMENT,Active,EA,,PRO,Professional Sales Price Group,,FAB                 WELD 
083-0015                      ,"LEVELING BKT, FAB",Active,EA,,PRO,Professional Sales Price Group,,FAB                 PUNCH
083-0016                      ,"SUPPORT ARM ASS'Y, GLS-BLK",Active,EA,,XGPREFAB,XGPREFAB,,FAB                 ASSYP
083-P1019                     ,"WALL PLATE WELDMENT, GLS-BLK",Active,EA,,PRO,Professional Sales Price Group,,FAB                 PAINT
090-1821                      ,"DESKTOP SWIVEL BASE, CAST, BLK",Active,EA,,PRO,Professional Sales Price Group,,FAB                 PAINT
090-8358                      ,FAST PACK FOR HL4UN-002-Q10,Active,EA,,PRO,Professional Sales Price Group,,FAST                     
090-8362                      ,"WALL SIDE FASTPACK, COMMON, ZILLA",Active,EA,,PRO,Professional Sales Price Group,,FAST                     
090-8386-1                    ,FAST PACK FOR DS-VWT955-2X2,Active,EA,,PRO,Professional Sales Price Group,,FAST                     
090-8417                      ,FAST PACK FOR HP455,Active,EA,,PRO,Professional Sales Price Group,,FAST                     
090-8418                      ,FAST PACK FOR HP447,Active,EA,,PRO,Professional Sales Price Group,,FAST                     
090-8442                      ,FAST PACK FOR MIS173,Active,EA,,PRO,Professional Sales Price Group,,FAST                     
090-8466                      ,FAST PACK FOR MOD-ATA,Active,EA,,PRO,Professional Sales Price Group,,FAST                     
090-8477                      ,FAST PACK FOR MOD-FPP2,Active,EA,,PRO,Professional Sales Price Group,,FAST                     
090-8478                      ,FAST PACK FOR MOD-AWM2,Active,EA,,PRO,Professional Sales Price Group,,FAST                     
090-8479                      ,FAST PACK FOR MOD-UNL2,Active,EA,,PRO,Professional Sales Price Group,,FAST                     
090-8500                      ,FAST PACK FOR MOD-CPF,Active,EA,,PRO,Professional Sales Price Group,,FAST                     
090-8503-1                    ,FAST PACK FOR ACC-900X,Active,EA,,PRO,Professional Sales Price Group,,FAST                     
090-8507-1                    ,FAST PACK FOR MOD-FPSKIT UNL ASSY,Active,EA,,PRO,Professional Sales Price Group,,FAST                     
090-8508-1                    ,FAST PACK FOR MOD-FCSKIT UNL ASSY,Active,EA,,PRO,Professional Sales Price Group,,FAST                     
090-8510                      ,FAST PACK FOR DS-MBY9% STRUCTURAL HARDWARE,Active,EA,,PRO,Professional Sales Price Group,,FAST                     
090-8511                      ,FAST PACK FOR DS-MBY94_L-3X1,Active,EA,,PRO,Professional Sales Price Group,,FAST                     
090-8518                      ,FAST PACK FOR ST1PLATE2,Active,EA,,PRO,Professional Sales Price Group,,FAST                     
090-8527                      ,FAST PACK FOR ESF655P,Active,EA,,PRO,Professional Sales Price Group,,FAST                     
090-8579                      ,FASTPACK,Active,EA,,PRO,Professional Sales Price Group,,FAST                     
090-8593                      ,FASTPACK FOR MIS807,Active,EA,,PRO,Professional Sales Price Group,,FAST                     
090-8595                      ,FASTPACK FOR DS-VW655-2X2,Active,EA,,PRO,Professional Sales Price Group,,FAST                     
090-8598                      ,FASTPACK FOR DS-VW655-2X2,Active,EA,,PRO,Professional Sales Price Group,,FAST                     
090-8604                      ,FASTPACK FOR MIS807-4X4-Q10,Active,EA,,PRO,Professional Sales Price Group,,FAST                     
090-8606                      ,FASTPACK FOR IWB680-W,No Request,EA,,PRO,Professional Sales Price Group,,FAST                     
090-8608                      ,FASTPACK FOR HP455 / HP447,Active,EA,,PRO,Professional Sales Price Group,,FAST                     
090-8611                      ,FASTPACK FOR MOD-APC,Active,EA,,PRO,Professional Sales Price Group,,FAST                     
090-8612-1                    ,FASTPACK FOR DS-OM%ND-CEIL,Active,EA,,PRO,Professional Sales Price Group,,FAST                     
090-8613-1                    ,FASTPACK FOR DS-OM%ND-FLOOR,Active,EA,,PRO,Professional Sales Price Group,,FAST                     
090-8614                      ,FASTPACK SPACER KIT FOR SAMSUNG NJ690 SERIES,Active,EA,,HOSP,Hospitality,,FAST                     
090-8615                      ,FASTPACK FOR MOD-PJF2KIT100-B,Active,EA,,PRO,Professional Sales Price Group,,FAST                     
091-1030                      ,"ADAPTER BRACKET - HP447, BLK",Active,EA,,PRO,Professional Sales Price Group,,FAB                 PAINT
091-1032                      ,"FLANGE GUSSET, BLK",Active,EA,,CUSTM,Custom Sales Price Group,,FAB                 PAINT
091-1033                      ,"HORIZONTAL ADAPTER TUBE, BLK",Active,EA,,PRO,Professional Sales Price Group,,FAB                 PAINT
091-1034                      ,"VERTICAL ADAPTER TUBE, BLK",Active,EA,,CUSTM,Custom Sales Price Group,,FAB                 PAINT
091-1035                      ,"SUPPORT TUBE HP447/HP455 WLDMNT,BLK",Active,EA,,PRO,Professional Sales Price Group,,FAB                 PAINT
091-1041                      ,"HORIZONTAL UPPER ADAPTER TUBE, BLK",Active,EA,,CUSTM,Custom Sales Price Group,,FAB                 PAINT
091-1103                      ,"DESKTOP SWIVEL TUBE WELDMENT, BLK",Active,EA,,PRO,Professional Sales Price Group,,FAB                 PAINT
091-1104                      ,"DESKTOP MOUNT RETAINING PLATE, BLK",Active,EA,,PRO,Professional Sales Price Group,,FAB                 PAINT
091-1137                      ,"DESKTOP BACK COVER FOR MIS655, BLK",Active,EA,,PRO,Professional Sales Price Group,,FAB                 PAINT
091-1207                      ,"BASE, TABLE TOP, BLK",No Request,EA,,PRO,Professional Sales Price Group,,FAB                 PAINT
091-1211                      ,"ADAPTER SUPPORT, BLK",No Purchases,EA,,PRO,Professional Sales Price Group,,FAB                 PAINT
091-1243                      ,"BRACKET ASSY, QUICK RELEASE, RH",No Purchases,EA,,PRO,Professional Sales Price Group,,FAB                 ASSYP
091-1244                      ,"BRACKET ASSY, QUICK RELEASE, LH",No Purchases,EA,,PRO,Professional Sales Price Group,,FAB                 ASSYP
095-0346                      ,"ADAPTER PLATE, ST630",No Request,EA,,PRO,Professional Sales Price Group,,FAB                 PUNCH
095-0351                      ,MINI TILT SINGLE-STUD WALL PLATE,No Request,EA,,PRO,Professional Sales Price Group,,FAB                 PUNCH
095-1422                      ,"CABLE SUPPORT BRACKET, MIS298, BLK",Active,EA,,PRO,Professional Sales Price Group,,FAB                 PAINT
095-1423                      ,"SWIVEL LOCK BRACKET, MIS298, BLK",Active,EA,,PRO,Professional Sales Price Group,,FAB                 PAINT
095-1817                      ,"COVER CABLE MANANGEMENT,4.25"",BLK",Active,EA,,PRO,Professional Sales Price Group,,PPA                      
095-1818                      ,"COVER CABLE MANANGEMENT,6.75"",BLK",Active,EA,,PRO,Professional Sales Price Group,,PPA                      
095-1982                      ,"WL PLT ADPT, SA/SP730/740/P,BLK",Active,EA,,PRO,Professional Sales Price Group,,FAB                 PAINT
095-4671                      ,"TOP VERTICAL BRACKET WELDMENT, SLV",Active,EA,,PRO,Professional Sales Price Group,,FAB                 WELD 
095-4673                      ,"BOTTOM VERTICAL BRACKET WLDMNT, SLV",Active,EA,,PRO,Professional Sales Price Group,,FAB                 PAINT
095-4688                      ,"MIDDLE VERTICAL BRACKET MIS621, SLV",Active,EA,,PRO,Professional Sales Price Group,,FAB                 PAINT
095-8105                      ,"FASTPACK, LARGE SCREEN SECURE, Geo Met Black",Active,EA,,PRO,Professional Sales Price Group,,FAST                     
095-8132-2                    ,FASTPACK FOR ACC450,Active,EA,,PRO,Professional Sales Price Group,,FAST                     
095-8712                      ,FAST PACK FOR MIS621,Active,EA,,PRO,Professional Sales Price Group,,FAST                     
095-8757                      ,FASTPACK FOR MIS745,Active,EA,,PRO,Professional Sales Price Group,,FAST                     
095-8803                      ,FASTPACK FOR DSF290,Active,EA,,PRO,Professional Sales Price Group,,FAST                     
095-8822                      ,FAST PACK FOR MIS942,Active,EA,,PRO,Professional Sales Price Group,,FAST                     
095-8823                      ,FAST PACK FOR DST995,Active,EA,,DS,Digital Signage,,FAST                     
095-8826                      ,FASTPACK FORM MIS655,Active,EA,,PRO,Professional Sales Price Group,,FAST                     
095-8835                      ,FAST PACK FOR FLAT HEAD WOOD SCREWS AND ANCHORS (4),No Purchases,EA,,PRO,Professional Sales Price Group,,FAST                     
095-8836                      ,FAST PACK FOR BIG WOOD SCREWS AND ANCHORS (4),No Purchases,EA,,PRO,Professional Sales Price Group,,FAST                     
095-8840                      ,"FASTPACK, 5 WOOD SCREWS",Active,EA,,PRO,Professional Sales Price Group,,FAST                     
095-P1590                     ,"200 X 100 ADATER BRACKET, GBLK",Active,EA,,PRO,Professional Sales Price Group,,FAB                 PAINT
095-P1989                     ,"IN WALL BOX ASSM, IM760, GBLK",Active,EA,,PRO,Professional Sales Price Group,,FAB                 ASSYP
095-SG1320                    ,"WALL PLATE, SF630/635, SGBLK",Active,EA,,PRO,Professional Sales Price Group,,FAB                 PAINT
096-0496                      ,"ADAPTER PLATE, PA762",Active,EA,,PRO,Professional Sales Price Group,,PPA                      
096-0501                      ,"BACK UP PLATE, LARGE SA LINE",Active,EA,,PRO,Professional Sales Price Group,,FAB                 LASER
096-1171                      ,"WING PLATE, 4X4, LEFT, BLK",Active,EA,,PRO,Professional Sales Price Group,,FAB                 PAINT
096-1172                      ,"WING PLATE, 4X4, RIGHT, BLK",Active,EA,,PRO,Professional Sales Price Group,,FAB                 PAINT
096-1173                      ,"BRACKET, 200 X 100 RH ADAPTER, BLK",Active,EA,,PRO,Professional Sales Price Group,,FAB                 PAINT
096-1174                      ,"BRACKET, 200 X 100 LH ADAPTER, BLK",Active,EA,,PRO,Professional Sales Price Group,,FAB                 PAINT
096-1209                      ,"WALL PLT ASY, HZ, 34""  SFL670, BLK",No Request,EA,,PRO,Professional Sales Price Group,,FAB                 PAINT
096-1235                      ,"SP850 WALL MT & ADPR PLT ASSY, BLK",Active,EA,,PRO,Professional Sales Price Group,,FAB                 ASSYP
096-1381                      ,"WALL PLATE, TVF624-637, BLK",No Request,EA,,PRO,Professional Sales Price Group,,FAB                 PAINT
096-1391                      ,"ASSEMB LY, TILT BRACKET, TVT646/665, LH, BLK",No Request,EA,,PRO,Professional Sales Price Group,,FAB                 ASSYP
096-1399                      ,"V200 UNIVERSAL PLATE, BLK",Active,EA,,PRO,Professional Sales Price Group,,FAB                 PAINT
096-1437                      ,"VERTICAL PLATE ASSEMBLY, UNIV. MOUNT, BLK",Active,EA,,PRO,Professional Sales Price Group,,FAB                 PAINT
096-1439                      ,"HORIZONTAL PLATE, UNIV. MOUNT, 600MM, BLK",Active,EA,,PRO,Professional Sales Price Group,,FAB                 PAINT
096-1440                      ,"PLATE NUT, M5 X 3.25, BLK OXIDE",Active,EA,,PRO,Professional Sales Price Group,,PPA                 NUTS 
096-1455                      ,"HORIZONTAL PLATE, UNIV. MOUNT, 400MM, BLK",Active,EA,,PRO,Professional Sales Price Group,,FAB                 PAINT
096-1641                      ,"LOCK HOOK, BLK",Active,EA,,PRO,Professional Sales Price Group,,FAB                 PAINT
096-1713                      ,"LOCKING TAB, SLAT WALL BLK",Active,EA,,PRO,Professional Sales Price Group,,FAB                 PAINT
096-2258                      ,"WALL PLATE, WHT",No Request,EA,,PRO,Professional Sales Price Group,,FAB                 PAINT
096-2260                      ,"BUMPER BRKT, WHT",No Request,EA,,PRO,Professional Sales Price Group,,FAB                 PAINT
096-8022                      ,"FASTPACK, WALL SIDE, SM FLAT, SEC",No Request,EA,,PRO,Professional Sales Price Group,,FAST                     
096-8024                      ,"FASTPACK, WALL SIDE, SA SM TILT, SEC",No Request,EA,,PRO,Professional Sales Price Group,,FAST                     
096-8025                      ,"FASTPACK, WALL SIDE, SA SM TILT, PHL",No Request,EA,,PRO,Professional Sales Price Group,,FAST                     
096-8028                      ,"FASTPACK, ACCESSORY, V400 WINGS",Active,EA,,PRO,Professional Sales Price Group,,FAST                     
096-8029                      ,"FASTPACK, ACCESSORY, V200 WINGS",Active,EA,,PRO,Professional Sales Price Group,,FAST                     
096-8061                      ,"FASTPACK, 4MM SECURITY DRIVER",Active,EA,,PRO,Professional Sales Price Group,,FAST                     
096-8062                      ,"FASTPACK, PA750",Active,EA,,PRO,Professional Sales Price Group,,FAST                     
096-8063                      ,"FASTPACK, ESA763PU",Active,EA,,PRO,Professional Sales Price Group,,FAST                     
096-8064                      ,"FASTPACK, PA750 ADDITIONAL",No Request,EA,,PRO,Professional Sales Price Group,,FAST                     
096-8065                      ,FASTPACK FOR IM760PU,Active,EA,,PRO,Professional Sales Price Group,,FAST                     
096-8072                      ,FASTPACK FOR HA746-STB,Active,EA,,PRO,Professional Sales Price Group,,FAST                     
096-8076                      ,FASTPACK FOR HA746-STB,Active,EA,,PRO,Professional Sales Price Group,,FAST                     
096-P1360                     ,"PLATE, ADAPTER, PT632, GBLK",Active,EA,,PRO,Professional Sales Price Group,,FAB                 PAINT
096-P1380                     ,"VESA STRIP, PA746, GBLK",Active,EA,,PRO,Professional Sales Price Group,,PPA                      
096-P1437                     ,"VERTICAL PLATE ASSEMBLY, UNIV. MOUNT, GL BLK",Active,EA,,PRO,Professional Sales Price Group,,FAB                 PAINT
096-P1439                     ,"HORIZONTAL PLATE, UNIV. MOUNT, 600MM, GL BLK",Active,EA,,PRO,Professional Sales Price Group,,FAB                 PAINT
096-P1496                     ,"ADAPTER PLATE, PA762, GBLK",Active,EA,,PRO,Professional Sales Price Group,,FAB                 PAINT
096-P1612                     ,"ASSEMBLY, ARM AND TILT HEAD, GBLK",Active,EA,,PRO,Professional Sales Price Group,,FAB                 ASSYP
096-SG1399                    ,"ADAPTER PLATE, SMART 635, SGBLK",Active,EA,,PRO,Professional Sales Price Group,,FAB                 PAINT
096-SG1467                    ,"V100 PLATE ASSY, SGBLK",No Purchases,EA,,PRO,Professional Sales Price Group,,FAB                 ASSYP
096-SG1473                    ,"ADAPTER ASSEMBLY, SA7XXPU, SGBLK",No Purchases,EA,,PRO,Professional Sales Price Group,,FAB                 ASSYP
096-T1614                     ,"ADP PLATE EPA762PU & EPA630, PRIME, TBLK",Active,EA,,PRO,Professional Sales Price Group,,FAB                 PAINT
096-T5571                     ,"SMART FLT 16.89"" SLIM SEC BKT ASY, E-COAT, TBLK DACOR",Active,EA,,PRO,Professional Sales Price Group,,FAB                 ASSYP
100-0110                      ,CEILING PLATE STUB,Active,EA,,PRO,Professional Sales Price Group,,FAB                 TUBE 
100-1035                      ,"U-BOLT CLAMP PEM ASY, BLK",Active,EA,,PRO,Professional Sales Price Group,,FAB                 ASSYP
100-1044                      ,"CEILING PLATE, CATHEDRAL, BLK",Active,EA,,PRO,Professional Sales Price Group,,FAB                 PAINT
100-1047                      ,"TILT PLATE, BLK",Active,EA,,PRO,Professional Sales Price Group,,FAB                 PAINT
100-1048                      ,"SUPPORT COLLAR, RAVEN BLK",Active,EA,,PRO,Professional Sales Price Group,,FAB                 PAINT
100-1057                      ,"I-BEAM CLAMP, BLK",Active,EA,,PRO,Professional Sales Price Group,,FAB                 PAINT
100-1065                      ,"EXTENSION POLE, 2"" OD, 1.0M LG, BLK",Active,EA,,PRO,Professional Sales Price Group,,FAB                 PAINT
100-1068                      ,"EXTENSION POLE, 2"" OD, 3.0M LG, BLK",Active,EA,,PRO,Professional Sales Price Group,,FAB                 PAINT
100-1069                      ,"TURN BOX FINAL ASY, BLK",Active,EA,,PRO,Professional Sales Price Group,,FAB                 ASSYP
100-1085                      ,"HORIZONTAL RAIL PEM ASY., BLK",No Request,EA,,PRO,Professional Sales Price Group,,FAB                 PAINT
100-1088                      ,"CLAMP HALF - MOD ASC2, BLK",Active,EA,,PRO,Professional Sales Price Group,,FAB                 PAINT
100-1091                      ,"TILT PLATE - MOD FMPS2/ FMPD2, BLK",Active,EA,,PRO,Professional Sales Price Group,,FAB                 PAINT
100-1097                      ,"WALL PLATE - MOD WP2, BLK",Active,EA,,PRO,Professional Sales Price Group,,FAB                 PAINT
100-1112                      ,"TILT BOX - MOD FPMS2 - ASY, BLK",Active,EA,,PRO,Professional Sales Price Group,,FAB                 ASSYP
100-1120                      ,"CEILING PLATE, SQ (7.4X6.8), BLK",Active,EA,,PRO,Professional Sales Price Group,,FAB                 PAINT
100-1125                      ,"TILT BOX, FINAL ASSEMBLY, BLK",Active,EA,,PRO,Professional Sales Price Group,,FAB                 ASSYP
100-1131                      ,"SCREEN STACKING CLAMP (HALF), BLK",Active,EA,,PRO,Professional Sales Price Group,,FAB                 PAINT
100-8004                      ,FASTPACK FOR ACC-CCP,Active,EA,,PRO,Professional Sales Price Group,,FAST                     
100-T1085                     ,"HORIZONTAL RAIL PEM ASY, TBLK",No Purchases,EA,,PRO,Professional Sales Price Group,,FAB                 PAINT
100-T1123                     ,"ADAPTER VERTICAL - MOD UNL2 - VERTICAL RIGHT, TBLK",No Purchases,EA,,PRO,Professional Sales Price Group,,FAB                 PAINT
100-T1124                     ,"ADAPTER VERTICAL - MOD UNL2 - VERTICAL LEFT, TBLK",No Purchases,EA,,PRO,Professional Sales Price Group,,FAB                 PAINT
10000819                      ,"CASTER, 3.94"" SINGLE WHEEL W/BRAKE",Inactive,EA,,PRO,Professional Sales Price Group,,PP                       
104-6114                      ,"STAND POST WELDMENT, BLK",Active,EA,,PRO,Professional Sales Price Group,,FAB                 PAINT
120-0185                      ,"BOX,IN WALL, IBA2, RAW",Active,EA,,PRO,Professional Sales Price Group,,FAB                 COMBO
120-0186                      ,"BOX,IN WALL, IBA3, RAW",Active,EA,,PRO,Professional Sales Price Group,,FAB                 COMBO
120-0187                      ,"PLATE, ELECTRICAL COVER, RAW",Active,EA,,PRO,Professional Sales Price Group,,FAB                 LASER
120-2187                      ,"PLATE, ELECTRICAL COVER, WHT",Active,EA,,PRO,Professional Sales Price Group,,FAB                 PAINT
120-8088-W                    ,FAST PACK FOR IBA2/3-W,Active,EA,,PRO,Professional Sales Price Group,,FAST                     
120-P1187                     ,"PLATE, ELECTRICAL COVER, GBLK",Active,EA,,PRO,Professional Sales Price Group,,FAB                 PAINT
124-1702                      ,"CABLE WALL BRACKET, MIS235, BLK",Active,EA,,PRO,Professional Sales Price Group,,FAB                 PAINT
124-1778                      ,"SPEAKER BRKT FOR MIS318, BLK",Active,EA,,PRO,Professional Sales Price Group,,FAB                 PAINT
124-1792                      ,"MIS 373 SWIVEL TUBE, BLK",Active,EA,,PRO,Professional Sales Price Group,,FAB                 PAINT
124-1796                      ,"MIS 373 BASE WELDMENT, BLK",Active,EA,,PRO,Professional Sales Price Group,,FAB                 PAINT
124-1818                      ,"SWIVEL LOCK ANGLE IRON BRKT, BLK",Active,EA,,PRO,Professional Sales Price Group,,FAB                 PAINT
124-1943                      ,"LFT VERT SPRT BRKT FOR MIS529, BLK",Active,EA,,PRO,Professional Sales Price Group,,FAB                 PAINT
124-1944                      ,"RT VERT SPRT BRKT FOR MIS529, BLK",Active,EA,,PRO,Professional Sales Price Group,,FAB                 PAINT
124-1945                      ,"SHELF ADJ BRKT FOR MIS529, BLK",Active,EA,,PRO,Professional Sales Price Group,,FAB                 PAINT
124-8762-1                    ,FAST PACK FOR MIS373,Active,EA,,PRO,Professional Sales Price Group,,FAST                     
124-8793                      ,FAST PACK FOR ACC-VW-XX,Active,EA,,PRO,Professional Sales Price Group,,FAST                     
124-8806-1                    ,FAST PACK FOR AVTV42 (EXPRS ANCH),Active,EA,,PRO,Professional Sales Price Group,,FAST                     
125-0459                      ,COMPUTER BOX COVER,Active,EA,,PRO,Professional Sales Price Group,,FAB                 COMBO
125-1459                      ,"COMPUTER BOX COVER, BLK",Active,EA,,PRO,Professional Sales Price Group,,FAB                 PAINT
125-1460                      ,SLIDE OUT PLATE FOR DMU50SM-02,Active,EA,,PRO,Professional Sales Price Group,,FAB                 PAINT
125-1469                      ,"HOOK ON BRACKET LFT FOR MIS819, BLK",Active,EA,,PRO,Professional Sales Price Group,,FAB                 PAINT
125-1470                      ,"HOOK ON BRACKET RT FOR MIS819, BLK",Active,EA,,PRO,Professional Sales Price Group,,FAB                 PAINT
125-1471                      ,"SIDE CONNECTION BRACKET FOR MIS819, BLK",Active,EA,,PRO,Professional Sales Price Group,,FAB                 PAINT
125-1473                      ,"STIFFENER PLATE FOR MIS819, BLK",Active,EA,,PRO,Professional Sales Price Group,,FAB                 PAINT
125-1474                      ,"CENTER CONNECTION BRACKET FOR MIS819, BLK",Active,EA,,PRO,Professional Sales Price Group,,FAB                 PAINT
125-1493                      ,"HOOK ON BRACKET FOR MIS818, BLK",Active,EA,,PRO,Professional Sales Price Group,,FAB                 PAINT
125-1498                      ,"HOOK ON BRKT ASSY FOR MIS818, BLK",Active,EA,,PRO,Professional Sales Price Group,,FAB                 ASSYP
125-1510                      ,"SIDE COVER FOR MIS937, BLK",Active,EA,,PRO,Professional Sales Price Group,,FAB                 PAINT
125-1512                      ,"RAIL FOR 4X1 CEILING MOUNT, BLK",Active,EA,,PRO,Professional Sales Price Group,,FAB                 PAINT
125-1595                      ,"COMPONENT PLATE, MIS807-4X4-Q10, BLK",Active,EA,,PRO,Professional Sales Price Group,,FAB                 PAINT
125-8051                      ,FAST PACK FOR ACCXT200/201,Active,EA,,PRO,Professional Sales Price Group,,FAST                     
125-8085                      ,FAST PACK FOR MIS8818,Active,EA,,PRO,Professional Sales Price Group,,FAST                     
125-P1571                     ,"WALL PLATE FOR LG-WMF86BH, GBLK",Active,EA,,PRO,Professional Sales Price Group,,FAB                 PAINT
126-1078                      ,"WALL PLATE, BLK",Active,EA,,PRO,Professional Sales Price Group,,FAB                 PAINT
126-1094                      ,ADJUSTMENT TUBE CAP ASSEMBLY FOR MIS33759,Active,EA,,PRO,Professional Sales Price Group,,FAB                 ASSYP
126-T1078                     ,WALL PLATE PAINTED,Active,EA,,PRO,Professional Sales Price Group,,FAB                 PAINT
130-1011                      ,"SIGNAGE BRACKET, PIC-NGTV-01, BLK",Active,EA,,PRO,Professional Sales Price Group,,FAB                 PAINT
130-1018                      ,"SAFETY COVER , PIC-NGTV-01,04, BLK",Active,EA,,PRO,Professional Sales Price Group,,FAB                 PAINT
130-1019                      ,"SPEAKER BRACKET , PIC-NGTV-01, BLK",Active,EA,,PRO,Professional Sales Price Group,,FAB                 PAINT
130-1050                      ,"SIGNAGE BRACKET, PIC-NGTV-03, BLK",Active,EA,,PRO,Professional Sales Price Group,,FAB                 PAINT
130-1060                      ,"COMPLIANCE COVER , PIC-NGTV-04, BLK",Active,EA,,PRO,Professional Sales Price Group,,FAB                 PAINT
130-1500                      ,"YAW LOCK BRACKET FOR 080000350, BLK",Active,EA,,PRO,Professional Sales Price Group,,FAB                 PAINT
130-T1414                     ,"HOOK BRKT ASSY RH, 080000274, TBLK",Active,EA,,PRO,Professional Sales Price Group,,FAB                 ASSYP
130-T1416                     ,"HOOK BRKT ASSY LH, 080000274, TBLK",Active,EA,,PRO,Professional Sales Price Group,,FAB                 ASSYP
135-8005                      ,FASTPACK FOR MIS334,Active,EA,,PRO,Professional Sales Price Group,,FAST                     
139-8015                      ,FAST PACK FOR PLB-1,Active,EA,,PRO,Professional Sales Price Group,,FAST                     
145-0299                      ,VERTICAL SPACER FOR DS-VWS013 POR,Active,EA,,PRO,Professional Sales Price Group,,FAB                 LASER
145-0323                      ,HORIZONTAL SPACER FOR DS-VWS013 POR,Active,EA,,PRO,Professional Sales Price Group,,FAB                 LASER
145-0347                      ,UPPER ADAPTER BRKT FOR MIS741,Active,EA,,PRO,Professional Sales Price Group,,FAB                 LASER
145-0348                      ,LOWER ADAPTER BRKT FOR MIS741,Active,EA,,PRO,Professional Sales Price Group,,FAB                 LASER
145-0441                      ,HORIZONTAL SPACER FOR DS-VWS40 POR,Active,EA,,PRO,Professional Sales Price Group,,FAB                 LASER
145-0931                      ,"SHELF,COMPUTER DS-VWC, RAW",Active,EA,,PRO,Professional Sales Price Group,,FAB                 LASER
145-1049                      ,"WALL PLATE ASSM FOR DST360, BLK",Active,EA,,PRO,Professional Sales Price Group,,FAB                 ASSYP
145-1053                      ,"TILT ADAPTER PLATE FOR DS509, BLK",Active,EA,,PRO,Professional Sales Price Group,,FAB                 PAINT
145-1055                      ,"DS509 WALL PLATE ASSY, BLK",Active,EA,,PRO,Professional Sales Price Group,,FAB                 ASSYP
145-1114                      ,HORIZONTAL SPACER FOR DS-VWS009 BLK,Active,EA,,PRO,Professional Sales Price Group,,FAB                 PAINT
145-1115                      ,VERTICAL SPACER FOR DS-VWS009 BLK,Active,EA,,PRO,Professional Sales Price Group,,FAB                 PAINT
145-1200                      ,"VERTICAL ADAPTER RAILS DS-VW650,BLK",Active,EA,,PRO,Professional Sales Price Group,,FAB                 PAINT
145-1201                      ,"LOCK BRACKET FOR DS-VW650, BLK",Active,EA,,PRO,Professional Sales Price Group,,FAB                 PAINT
145-1238                      ,"RIVET ASSY FOR DS-VWC560, BLK",Active,EA,,PRO,Professional Sales Price Group,,FAB                 ASSYP
145-1299                      ,"VERT SPACER FOR DS-VWS013 POR, BLK",Active,EA,,PRO,Professional Sales Price Group,,FAB                 PAINT
145-1347                      ,"UPPER ADAPTER BRKT FOR MIS741, BLK",Active,EA,,PRO,Professional Sales Price Group,,FAB                 PAINT
145-1348                      ,"LOWER ADAPTER BRKT FOR MIS741, BLK",Active,EA,,PRO,Professional Sales Price Group,,FAB                 PAINT
145-1350                      ,"HORIZONTAL SPACER, DS-VWS040, BLK",Active,EA,,PRO,Professional Sales Price Group,,FAB                 PAINT
145-1351                      ,"VERTICAL SPACER FOR DS-VWS040, BLK",Active,EA,,PRO,Professional Sales Price Group,,FAB                 PAINT
145-1403                      ,"HORIZONTAL SPACER FOR DS-VWS045,BLK",Active,EA,,PRO,Professional Sales Price Group,,FAB                 PAINT
145-1404                      ,"VERTICAL SPACER FOR DS-VWS045,BLK",Active,EA,,PRO,Professional Sales Price Group,,FAB                 PAINT
145-1405                      ,"HOR SPACER FOR DS-VWS045 POR, BLK",Active,EA,,PRO,Professional Sales Price Group,,FAB                 PAINT
145-1406                      ,"VERT SPACER FOR DS-VWS045 POR, BLK",Active,EA,,PRO,Professional Sales Price Group,,FAB                 PAINT
145-1452                      ,"FAB, MAIN COVER PLT FOR DST965, BLK",Active,EA,,PRO,Professional Sales Price Group,,FAB                 PAINT
145-1453                      ,"FAB, SIDE COVER PLT FOR DST965, BLK",Active,EA,,PRO,Professional Sales Price Group,,FAB                 PAINT
145-1454                      ,"FAB, BOTTOM COVER PLT, DST965, BLK",Active,EA,,PRO,Professional Sales Price Group,,FAB                 PAINT
145-1461                      ,"TILT PLATE FOR DST660, BLK",Active,EA,,PRO,Professional Sales Price Group,,FAB                 PAINT
145-1463                      ,"ADAPTER RAIL PEM ASY FOR DST660,BLK",Active,EA,,PRO,Professional Sales Price Group,,FAB                 PAINT
145-1779                      ,"ADAPTER ASSEMBLY FOR MOSAIC, BLK",Active,EA,,PRO,Professional Sales Price Group,,FAB                 ASSYP
145-1782                      ,"MAIN SUPPORT BOX RIVET/WLD ASSY, DST995, BLK",Active,EA,,PRO,Professional Sales Price Group,,FAB                 PAINT
145-8008-1                    ,FASTPACK1 FOR DST360 (EXPRS ANCH),Active,EA,,PRO,Professional Sales Price Group,,FAST                     
145-8009                      ,FASTPACK2 FOR DST360,Active,EA,,PRO,Professional Sales Price Group,,FAST                     
145-8010                      ,FASTPACK3 FOR DST360,Active,EA,,PRO,Professional Sales Price Group,,FAST                     
145-8019                      ,FASTPACK FOR DS-VW650,Active,EA,,PRO,Professional Sales Price Group,,FAST                     
145-8029-2                    ,FAST PACK FOR VIDEO WALL,Active,EA,,DS,Digital Signage,,FAST                     
145-8050-1                    ,FAST PACK FOR ACC-V400X,Active,EA,,PRO,Professional Sales Price Group,,FAST                     
145-8052                      ,FAST PACK FOR DST965,Active,EA,,PRO,Professional Sales Price Group,,FAST                     
145-8076                      ,FAST PACK FOR MOSAIC,Active,EA,,PRO,Professional Sales Price Group,,FAST                     
145-8078                      ,FAST PACK FOR QUICK RELEASE,Active,EA,,PRO,Professional Sales Price Group,,FAST                     
145-8080-1                    ,FAST PACK FOR DS-C560-2X2,Active,EA,,PRO,Professional Sales Price Group,,FAST                     
145-8082-1                    ,FAST PACK FOR DS-C555-3X3,Active,EA,,PRO,Professional Sales Price Group,,FAST                     
145-8088                      ,FAST PACK FOR CEILING MOUNTS 4 SCREEN,Active,EA,,PRO,Professional Sales Price Group,,FAST                     
145-8093-1                    ,FAST PACK FOR DS-S555-3X3,Active,EA,,DS,Digital Signage,,FAST                     
145-8097                      ,FAST PACK FOR DS-MB%,Active,EA,,PRO,Professional Sales Price Group,,FAST                     
145-8109                      ,FASTPACK FOR DS-C560-1X3,Active,EA,,DS,Digital Signage,,FAST                     
145-8113                      ,FASTPACK FOR ACC-M835,Active,EA,,PRO,Professional Sales Price Group,,FAST                     
145-8116                      ,FASTPACK FOR ACC-M840,Active,EA,,PRO,Professional Sales Price Group,,FAST                     
145-8120                      ,"FASTPACK, SCREEN SIDE FOR VIDEO WALL",Active,EA,,DS,Digital Signage,,FAST                     
145-T1262                     ,"KNOB BRACKET, TBLK",Active,EA,,PRO,Professional Sales Price Group,,FAB                 PAINT
145-T1578                     ,"RAIL ASSEMBLY FOR DS-VW655, TBLK",Active,EA,,PRO,Professional Sales Price Group,,FAB                 ASSYP
145-T1767                     ,"BASE LEG, ALUM DS-VWC, TBLK",Active,EA,,PRO,Professional Sales Price Group,,FAB                 PAINT
145-T1778                     ,"EXTENSION EXTRUSION, 18"", TBLK",Active,EA,,PRO,Professional Sales Price Group,,FAB                 PAINT
145-T1785                     ,"EXTRUSION, HORIZONTAL, 60, TBLK",Active,EA,,PRO,Professional Sales Price Group,,FAB                 PAINT
145-T1799                     ,"BRACKET, WHEEL SUPPORT,DS-VWC,TBLK",Active,EA,,PRO,Professional Sales Price Group,,FAB                 PAINT
145-T1806                     ,"BRACKET,VERTICAL SUPPORT,DS-VWC,TBLK",Active,EA,,PRO,Professional Sales Price Group,,FAB                 PAINT
145-T1807                     ,"BRACKET, SIDE SUPPORT, DS-VWC,TBLK",Active,EA,,PRO,Professional Sales Price Group,,FAB                 PAINT
145-T1809                     ,"COVER, EXTRUSION END, DS-VWC,TBLK",Active,EA,,PRO,Professional Sales Price Group,,FAB                 PAINT
145-T1812                     ,"WELDMENT, VERTICAL SUPPORT, TBLK",Active,EA,,PRO,Professional Sales Price Group,,FAB                 PAINT
145-T1816                     ,"WELDMENT, 40"" RAIL,DS-VWC, TBLK",Active,EA,,PRO,Professional Sales Price Group,,FAB                 PAINT
145-T1821                     ,"PLATE CONNECTION W/PEMS,DS-VWM,TBLK",Active,EA,,PRO,Professional Sales Price Group,,FAB                 PAINT
145-T1858                     ,"BRACKET, 4X2 CONFIG, DS-VWC, TBLK",Active,EA,,PRO,Professional Sales Price Group,,FAB                 PAINT
145-T1924                     ,"ASSEMBLY DUAL RAIL, DS-VWC, TBLK",Active,EA,,PRO,Professional Sales Price Group,,FAB                 ASSYP
145-T1930                     ,"COVER, COMPUTER DS-VWC, TBLK",Active,EA,,PRO,Professional Sales Price Group,,FAB                 PAINT
145-T1931                     ,"SHELF,COMPUTER DS-VWC,TBLK",Active,EA,,PRO,Professional Sales Price Group,,FAB                 PAINT
145-T1935                     ,"WELDMENT, EXTENSION ADAPTER, TBLK",Active,EA,,PRO,Professional Sales Price Group,,FAB                 PAINT
145-T1936                     ,"M5, LOCKING TAB,DS-VWM, TBLK",Active,EA,,PRO,Professional Sales Price Group,,FAB                 PAINT
146-0065                      ,"WELDMENT - CENTER SUPPORT, 4 POSITION",Active,EA,,PRO,Professional Sales Price Group,,FAB                 WELD 
146-0131                      ,"COLUMN, FLOOR MOUNTED, 72"" LONG",Active,EA,,PRO,Professional Sales Price Group,,FAB                 TOOL 
146-0286                      ,"FRAME WALL, 38"" W/KEYHOLE, WELDED ASSY",Active,EA,,PRO,Professional Sales Price Group,,FAB                 WELD 
146-0369                      ,"FRAME 35"", W/KEYHOLE & UNISTRUT SLOTS, WELDMENT ASSY",No Request,EA,,PRO,Professional Sales Price Group,,PP                       
146-1065                      ,"WELDMENT, CENTER SUPPORT, 4 POSITION, BLK",Active,EA,,PRO,Professional Sales Price Group,,FAB                 PAINT
146-1069                      ,"WELDMENT- GUSSET ARM, BLK",Active,EA,,PRO,Professional Sales Price Group,,FAB                 PAINT
146-1074                      ,"COVER, BLK",Active,EA,,PRO,Professional Sales Price Group,,FAB                 PAINT
146-1156                      ,"COVER BRACKET, BLK",Active,EA,,PRO,Professional Sales Price Group,,FAB                 PAINT
146-1285                      ,"FRAME WALL, 35"" W/KEYHOLE, WELDED ASSY, BLK",Active,EA,,PRO,Professional Sales Price Group,,FAB                 PAINT
146-1319                      ,"NUT BAR, M8 x 2.00"",BLK",Active,EA,,PRO,Professional Sales Price Group,,FAB                      
146-1369                      ,"FRAME 35"", W/KEYHOLE & UNISTRUT SLOTS, WELDMENT ASSY, BLK",Active,EA,,PRO,Professional Sales Price Group,,PPA                      
146-1388                      ,"ADAPTER ARM ASSEMBLY, BLK",Active,EA,,PRO,Professional Sales Price Group,,FAB                 ASSYP
146-1390                      ,"WELDMENT, ADAPTER ARM, BLK",Active,EA,,PRO,Professional Sales Price Group,,FAB                 PAINT
146-1434                      ,"POST WELDMENT - ACC-MBF, BLK",Active,EA,,PRO,Professional Sales Price Group,,FAB                 PAINT
146-1596                      ,"HORIZONTAL RAIL, DS-VW655-2X2, BLK",Active,EA,,PRO,Professional Sales Price Group,,FAB                 PAINT
146-1597                      ,"VERTICAL SUPPORT, DS-VW655-2X2, BLK",Active,EA,,PRO,Professional Sales Price Group,,FAB                 PAINT
146-1598                      ,"JOINT BAR, DS-VW655-2X2, BLK",Active,EA,,PRO,Professional Sales Price Group,,FAB                 PAINT
146-1666                      ,"ASSEMBLY, HOOK ON BRACKET FOR DS-VW655-2X2, BLK",Active,EA,,PRO,Professional Sales Price Group,,FAB                 ASSYP
146-1889                      ,"WALL PLATE WELDMENT, LARGE FOR SAMSUMG IF MOUNT, BLK",Active,EA,,DS,Digital Signage,,FAB                 PAINT
146-1891                      ,"WALL PLATE WELDMENT, SMALL FOR SAMSUNG IF MOUNT, BLK",Active,EA,,DS,Digital Signage,,FAB                 PAINT
146-8001-1                    ,"FASTPACK, WALL SIDE, DS-VW755S",No Request,EA,,PRO,Professional Sales Price Group,,FAST                     
146-8003                      ,"FASTPACK, ACC-V600X800",Active,EA,,PRO,Professional Sales Price Group,,FAST                     
146-8004-1                    ,"FASTPACK, DS-VWSUPREME",Active,EA,,PRO,Professional Sales Price Group,,FAST                     
146-8005                      ,"FASTPACK, DS-VWRS",Active,EA,,DS,Digital Signage,,FAST                     
146-8015                      ,FASTPACK FOR 500-1020,Active,EA,,PRO,Professional Sales Price Group,,FAST                     
146-8019                      ,FASTPACK FOR DS-S5%-3X% & DS-C5%-3X%,Active,EA,,PRO,Professional Sales Price Group,,FAST                     
146-P1394                     ,"SPACER, PT640, MENU BOARD, 46""",Active,EA,,PRO,Professional Sales Price Group,,FAB                 PAINT
146-T1131                     ,"COLUMN, FLOOR MOUNTED, 72"" LONG",Active,EA,,PRO,Professional Sales Price Group,,FAB                 PAINT
146-T1489                     ,"ADAPTER BRACKET ASSEMBLY, RIGHT - DS-VW755S, TBLK",No Request,EA,,PRO,Professional Sales Price Group,,FAB                      
146-T1490                     ,"ADAPTER BRACKET ASSEMBLY, LEFT - DS-VW755S, TBLK",No Request,EA,,PRO,Professional Sales Price Group,,FAB                      
146-T1802                     ,"600mm DISPLAY ADAPTER FOR DSF265L, TBLK",Active,EA,,DS,Digital Signage,,FAB                 PAINT
146-T1863                     ,"ADAPTER 600 X 400 RAIL PEM ASSEMBLY, TBLK",Active,EA,,PRO,Professional Sales Price Group,,FAB                 PAINT
146-T1904                     ,"WELDMENT, 40IN RAIL, DS-(C)(S)5%, TBLK",Active,EA,,PRO,Professional Sales Price Group,,FAB                 PAINT
146-T1905                     ,"ASSEMBLY DUAL RAIL, DS-(C)(S)5%, TBLK",Active,EA,,PRO,Professional Sales Price Group,,FAB                 ASSYP
147-1030                      ,"WALL PLATE SHIM FOR SAMSUNG IF MOUNT, BLK",Active,EA,,PRO,Professional Sales Price Group,,FAB                 PAINT
147-1483                      ,"EXTENSION BRACKET, JELCO, BLK",Active,EA,,PRO,Professional Sales Price Group,,FAB                 PAINT
147-1485                      ,"EXTENSION ARM, JELCO, BLK",Active,EA,,PRO,Professional Sales Price Group,,FAB                 PAINT
150-0013                      ,"LOCK CATCH, KIOSKS, PORTRAIT",Active,EA,,PRO,Professional Sales Price Group,,FAB                 LASER
150-4029                      ,"DOOR, PORTRAIT, FRONT 55 KIOSK, SLV",Active,EA,,PRO,Professional Sales Price Group,,FAB                 PAINT
150-4030                      ,"DOOR, PORTRAIT, REAR 55 KIOSK, SLV",Active,EA,,PRO,Professional Sales Price Group,,FAB                 PAINT
150-4102                      ,"DOOR, REAR, LAND., FOR KIL540, KIL542, KIL546, KIL547 KIOSKS, SLV",Active,EA,,PRO,Professional Sales Price Group,,FAB                 PAINT
150-P1029                     ,"DOOR, PORTRAIT, FRONT 55 KIOSK, GBLK",Active,EA,,PRO,Professional Sales Price Group,,FAB                 PAINT
150-T1026                     ,"CROSS BRACE, SCREEN SUPPORT, SLOTTED, 55 KIOSK, TBLK",Active,EA,,PRO,Professional Sales Price Group,,FAB                 PAINT
150-T1027                     ,"CROSS BRACE, SCREEN SUPPORT, TOP, 55 KIOSK, TBLK",Active,EA,,PRO,Professional Sales Price Group,,FAB                 PAINT
150-T1028                     ,"RAIL, SCREEN MTG, VERT., 55 KIOSK, TBLK",Active,EA,,PRO,Professional Sales Price Group,,FAB                 PAINT
150-T1107                     ,"BRACKET, DEPTH ADJ., LAND., FOR KIL5XX, KIL6XX, KIP6XX KIOSKS, BLK",Active,EA,,PRO,Professional Sales Price Group,,FAB                 PAINT
150-T1177                     ,"ADJUSTMENT BRACKET, ASSY, FOR KIL5XX, KIL6XX, KIP6XX KIOSKS, TBLK",Active,EA,,PRO,Professional Sales Price Group,,FAB                 ASSYP
150-T1682                     ,"LANDSCAPE SCREEN MOUNT BRACKET ASSY., TXTBLK",Active,EA,,PRO,Professional Sales Price Group,,FAB                 ASSYP
150-T1689                     ,"PORTRAIT SCREEN MOUNT BRACKET ASSY., TXTBLK",Active,EA,,PRO,Professional Sales Price Group,,FAB                 ASSYP
152-0047                      ,KOP25% PERF. RIVET PLATE,Active,EA,,PRO,Professional Sales Price Group,,FAB                 COMBO
154-0157                      ,"TUBE, ADJ EXT - 23 INCH",Active,EA,,PRO,Professional Sales Price Group,,FAB                 TUBE 
154-0166                      ,"TUBE, ADJUSTMENT - 15 INCH",Active,EA,,PRO,Professional Sales Price Group,,PPA                      
180-0601-2                    ,43 XHB (VENTED) Z-FRAME PEM ASY,Active,EA,,PRO,Professional Sales Price Group,,FAB                 ASSYP
180-0619                      ,"PIONEER TS-G1320S G-SERIES 5.25"" 250-WATT SPEAKER, 2 PER BOX",Inactive,EA,,PRO,Professional Sales Price Group,,PP                  ELECT
180-0623-2                    ,55 XHB (VENTED) Z-FRAME PEM ASY,No Purchases,EA,,PRO,Professional Sales Price Group,,FAB                 ASSYP
180-0642                      ,EDGE LIT THERMAL BAR 49 XHB DISPLAY,No Purchases,EA,,ET DD,ET Dealer / Distributor Pricing,,PP                  ELECT
180-0713                      ,"SPEAKER KIT, WATERPROOF, 4"" DUAL CONE, 100W (2 SPKRS, WIRE)",Active,EA,,PRO,Professional Sales Price Group,,PP                  ELECT
180-0717                      ,ISM INTEL NUC MEDIA PLAYER,Active,EA,,PRO,Professional Sales Price Group,,PP                  ELECT
180-1085                      ,"AMPLIFIER, 25X2 - 2 INPUT",Active,EA,,PRO,Professional Sales Price Group,,PP                  ELECT
180-W1608                     ,"43 XHB SHELL PEM ASY, WRINKLE BLACK",Active,EA,,ET DD,ET Dealer / Distributor Pricing,,FAB                 ASSYP
180-W1610L                    ,"43 XHB FRONT ASY, WRINKLE BLACK, Landscape",Active,EA,,ET DD,ET Dealer / Distributor Pricing,,PP                  ELECT
180-W1615-1                   ,"49 XHB SHELL PEM ASY, WRINKLE BLACK",Active,EA,,ET DD,ET Dealer / Distributor Pricing,,FAB                 PAINT
180-W1622                     ,"55 XHB SHELL PEM ASY, WRINKLE BLACK",No Purchases,EA,,ET DD,ET Dealer / Distributor Pricing,,FAB                 ASSYP
180-W1644                     ,"XHB2 REAR ACCESS COVER PEM ASY, WRINKLE BLACK",No Purchases,EA,,PRO,Professional Sales Price Group,,FAB                 PAINT
180-W1661-1                   ,49 XHB BACKPACK ASSEMBLY,Active,EA,,ET DD,ET Dealer / Distributor Pricing,,FAB                 ASSYP
180-W1662-1                   ,55 XHB BACKPACK ASSEMBLY,No Purchases,EA,,ET DD,ET Dealer / Distributor Pricing,,FAB                 ASSYP
180-W1666                     ,"XHB2 BACKPACK LONG STIFFENER, WRINKLE BLACK",No Purchases,EA,,ET DD,ET Dealer / Distributor Pricing,,FAB                 PAINT
180-W1667                     ,"XHB2 BACKPACK SHORT STIFFENER, WRINKLE BLACK",No Purchases,EA,,ET DD,ET Dealer / Distributor Pricing,,FAB                 PAINT
200-0797                      ,"SF640 FLAT UNIV WALL PLATE, RAW",Active,EA,,PRO,Professional Sales Price Group,,FAB                 COMBO
200-0860                      ,FLAT DED. INTERFACE PLATE ASSY,Active,EA,,PRO,Professional Sales Price Group,,FAB                 ASSYP
200-1796                      ,"SF660 FLAT UNIV WALL PLATE, BLK",Active,EA,,PRO,Professional Sales Price Group,,FAB                 PAINT
200-8404-3                    ,"FASTPACK, LARGE SCREEN-SIDE SECURE",Active,EA,,PRO,Professional Sales Price Group,,FAST                     
200-8406-3                    ,"FASTPACK, MINI SCREEN-SIDE SECURE",Active,EA,,PRO,Professional Sales Price Group,,FAST                     
200-8407-3                    ,"FASTPACK, MINI SCREEN-SIDE NON-SEC",Active,EA,,PRO,Professional Sales Price Group,,FAST                     
200-8476-1                    ,"FASTPACK (4) M10 X 15 SKT BTTN, BLK",Active,EA,,PRO,Professional Sales Price Group,,FAST                     
200-8501A                     ,FAST PACK FOR PL/PLC-PH37,Active,EA,,PRO,Professional Sales Price Group,,FAST                     
200-8516-1                    ,FASTPACK SUPPLMT LARGE SMART SECURE,No Request,EA,,PRO,Professional Sales Price Group,,FAST                     
200-8517-1                    ,FASTPACK SUPPLMT LARGE SMART NONSEC,No Request,EA,,PRO,Professional Sales Price Group,,FAST                     
200-8524-2                    ,"FASTPACK, PLAV70",Active,EA,,PRO,Professional Sales Price Group,,FAST                     
200-8525-2                    ,"FASTPACK, PLA60",Active,EA,,PRO,Professional Sales Price Group,,FAST                     
200-8536-2                    ,"FASTPACK, PLA50",Active,EA,,PRO,Professional Sales Price Group,,FAST                     
200-8605-1                    ,FASTPACK FOR PLP-V2X2,Active,EA,,PRO,Professional Sales Price Group,,FAST                     
200-8640                      ,FASTPACK FOR PLP-V4X3  M8 SCREWS,Active,EA,,PRO,Professional Sales Price Group,,FAST                     
200-8645                      ,"FASTPACK, SP850 NON-SEC, EXPRS ANCH",Active,EA,,PRO,Professional Sales Price Group,,FAST                     
200-8651-1                    ,"FASTPACK, SCREEN SIDE, NON-SEC, BAG",Active,EA,,PRO,Professional Sales Price Group,,FAST                     
200-8652-1                    ,"FASTPACK, SCREEN SIDE, SEC, BAG",Active,EA,,PRO,Professional Sales Price Group,,FAST                     
200-8654                      ,"FASTPACK, 2 WOOD SCREWS & ANCHORS",Active,EA,,PRO,Professional Sales Price Group,,FAST                     
200-8662                      ,"FASTPACK, SCREEN SIDE, V75/100, PHL",Active,EA,,PRO,Professional Sales Price Group,,FAST                     
200-8663                      ,"FASTPACK, SCREEN SIDE, V75/100, SEC",Active,EA,,PRO,Professional Sales Price Group,,FAST                     
200-8664-1                    ,"FASTPACK, SCREEN SIDE, V200 TO 800X400, PHL",Active,EA,,PRO,Professional Sales Price Group,,FAST                     
200-8665-1                    ,"FASTPACK, SCREEN SIDE, V200/V800X400, SEC",Active,EA,,PRO,Professional Sales Price Group,,FAST                     
200-8666                      ,"FASTPACK, SCREEN SIDE, XL, PHL",Active,EA,,PRO,Professional Sales Price Group,,FAST                     
200-8667                      ,"FASTPACK, SCREEN SIDE, XL, SEC",Active,EA,,PRO,Professional Sales Price Group,,FAST                     
200-8668                      ,"FASTPACK, 2 WOOD SCR & ANCHR, RETAIL",Active,EA,,PRO,Professional Sales Price Group,,FAST                     
200-8669                      ,"FASTPACK, 4 WOOD SCR & ANCHR, RETAIL",No Request,EA,,PRO,Professional Sales Price Group,,FAST                     
200-8678                      ,FAST PACK FOR TVA746,No Request,EA,,PRO,Professional Sales Price Group,,FAST                     
200-8679                      ,FAST PACK FOR TVA765,No Request,EA,,PRO,Professional Sales Price Group,,FAST                     
200-8684                      ,FAST PACK FOR PLP-UNL & PLP-UNM,Active,EA,,PRO,Professional Sales Price Group,,FAST                     
200-8698                      ,FAST PACK FOR SP840,Active,EA,,PRO,Professional Sales Price Group,,FAST                     
200-8701                      ,FASTPACK M8X50MM SPB,Active,EA,,PRO,Professional Sales Price Group,,FAST                     
200-8703                      ,"FASTPACK, SCREEN SIDE, XL, SEC w/M8x50",Active,EA,,PRO,Professional Sales Price Group,,FAST                     
200-8704                      ,"FASTPACK, SCREEN SIDE, XL, PHL w/M8x50",Active,EA,,PRO,Professional Sales Price Group,,FAST                     
200-8750                      ,FASTPACK FOR PTM400,Active,EA,,PRO,Professional Sales Price Group,,FAST                     
200-T5946                     ,"680 FLAT BRKT ASSY, SEC BLK",Active,EA,,PRO,Professional Sales Price Group,,FAB                 ASSYP
201-0020                      ,FPZ CARRAIGE WELDMNT,Active,EA,,PRO,Professional Sales Price Group,,FAB                 WELD 
201-0062                      ,CEILING ARM BOX WELDED,Active,EA,,PRO,Professional Sales Price Group,,FAB                 WELD 
201-0437                      ,"ADPT BRKT, ST640, RAW",Active,EA,,PRO,Professional Sales Price Group,,FAB                 PUNCH
201-0449                      ,"HOOK BRKT ST635,640,650,660 RAW",Active,EA,,PRO,Professional Sales Price Group,,FAB                 PUNCH
201-0944                      ,"660 OPEN WALL PLT, ASSY",No Request,EA,,PRO,Professional Sales Price Group,,FAB                 PUNCH
201-0946                      ,"640 OPEN WALL PLT, ASSY",Active,EA,,PRO,Professional Sales Price Group,,FAB                 PUNCH
201-1020                      ,"FPZ CARRAIGE WELDMNT, BLK",Active,EA,,PRO,Professional Sales Price Group,,FAB                 PAINT
201-1037                      ,"FPZ BASE, WELDMNT, BLK",Active,EA,,PRO,Professional Sales Price Group,,FAB                 PAINT
201-1040                      ,"WALL PLATE ASSY, PLA60/V60/V70, BLK",Active,EA,,PRO,Professional Sales Price Group,,FAB                 ASSYP
201-1041                      ,AXIAL TUBE - WALL PLATE (BLK OXIDE),Active,EA,,PRO,Professional Sales Price Group,,PP                       
201-1042                      ,"TILT-TO-ROLL ASSY, PLAV70 BLK",Active,EA,,PRO,Professional Sales Price Group,,FAB                 ASSYP
201-1044                      ,"PLAV70 ARMS & HEAD ASSY, BLK",Active,EA,,PRO,Professional Sales Price Group,,FAB                 ASSYP
201-1049                      ,"PLAV60 ARM & HEAD ASSY, BLK",Active,EA,,PRO,Professional Sales Price Group,,FAB                 ASSYP
201-1062                      ,"CEILING ARM BOX WELDED, BLK",Active,EA,,PRO,Professional Sales Price Group,,FAB                 PAINT
201-1090                      ,"SWIVEL BOX - PLA50/60 WLD, BLK",Active,EA,,PRO,Professional Sales Price Group,,FAB                 PAINT
201-1093                      ,"TILT-TO-ROLL ASSY, PLA50/60 BLK",Active,EA,,PRO,Professional Sales Price Group,,FAB                 ASSYP
201-1095                      ,"WALL PLATE ASSY: PLA50, BLK",Active,EA,,PRO,Professional Sales Price Group,,FAB                 ASSYP
201-1109                      ,"LARGE UNIVERSAL PLP MAIN PLATE, BLK",Active,EA,,PRO,Professional Sales Price Group,,FAB                 PAINT
201-1110                      ,"LARGE UNIVERSAL PLP PLATE, BLK",Active,EA,,PRO,Professional Sales Price Group,,FAB                 PAINT
201-1198                      ,"CMPTR MNT ATTCHMNT BRKT MIS334, BLK",Active,EA,,PRO,Professional Sales Price Group,,FAB                 PAINT
201-1199                      ,"CLAMP BRACKET MIS334, BLK",Active,EA,,PRO,Professional Sales Price Group,,FAB                 PAINT
201-1204                      ,"LOCK TAB FOR PANA-103MTV, BLK",Active,EA,,PRO,Professional Sales Price Group,,FAB                 PAINT
201-1461                      ,TILT ASSY ST635 LH NON SEC BLK,Active,EA,,PRO,Professional Sales Price Group,,FAB                 ASSYP
201-1465                      ,TILT ASSY ST640 LH NON SEC BLK,Active,EA,,PRO,Professional Sales Price Group,,FAB                 ASSYP
201-1467                      ,TILT ASSY ST640 RH NON SEC BLK,Active,EA,,PRO,Professional Sales Price Group,,FAB                 ASSYP
201-1474                      ,TILT ASSY ST670 LH  SEC BLK,Active,EA,,PRO,Professional Sales Price Group,,FAB                 ASSYP
201-1476                      ,TILT ASSY ST670 RH  SEC BLK,Active,EA,,PRO,Professional Sales Price Group,,FAB                 ASSYP
201-1506                      ,"SMART635 OPEN WALL PLT, ASSY, BLK",Active,EA,,PRO,Professional Sales Price Group,,FAB                 PAINT
201-1552                      ,"LG  DVD/VCR HANGING BRKT UPRHT, BLK",Active,EA,,PRO,Professional Sales Price Group,,FAB                 PAINT
201-1554                      ,"LG  DVD/VCR HANGING BRKT PLATE, BLK",Active,EA,,PRO,Professional Sales Price Group,,FAB                 PAINT
201-1590                      ,"FAB, PLASMA ADPR FOR - V3X3, BLK",Active,EA,,PRO,Professional Sales Price Group,,FAB                 PAINT
201-1600                      ,"PLASMA ADPR FOR - V4X4, BLK",Active,EA,,PRO,Professional Sales Price Group,,FAB                 PAINT
201-1692                      ,ADAPTER PLATE FOR PANA-85WM WLD BLK,Active,EA,,PRO,Professional Sales Price Group,,FAB                 PAINT
201-1693                      ,SUPPORT TUBE FOR PANA-85WM BLK,Active,EA,,PRO,Professional Sales Price Group,,PP                       
201-1698                      ,"LOCK TAB FOR PANA-85WM, BLK",Active,EA,,PRO,Professional Sales Price Group,,FAB                 PAINT
201-1944                      ,"SMART660 OPEN WALL PLT, ASSY, BLK",No Request,EA,,PRO,Professional Sales Price Group,,FAB                 PAINT
201-1945                      ,"650 OPEN WALL PLT, ASSY, BLK",Active,EA,,PRO,Professional Sales Price Group,,FAB                 PAINT
201-1964                      ,"AXIAL ROD FOR FPS-1000-HYP, BLK",Active,EA,,PRO,Professional Sales Price Group,,FAB                 PAINT
201-8167                      ,"FASTPACK FOR EXTENDED BASE, BLK",Active,EA,,PRO,Professional Sales Price Group,,FAST                     
201-8194                      ,FAST PACK FOR PLP-V8X4,Active,EA,,PRO,Professional Sales Price Group,,FAST                     
201-8203                      ,FAST PACK FOR MIS517,Active,EA,,PRO,Professional Sales Price Group,,FAST                     
201-8212                      ,FASTPACK FOR PLP-V3X3,Active,EA,,PRO,Professional Sales Price Group,,FAST                     
201-8240                      ,FASTPACK FOR PANA-85WM,Active,EA,,PRO,Professional Sales Price Group,,FAST                     
201-8246                      ,FAST PACK FOR WMK-3257,No Request,EA,,PRO,Professional Sales Price Group,,FAST                     
201-8259                      ,FASTPACK FOR ACC625,Active,EA,,PRO,Professional Sales Price Group,,FAST                     
201-8347                      ,FAST PACK FOR MIS802,Active,EA,,PRO,Professional Sales Price Group,,FAST                     
201-8452                      ,FAST PACK FOR MIS980 (ADDITIONAL),Active,EA,,PRO,Professional Sales Price Group,,FAST                     
201-8453                      ,FAST PACK FOR ACC-M8X50,Active,EA,,PRO,Professional Sales Price Group,,FAST                     
201-P1040                     ,"WALL PLT ASSY ,PLA60/V60/V70, PBLK",Active,EA,,PRO,Professional Sales Price Group,,FAB                 ASSYP
201-P1042                     ,"TILT-TO-ROLL ASSY, PLAV70, PBLK",Active,EA,,PRO,Professional Sales Price Group,,FAB                 ASSYP
201-P1049                     ,"PLAV60 ARM & HEAD ASSY, PBLK",Active,EA,,PRO,Professional Sales Price Group,,FAB                 ASSYP
201-P1095                     ,"WALL PLATE ASSY: PLA50, PBLK",Active,EA,,PRO,Professional Sales Price Group,,FAB                 ASSYP
201-P1242                     ,"ROLL BRAKE, SA750, PBLK",Active,EA,,PRO,Professional Sales Price Group,,PP                       
201-SG1945                    ,"650 OPEN WALL PLT, ASSY, SGBLK",Active,EA,,PRO,Professional Sales Price Group,,FAB                 ASSYP
202-0615                      ,"ADAPTER BRACKET SLIM, 429MM, SF640/650/660, RAW",Active,EA,,PRO,Professional Sales Price Group,,FAB                 PUNCH
202-1555-2                    ,"PANERA MEDIA-BUMP BAR ASSEMBLY, BLACK",Active,EA,,PRO,Professional Sales Price Group,,FAB                 ASSYP
202-1655                      ,"SMART FLT 16.89"" SLIM SEC BKT ASY, BLK",Active,EA,,PRO,Professional Sales Price Group,,FAB                 ASSYP
202-1656                      ,"SMART FLT 16.89"" SLIM NON-SEC BKT ASY, BLK",Active,EA,,PRO,Professional Sales Price Group,,FAB                 ASSYP
202-1679                      ,"RIVET ASSEMBLY FOR MIS645, BLK",Active,EA,,PRO,Professional Sales Price Group,,FAB                 ASSYP
202-1730                      ,"ADAPTER BRACKET PEM ASSEMBLY, BLK",Active,EA,,PRO,Professional Sales Price Group,,FAB                 PAINT
202-1732                      ,"ADAPTER BRACKET ASSEMBLY, MIS-UNM, BLK",Active,EA,,PRO,Professional Sales Price Group,,FAB                 ASSYP
202-6656                      ,"SMART FLT 16.89"" SLIM NON-SEC BKT ASY, BLK",Inactive,EA,,PRO,Professional Sales Price Group,,FAB                 ASSYP
202-P1656                     ,"SMART FLT 16.89"" SLM NON-SEC BKT ASY,GBLK",Active,EA,,PRO,Professional Sales Price Group,,FAB                 ASSYP
202-P1662                     ,"TILT ASSY ST650,660 LH N SEC GBLK",Active,EA,,PRO,Professional Sales Price Group,,FAB                 ASSYP
202-P1664                     ,"TILT ASSY ST650,660 RH N SEC, GBLK",Active,EA,,PRO,Professional Sales Price Group,,FAB                 ASSYP
202-P1686                     ,"ADPT BRKT, PF640,12.82"", GBLK",Active,EA,,PRO,Professional Sales Price Group,,FAB                 PAINT
202-P1687                     ,"TILT ASSY, PT640, LH, GBLK",Active,EA,,PRO,Professional Sales Price Group,,FAB                 ASSYP
202-P1690                     ,"TILT ASSY, PT640, RH, GBLK",Active,EA,,PRO,Professional Sales Price Group,,FAB                 ASSYP
202-P1693                     ,"BRKT ASSY, PF640, 12.82"" SLIM NON-SEC, GBLK",Active,EA,,PRO,Professional Sales Price Group,,FAB                 ASSYP
202-SG1695                    ,"ADAPTER SF, W/HA, SECURE, ASSY, SGBLK",Active,EA,,PRO,Professional Sales Price Group,,FAB                 ASSYP
202-SG1701                    ,"ADAPTER ST, TILT, LH, W/HA, SECURE, ASSY, SGBLK",Active,EA,,PRO,Professional Sales Price Group,,FAB                 ASSYP
202-SG1702                    ,"ADAPTER ST, TILT, RH, W/HA, SECURE, ASSY, SGBLK",Active,EA,,PRO,Professional Sales Price Group,,FAB                 ASSYP
202-T1732                     ,"ADAPTER BRACKET ASSEMBLY, MIS980, TBLK",Active,EA,,PRO,Professional Sales Price Group,,FAB                 ASSYP
202-T1854                     ,WALL ADAPTER - RIGHT SIDE - MIS978-55P TBLK,No Purchases,EA,,DS,Digital Signage,,FAB                 PAINT
202-T1986                     ,"CAMERA TRIM, UV552, LH, TBLK",Active,EA,,PRO,Professional Sales Price Group,,FAB                 PAINT
202-T1987                     ,"CAMERA TRIM, UV552, RH, TBLK",Active,EA,,PRO,Professional Sales Price Group,,FAB                 PAINT
202-T1989                     ,"CAMERA MOUNT, UV552, TBLK",Active,EA,,PRO,Professional Sales Price Group,,FAB                 PAINT
202-T1993                     ,"CAMERA TRIM, XHB552, LH, TBLK",Active,EA,,PRO,Professional Sales Price Group,,FAB                 PAINT
202-T1994                     ,"CAMERA TRIM, XHB552, RH, TBLK",Active,EA,,PRO,Professional Sales Price Group,,FAB                 PAINT
202-T1996                     ,"CAMERA MOUNT, XHB552, TBLK",Active,EA,,PRO,Professional Sales Price Group,,FAB                 PAINT
202-T1998                     ,"CAMERA TRAY ASSY, UV552, TBLK",Active,EA,,PRO,Professional Sales Price Group,,FAB                 ASSYP
203-T1076                     ,"WALL RAIL WASHER FOR 135-129103-01, TBLK",Active,EA,,PRO,Professional Sales Price Group,,FAB                 PAINT
33430-2015                    ,Cross Support Tube (ECN 35910),Active,EA,,PRO,Professional Sales Price Group,Active,FPSS CUSTM               
410-0034                      ,"DESSICANT, 6""X4"" CLAY TYVEK - 4 OZ",No Purchases,EA,,ET DD,ET Dealer / Distributor Pricing,,PP                  ELECT
410-0049                      ,"Waterproof Universal remote, X, SPK Compatible",No Purchases,EA,,PRO,Professional Sales Price Group,,PP                  ELECT
410-0151                      ,WIRE HARNESS - XHB2 - LVDS (MAIN TO T-CONN),No Purchases,EA,,ET DD,ET Dealer / Distributor Pricing,,PP                  ELECT
410-0158                      ,SENTINEL -24 MONITORING PCB,No Purchases,EA,,ET DD,ET Dealer / Distributor Pricing,,PP                  ELECT
410-0163-1                    ,AC LINE CORD IE13 TO NEMA 5-15-P W/ FERRITE,Active,EA,,PRO,Professional Sales Price Group,,PPA                      
410-0461                      ,MURATA BATTERY COMMUNICATION CABLE - 20cm (SUPPLIED BY CUSTOMER),Active,EA,,PRO,Professional Sales Price Group,,PP                  ELECT
500-2094                      ,"EYEBOLT, WOOD SCREW 1/4"" WITHOUT SHLDR, 2"" THREAD, ZN",Active,EA,,PRO,Professional Sales Price Group,,FAST                HW   
500-2105                      ,"SCR, 8-32 X 1.5"" PHL FLAT, U/C, ZN",Active,EA,,PRO,Professional Sales Price Group,,FAST                HW   
500-9009                      ,"SWIVEL LEVELING MOUNT WITH THREADED HOLE, 1/2-13, NONSKIDE PAD",Active,EA,,PRO,Professional Sales Price Group,,PP                  MISC 
510-1101                      ,"SHOULDER SCREW, .375 DIA x 2.25"" LG",No Request,EA,,PRO,Professional Sales Price Group,,FAST                HW   
520-0364                      ,"SCREW, M4X.07X45MM, PHL RND HEAD, 18-8 SS",Active,EA,,PRO,Professional Sales Price Group,,FAST                HW   
520-0662                      ,"SCR BOLT M6 x 25 mm, PHL ST. STL",Active,EA,,PRO,Professional Sales Price Group,,FAST                HW   
520-0663                      ,SCR M8 X1.2 X 16MM RND PHL ST. STL,Active,EA,,PRO,Professional Sales Price Group,,FAST                     
520-0667                      ,SCR BOLT M8 X25MM PAN PHL ST. STL,Active,EA,,PRO,Professional Sales Price Group,,FAST                     
520-0717                      ,SCREW M6X1.0X35MM PHIL FLT ZINC,Active,EA,,PRO,Professional Sales Price Group,,FAST                HW   
520-0879                      ,"SCREW, M5 X 10MM, SKT BTN, 18-8 SS",Active,EA,,PRO,Professional Sales Price Group,,FAST                HW   
520-0884                      ,SCREW 10-32X0.500IN PAN PHIL TYPEF SS,Active,EA,,PRO,Professional Sales Price Group,,FAST                HW   
520-0885                      ,SCREW 1/2-13X1.500 HEX ZN,Active,EA,,PRO,Professional Sales Price Group,,FAST                HW   
520-0894                      ,SCREW 8-32X0.375 SLOT HEX TYPEF ZINC,Active,EA,,PRO,Professional Sales Price Group,,FAST                HW   
520-0983                      ,SCR BOLT M5 X .8 10MM PAN PHL 18-8 SS,Active,EA,,PRO,Professional Sales Price Group,,FAST                HW   
520-1137                      ,"#10-24 X 1.75 OVAL HEAD PHL, BLK",Active,EA,,PRO,Professional Sales Price Group,,FAST                HW   
520-1144                      ,"SCREW M5X0.8X8MM SKT BTN W/WSHR, M3 DRIVE, BLK",Active,EA,,PRO,Professional Sales Price Group,,FAST                HW   
520-1208                      ,"SCR BOLT M6 x 25 mm, PHL, BLK",Active,EA,,PRO,Professional Sales Price Group,,FAST                HW   
520-1271                      ,"M6 X 35MM PAN PHL, BLK",Active,EA,,PRO,Professional Sales Price Group,,FAST                HW   
520-1272                      ,"M6 X 50MM PAN PHL, BLK",Active,EA,,PRO,Professional Sales Price Group,,FAST                HW   
520-1275                      ,"M4 x 6mm Truss Head Phillips screw, SS, BLK",Active,EA,,PRO,Professional Sales Price Group,,FAST                HW   
520-1354                      ,"SCR, 3/8-16 X 1"" BTT SCKTCAP, BLK",Active,EA,,PRO,Professional Sales Price Group,,FAST                HW   
520-1357                      ,"SCR 1/4-20 X 1/2 HX WSHR HD TYP F, BL",No Purchases,EA,,PRO,Professional Sales Price Group,,FAST                HW   
520-1592                      ,¼-20X½ taptite scrw Phlp Hex HD BLK,Active,EA,,PRO,Professional Sales Price Group,,FAST                HW   
520-1622                      ,"8-32X1/4 TAPTITE SCREW PHLP FH, BLK",No Request,EA,,PRO,Professional Sales Price Group,,FAST                HW   
520-1627                      ,"10-32X1/2 TAPTITE SCRW PHL TH, BLK",Active,EA,,PRO,Professional Sales Price Group,,FAST                HW   
520-1661                      ,SCR BOLT M6 X1X12MM PAN PHL SS BLK OX,Active,EA,,PRO,Professional Sales Price Group,,FAST                HW   
520-1706                      ,SCR BUTTON M8 X 1.25 X 10MM SKT PIN,Active,EA,,PRO,Professional Sales Price Group,,FAST                HW   
520-1710                      ,M5 X .8 X 50 MM SOC CAP FULL THREAD,Active,EA,,PRO,Professional Sales Price Group,,FAST                HW   
520-1724                      ,"SCR BOLT M8 X 12MM SKT PIN BTN, BLK",Active,EA,,PRO,Professional Sales Price Group,,FAST                HW   
520-1726                      ,SCR 1/4-20  X 1-3/8 FH PH,No Purchases,EA,,PRO,Professional Sales Price Group,,FAST                HW   
520-1748                      ,"SCR BOLT M8 X 1.25 X 55MM BTN, BLK",Active,EA,,PRO,Professional Sales Price Group,,FAST                HW   
520-1750                      ,"SCR BOLT M8 X 1.25 X 65MM BTN, BLK",Active,EA,,PRO,Professional Sales Price Group,,FAST                HW   
520-1754                      ,"SCR BOLT M8X1.25X20MM BTN, BLK",Active,EA,,PRO,Professional Sales Price Group,,FAST                HW   
520-1819                      ,"SCREW 1/4-20x1"" FLT HEX HD, BLK",Active,EA,,PRO,Professional Sales Price Group,,FAST                HW   
520-1851                      ,BOLT M6X80MM 20MM MIN THRD RND CARRIAGE SQ NECK BLKOX,Active,EA,,PRO,Professional Sales Price Group,,FAST                HW   
520-1874                      ,"SCREW, 5/16-18 x .50 lg"", HEX, BTN, BLK",Active,EA,,PRO,Professional Sales Price Group,,FAST                HW   
520-1973                      ,"SCREW, #1/4-14 X 2-1/2"" HEX HEAD DRILLING SCREW",Active,EA,,PRO,Professional Sales Price Group,,FAST                HW   
520-1975                      ,SCREW M5X0.8 X5MM SET SCREW BLK,Active,EA,,PRO,Professional Sales Price Group,,FAST                HW   
520-1994                      ,"SCR BOLT M8 X 35MM SKT PIN BTN, BLK",Active,EA,,PRO,Professional Sales Price Group,,FAST                HW   
520-1997                      ,SCR BOLT M6 X 14MM FLT SKT BLK,Active,EA,,PRO,Professional Sales Price Group,,FAST                HW   
520-1999                      ,"#14 x 3-1/2"" FH WOOD SCREW PHL, BLK.",Active,EA,,PRO,Professional Sales Price Group,,FAST                HW   
520-2057                      ,"SCR M4 X 40MM FLT PHL, ZN",Active,EA,,PRO,Professional Sales Price Group,,FAST                HW   
520-2592                      ,¼-20X½ taptite scrw Phlp Hex HD ZN,Inactive,EA,,PRO,Professional Sales Price Group,,FAST                HW   
520-2621                      ,SCR M4X16MM TAPTITE PAN POZI ZNC,Active,EA,,PRO,Professional Sales Price Group,,FAST                HW   
520-2748                      ,"SCR BOLT M8 X 1.25 X 55MM BTN, ZINC",Active,EA,,PRO,Professional Sales Price Group,,FAST                HW   
520-2838                      ,SCREW M6X1MMX10MM PHIL OVAL ZINC,Active,EA,,PRO,Professional Sales Price Group,,FAST                HW   
520-5023                      ,"M6 X 12MM SKT PIN SCR, GRAY DACROMET",Active,EA,,PRO,Professional Sales Price Group,,FAST                HW   
520-5024                      ,"M6 X 25MM SKT PIN SCR, GREY GEOMET",Active,EA,,PRO,Professional Sales Price Group,,FAST                HW   
520-5025                      ,"M6 X 20MM SKT PIN SCR, GRAY DACROMET",Active,EA,,PRO,Professional Sales Price Group,,FAST                HW   
520-5026                      ,"M8 X 15MM SKT PIN SCR, GRAY GEOMET",Active,EA,,PRO,Professional Sales Price Group,,FAST                HW   
520-5027                      ,"M8 X 25MM SKT PIN SCR, GRAY GEOMET",Active,EA,,PRO,Professional Sales Price Group,,FAST                HW   
520-5033                      ,"#14 X 2.5 HEX PHL WD SCR, GRAY GEOMET",Active,EA,,PRO,Professional Sales Price Group,,FAST                HW   
520-5034                      ,"1/4-20 X 0.75 BTN SKT CAP SCR, SS",Active,EA,,PRO,Professional Sales Price Group,,FAST                HW   
520-9501                      ,"M6 X 1.0 THREAD X 20MM LONG, SHCS, SS BLK OX",No Purchases,EA,,ET DD,ET Dealer / Distributor Pricing,,FAST                HW   
520-9567                      ,SCR M5 X0.8X25 MM SKT HEAD CAP,Active,EA,,PRO,Professional Sales Price Group,,FAST                HW   
520-9871                      ,"SCR BOLT 1/4""-20 X 1/2"" FLT SKT BLK",Active,EA,,PRO,Professional Sales Price Group,,FAST                HW   
520-D1067                     ,"SCR BOLT M6 X 1 X30MM SKT PIN, Geo Met Black",Active,EA,,PRO,Professional Sales Price Group,,FAST                HW   
520-D1101                     ,"SCR BOLT M8 X 25MM SKT BTN, Geo Met Black",Active,EA,,PRO,Professional Sales Price Group,,FAST                HW   
520-D1122                     ,"SCR BLT M5 X.8 X 25MM SKT PIN, Geo Met Black",Active,EA,,PRO,Professional Sales Price Group,,FAST                HW   
520-D1211                     ,"M6 X 25MM SKT PIN , Geo Met Black",Active,EA,,PRO,Professional Sales Price Group,,FAST                HW   
520-D1233                     ,"M5 X 10MM PAN PHL, Geo Met Black",Active,EA,,PRO,Professional Sales Price Group,,FAST                HW   
520-D1243                     ,"SCR WOOD Ø.31 X 3"" LNG TYP-AB, Geo Met Black",Active,EA,,PRO,Professional Sales Price Group,,FAST                HW   
520-D1262                     ,"SCR BOLT M10 X 1.5 X 15MM RND, Geo Met Black",Active,EA,,PRO,Professional Sales Price Group,,FAST                HW   
520-D1622                     ,"8-32X1/4 TAP SCREW PHLP FH, Geo Met Black",Active,EA,,PRO,Professional Sales Price Group,,FAST                HW   
521-0015                      ,SCREW 10-32X0.375IN SOC BTN SS BLKOX MCMASTER 97763A231,Active,EA,,PRO,Professional Sales Price Group,,FAST                HW   
521-0018                      ,"SCR BOLT 1/2-13 X 2"" HEX",Active,EA,,PRO,Professional Sales Price Group,,FAST                HW   
521-0019                      ,SCR M6 X 40MM SKT FLT,Active,EA,,PRO,Professional Sales Price Group,,FAST                HW   
521-1008                      ,"M6 X 50MM SKT PIN, BLK",Inactive,EA,,PRO,Professional Sales Price Group,,FAST                HW   
521-1009                      ,SCREW M8X1.25X50MM PHIL PAN BLK,Active,EA,,PRO,Professional Sales Price Group,,FAST                HW   
521-1013                      ,"SCREW M8X1.25X50MM SKT PIN BTN, BLK",Active,EA,,PRO,Professional Sales Price Group,,FAST                HW   
521-1017                      ,"SCR M6 X 100MM FLT SKT, BLK",Active,EA,,PRO,Professional Sales Price Group,,FAST                HW   
521-1034                      ,SCR M8 X 27 MM STL SOC BTN HD BLK OX,Active,EA,,PRO,Professional Sales Price Group,,FAST                HW   
521-1047                      ,SCREW M6X1.0X20MM SKT FH BLK,Active,EA,,PRO,Professional Sales Price Group,,FAST                HW   
521-1688                      ,SCR WOOD #14-10 X 1.75 HEX WASHER BLK,Active,EA,,PRO,Professional Sales Price Group,,FAST                HW   
521-2029                      ,BOLT M5X0.8X10MM PHIL FLT SS,Active,EA,,PRO,Professional Sales Price Group,,FAST                HW   
521-2030                      ,BOLT M8X1.25X20MM HEX SS,Active,EA,,PRO,Professional Sales Price Group,,FAST                HW   
521-2033                      ,BOLT M6X1X16MM PHIL TRUSS SS,Active,EA,,PRO,Professional Sales Price Group,,FAST                HW   
530-0097                      ,"WELDNUT, 5/16-18, OFFSET PILOT",No Purchases,EA,,PRO,Professional Sales Price Group,,FAST                NUT  
530-0098                      ,"T-SLOTED FRAME NUT,5/16-18 THREAD,SPRING LOADED BALL",Active,EA,,PRO,Professional Sales Price Group,,FAST                NUT  
530-0422                      ,M8X1.25 WELD NUT,Active,EA,,PRO,Professional Sales Price Group,,FAST                NUT  
530-0424                      ,NUT CHANNEL 1/4-20,Active,EA,,PRO,Professional Sales Price Group,,FAST                NUT  
530-0427                      ,"PUSH NUT M6 SCREW SIZE, 17MM OD",Active,EA,,PRO,Professional Sales Price Group,,FAST                HW   
530-1046                      ,"1/4-20 JAM NYLON NUT, BLK",Active,EA,,PRO,Professional Sales Price Group,,FAST                NUT  
530-1066                      ,"NUT M8-1.25 SQUARE, BLK",Active,EA,,PRO,Professional Sales Price Group,,FAST                NUT  
530-1068                      ,"NUT, HEX,SRRTD FLANGE, M8, BLK",Active,EA,,PRO,Professional Sales Price Group,,FAST                NUT  
530-1083                      ,"NUT 10-32 NYLOCK THIN, BLACK",Active,EA,,PRO,Professional Sales Price Group,,FAST                NUT  
530-1417                      ,NUT M4X0.7 HEX SS BLKOX,Active,EA,,PRO,Professional Sales Price Group,,FAST                NUT  
530-2416                      ,"NUT M5X0.8 SQUARE SLIDE-IN ECONOMY, ZINC",Active,EA,,PRO,Professional Sales Price Group,,FAST                NUT  
530-5002                      ,"5/16-18 NUT, GD C, CONICAL TOP, YEL",Active,EA,,PRO,Professional Sales Price Group,,FAST                NUT  
530-5013                      ,"1/4-20 SER HEX FLANGED LOCKNUT, SS",Active,EA,,PRO,Professional Sales Price Group,,FAST                NUT  
530-9041                      ,"NUT M4  KEPS HEX NUT, 18-8 SS",Active,EA,,PRO,Professional Sales Price Group,,FAST                NUT  
540-0087                      ,FLANGED BUSHING .312OD .260ID .513,Active,EA,,PRO,Professional Sales Price Group,,FAST                WASH 
540-0202                      ,"SPACER, .385 ID X .75 OD X .75 LG., LDPE",Active,EA,,PRO,Professional Sales Price Group,,FAST                WASH 
540-0496                      ,"SELF-RETAINING WASHER, PLASTIC, #10",Active,EA,,PRO,Professional Sales Price Group,,FAST                WASH 
540-0650                      ,"WASHER, 16GA, M6/M8 VESA STRIP",Active,EA,,PRO,Professional Sales Price Group,,FAB                 COMBO
540-0714                      ,"WSHR, 6.4MM ID X 12MM OD X 1.4-1.8MM THICK, STAINLESS STEEL",Active,EA,,ET DD,ET Dealer / Distributor Pricing,,FAST                WASH 
540-0716                      ,.029ID X .0688 OD EPDM RUBBER SEALING WASHER,Active,EA,,PRO,Professional Sales Price Group,,FAST                WASH 
540-0720                      ,WSHR#10 MIL SPEC NAS 1149-F0332P FLAT CADMIUM PLT,Active,EA,,PRO,Professional Sales Price Group,,FAST                WASH 
540-1509                      ,"SPACER .5 OD .191 ID .312H, BLK",Active,EA,,PRO,Professional Sales Price Group,,FAST                WASH 
540-1656                      ,WSHR 5/16 FLT 11/32X7/8X.050-.080IN ZINC BLK,Active,EA,,PRO,Professional Sales Price Group,,FAST                WASH 
540-1668                      ,"WSHR,5/16-18,SHLD,.32x.620,.063,.125,PLST,BLK",Active,EA,,PRO,Professional Sales Price Group,,FAST                WASH 
540-2112                      ,M4 EXTERNAL TOOTH LOCK WASHER,Active,EA,,PRO,Professional Sales Price Group,,FAST                WASH 
540-2643                      ,"NYLON SHLD WSHR, .199 ID x .312 OD x .125 LG BARREL, .433 OD x .062 THK FLANGE, WHT",Active,EA,,PRO,Professional Sales Price Group,,FAST                WASH 
540-5014                      ,WSHR .281ID X .625OD X .06 ULTRA CT,Active,EA,,PRO,Professional Sales Price Group,,FAST                WASH 
550-0052                      ,"POP RIVET, STL 1/8 X .313, 18-8 SS",Active,EA,,PRO,Professional Sales Price Group,,FAST                RIVET
550-1005                      ,"POP RIVET, STL 1/4 X .50, BLK",Active,EA,,PRO,Professional Sales Price Group,,FAST                RIVET
550-1016                      ,"RIVET, 3/16x.550 lg, STL,BLK",Active,EA,,PRO,Professional Sales Price Group,,FAST                RIVET
550-4021                      ,"RIVET BLIND, SS, DOME HEAD, 5/32"", .126 - .187"" MATL THK",Active,EA,,PRO,Professional Sales Price Group,,FAST                RIVET
560-0113                      ,TPS-250-12 FLUSH MOUNT PILOT PIN,Active,EA,,PRO,Professional Sales Price Group,,FAST                MISC 
560-0223                      ,"KNOB, 1/4-20 X 1-1/4 .75 DIA HEAD",Active,EA,,PRO,Professional Sales Price Group,,FAST                MISC 
560-0230                      ,"KNOB, 3/16 THREAD, 1-1/2 LONG",Active,EA,,PRO,Professional Sales Price Group,,FAST                MISC 
560-0243                      ,"PEM SELFCLNCH M6x1 NUT, 1ZI",Active,EA,,PRO,Professional Sales Price Group,,FAST                NUT  
560-0263                      ,"POWER BIT 5MM HEX DRIVE 1/4"" HEX SHANK 3"" LENGTH",Active,EA,,PRO,Professional Sales Price Group,,FAST                MISC 
560-0285                      ,"SPRING PIN, 3/8"" DIAMETER X 1-1/4"" LENMGTH, ZINC PLATED",No Request,EA,,PRO,Professional Sales Price Group,,PP                  MISC 
560-0397                      ,"M8 RIV NUT, CLOSED END, SELF SEALING",Active,EA,,PRO,Professional Sales Price Group,,FAST                NUT  
560-0421                      ,"PEM SELFCLNCH M5X.8 NUT, SS, CLSS-M5-1",Active,EA,,PRO,Professional Sales Price Group,,FAST                NUT  
560-0426                      ,"SCREW M4 X 50MM PH, SS",Active,EA,,PRO,Professional Sales Price Group,,FAST                HW   
560-0755K                     ,KEY FOR LOCK # 00034 (560-0755),Active,EA,,PRO,Professional Sales Price Group,,FAST                MISC 
560-0756                      ,RIZE  KWIK LOCK KL75,Active,EA,,PRO,Professional Sales Price Group,,FAST                MISC 
560-0757                      ,WIRE ROPE TERM ASSY,Active,EA,,PRO,Professional Sales Price Group,,FAST                MISC 
560-0885                      ,ZEBRA KR203 PRINTER,No Request,EA,,PRO,Professional Sales Price Group,,PP                  MISC 
560-0905                      ,"POWER BIT 7/32"" HEX DRIVE 1/4"" HEX SHANK 3"" LENGTH",Active,EA,,PRO,Professional Sales Price Group,,PP                  MISC 
560-0908                      ,"Zinc-Plated Steel Reusable Cotter Pin, Hairpin, Fits 1/4""-1/2"" Pin Diameter, 1-5/8"" Length",Active,EA,,PRO,Professional Sales Price Group,,PP                  MISC 
560-0909A                     ,LATCH BODY W/ARMS,Active,EA,,PRO,Professional Sales Price Group,,PP                  MISC 
560-0909B                     ,FLOATING STRIKER,Active,EA,,PRO,Professional Sales Price Group,,PP                  MISC 
560-0920                      ,"M3-.5 X 8MM KNURLED KNOB, BLK",Active,EA,,PRO,Professional Sales Price Group,,PP                  MISC 
560-0925                      ,"KWIK GRIP, 1/8"" WIRE CABLE",Active,EA,,PRO,Professional Sales Price Group,,PP                  MISC 
560-0926                      ,RIZE KWIK LOCK KL150,Active,EA,,DS,Digital Signage,,PP                  MISC 
560-1167                      ,"BELT GUIDE WITH ADHESIVE TAPE, BLK",Active,EA,,PRO,Professional Sales Price Group,,FAST                MISC 
560-1172                      ,"3/8-16X2""IDX2-5/8"" DP U-BOLT, BLK",Active,EA,,PRO,Professional Sales Price Group,,FAST                HW   
560-1199                      ,"KNOB, 1/4-20 INSERT, 4 ARM",Active,EA,,PRO,Professional Sales Price Group,,FAST                MISC 
560-1200                      ,"VELCRO 805 HOOK .5"" X 3"", BLK",Active,EA,,PRO,Professional Sales Price Group,,FAST                MISC 
560-1201                      ,"VELCRO 3610 LOOP 2"" X 20.25"", BLK",Active,EA,,PRO,Professional Sales Price Group,,FAST                MISC 
560-1202                      ,"VELCRO 3610 LOOP 2"" X 31.75"", BLK",Active,EA,,PRO,Professional Sales Price Group,,FAST                MISC 
560-1203                      ,"VELCRO 3610 LOOP 2"" X 35.00"", BLK",Active,EA,,PRO,Professional Sales Price Group,,FAST                MISC 
560-1248                      ,"KNOB M5 X .8 X 0.5"" MALE",No Request,EA,,PRO,Professional Sales Price Group,,FAST                MISC 
560-1778                      ,"EXTENSION SPRING, BLK",Active,EA,,PRO,Professional Sales Price Group,,PP                  MISC 
560-1835                      ,"WRENCH, SEC. 4MM ALLEN, 24 X 1",Active,EA,,PRO,Professional Sales Price Group,,FAST                MISC 
560-1860                      ,KNURLED THUMB SCREW 10-32 X 1.25 W .156 ALEN DRIVE,No Request,EA,,PRO,Professional Sales Price Group,,FAST                HW   
560-1861                      ,"COMPRESSION SPRING, .42 OD X 1.00 LONG BLACK",No Request,EA,,DS,Digital Signage,,PP                  MISC 
560-1871                      ,"KNOB, 3 LOBE, 5/16-18 THREAD X 1/2"" , BLACK",Active,EA,,PRO,Professional Sales Price Group,,PP                  MISC 
560-1876                      ,"SPACER, 8MM OD, 5MM lg, NYLON, BLACK",Active,EA,,PRO,Professional Sales Price Group,,FAST                WASH 
560-2008                      ,"CABLE TIE .18 X 14.5"" LG, WHT",No Request,EA,,PRO,Professional Sales Price Group,,PP                  MISC 
560-2191                      ,"PEM 1/4-20 X 3/4THRD, FH-0420-12ZI",Active,EA,,PRO,Professional Sales Price Group,,FAST                MISC 
560-2740                      ,PEM FH-0420-24-ZI - 1/4-20 X 1.5 LG,Active,EA,,PRO,Professional Sales Price Group,,FAST                MISC 
560-2742                      ,"10-32 X 3/8 UNDERCUT FLATHEAD, ZNC",Active,EA,,PRO,Professional Sales Price Group,,FAST                MISC 
560-2743                      ,"#10 X 3/8 UNDRCT FLT SELF-DRIL, ZNC",Active,EA,,PRO,Professional Sales Price Group,,FAST                MISC 
560-2760                      ,"1/4-20 WING NUT, ZINC",Active,EA,,PRO,Professional Sales Price Group,,FAST                NUT  
560-2833                      ,"SPRING PIN, THREADED, .359 HOLE, .245 STUD DIA. ZNC",Active,EA,,PRO,Professional Sales Price Group,,PP                  MISC 
560-9725                      ,SPRING STEEL CLIP .875ID,Active,EA,,PRO,Professional Sales Price Group,,FAST                MISC 
560-D1734                     ,"SCR M6 X 12 HX LOW PROF BBM, GEOMET BLK",Active,EA,,PRO,Professional Sales Price Group,,FAST                HW   
560-T1261                     ,"BRACKET SUPPORT, DS-VWC, 15CB4842, TBLK",Active,EA,,PRO,Professional Sales Price Group,,FAB                 PAINT
561-0063                      ,"M4 X 8MM PH FH, SS, BLK",No Purchases,EA,,ET DD,ET Dealer / Distributor Pricing,,PP                  MISC 
561-1018                      ,EXT SPRING .240 DIA X .620 LNG X .018 WIRE LOOP END STL BLK,Active,EA,,PRO,Professional Sales Price Group,,FAST                MISC 
561-1027                      ,"RING RETAINING EXTERNAL STL 3/8"" DIA SHAFT, BLK",Active,EA,,PRO,Professional Sales Price Group,,PP                  MISC 
561-2011                      ,"18-8 Stainless Steel Wire Rope Lanyard - Not for Lifting, Eye-to-Eye, 3/64"" Rope Diameter, 6"" Long",No Purchases,EA,,PRO,Professional Sales Price Group,,PP                  MISC 
565-0047A                     ,KEY FDS-3250-K47,Active,EA,,PRO,Professional Sales Price Group,,PP                  MISC 
565-0048A                     ,KEY KSK-1 Key Num 0200,Active,EA,,PRO,Professional Sales Price Group,,FAST                MISC 
565-0049A                     ,KEY KSK-2 Key Num 0201 single key,Active,EA,,HOSP,Hospitality,,FAST                MISC 
565-0052A                     ,KEY KSK-5 Key Num 0204,Active,EA,,PRO,Professional Sales Price Group,,FAST                MISC 
565-0053A                     ,KEY KSK-6 Key Num 0205,Active,EA,,HOSP,Hospitality,,PP                  MISC 
565-0056A                     ,KEY KSK-9 Key Num 0208,Active,EA,,HOSP,Hospitality,,PP                  MISC 
565-0059A                     ,KEY FDS-3250-K59 Key Num 2350,Active,EA,,HOSP,Hospitality,,PP                  MISC 
565-0304                      ,COMBO LOCK,Active,EA,,PRO,Professional Sales Price Group,,PP                  MISC 
570-0051                      ,"ADH,FELT,DISK,WHT,.5 O.D.,1/8"" THK",Active,EA,,PRO,Professional Sales Price Group,,PP                  ADPRT
570-0053                      ,"ADHSV 1""X1"" (INCHES)  #5925 VHB TAPE 570-0017",Active,EA,,PRO,Professional Sales Price Group,,FAST                     
570-0054                      ,"RUBBER STOP, PTM400,PTM400S,PTM200",Active,EA,,PRO,Professional Sales Price Group,,PP                  MISC 
570-0059                      ,"RUBBER STOP, PTM400T",Active,EA,,PRO,Professional Sales Price Group,,PP                  MISC 
570-0062                      ,"QTY 2, BUMPER ADHESIVE-BACKED 0.50"" DIA. X .25"" HIGH BLK POLYURETHANE",Active,EA,,PRO,Professional Sales Price Group,,PP                  ADPRT
570-0063                      ,"QTY 6, BUMPER ADHESIVE-BACKED 0.38"" DIA. X .125"" HIGH BLK POLYURETHANE",Active,EA,,PRO,Professional Sales Price Group,,PP                  ADPRT
570-0071                      ,"ADH/DBL SDE VHB TAPE #3M 5952, BLK, 9""X1""X.045 THK.",No Request,EA,,PRO,Professional Sales Price Group,,PP                  ADPRT
570-0075S                     ,"ADH FOAM .5""W X .125""T X 75' GREY",Active,FT,,PRO,Professional Sales Price Group,,PP                  ADPRT
570-0106                      ,"REUSABLE RIGID POLYESTER AIR FILTER BLUE 8"" X 1/2"" ROLL",Active,FT,,PRO,Professional Sales Price Group,,PP                  MISC 
570-0142                      ,"ADH FOAM BULB SEAL, .610"" WIDE X .360"" TALL  ""D"" PROFILE TRIMLOK X109BT",Active,FT,,PRO,Professional Sales Price Group,,PP                  ADPRT
570-1114                      ,"FOAM SEAL, 1/8"" THK X 3/8"" W, BLENDED EPDM, ADH BACK",Active,FT,,PRO,Professional Sales Price Group,,PP                  ADPRT
570-1134-1                    ,"ACCESS COVER GASKET XHB2 DISPLAY, BLK",No Purchases,EA,,PRO,Professional Sales Price Group,,PP                  MISC 
570-1135                      ,MAIN BACKPACK SHORT GASKET XHB2 DISPLAY,No Purchases,EA,,ET DD,ET Dealer / Distributor Pricing,,PP                  MISC 
570-1137                      ,MAIN BACKPACK LONG GASKET XHB2 DISPLAY,No Purchases,EA,,ET DD,ET Dealer / Distributor Pricing,,PP                  MISC 
570-1138                      ,"TOP GLAND GASKET XHB2 DISPLAY, 2 attached, BLK",No Purchases,EA,,PRO,Professional Sales Price Group,,FAB                 ASSYP
570-1170                      ,"EPDM Foam Strip Adhesice Back 1/4""X1/8""X48""",Active,EA,,PRO,Professional Sales Price Group,,FAB                 ASSYP
580-0397                      ,"STEEL ROD, .25 DIA. 2.5"" LONG, BLACK OXIDE",Active,EA,,PRO,Professional Sales Price Group,,PP                  MISC 
580-1009                      ,"1 1/2 - 3/4 ALUMINUM REDUCER, BLK",Active,EA,,PRO,Professional Sales Price Group,,PP                  MISC 
580-1165                      ,".25 X 6"" LG 1008 STEEL ROD, BLK",No Request,EA,,PRO,Professional Sales Price Group,,FAST                MISC 
580-1166                      ,".25 X 1.75"" LG 1008 STEEL ROD, BLK",Active,EA,,PRO,Professional Sales Price Group,,FAST                MISC 
580-1216                      ,"PAP-UNV CLAMP, TOP. BLK",No Request,EA,,PRO,Professional Sales Price Group,Use Up,PP                  MISC 
580-1217                      ,"PAP-UNV CLAMP, BOTTOM. BLK",No Request,EA,,PRO,Professional Sales Price Group,Use Up,PP                  MISC 
580-1398                      ,"3/4"" WIDE MULTI WASHER,BLK",Active,EA,,PRO,Professional Sales Price Group,,FAST                WASH 
580-1400                      ,"CONNECTION BLOCK, STEEL PRG, BLK",Active,EA,,PRO,Professional Sales Price Group,,PPA                      
580-1427                      ,THREADED ADAPTER WELDMENT,Active,EA,,PRO,Professional Sales Price Group,,FAB                 PAINT
580-1520                      ,"HANDLE, ALUMINUM, XHB DISPLAYS",No Purchases,EA,,ET DD,ET Dealer / Distributor Pricing,,PP                  MISC 
580-4400                      ,"CONNECTION BLOCK, STEEL PRG, SLV",Inactive,EA,,PRO,Professional Sales Price Group,,PP                  MISC 
590-0317                      ,"XMAS TREE CLIP, .188 X .848",Active,EA,,PRO,Professional Sales Price Group,,PP                  MISC 
590-0969                      ,"CONCRETE ANCHOR, 3/8 X 1-7/8 ,#6911",Active,EA,,PRO,Professional Sales Price Group,,PP                  MISC 
590-0970                      ,PLUG RECT TUBE 1X.5X16-18GA-BLK,Active,EA,,CUSTM,Custom Sales Price Group,,PP                  MISC 
590-0998                      ,"RIGID PLASTIC SNAP-IN PLUG 1/4"" ID 7/16' HEAD DIA, BLK",Active,EA,,PRO,Professional Sales Price Group,,PP                  PLPRT
590-0999                      ,"1/16"" WEBCAM ACRYLIC 3"" X 3.5""",Active,EA,,PRO,Professional Sales Price Group,,PP                  ACRYL
590-1183                      ,"Vertical Extruded cover, BLK 28""",Active,EA,,PRO,Professional Sales Price Group,,FAST                MISC 
590-1184                      ,"Vertical Extruded cover, BLK 45.5""",Active,EA,,PRO,Professional Sales Price Group,,FAST                MISC 
590-1185                      ,"TOP COVER, BLK",Active,EA,,PRO,Professional Sales Price Group,,FAST                MISC 
590-1186                      ,"TILTING COVER , BLK",Active,EA,,PRO,Professional Sales Price Group,,FAST                MISC 
590-1234                      ,"NYL SHLD WSHR, .38OD X .09LG, BLK",Active,EA,,PRO,Professional Sales Price Group,,FAST                MISC 
590-1263                      ,"1.75 OD TUBE CAP , BLK",Active,EA,,PRO,Professional Sales Price Group,,FAST                MISC 
590-1274                      ,"2.00 OD X 1.78 ID TUBE CAP , BLK",Active,EA,,PRO,Professional Sales Price Group,,FAST                MISC 
590-1306                      ,"RUBBER PAD, HP442-LG-RJP",Active,EA,,PRO,Professional Sales Price Group,,PP                  MISC 
590-1333                      ,"ENDCAP 4"" OD, BLK",Active,EA,,PRO,Professional Sales Price Group,,PP                  MISC 
590-1347                      ,"COVER,PTM400,PTM400S,PTM200",Active,EA,,PRO,Professional Sales Price Group,,PP                  MISC 
590-1349                      ,"PSTA FRONT COVER, BLK",Active,EA,,PRO,Professional Sales Price Group,,PP                  MISC 
590-1364                      ,"NEOPRENE EDGE TRIM, 1"" LG, BLK",Active,EA,,PRO,Professional Sales Price Group,,PP                  MISC 
590-1976                      ,RICHCO FTH-1 FLAT TIE HOLDERS BLK,No Request,EA,,PRO,Professional Sales Price Group,,FAST                MISC 
590-1997                      ,"SHLDR WASHER, NYLON .195 ID x .234 OD x .085 LG BARREL, .500 OD x .039 THK FLANGE, BLK",Active,EA,,PRO,Professional Sales Price Group,,FAST                WASH 
590-2233                      ,"NYL SHLD WSHR, .38OD X .06LG, WHT",Active,EA,,PRO,Professional Sales Price Group,,FAST                MISC 
590-2334                      ,"XMAS TREE CLIP .187 X .512, WHT",Active,EA,,PRO,Professional Sales Price Group,,FAST                MISC 
590-2337                      ,RECT 3X1.5 PLUG FOR 14 GA. TUBE WHT,Active,EA,,PRO,Professional Sales Price Group,,PP                  MISC 
590-2600                      ,"Stud Anchor with Hex Nut,Zinc-Plated Steel, 5/16"" Diameter, 2-3/4"" Long",Active,EA,,PRO,Professional Sales Price Group,,FAST                NUT  
591-0032                      ,"SPACER, .315ID x .750OD x .625THK, ALUMINUM",No Request,EA,,PRO,Professional Sales Price Group,,FAST                WASH 
591-1027                      ,"TUBE CAP, 3/4 X 1-1/2 X 14GA, FIN TYPE, BLK",Active,EA,,FGMT,FGMT,,PP                  MISC 
600-0191                      ,GALVANIZED OUTLET BOX W/KNOCKOUTS,Active,EA,,PRO,Professional Sales Price Group,,FAST                MISC 
600-0217                      ,MASTER PADLOCK 510KAD,Active,EA,,PRO,Professional Sales Price Group,,PP                  MISC 
600-0223                      ,"FOOT,  BLK, W/ ADHSV ,.51 X .81 RUB",Active,EA,,PRO,Professional Sales Price Group,,PP                  ADPRT
600-0257                      ,"BUBBLE LEVEL, CLEAR",Active,EA,,PRO,Professional Sales Price Group,,PP                  MISC 
600-0270                      ,MALE / FEMALE CAST IRON HINGE KP555,Active,EA,,PRO,Professional Sales Price Group,,PP                  HINGE
600-0290                      ,"SPKR WIRE HARNESS 18GA 32""",Active,EA,,PRO,Professional Sales Price Group,,FAB                 ASSYP
600-0331                      ,"FAN GUARD, FOR 80MM AXIAL FAN, CHROME",Active,EA,,PRO,Professional Sales Price Group,,PP                  MISC 
600-0339-1                    ,"SURGE PROTECTOR, 6 OUTLET X 15' CORD (CPR) 15A 125V 60Hz 1875W, Model SP6-3MS",Active,EA,,PRO,Professional Sales Price Group,,PPA                 ELECT
600-0345                      ,MICROFIBER WALL WASH MOP PAD SKU#MWWM,No Purchases,EA,,PRO,Professional Sales Price Group,,FAST                WASH 
600-0356                      ,"Galvanized Steel Wire Rope Lanyard, Straight, Loop/Loop, 3/64"" Rope Diameter, 12"" Length",Active,FT,,PRO,Professional Sales Price Group,,PP                  MISC 
600-0370                      ,S5643.072 14/3 SJT 5-15P TO 6 Outlet Surge Protector,Active,EA,,PRO,Professional Sales Price Group,,PP                  ELECT
600-0419                      ,"GREEN FAN CORD (10'), EU PLUG/ UK ADAPTER, 230V (ORION) 25 CFM, 2 FAN GUARDS",Active,EA,,PRO,Professional Sales Price Group,,FAB                 ASSYP
600-0421                      ,"2"" x 1-13/16"", 1/2""-13 Threaded-Stem Caster,  300 lb Capacity",Active,EA,,PRO,Professional Sales Price Group,,PP                  MISC 
600-0540                      ,"ANTENNA, EXTERNAL 2X LTE MIMO, TAOGLAS MA412.A.BI.003",Active,EA,,PRO,Professional Sales Price Group,,PP                  ELECT
600-0650                      ,"LATCH, PUSH-TO-CLOSE, 130LB",Active,EA,,PRO,Professional Sales Price Group,,PP                  MISC 
600-0658                      ,"HINGE, SLIP JOINT HALF, PIN SIDE SS",Active,EA,,PRO,Professional Sales Price Group,,PP                  HINGE
600-0711                      ,DISPLAY IR EXTENDER,Active,EA,,PRO,Professional Sales Price Group,,PPA                      
600-1025                      ,"1/2-13 X1.5"" STEM LEG LEVEL, (BLKOX preferred)",Active,EA,,PRO,Professional Sales Price Group,,FAST                MISC 
600-1111                      ,KEYED LOCK BLK,Active,EA,,PRO,Professional Sales Price Group,,PP                  MISC 
600-1190                      ,"SURGE SUPPRESSOR T5280-E, BLACK",Active,EA,,PRO,Professional Sales Price Group,,PP                  ELECT
600-1215                      ,"SPACER, .328 ID X .625 OD X .25 LG",Active,EA,,PRO,Professional Sales Price Group,,FAST                WASH 
600-1391                      ,"CASTER, 4""X1 1/4"", 1/2-13 X 1/2"" LG. THREADED STEM, BLACK",No Purchases,EA,,PRO,Professional Sales Price Group,,PP                  MISC 
600-1391-1                    ,"CASTER, 4""X1 1/4"", 1/2-13 X 1/2"" LG. THRD STEM, BLACK (CPR)",Active,EA,,PRO,Professional Sales Price Group,,PPA                      
600-1392                      ,"CASTER, 4""X1 1/4"", 1/2-13 X 1/2"" LG. THREADED STEM, WITH BRAKE,  BLACK",No Purchases,EA,,PRO,Professional Sales Price Group,,PP                  MISC 
600-1693                      ,"CONTROL BOX, 200W 120V AC, BLACK",Active,EA,,PRO,Professional Sales Price Group,,PP                  MISC 
600-9036                      ,LOGITECH PRO WEBCAM C920,Active,EA,,PRO,Professional Sales Price Group,,PP                  ELECT
981-0228                      ,"CRTN, 19.875X11.5X3.94",Active,EA,,PRO,Professional Sales Price Group,,CARTN               BOXES
981-0229                      ,"CRTN, 19.75 X 7.75 X 3.625",Active,EA,,PRO,Professional Sales Price Group,,CARTN               BOXES
981-0230                      ,"CRTN, 31.25 X 7.75 X 3.625",Active,EA,,PRO,Professional Sales Price Group,,CARTN               BOXES
981-0231                      ,"CRTN, 46.25 X 7.75 X 3.625",Active,EA,,PRO,Professional Sales Price Group,,CARTN               BOXES
981-0249                      ,"CRTN, CVR34.6875 X 23.625 X8"" 44ECT",Active,EA,,PRO,Professional Sales Price Group,,CARTN               BOXES
981-0250                      ,"CRTN, BODY34.25 X 23 X 7.875"" 44ECT",Active,EA,,PRO,Professional Sales Price Group,,CARTN               BOXES
981-0463                      ,"CTN FOR FPE47F-S, TOP, 10-1924b",Active,EA,,PRO,Professional Sales Price Group,,CARTN               BOXES
981-0464                      ,"CTN FOR FPE47F-S BOTTOM, 10-1924a",Active,EA,,PRO,Professional Sales Price Group,,CARTN               BOXES
981-0465                      ,CTN FOR EPMU-BODY 1OF2 (10-01998a),No Purchases,EA,,PRO,Professional Sales Price Group,,CARTN               BOXES
981-0466                      ,CTN FOR EPMU-BODY 2OF2 (10-01998b),Active,EA,,PRO,Professional Sales Price Group,,CARTN               BOXES
981-0467                      ,CTN FOR EPMU-COVER 1OF2 (10-01998c),Active,EA,,PRO,Professional Sales Price Group,,CARTN               BOXES
981-0468                      ,CTN FOR EPMU-COVER 2OF2 (10-01998d),Active,EA,,PRO,Professional Sales Price Group,,CARTN               BOXES
981-0582                      ,"CTN, 36 X 20.75 X 3.5",Active,EA,,PRO,Professional Sales Price Group,,CARTN               BOXES
981-0621A-1                   ,DS-VW765-POR PACKAGING for NEC,Active,EA,,PRO,Professional Sales Price Group,,CARTN               BOXES
981-0621D                     ,DS-VW765-POR PACKAGING SET FILE #291036,Active,EA,,PRO,Professional Sales Price Group,,CARTN               BOXES
981-0648                      ,"CTN, BROWN, SUT646P",Active,EA,,PRO,Professional Sales Price Group,,CARTN               BOXES
981-0649                      ,"CTN, BROWN, SUT670P",Active,EA,,PRO,Professional Sales Price Group,,CARTN               BOXES
981-0701                      ,"CTN, MSTR, PRMALU",Active,EA,,PRO,Professional Sales Price Group,,CARTN               BOXES
981-0717                      ,"CARTON, 2 PC BROWN BOX, ULINE (S-4479) 48 X 40 X 36-68 TELESCOPING",Active,EA,,PRO,Professional Sales Price Group,,CARTN               BOXES
981-0744                      ,"CTN, FOR MENU BOARD PRODUCTS",Active,EA,,PRO,Professional Sales Price Group,,CARTN               BOXES
981-0769                      ,"CTN, DIE CUT TRAY TOP",Active,EA,,PRO,Professional Sales Price Group,,CARTN               BOXES
981-0770                      ,"CTN, DIE CUT TRAY BOTTOM",Active,EA,,PRO,Professional Sales Price Group,,CARTN               BOXES
981-0771                      ,"CTN, DIE CUT TRAY INNER",Active,EA,,PRO,Professional Sales Price Group,,CARTN               BOXES
981-0772                      ,"CTN, CART COLUMN",Active,EA,,PRO,Professional Sales Price Group,,CARTN               BOXES
981-0773                      ,"CTN, VOID FILLER, REAR WELDMENT",No Purchases,EA,,PRO,Professional Sales Price Group,,CARTN               BOXES
981-0774                      ,"CTN, VOID FILLER, ADAPTOR PLATE AND CASTERS",Active,EA,,PRO,Professional Sales Price Group,,CARTN               BOXES
981-0775                      ,"CTN, VOID FILLER, WELDMENT SIDES",Active,EA,,PRO,Professional Sales Price Group,,CARTN               BOXES
981-0780                      ,"CTN, PLP-UNL, 23.750X4.875X1.750 IN, RETT",Active,EA,,PRO,Professional Sales Price Group,,CARTN               BOXES
981-0800                      ,"TUBE, FIBRE WND, 2.0"" DIA X 130"" LG",Active,EA,,CORE,Mounts,,CARTN               BOXES
981-0887                      ,CTN FOR ACC-GS1,Active,EA,,PRO,Professional Sales Price Group,,CARTN               BOXES
981-0912                      ,"CTN, PLAIN MOD-UNL2",Active,EA,,PRO,Professional Sales Price Group,,CARTN               BOXES
981-0914                      ,"CTN, BROWN BOX FOR DS-VW765-LQR (CPR)",Active,EA,,FGMT,FGMT,,CARTN               BOXES
981-0927                      ,"CARTON, BROWN BOX, ULINE (S-4577) 4 X 4 X 28",Active,EA,,PRO,Professional Sales Price Group,,CARTN               BOXES
981-0930                      ,"CARTON, BROWN BOX, ULINE (S-16744) 15 X 10 X 12",Active,EA,,PRO,Professional Sales Price Group,,CARTN               BOXES
981-0931                      ,"CARTON, BROWN BOX, ULINE (S-14258) 33 X 8.5 X 5",Active,EA,,PRO,Professional Sales Price Group,,CARTN               BOXES
981-0974                      ,"CTN BROWN BOX, OUTER 40""-48""",Active,EA,,PRO,Professional Sales Price Group,,CARTN               BOXES
981-0975                      ,"CTN BROWN BOX, INNER 40""-48""",Active,EA,,PRO,Professional Sales Price Group,,CARTN               BOXES
981-0976                      ,"CTN BROWN BOX, OUTER 49""-55""",Active,EA,,PRO,Professional Sales Price Group,,CARTN               BOXES
981-0977                      ,"CTN BROWN BOX, INNER 49""-55""",Active,EA,,PRO,Professional Sales Price Group,,CARTN               BOXES
981-0979                      ,"CTN, COVER, BROWN FOR A910-HCM",No Purchases,EA,,PRO,Professional Sales Price Group,,CARTN               BOXES
981-0980                      ,"CTN, BODY, BROWN FOR A910-HCM",No Purchases,EA,,PRO,Professional Sales Price Group,,CARTN               BOXES
981-0989                      ,"CTN BROWN BOX, INNER 65""",Active,EA,,PRO,Professional Sales Price Group,,CARTN               BOXES
981-0990                      ,"CTN BROWN BOX, OUTER 65""",Active,EA,,PRO,Professional Sales Price Group,,CARTN               BOXES
981-1001                      ,"CTN, FOR DS-VW775, BROWN BOX WITH PEERLESS LOGO",Active,EA,,DS,Digital Signage,,CARTN               BOXES
981-1009                      ,"CTN, BROWN BOX FOR SR560M",No Purchases,EA,,PRO,Professional Sales Price Group,,CARTN               BOXES
981-1016                      ,"CTN, BROWN BOX FOR PN-SR780M",Inactive,EA,,PRO,Professional Sales Price Group,,CARTN               BOXES
981-1020                      ,"CTN, BROWN BOX FOR SR575M",No Purchases,EA,,PRO,Professional Sales Price Group,,CARTN               BOXES
981-1021                      ,"CTN, BROWN BOX FOR SR598/SR598-HUB",No Purchases,EA,,PRO,Professional Sales Price Group,,CARTN               BOXES
981-1059                      ,"CTN, FOR DS-OM% PRODUCTS",Active,EA,,PRO,Professional Sales Price Group,,CARTN               BOXES
981-2454                      ,CTN for PS200 (brwn bx),Active,EA,,PRO,Professional Sales Price Group,,CARTN               BOXES
981-2708                      ,CTN for CMJ PRODUCTS PLAIN (epson),Active,EA,,XGPREFAB,XGPREFAB,,CARTN               BOXES
981-2735                      ,CTN FOR PLASMA CART,Active,EA,,PRO,Professional Sales Price Group,,CARTN               BOXES
981-2736                      ,CTN FOR SGLS01,Active,EA,,PRO,Professional Sales Price Group,,CARTN               BOXES
981-2827                      ,"CTN, BROWN FOR MOD 100 KITS",Active,EA,,PRO,Professional Sales Price Group,,CARTN               BOXES
981-2828                      ,"CTN, BROWN FOR MOD 150 KITS",Active,EA,,PRO,Professional Sales Price Group,,CARTN               BOXES
981-2879                      ,"CTN, RETAIL PA740",Active,EA,,PRO,Professional Sales Price Group,,CARTN               RETBX
981-2883                      ,"CTN, RETAIL PT632",Active,EA,,PRO,Professional Sales Price Group,,CARTN               RETBX
981-2887                      ,"CTN, RETAIL PF650",Active,EA,,PRO,Professional Sales Price Group,,CARTN               RETBX
981-2891                      ,"CTN, RETAIL PT640",Active,EA,,PRO,Professional Sales Price Group,,CARTN               RETBX
981-2893                      ,"CTN, RETAIL PT660",Active,EA,,PRO,Professional Sales Price Group,,CARTN               RETBX
981-2908                      ,"CTN, RETAIL SA730P",Active,EA,,PRO,Professional Sales Price Group,,CARTN               RETBX
981-2909                      ,"CTN, RETAIL SA740P",Active,EA,,PRO,Professional Sales Price Group,,CARTN               RETBX
981-2912                      ,"CTN, RETAIL SA761PU",No Purchases,EA,,PRO,Professional Sales Price Group,,CARTN               RETBX
981-2914                      ,"CTN, RETAIL SF630(P)",Active,EA,,PRO,Professional Sales Price Group,,CARTN               RETBX
981-2917-1                    ,"CTN, RETAIL SF650(P)",Active,EA,,PRO,Professional Sales Price Group,,CARTN               RETBX
981-2918-1                    ,"CTN, RETAIL SF660(P)",Active,EA,,PRO,Professional Sales Price Group,,CARTN               RETBX
981-2925-1                    ,"CTN, RETAIL ST640(P)",Active,EA,,PRO,Professional Sales Price Group,,CARTN               RETBX
981-2926                      ,"CTN, RETAIL ST650(P)",Active,EA,,PRO,Professional Sales Price Group,,CARTN               RETBX
981-2926-1                    ,"CTN, RETAIL ST650 (P)",Active,EA,,PRO,Professional Sales Price Group,,CARTN               RETBX
981-2933                      ,"CTN, RETAIL SUA771PU",Active,EA,,PRO,Professional Sales Price Group,,CARTN               RETBX
981-2934                      ,"CTN, RETAIL PA762",Active,EA,,PRO,Professional Sales Price Group,,CARTN               RETBX
981-2977                      ,"CTN, RETAIL PRGS-UNV",Active,EA,,PRO,Professional Sales Price Group,,CARTN               RETBX
981-2991                      ,"CTN, RETAIL SF680(P)",Active,EA,,PRO,Professional Sales Price Group,,CARTN               RETBX
981-2993                      ,"CTN, RETAIL ST670(P)",Active,EA,,PRO,Professional Sales Price Group,,CARTN               RETBX
981-3003                      ,CTN FOR DS-VW775-QR,Active,EA,,FGMT,FGMT,,CARTN               BOXES
981-3005-1                    ,"CTN, RETAIL ACC-UCM",Active,EA,,PRO,Professional Sales Price Group,,CARTN               RETBX
981-3006                      ,"CTN, RETAIL PTM200",Active,EA,,PRO,Professional Sales Price Group,,CARTN               RETBX
981-3043                      ,"CTN, BROWN PLAIN FOR IRTO49-200 TELE BOTTOM",Active,EA,,PRO,Professional Sales Price Group,,CARTN               BOXES
981-3044                      ,"CTN, BROWN PLAIN FOR IRTO49-200 TELE TOP",Active,EA,,PRO,Professional Sales Price Group,,CARTN               BOXES
982-0268                      ,"INSERT VOID FILLER, 15.938 X 22.938",Active,EA,,PRO,Professional Sales Price Group,,CARTN               INSRT
982-0270                      ,"""L"" FOLD INSERT",Active,EA,,PRO,Professional Sales Price Group,,CARTN               INSRT
982-0271                      ,"INSERT, 41-9/16 x 11-7/8",Active,EA,,PRO,Professional Sales Price Group,,CARTN               INSRT
982-0272                      ,"INSERT, SMALL FOR FBZ-600 (DS)",Active,EA,,PRO,Professional Sales Price Group,,CARTN               INSRT
982-0273                      ,"INSERT, LARGE FOR FBZ-600 (DS)",Active,EA,,PRO,Professional Sales Price Group,,CARTN               INSRT
982-0287                      ,"INSERT 58 X 23"", D/C 32ECT",Active,EA,,PRO,Professional Sales Price Group,,CARTN               INSRT
982-0289                      ,"INSERT 54.5 X 51"", D/C 32ECT",Active,EA,,PRO,Professional Sales Price Group,,CARTN               INSRT
982-0436                      ,INSERT VERT BRKTS SFX/STX640/50/60,Active,EA,,PRO,Professional Sales Price Group,,CARTN               INSRT
982-0573                      ,"CORNER BOARD, 20"" LONG, 1.5 X 1.5",Active,EA,,PRO,Professional Sales Price Group,,CARTN               INSRT
982-0574                      ,"CORNER BOARD, 36"" LONG, 1.5 X 1.5",Active,EA,,PRO,Professional Sales Price Group,,CARTN               INSRT
982-0575                      ,"CTN, INSERT 31.875 X 32.25",Active,EA,,PRO,Professional Sales Price Group,,CARTN               INSRT
982-0622                      ,"INSERT, HEIGHT SUPPORT FOR DS-VW765-LQR",Active,EA,,PRO,Professional Sales Price Group,,CARTN               INSRT
982-0673                      ,INSERT FOR SF650(P),Active,EA,,CORE,Mounts,,CARTN               INSRT
982-0674                      ,INSERT FOR SF660(P),Active,EA,,CORE,Mounts,,CARTN               INSRT
982-0682                      ,INSERT FOR ST650(P),Active,EA,,PRO,Professional Sales Price Group,,CARTN               INSRT
982-0690                      ,INSERT FOR PA762,Active,EA,,KIOSK,Kiosks,,CARTN               INSRT
982-0693                      ,"INSERT, ROLL UP, SHELF FILLER",No Purchases,EA,,PRO,Professional Sales Price Group,,CARTN               INSRT
982-0695                      ,"INSERT, CASTOR SEPARATOR",No Purchases,EA,,PRO,Professional Sales Price Group,,CARTN               INSRT
982-0696                      ,"INSERT, WELDMENT FILLER, FANFOLD",Active,EA,,PRO,Professional Sales Price Group,,CARTN               INSRT
982-0707                      ,"INSERT, SR598 OUTER FRAME",No Purchases,EA,,PRO,Professional Sales Price Group,,CARTN               INSRT
982-0728                      ,"INSERT, ACC-GS1",Active,EA,,PRO,Professional Sales Price Group,,CARTN               INSRT
982-1957                      ,INSERT FOR UV%1 CORNER TOP LEFT (FOAM) BLK,No Purchases,EA,,PRO,Professional Sales Price Group,,CARTN               INSRT
982-1961                      ,"INSERT FOR UV%1 MIDLLE (FOAM) BLK, TOP",No Purchases,EA,,PRO,Professional Sales Price Group,,CARTN               INSRT
982-2369                      ,INSERTS (3) for PS200,No Purchases,EA,,PRO,Professional Sales Price Group,,CARTN               INSRT
982-2396                      ,INSRT FOR MOD 150 ENDS,Active,EA,,PRO,Professional Sales Price Group,,CARTN               INSRT
982-2411                      ,"INSERT, 8X6"" DIE CUT EC48 W/ 2X2"" CTR CUTOUT",Active,EA,,XGPREFAB,XGPREFAB,,CARTN               INSRT
982-2414                      ,INSERT MOD KITS EXTENSION POLES RAILS NOTCHES,Active,EA,,PRO,Professional Sales Price Group,,CARTN               INSRT
982-2423                      ,CARTON CONNECTING CLIP,No Purchases,EA,,PRO,Professional Sales Price Group,,CARTN               INSRT
982-2439                      ,INSERT FOR DS-OM55/46 CEILING BASE PLATE,Active,EA,,PRO,Professional Sales Price Group,,CARTN               INSRT
982-2440                      ,INSERT FOR DS-OM55/46 TOP FILLER,Active,EA,,PRO,Professional Sales Price Group,,CARTN               INSRT
982-2444                      ,INSERT FOR DS-OM46 CEILING END INSERT,Active,EA,,PRO,Professional Sales Price Group,,CARTN               INSRT
983-0516                      ,"LABEL, 3.00 X 1.00 PEERLESS-AV ALUMINUM PLATE",No Purchases,EA,,PRO,Professional Sales Price Group,,PP                  LABEL
983-1754-1                    ,XHB INPUT PANEL LABEL - POLYCARB/300LSE ADHESIVE,No Purchases,EA,,ET DD,ET Dealer / Distributor Pricing,,PP                  LABEL
983-3698                      ,"LABEL, UL 2.75X1.50 SILVER FILM SMT-60",Active,EA,,PRO,Professional Sales Price Group,,PP                  LABEL
984-0009                      ,"PLST BAG 3""X3"" X.002 MIL",Active,EA,,PRO,Professional Sales Price Group,,PP                  BAGS 
984-0046                      ,"PLST BAG, CONTINUOUS, 12"" WIDE, 2 MIL",Active,FT,,PRO,Professional Sales Price Group,,PP                  BAGS 
984-0053                      ,"PLST BAG for TV, 48x48",No Purchases,EA,,PRO,Professional Sales Price Group,,PP                  BAGS 
984-0054                      ,"Bag for 55"" TV, 60 x 60, 2 mil",No Purchases,EA,,PRO,Professional Sales Price Group,,PP                  BAGS 
ACC-C125                      ,FLOOR CASTER WITH SHIM,Active,EA,,PRO,Professional Sales Price Group,Active,FPSS STANDETAIL          
ACC-HKDZ-25                   ,EASY-ON M6 TYPE HARDWARE,Active,EA,,PRO,Professional Sales Price Group,Active,FPSS STANDETAIL          
ACC-M850H                     ,"Security Fast Pack, M8 x 50mm (4pcs)",Active,EA,False,HOSP,Hospitality,Active,FPSS STANDETAIL          
ACC-MBHS2                     ,Menu Board Heat Shield,Active,EA,,PRO,Professional Sales Price Group,Active,FPSS STANDETAIL          
ACC-V2X2                      ,VESA 200X200 ADAPTOR KIT,No Purchases,EA,False,CORE,Mounts,Use Up,FPSS STANDETAIL          
ACC-VDK                       ,Vibration Dampening Kit,Active,EA,False,HOSP,Hospitality,Use Up,FPSS STANDETAIL          
CL-DVL200                     ,clean,Active,EA,,FGMT,FGMT,,PP                  MISC 
CL-DVL300                     ,DVD/CD lens cleaner w/5.1 diangosti,Active,EA,,PRO,Professional Sales Price Group,,PP                  MISC 
CL-RCF200                     ,Record cleaning fluid 200ml,Active,EA,,PRO,Professional Sales Price Group,,PP                  MISC 
CL-SCC400                     ,Screen Cleaning cloth 40 x 40 cm,Active,EA,,PRO,Professional Sales Price Group,,PP                  MISC 
CL-SCW100                     ,Screen Cleaning Wipes for LCD x 100,Active,EA,,PRO,Professional Sales Price Group,,PP                  MISC 
DEV-145-T1778                 ,"Extension Extrusion 36"" TBLK",Active,EA,,PRO,Professional Sales Price Group,,FAB                 PAINT
DS-VWS001                     ,DS-VW WALL SPACERS,Active,EA,,PRO,Professional Sales Price Group,Active,LED  STAND               
DS-VWS001-P                   ,DS-VW WALL SPACERS - PORTRAIT,Active,EA,,PRO,Professional Sales Price Group,Active,LED  STAND               
DS-VWS002-P                   ,DS-VW WALL SPACERS - PORTRAIT,Active,EA,,PRO,Professional Sales Price Group,Active,FPSS STANDETAIL          
DS-VWS003-P                   ,DS-VW WALL SPACERS - PORTRAIT,Active,EA,,PRO,Professional Sales Price Group,Active,LED  STAND               
DS-VWS005-P                   ,DS-VW WALL SPACERS - PORTRAIT,Active,EA,,PRO,Professional Sales Price Group,Active,LED  STAND               
DS-VWS007                     ,DS-VW WALL SPACERS,Active,EA,,PRO,Professional Sales Price Group,Active,FPSS STANDETAIL          
DS-VWS008-P                   ,DS-VW WALL SPACERS - PORTRAIT,Active,EA,,PRO,Professional Sales Price Group,Active,LED  STAND               
DS-VWS009-P                   ,DS-VW WALL SPACERS - PORTRAIT,Active,EA,,PRO,Professional Sales Price Group,Active,LED  STAND               
DS-VWS010-P                   ,DS-VW WALL SPACERS - PORTRAIT,Active,EA,,PRO,Professional Sales Price Group,Active,LED  STAND               
DS-VWS014                     ,DS-VW WALL SPACERS,Active,EA,,PRO,Professional Sales Price Group,Active,FPSS STANDETAIL          
DS-VWS018-P                   ,DS-VW WALL SPACERS - PORTRAIT,Active,EA,,PRO,Professional Sales Price Group,Active,LED  STAND               
DS-VWS019                     ,DS-VW WALL SPACERS,Active,EA,,PRO,Professional Sales Price Group,Active,FPSS STANDETAIL          
DS-VWS020                     ,DS-VW WALL SPACERS,Active,EA,,PRO,Professional Sales Price Group,Active,FPSS STANDETAIL          
DS-VWS022                     ,DS-VW WALL SPACERS,Active,EA,,PRO,Professional Sales Price Group,Active,FPSS STANDETAIL          
DS-VWS027-P                   ,DS-VW WALL SPACERS - PORTRAIT,Active,EA,,PRO,Professional Sales Price Group,Active,LED  STAND               
DS-VWS032-P                   ,DS-VW WALL SPACERS - PORTRAIT,Active,EA,,PRO,Professional Sales Price Group,Active,LED  STAND               
DS-VWS034-P                   ,DS-VW WALL SPACERS - PORTRAIT,Active,EA,,PRO,Professional Sales Price Group,Active,LED  STAND               
DS-VWS035-P                   ,DS-VW WALL SPACERS - PORTRAIT,Active,EA,,PRO,Professional Sales Price Group,Active,LED  STAND               
DS-VWS036                     ,DS-VW WALL SPACERS,Active,EA,,PRO,Professional Sales Price Group,Active,LED  STAND               
DS-VWS036-P                   ,DS-VW WALL SPACERS - PORTRAIT,Active,EA,,PRO,Professional Sales Price Group,Active,LED  STAND               
DS-VWS063-P                   ,DS-VW WALL SPACERS - PORTRAIT,Active,EA,,PRO,Professional Sales Price Group,Active,FPSS STANDETAIL          
DS-VWS086                     ,DS-VW WALL SPACERS,Active,EA,,PRO,Professional Sales Price Group,Active,FPSS STANDETAIL          
DS-VWS087                     ,DS-VW WALL SPACERS,Active,EA,,PRO,Professional Sales Price Group,Active,FPSS STANDETAIL          
DS-VWS089                     ,DS-VW WALL SPACERS,Active,EA,,PRO,Professional Sales Price Group,Active,FPSS STANDETAIL          
DS-VWS092                     ,DS-VW Mount Spacer,Active,EA,,PRO,Professional Sales Price Group,Active,FPSS STANDETAIL          
EXM-0005                      ,Bottom Cover Plate,Active,EA,,PRO,Professional Sales Price Group,,PP                       
FOR TARGET ONLY               ,Exclusive Target.com product,Active,EA,,PRO,Professional Sales Price Group,Active,APNS                     
FPS-1000 CUST SPEC NOTICE     ,FOR ACCOR #005625 REPL W FPS-1200,Active,EA,,PRO,Professional Sales Price Group,Active,FPSS STANDETAIL          
HOTEL SOLUTIONS               ,ONLY SOLD TO HS  KATHY P 4 PRICING,Active,EA,,PRO,Professional Sales Price Group,Active,FPSS STANDETAIL          
IB14X14C-W                    ,In-wall Box Cover for the IB14X14-W,Active,EA,False,CORE,Mounts,Active,FPSS STANDETAIL          
IB14X9C-W                     ,In-wall Box Cover for the IB14X9-W,Active,EA,False,CORE,Mounts,Active,FPSS STANDETAIL          
JELCO CASE                    ,(NOT FOR SALE) JELCO ROLLING CASE (MP INTERNAL USE ONLY),Active,EA,,ET DD,ET Dealer / Distributor Pricing,,PP                       
LIT-0185-1                    ,WALL PLATE TEMPLATE FOR SA750/760,Active,EA,,PRO,Professional Sales Price Group,,PP                  ELECT
LOGICAL CHOICE                ,PROPRIETARY FOR LOGICAL CHOICE,Active,EA,,PRO,Professional Sales Price Group,Active,FPSS STANDETAIL          
LTL ITEM                      ,IF MORE THAN QTY 2 USE LTL CARRIER,Active,EA,,PRO,Professional Sales Price Group,Active,FPSS STANDETAIL          
MIS-ACC100                    ,LCT100 Conversion Kit,Active,EA,,PRO,Professional Sales Price Group,Active,FPSS STANDETAIL          
MIS004                        ,Media Storage Box with Fan,Active,EA,,PRO,Professional Sales Price Group,Active,FPSS STAND               
PDU1910N-15-120P1-1510NSP     ,Horizontal Surge Protection,No Purchases,EA,,PRO,Professional Sales Price Group,Active,FPSS STANDETAIL          
PN-SR763SEC                   ,Security Fast-Pack for Cart PN-SR763M,Inactive,EA,,PRO,Professional Sales Price Group,,FPSS STANDETAIL          
PUR-0065                      ,"48Lx6Wx30H, BLACK, WATERPROOF, MD FOR 47 & 49 "" TV",Active,EA,,PRO,Professional Sales Price Group,,PP                  MISC 
T441                          ,Hardware Kit,Active,EA,,PRO,Professional Sales Price Group,Active,FPSS STANDETAIL          
UA-BPS3                       ,Blanking Panel Solid - 3RU,Active,EA,,PRO,Professional Sales Price Group,Active,RACKSSTAND               
UA-LB3                        ,Lacing Bars - Straight (Qty of 5),Active,EA,,PRO,Professional Sales Price Group,Active,RACKSSTAND               
152-T1920                     ,"SHELF, BATTERY - SUB ASY, TBLK",Active,EA,,CUSTM,Custom Sales Price Group,,FAB                 PAINT
410-0398                      ,"BMU TO ""A1"" BATTERY (+)",Active,EA,,CUSTM,Custom Sales Price Group,,PP                  ELECT
410-0400                      ,"""A1"" TO ""B1"" BATTERY (+) (Cabinet to Cabinet)",Active,EA,,CUSTM,Custom Sales Price Group,,PP                  ELECT
410-0401                      ,"""A2"" TO ""B2"" BATTERY (-) (Cabinet to Cabinet)",Active,EA,,CUSTM,Custom Sales Price Group,,PP                  ELECT
410-0402                      ,BATTERY-TO-BATTERY SHORT (LEFT BANK),Active,EA,,CUSTM,Custom Sales Price Group,,PP                  ELECT
410-0403                      ,BATTERY-TO-BATTERY LONG (RIGHT BANK),Active,EA,,CUSTM,Custom Sales Price Group,,PP                  ELECT
410-0462                      ,"BATTERY MANAGEMENT UNIT (BMU), MURATA BPE-BMU2-LV (SUPPLIED BY CUSTOMER)",Active,EA,,CUSTM,Custom Sales Price Group,,PP                  ELECT
BIHI-ACCSK                    ,Blue Planet Energy Stacking Kit,No Request,EA,,CUSTM,Custom Sales Price Group,,BPE  STAND               
BILX-ACCLVA                   ,BILX LV Accessory Kit for A Cabinet,No Request,EA,,CUSTM,Custom Sales Price Group,,BPE  STAND               
EC-RCBCN306F                  ,"6FT RCAXBNC COMPONENT CBL -10"" LEAD",Active,EA,,PRO,Professional Sales Price Group,,PP                  ELECT
EC-RCBCN306F-M10              ,"6FT RCAXBNC COMPONENT CBL -10"" LEAD",Active,EA,,PRO,Professional Sales Price Group,,PP                  ELECT
EC-RCBCN306F-S1               ,"6FT RCAXBNC COMPONENT CBL -10"" LEAD",Active,EA,,PRO,Professional Sales Price Group,,PP                  ELECT
180-W1635                     ,"XHB2 TOP GLAND BRACKET, WRINKLE BLACK",No Purchases,EA,,ET WIRE,Emerging Technologies Products,,FAB                 PAINT
180-W1673-5                   ,"ELECTRONIC CHASSIS ASSEMBLY XHB2 DISPLAY; (5V/12V Funtionality, IR EXT CONTROL), 49 , 55",No Purchases,EA,,ET WIRE,Emerging Technologies Products,,FAB                 ASSYP
210-9050                      ,FASTPACK FOR XHB2,Active,EA,,ET DD,ET Dealer / Distributor Pricing,,FAST                     
410-0058                      ,IR & LIGHT SENSOR WIRE HARNESS,Active,EA,,ET DD,ET Dealer / Distributor Pricing,,PP                  ELECT
410-0145-1                    ,WIRE HARNESS – XHB2 - MONITOR (RIMS) TO LED DRIVER – 43 (4 WIRE),Inactive,EA,,ET DD,ET Dealer / Distributor Pricing,,PP                  ELECT
410-0146                      ,WIRE HARNESS – XHB2 - MONITOR (RIMS) TO LED DRIVER – 49/55,Active,EA,,ET DD,ET Dealer / Distributor Pricing,,PP                  ELECT
410-0155-UL                   ,"BRK-4500 SMPS PCB, UL",Active,EA,,ET DD,ET Dealer / Distributor Pricing,,PP                  ELECT
410-1032                      ,"Waterproof Universal remote, X",No Purchases,EA,,ET DD,ET Dealer / Distributor Pricing,,PP                  ELECT
410-1088-R                    ,"GRAY CABLE GROMMET 6MM, (KT6), RED MARKED",Active,EA,,ET,Emerging Technologies & Displays,,FAST                     
410-1090-R                    ,"GRAY CABLE GROMMET 8MM, (KT8), RED MARKED",Active,EA,,ET,Emerging Technologies & Displays,,FAST                     
410-1096-R                    ,"GRAY CABLE GROMMET 2-6MM, (KT2-6), RED MARKED",Active,EA,,ET,Emerging Technologies & Displays,,FAST                     
410-1098                      ,"GRAY CABLE GROMMET 7MM, (KT7)",No Purchases,EA,,ET DD,ET Dealer / Distributor Pricing,,PP                  ELECT
410-1100-R                    ,"GRAY CABLE GROMMET 2-4MM, (KT2-4), RED MARKED",Active,EA,,ET,Emerging Technologies & Displays,,FAST                     
410-1101                      ,"GRAY CABLE GROMMET 2-7MM, (KT2-7)",No Purchases,EA,,ET DD,ET Dealer / Distributor Pricing,,PP                  ELECT
410-1102                      ,"GRAY CABLE GROMMET 2-8MM, (KT2-8)",No Purchases,EA,,ET DD,ET Dealer / Distributor Pricing,,PP                  ELECT
410-1202                      ,8FT OUTDOOR POWER CORD -  IEC TO EU (BLK),Active,EA,,ET DD,ET Dealer / Distributor Pricing,,PP                  ELECT
410-1203                      ,8FT OUTDOOR POWER CORD -  IEC TO UK (BLK),Active,EA,,ET DD,ET Dealer / Distributor Pricing,,PP                  ELECT
560-0931                      ,"VELCRO STRAP W/ BUCKLE, BLACK, 36"" X 1""",Active,EA,,ET DD,ET Dealer / Distributor Pricing,,PP                  MISC 
591-1019                      ,"49"" ULTRAVIEW DUST COVER",No Purchases,EA,,ET WIRE,Emerging Technologies Products,,PP                  MISC 
591-1020                      ,"55"" ULTRAVIEW DUST COVER",No Purchases,EA,,ET DD,ET Dealer / Distributor Pricing,,PP                  MISC 
981-3019                      ,"CTN, BROWN PLAIN FOR XHB432 BOTTOM TRAY",Inactive,EA,,ET DD,ET Dealer / Distributor Pricing,,CARTN               BOXES
981-3020                      ,"CTN, BROWN PLAIN FOR XHB432 TOP/OUTER",Inactive,EA,,ET DD,ET Dealer / Distributor Pricing,,CARTN               BOXES
981-3021                      ,"CTN, BROWN PLAIN FOR XHB492 TOP/OUTER",No Purchases,EA,,ET DD,ET Dealer / Distributor Pricing,,CARTN               BOXES
981-3022                      ,"CTN, BROWN PLAIN FOR XHB552 TOP/OUTER",No Purchases,EA,,ET DD,ET Dealer / Distributor Pricing,,CARTN               BOXES
981-3023                      ,"CTN, BROWN PLAIN FOR XHB492 BOTTOM TRAY",No Purchases,EA,,ET DD,ET Dealer / Distributor Pricing,,CARTN               BOXES
981-3024                      ,"CTN, BROWN PLAIN FOR XHB552 BOTTOM TRAY",No Purchases,EA,,ET DD,ET Dealer / Distributor Pricing,,CARTN               BOXES
982-1986                      ,INSERT FOR XHB2 BOTTOM CENTER SUPPORT,No Purchases,EA,,ET DD,ET Dealer / Distributor Pricing,,CARTN               INSRT
982-1987                      ,INSERT FOR XHB2 BOTTOM  FOAM LEFT,No Purchases,EA,,ET DD,ET Dealer / Distributor Pricing,,CARTN               INSRT
982-1988                      ,INSERT FOR XHB2 TOP RIGHT FOAM CORNER,No Purchases,EA,,ET DD,ET Dealer / Distributor Pricing,,CARTN               INSRT
982-1989                      ,INSERT FOR XHB2 TOP LEFT FOAM CORNER,No Purchases,EA,,ET DD,ET Dealer / Distributor Pricing,,CARTN               INSRT
982-1990                      ,INSERT FOR XHB2 BOTTOM RIGHT FOAM CORNER,No Purchases,EA,,ET DD,ET Dealer / Distributor Pricing,,CARTN               INSRT
ACCD-05K                      ,UltraView 5V Accessory Kit,Active,EA,False,ET,Emerging Technologies & Displays,Active,ET   STANDXTRME          
ACCD-12K                      ,UltraView 12V Accessory Kit,Active,EA,False,ET,Emerging Technologies & Displays,Active,ET   STANDXTRME          
ACCD-ALG                      ,UltraView Analog Accessory Kit,Active,EA,False,ET,Emerging Technologies & Displays,Active,ET   STANDXTRME          
ACCD-ALS                      ,AMBIENT LIGHT SENSOR EXTENDER,Active,EA,False,ET,Emerging Technologies & Displays,Active,ET   STANDXTRME          
ACCD-PCB                      ,XHB Power Cable - 8' - BLK - Outdoor Rated,Active,EA,False,ET,Emerging Technologies & Displays,Active,ET   STANDXTRME          
ACCD-REM01                    ,Accessory Box for410-0049,Active,EA,,ET DD,ET Dealer / Distributor Pricing,,ET   STANDXTRME          
ACCD-REM02                    ,Peerless-AV Outdoor Rated Learning Remote,Active,EA,False,ET,Emerging Technologies & Displays,Active,ET   STANDXTRME          
CAB-0019                      ,Xtreme - 8ft. Pwr Cord Wtrprf Cons,Active,EA,,PRO,Professional Sales Price Group,,PP                  ELECT
CAB-0063                      ,Xtreme - 15ft. Pwr Cord; Plug 90 Degree; Wtrprf Cons,Active,EA,,PRO,Professional Sales Price Group,,PP                  ELECT
CL-42PLC68-B                  ,"42"" CIIL XTREME SEALED LCD DISPLAY - IP68 B STOCK",Active,EA,,ET DD,ET Dealer / Distributor Pricing,Active,ET   STANDXTRME          
CL-47PLC68-B                  ,"47"" XTREME SEALED LCD DISPLAY - IP68 - BLK B STOCK",Active,EA,,ET DD,ET Dealer / Distributor Pricing,Active,ET   STANDXTRME          
CL-PWR-AUS                    ,Xtreme Power Cord for Australia,Active,EA,,ET DD,ET Dealer / Distributor Pricing,Active,ET   STANDXTRME          
ECN38039                      ,FG XHB652,Inactive,EA,,ET DD,ET Dealer / Distributor Pricing,Active,ET   CUSTM               
PAK-0016                      ,"(HEAT SEAL ONLY) FOAM CORNER INSERT, TOP, R&L Set, BLACK, X",Active,EA,,PRO,Professional Sales Price Group,,PP                  MISC 
PAK-0018                      ,"(HEAT SEAL ONLY) FOAM CORNER INSERT, BOTTOM, R& L SET,Black, X",Active,EA,,PRO,Professional Sales Price Group,,PP                  MISC 
PAK-0019                      ,"(HEAT SEAL ONLY) FOAM CENTER SUPPORT, BOTTOM, WHITE, X",Active,EA,,PRO,Professional Sales Price Group,,PP                  MISC 
PAK-0020                      ,"(HEAT SEAL ONLY) FOAM CENTER SUPPORT, TOP, BLACK, X",Active,EA,,PRO,Professional Sales Price Group,,PP                  MISC 
WATER FEATURE DISPLAY         ,(NOT FOR SALE) WATER FEATURE DISPLAYS (MP INTERNAL USE ONLY),Active,EA,,PRO,Professional Sales Price Group,,PP                  MISC 
XHB553-EUK                    ,"55"" XTREME HIGH BRIGHT OUTDOOR DISPLAY FOR EMEA",Inactive,EA,,ET,Emerging Technologies & Displays,,ET   STANDXTRME          
XHB652-EUK                    ,"65"" XTREME HIGH BRIGHT SEALED LCD DISPLAY - IP66 - BLK, Optically Bonded 2500Cd/m2",Inactive,EA,,ET DD,ET Dealer / Distributor Pricing,,ET   STANDXTRME          
046-P1130                     ,"SUF640 - 4X4 SCRN ADPT BRK, ASSY",Active,EA,,PRO,Professional Sales Price Group,,FAB                 ASSYP
050000128                     ,"SPEAKER EXTENSIONS, 57"" PL",Active,EA,,PRO,Professional Sales Price Group,,FAB                      
050000129                     ,"Bracket, Speaker Atachment 57"" LCD",Active,EA,,PRO,Professional Sales Price Group,,FAB                      
050000130                     ,"SPEAKER PLATE, 130-T1308",Active,EA,,PRO,Professional Sales Price Group,,FAB                      
050000131                     ,"COVR LOCK PLATE, 57"" PL 130-T1305",Active,EA,,PRO,Professional Sales Price Group,,FAB                      
050000132                     ,"SPEAKER PLATE ASSY, 130-T1297",Active,EA,,PRO,Professional Sales Price Group,,FAB                      
050000133                     ,"COVER LOCK PLATE, 130-T1291",Active,EA,,PRO,Professional Sales Price Group,,FAB                      
050000134                     ,"CABLE COVER, DSI-CM-46 130-T1298",Active,EA,,PRO,Professional Sales Price Group,,FAB                      
050000135                     ,"BRACKET, STABLIZER DSI-GM 130-C4341",Active,EA,,PRO,Professional Sales Price Group,,FAB                      
050000136                     ,"BRACKET, STABILIZER DSI-GM 130-5341",Active,EA,,PRO,Professional Sales Price Group,,FAB                      
050000137                     ,"ENCLSR SHIFT BRKT, DSI-GM 130-C4352",Active,EA,,PRO,Professional Sales Price Group,,FAB                      
050000138                     ,"ENCLSR SPCR BRKT, DSI-GM 130-C4353",Active,EA,,PRO,Professional Sales Price Group,,FAB                      
050000139                     ,"ENCLSR SPCR BRKT, DSI-GM 130-5353",Active,EA,,PRO,Professional Sales Price Group,,FAB                      
050000140                     ,"NUT BRACKET, DSI-GM 130-C4344",Active,EA,,PRO,Professional Sales Price Group,,FAB                      
050000142                     ,"BRKT, POWER SPRT DSI-GM, 130-5340",Active,EA,,PRO,Professional Sales Price Group,,FAB                      
050000143                     ,"BRACKET, POWER SUPPORT, 130-C4340",Active,EA,,PRO,Professional Sales Price Group,,FAB                      
050000144                     ,"Adapter Plate, 46"" / 57"" LCD TV",Active,EA,,PRO,Professional Sales Price Group,,FAB                      
050000159                     ,"Adapter Plate, Speaker 57"" LCD 09",Active,EA,,PRO,Professional Sales Price Group,,FAB                      
050000161                     ,"Adapter Plate, Speaker 46"" 09",Active,EA,,PRO,Professional Sales Price Group,,FAB                      
050000162                     ,"Bracket, Lock 46"" LCD 09",Active,EA,,PRO,Professional Sales Price Group,,FAB                      
050000163                     ,"Cover, Cable 46"" LCD 09",Active,EA,,PRO,Professional Sales Price Group,,FAB                      
080000257                     ,"Mount, Display TV SV78 (Conslidtor)",Active,EA,,PRO,Professional Sales Price Group,Active,FPSS STAND               
080000258                     ,"Mount, Display TV RS78 (Conslidtor)",Active,EA,,PRO,Professional Sales Price Group,Active,FPSS STAND               
080000259                     ,"Mount, Display TV RS64 (Conslidtor)",Active,EA,,PRO,Professional Sales Price Group,Active,FPSS STAND               
090-8357                      ,FAST PACK FOR HL4UN-002,Active,EA,,PRO,Professional Sales Price Group,,FAST                     
091-1036                      ,"SUPPORT TUBE HP447/HP455 ASSY, BLK",Active,EA,,HOSP,Hospitality,,FAB                 ASSYP
095-1721                      ,"ADPR PLATE, BLK",Active,EA,,PRO,Professional Sales Price Group,,FAB                 PAINT
095-4667                      ,"BOTTOM SCREEN BRACKET, SLV",Active,EA,,PRO,Professional Sales Price Group,,FAB                 PAINT
095-4721                      ,"ADPR PLATE, SLV",Active,EA,,PRO,Professional Sales Price Group,,FAB                 PAINT
095-4962                      ,"TOP SUPPORT BRACKET, SLV",Active,EA,,PRO,Professional Sales Price Group,,FAB                 PAINT
095-SG1346                    ,"ADAPTER PLATE, ST630, SGBLK",Active,EA,,PRO,Professional Sales Price Group,,FAB                 PAINT
096-0455                      ,"HORIZONTAL PLATE, UNIV. MOUNT, 400MM",Active,EA,,PRO,Professional Sales Price Group,,FAB                 COMBO
124-1794                      ,"MIS 373 ADAPTER BOX, BLK",Active,EA,,PRO,Professional Sales Price Group,,FAB                 PAINT
125-1545                      ,"WALL PLATE FOR DST940, BLK",Active,EA,,DS,Digital Signage,,FAB                 PAINT
130-1031                      ,"COMPLIANCE COVER, PIC-NGTV-01, BLK",Active,EA,,PRO,Professional Sales Price Group,,FAB                 PAINT
130-1073                      ,"PINCH BRK ,PIC-NGTV-01,02,& 05, BLK",Active,EA,,PRO,Professional Sales Price Group,,FAB                 PAINT
130-C4352                     ,"ENCLSR SHIFT BRKT, DSI-GM, REF SILV",Active,EA,,PRO,Professional Sales Price Group,,FAB                 PAINT
145-0172                      ,"FAB, TILT ADAPTER PLATE FOR DST360",Active,EA,,PRO,Professional Sales Price Group,,FAB                 LASER
145-1172                      ,"TILT ADAPTER PLATE FOR DST360, BLK",Active,EA,,PRO,Professional Sales Price Group,,FAB                 PAINT
145-1476                      ,"HRZNTL SPACER FOR DS-VWS060-P,BLK",Active,EA,,PRO,Professional Sales Price Group,,FAB                 PAINT
145-1477                      ,"VERTICAL SPACER FOR DS-VWS060-P,BLK",Active,EA,,PRO,Professional Sales Price Group,,FAB                 PAINT
145-1708                      ,"HORIZONTAL SUPPORT TUBE WELD FOR DS-VWT955-2X2, BLK",Active,EA,,PRO,Professional Sales Price Group,,FAB                 PAINT
145-1711                      ,"RAIL ASSEMBLY FOR VW CARTS, BLK",Active,EA,,PRO,Professional Sales Price Group,,FAB                 ASSYP
145-8041                      ,FAST PACK FOR DS-ACC770,Active,EA,,PRO,Professional Sales Price Group,,FAST                     
145-8092-1                    ,FAST PACK FOR DS-S555-3X2,Active,EA,,PRO,Professional Sales Price Group,,FAST                     
145-8094-1                    ,FAST PACK FOR DS-S555-4X2,Active,EA,,PRO,Professional Sales Price Group,,FAST                     
145-8095-1                    ,FAST PACK FOR DS-S560-2X2,Active,EA,,PRO,Professional Sales Price Group,,FAST                     
145-8108                      ,FASTPACK FOR DS-S555-4X3,Active,EA,,PRO,Professional Sales Price Group,,FAST                     
145-8110                      ,FASTPACK FOR DS-S560-1X3,Active,EA,,PRO,Professional Sales Price Group,,FAST                     
146-4806                      ,"DECORATIVE PLATE, CEILING, 2 PIECE FOR DSF265, SLV",Active,EA,,DS,Digital Signage,,FAB                 PAINT
146-T1321                     ,"BRACKET, CORD MGT, DS-VWC, TBLK",Active,EA,,DS,Digital Signage,,FAB                 PAINT
200-0574                      ,WALL MNT OUTER PLATE,Active,EA,,PRO,Professional Sales Price Group,,FAB                 LASER
200-0575                      ,WALL MNT INNER PLATE,Active,EA,,PRO,Professional Sales Price Group,,FAB                 LASER
200-0576                      ,TILT HOOK PLATE,Active,EA,,PRO,Professional Sales Price Group,,FAB                 LASER
200-1797                      ,"SF640 FLAT UNIV WALL PLATE, BLK",Active,EA,,PRO,Professional Sales Price Group,,FAB                 PAINT
200-8600                      ,FAST PACK FOR PT-420LG,Active,EA,,PRO,Professional Sales Price Group,,FAST                     
200-8613                      ,"FASTPACK (4) M10 X 15, BLK W/WRENCH",Active,EA,,PRO,Professional Sales Price Group,,FAST                     
200-8683                      ,FAST PACK FOR TVA737,No Request,EA,,PRO,Professional Sales Price Group,,FAST                     
201-1048                      ,"TILT-TO-ROLL ASSY, PLAV60 BLK",Active,EA,,PRO,Professional Sales Price Group,,FAB                 ASSYP
201-1072                      ,"PLA60 ARM & HEAD ASSY, BLK",Active,EA,,PRO,Professional Sales Price Group,,FAB                 ASSYP
201-1094                      ,"PLA50 ARM & HEAD ASSY, BLK",Active,EA,,PRO,Professional Sales Price Group,,FAB                 ASSYP
201-1462                      ,TILT ASSY ST635 LH  SEC BLK,Active,EA,,PRO,Professional Sales Price Group,,FAB                 ASSYP
201-1463                      ,TILT ASSY ST635 RH NON BLK,Active,EA,,PRO,Professional Sales Price Group,,FAB                 ASSYP
201-1464                      ,TILT ASSY ST635 RH  SEC BLK,Active,EA,,PRO,Professional Sales Price Group,,FAB                 ASSYP
201-1966                      ,"TILT PLATE FOR SP850-V2X2, BKL",Active,EA,,PRO,Professional Sales Price Group,,FAB                 PAINT
201-P1044                     ,"PLAV70 ARMS & HEAD ASSY, PBLK",Active,EA,,PRO,Professional Sales Price Group,,FAB                 ASSYP
201-P1048                     ,"TILT-TO-ROLL ASSY, PLAV60, PBLK",Active,EA,,PRO,Professional Sales Price Group,,FAB                 ASSYP
201-P1090                     ,"SWIVEL BOX - PLA50/60 WLD, PBLK",Active,EA,,CORE,Mounts,,FAB                 PAINT
201-P1093                     ,"TILT-TO-ROLL ASSY, PLA50/60, PBLK",Active,EA,,PRO,Professional Sales Price Group,,FAB                 ASSYP
201-P1094                     ,"PLA50 ARM & HEAD ASSY, PBLK",Active,EA,,PRO,Professional Sales Price Group,,FAB                 ASSYP
201-P1110                     ,"LARGE UNIVERSAL PLP PLATE, PBLK",Active,EA,,PRO,Professional Sales Price Group,,FAB                 PAINT
201-T1945                     ,"650 OPEN WALL PLT, ASSY, TBLK",No Request,EA,False,CORE,Mounts,,FAB                 PAINT
202-1532                      ,"HOOK ADAPTER BRACKET ASM, DSF290, BLK",Active,EA,,DS,Digital Signage,,FAB                 ASSYP
520-5029                      ,"10-32 X .63"" PH PAN TYP F SCR, GRAY DACROMET",Active,EA,,PRO,Professional Sales Price Group,,FAST                HW   
520-5032                      ,"M5 X 25MM SKT PIN SCR, GRAY GEOMET",Active,EA,,PRO,Professional Sales Price Group,,FAST                HW   
530-1049                      ,"NUT 10-32,  ACORN,  BLK",Active,EA,,PRO,Professional Sales Price Group,,FAST                NUT  
540-1505                      ,"M6 SPRING LOCK WASHER, BLK",Active,EA,,PRO,Professional Sales Price Group,,FAST                WASH 
565-0027A                     ,KEY FDS-3250-K27,Active,EA,,PRO,Professional Sales Price Group,,PP                  MISC 
565-0029A                     ,KEY FDS-3250-K29,Active,EA,,PRO,Professional Sales Price Group,,PP                  MISC 
565-0058A                     ,KEY FDS-3250-K58 Key Num 2327,Active,EA,,HOSP,Hospitality,,FAST                MISC 
570-0068                      ,ADHESIVE BACKED CABLE HOLDERS,Active,EA,,PRO,Professional Sales Price Group,,PP                  ADPRT
591-1014                      ,"PENDANT, LATCH TRACK - BLK",No Request,EA,,PRO,Professional Sales Price Group,,PP                  MISC 
981-0248                      ,"CRTN,23.125 X 17.125 X 7.375"" 44ECT",Active,EA,,PRO,Professional Sales Price Group,,CARTN               BOXES
981-0522                      ,CTN 37.5 X 24 X 5 w/recycle logo,Active,EA,,PRO,Professional Sales Price Group,,CARTN               BOXES
981-0913                      ,"CTN, BROWN BOX FOR DS-VW765-LAND (CPR)",Active,EA,,DS,Digital Signage,,CARTN               BOXES
981-2448                      ,CARTON FOR PA746F,Active,EA,,PRO,Professional Sales Price Group,,CARTN               BOXES
981-2905                      ,"CTN, RETAIL TVT665",Active,EA,,CORE,Mounts,,CARTN               RETBX
982-0226                      ,"INSERT BMPR , PIC-NGTV-03, PEDESTAL",Active,EA,,PRO,Professional Sales Price Group,,CARTN               INSRT
982-0267                      ,INSERT 14.25 X 7.75,Active,EA,,PRO,Professional Sales Price Group,,CARTN               INSRT
ACC-46HP                      ,Half plate brckts - X462UN & X461UN,Active,EA,,PRO,Professional Sales Price Group,Use Up,FPSS STANDETAIL          
ACC-MBCR1                     ,"Menu Board Connector, Connects Ceiling Mounts",Active,EA,False,DS,Digital Signage,Active,FPSS STANDETAIL          
BKT-7051                      ,Extension Brackets for BKT-7050,No Purchases,EA,,PRO,Professional Sales Price Group,Use Up,FPSS STAND               
BKT-7051-REV1                 ,"Extension Brackets for BKT-7050, Gen 2",Active,EA,,PRO,Professional Sales Price Group,Active,FPSS STANDETAIL          
CUS337                        ,Pivot Wall Mount for HG55AC690 and HG48AC690,Active,EA,,PRO,Professional Sales Price Group,Active,FPSS STANDETAIL          
DEV-MOD-P150-1084             ,1084mm EXTENSION POLE ZINC PLATED,Active,EA,,PRO,Professional Sales Price Group,Active,FPSS STAND               
520-1251                      ,"SCREW M5X0.8X40MM SKT BTN, M3 DRIVE, BLK",Active,EA,,PRO,Professional Sales Price Group,,FAST                HW   
520-1751                      ,SCREW M4X0.7X8MM PHIL FLT SS BLKOX,Active,EA,,PRO,Professional Sales Price Group,,FAST                HW   
981-1019                      ,"CARTON, BROWN BOX, ULINE (S-14280) 26 X 20 X 4",Active,EA,,FGMT,FGMT,,CARTN               BOXES
B                             ,REPLACEMENT FASTPACK 7/11/03,Active,EA,,PRO,Professional Sales Price Group,,FAST                     
DS-VW775-QR                   ,"SMARTMOUNT® FULL SERVICE WALL MOUNT FOR 46"" TO 60"" DISPLAYS, PUSH TO RELEASE VERSION",Active,EA,True,DS,Digital Signage,Active,FPSS STANDETAIL          
DS-VW795-QR                   ,"SmartMount® Full Service Video Wall Mt w Quick Release
 for 65"" to 98"" Displays",Active,EA,True,DS,Digital Signage,Active,FPSS STANDETAIL          
DS-VWM770                     ,"SmartMount® Special Purpose Video Wall Mount For 46"" to 70"" Displays",Active,EA,False,DS,Digital Signage,Active,FPSS STANDETAIL          
DS-VWS023                     ,DS-VW WALL SPACERS,Active,EA,,PRO,Professional Sales Price Group,Active,FPSS STANDETAIL          
DS-VWS024                     ,DS-VW WALL SPACERS,Active,EA,,PRO,Professional Sales Price Group,Active,FPSS STANDETAIL          
DS-VWS025                     ,DS-VW WALL SPACERS,Active,EA,,PRO,Professional Sales Price Group,Active,FPSS STANDETAIL          
DS-VWS026                     ,DS-VW WALL SPACERS,Active,EA,,PRO,Professional Sales Price Group,Active,FPSS STANDETAIL          
DS-VWS033                     ,"SPACER KIT 033 46""",Active,EA,,PRO,Professional Sales Price Group,Active,FPSS STANDETAIL          
DS-VWS034                     ,"DS-VW WALL SPACERS 55""",Active,EA,,PRO,Professional Sales Price Group,Active,LED  STAND               
DS-VWS035                     ,"VIDEO WALL SPACER KIT 42""",Active,EA,,PRO,Professional Sales Price Group,Active,LED  STAND               
DS-VWT955-2X2                 ,"SmartMount® 2x2 Video Wall Ceiling Mount For 40"" to 55"" Displays 2x2 Configuration",No Purchases,EA,False,DS,Digital Signage,,FPSS STANDETAIL          
DS334                         ,Media Player Mounting Bracket,No Purchases,EA,False,DS,Digital Signage,Use Up,FPSS STANDETAIL          
DS496                         ,Media Player Mounting Plate for Apple Mac Mini Computer,No Purchases,EA,False,DS,Digital Signage,Use Up,FPSS STANDETAIL          
DS508                         ,"Univ Tilt Wall Mount with Media Storage (fits up to 14.9"" x 13.3"" x 3.95"")",No Purchases,EA,False,DS,Digital Signage,Use Up,FPSS STANDETAIL          
DS509                         ,"Univ Tilt Wall Mount with Media Storage (fits up to 14.9"" x 9.0"" x 2.0"")",No Purchases,EA,False,DS,Digital Signage,Use Up,FPSS STANDETAIL          
DSF210-GHC                    ,"Gondola Mount with Half Cover, for Samsung DB10D",No Purchases,EA,False,DS,Digital Signage,Use Up,FPSS STANDETAIL          
DSF210-SFC                    ,"Shelf Mount with Full Cover, for Samsung DB10D",Active,EA,False,DS,Digital Signage,Use Up,FPSS STANDETAIL          
DSF210-SHC                    ,"Shelf Mount with Half Cover, for Samsung DB10D",Active,EA,False,DS,Digital Signage,Use Up,FPSS STANDETAIL          
DSF265L                       ,"Cable Mount, Landscape",Inactive,EA,False,DS,Digital Signage,,FPSS STANDETAIL          
DSF265P                       ,"Cable Mount, Portrait",Inactive,EA,False,DS,Digital Signage,,FPSS STANDETAIL          
DSF290                        ,"Truss Mount for 12"" truss with 2"" Outer Diameter Tubing For 40"" to 90"" Displays",Active,EA,False,DS,Digital Signage,Active,FPSS STANDETAIL          
DSF680                        ,Ultra Thin Wall Mount for VESA 400x400,Active,EA,,PRO,Professional Sales Price Group,Active,FPSS STANDETAIL          
DST360                        ,"Flat/Tilt Wall or Ceiling Mount with Media Device Storage for 26"" to 60"" Displays (single sided, mounts one display)",Active,EA,False,DS,Digital Signage,Active,FPSS STANDETAIL          
DST660                        ,"SmartMount® Flat/Tilt Wall Mount with Media Device Storage for 40"" to 60"" Displays",Active,EA,False,DS,Digital Signage,Active,FPSS STANDETAIL          
DST940                        ,"Dual Display Ceiling Mount System (for 37""-46"" Flat Panel Displays)",Active,EA,False,DS,Digital Signage,Active,FPSS STANDETAIL          
DST940-BTB                    ,Back to Back Dual Display Ceiling Mount System,No Purchases,EA,False,DS,Digital Signage,Use Up,FPSS STANDETAIL          
DST942-6                      ,"Multi-Display Ceiling Mount with Six Telescoping Arms For 37"" to 42"" Displays",Active,EA,False,DS,Digital Signage,Active,FPSS STANDETAIL          
DST965                        ,"SmartMount® Back-to-Back Ceiling Mount with Media Device Storage For 40"" to 65"" Displays",Active,EA,False,DS,Digital Signage,Active,FPSS STANDETAIL          
DST970X2                      ,"Dual-Display Ceiling Mount for 40"" to 70"" Displays (Display size depends on positioning)",Active,EA,False,DS,Digital Signage,Active,FPSS STANDETAIL          
DST975-4                      ,"Multi-Display Ceiling Mount with Four Telescoping Arms For 37"" to 75"" Displays",Active,EA,False,DS,Digital Signage,Active,FPSS STANDETAIL          
DST980-3                      ,"Multi-Display Ceiling Mount with Three Telescoping Arms For 37"" to 80"" Displays",Active,EA,False,DS,Digital Signage,Active,FPSS STANDETAIL          
DST995                        ,"SmartMount® Flat/Tilt Universal Ceiling Mount with Media Device Storage For 40"" to 95"" Displays",Active,EA,False,DS,Digital Signage,Active,FPSS STANDETAIL          
DSX750                        ,MEDIA PLAYER HOLDER ACCESSORY,Active,EA,False,DS,Digital Signage,Active,FPSS STANDETAIL          
ECN40129                      ,Horzntl  I-Beam Mt  to fit ECN-C5501UV hung parallel to beam,Active,EA,,PRO,Professional Sales Price Group,Active,FPSS CUSTM               
ECN40290-UV552                ,Axis Camera Enclosure for UV552,Active,EA,,PRO,Professional Sales Price Group,Active,FPSS CUSTM               
ECN40290-XHB552-L             ,Axis Camera Enclosure for XHB552 in Landscape,Active,EA,,PRO,Professional Sales Price Group,Active,FPSS CUSTM               
ECN40290-XHB552-P             ,Axis Camera Enclosure for XHB552 in Portrait,Active,EA,,PRO,Professional Sales Price Group,Active,FPSS CUSTM               
ECN40541-XHB552-P             ,Camera Enclosure for XHB552 in Portrait,Active,EA,,PRO,Professional Sales Price Group,Active,FPSS CUSTM               
ECN40695                      ,Horzntl  I-Beam Clmp Mt to fit ECN-C5502UV-C  perpendicular to I-Bm,Active,EA,,PRO,Professional Sales Price Group,Active,FPSS CUSTM               
EDS-VW765-LAND                ,"20 MOQ, OUTDOOR VIDEO WALL MOUNT- LANDSCAPE",Active,EA,False,DS,Digital Signage,Active,FPSS STANDETAIL          
EPA762PU                      ,"Outdoor Wall Mount for 42-75"" TV's",Active,EA,True,CORE,Mounts,Active,FPSS STANDETAIL          
EPA762PU-CC                   ,"Outdoor Wall Mount for 42-75"" TV's",Active,EA,False,CORE,Mounts,Active,FPSS STANDETAIL          
EPT630                        ,"Outdoor Tilt Wall Mount for 22"" to 40"" TV's",Active,EA,False,CORE,Mounts,Active,FPSS STANDETAIL          
EPT650                        ,"Outdoor Universal Tilt Wall Mount For 32"" to 75"" TV's",Active,EA,True,CORE,Mounts,Active,FPSS STANDETAIL          
EPT650-CC                     ,"Outdoor Universal Tilt Wall Mount For 32"" to 75"" TV's",Active,EA,False,CORE,Mounts,Active,FPSS STANDETAIL          
ESA763PU                      ,"Outdoor Universal Articulating Wall Mount For 32"" to 86"" TV's",Active,EA,True,CORE,Mounts,Active,FPSS STANDETAIL          
ESF655P                       ,"Outdoor Universal Flat Wall Mount for 42"" to 80"" - Portrait",Active,EA,True,CORE,Mounts,Active,FPSS STANDETAIL          
ESF686                        ,Outdoor Flat Wall Mount for XHB652 and UV862,Active,EA,True,CORE,Mounts,Active,FPSS STANDETAIL          
EST655P                       ,Outdoor Universal Tilting Mount - Portrait,Active,EA,False,CORE,Mounts,Active,FPSS STANDETAIL          
EWL-49XE4F                    ,"Outdoor Tilt Wall Mount for LG 49XE4F, Landscape",Active,EA,False,CORE,Mounts,Active,FPSS STANDETAIL          
EWL-55XE4F                    ,"Outdoor Tilt Wall Mount for LG 55XE4F, Landscape",Active,EA,False,CORE,Mounts,Active,FPSS STANDETAIL          
EWMU                          ,"Wind Rated Tilt Wall Mount For 32"" to 65"" Outdoor TV's",Active,EA,False,CORE,Mounts,Active,FPSS STANDETAIL          
EWP-49XE4F                    ,"Outdoor Tilt Wall Mount for LG 49XE4F, Portrait",Active,EA,False,CORE,Mounts,Active,FPSS STANDETAIL          
EWP-55XE4F                    ,"Outdoor Tilt Wall Mount for LG 55XE4F, Portrait",Active,EA,False,CORE,Mounts,Active,FPSS STANDETAIL          
FLD-UNV                       ,"UNIV FLAT PANEL LOCKDOWN KIT, BLK",No Purchases,EA,False,HOSP,Hospitality,Use Up,FPSS STANDETAIL          
FMACSBR1                      ,Universal Sound Bar Mount,Active,EA,,PRO,Professional Sales Price Group,Active,FPSS STANDETAIL          
FMFM                          ,FM 400X400 Flat Wall Mount,Active,EA,,CONS,Consumer,Active,FPSS STANDETAIL          
FOR PETRA AND DBL ONLY        ,Only to be ordered by Petra and DBL,Active,EA,,PRO,Professional Sales Price Group,Active,FPSS STAND               
FPS-1000                      ,"FLAT PANEL PULLOUT SWIVEL MNT, BLK",Active,EA,False,HOSP,Hospitality,Use Up,FPSS STANDETAIL          
FPZ-600                       ,"Flat Panel Stand For 50"" to 90"" Displays",Active,EA,False,CORE,Mounts,Active,FPSS STANDETAIL          
FS-MIS38426                   ,1x2 Free Standing   Desktop Mt -for 43/49 Curved Samsungs,No Purchases,EA,False,CORE,Mounts,Use Up,FPSS STAND               
FVWM-101                      ,"Display and Tablet Flat/Fixed Wall Mt for up to 14"" screens",Active,EA,,PRO,Professional Sales Price Group,Active,FPSS STANDETAIL          
H-RWMB                        ,"Rotational W Mt Bundle- PLPV6x4,SF16D,RM12W",No Purchases,EA,False,HOSP,Hospitality,Use Up,HOSP STAND               
HA746-STB                     ,Artic.Wall Mount with Set Top Box Cover,Active,EA,True,HOSP,Hospitality,Active,HOSP STAND               
HA747PU                       ,HOSPITALITY ARTIC  WALL MT- NO TILT,Active,EA,False,HOSP,Hospitality,Use Up,HOSP STAND               
HL4UN-002                     ,SAMSUNG SECURITY HARDWARE KIT,No Purchases,EA,False,HOSP,Hospitality,Use Up,FPSS STANDETAIL          
HL4UN-002-Q10                 ,SAMSUNG SECURITY HARDWARE KIT- 10PK,No Purchases,EA,False,HOSP,Hospitality,Use Up,FPSS STANDETAIL          
HLC-KIT                       ,SAFETY AND SECURITY CABLE KIT,Active,EA,False,HOSP,Hospitality,Use Up,FPSS STANDETAIL          
HLC-KIT-Q10                   ,SAFETY AND SECURITY CABLE KIT QUANTITY 10,Active,EA,False,HOSP,Hospitality,Active,FPSS STANDETAIL          
HP432-002                     ,"Desktop Swivel Mount, BLK",Active,EA,False,HOSP,Hospitality,Use Up,HOSP STAND               
HP432-002-S                   ,"Desktop Swivel Mount, SLV",No Purchases,EA,False,HOSP,Hospitality,Use Up,HOSP STAND               
HP447                         ,"DESKTOP SWIVEL ADJUSTABLE 2X1, 2X2",Active,EA,False,HOSP,Hospitality,Use Up,HOSP STAND               
HP450                         ,DESKTOP SWIVEL UNV WITH PLP-UNL,No Purchases,EA,False,HOSP,Hospitality,,HOSP STAND               
HP455                         ,DESKTOP SWIVEL UNV,Active,EA,False,HOSP,Hospitality,Active,HOSP STAND               
HPF-OLED                      ,Pull Out Pivot Wall Mount for LG OLED 55/65EW960H,No Purchases,EA,False,CORE,Mounts,Use Up,HOSP STAND               
HPF650                        ,"FLAT PANEL PULLOUT PIVOT MNT, BLK",Active,EA,True,HOSP,Hospitality,Active,HOSP STAND               
HPF665                        ,"HOSPITALITY UNIVERSAL SWING OUT MOUNT 55-75"" DISPLAYS",Inactive,EA,False,CORE,Mounts,Use Up,HOSP STAND               
HSAL                          ,"Hospitality UNIV ART MOUNT 50-75""+ NONSEC",Active,EA,,HOSP,Hospitality,Active,FPSS STAND               
HSAM                          ,"TruVue UNIV ART MOUNT 32-50""+ NONSEC",Active,EA,,HOSP,Hospitality,Active,FPSS STAND               
HSTL                          ,"Hospitality UNIV FLAT/TILT MOUNT 50-65""+ NONSEC",Active,EA,,HOSP,Hospitality,Active,FPSS STAND               
HSTM                          ,"Hospitality UNIV FLAT/TILT MOUNT 32-50""+ NONSEC",Active,EA,,HOSP,Hospitality,Active,FPSS STAND               
HSTXL                         ,"Hospitality UNIV FLAT/TILT MOUNT 65-90""+ NONSEC",Active,EA,,HOSP,Hospitality,Active,FPSS STAND               
HX643-TAMM                    ,Teleadapt Mini (TA-3350D) Mt for LG43LX570H,Active,EA,,HOSP,Hospitality,Active,HOSP STAND               
IB14X14-AC-W                  ,"14x14"" In-wall Box with Duplex Surge Suppressor",Active,EA,True,CORE,Mounts,Active,FPSS STANDETAIL          
IB14X9-AC-W                   ,"14x9"" In-wall Box with Duplex Surge Suppressor",Active,EA,True,CORE,Mounts,Active,FPSS STANDETAIL          
IBA2                          ,In-Wall Accessories Box,Active,EA,False,CORE,Mounts,Active,FPSS STANDETAIL          
IBA2-M                        ,"IBA2-M IN-WALL ACC BOX LG, GBLK",Active,EA,,CORE,Mounts,Active,FPSS STANDETAIL          
IBA2-W                        ,In-Wall Accessories Box,Active,EA,False,CORE,Mounts,Active,FPSS STANDETAIL          
IBA2-W-M                      ,"IBA2-W-M IN-WALL ACC BOX LG, WHT",Active,EA,,CORE,Mounts,Active,FPSS STANDETAIL          
IBA2AC                        ,In-Wall Accessories Box with 125V Duplex,Active,EA,False,CORE,Mounts,Active,FPSS STANDETAIL          
IBA2AC-W                      ,In-Wall Accessories Box with 125V Duplex,Active,EA,False,CORE,Mounts,Active,FPSS STANDETAIL          
IBA3                          ,In-Wall Accessories Box,Active,EA,False,CORE,Mounts,Active,FPSS STANDETAIL          
IBA3-M                        ,"IBA3-M IN-WALL ACC BOX MED, GBLK",Active,EA,,CORE,Mounts,Active,FPSS STANDETAIL          
IBA3-W                        ,In-Wall Accessories Box,Active,EA,False,CORE,Mounts,Active,FPSS STANDETAIL          
IBA3-W-M                      ,"IBA3-M IN-WALL ACC BOX MED, WHT",Active,EA,,CORE,Mounts,Active,FPSS STANDETAIL          
IBA3AC                        ,In-Wall Accessories Box with 125V Duplex,Active,EA,False,CORE,Mounts,Active,FPSS STANDETAIL          
IBA3AC-W                      ,In-Wall Accessories Box with 125V Duplex,Active,EA,False,CORE,Mounts,Active,FPSS STANDETAIL          
IBA4-W                        ,Easy Mount Recessed Low Voltage Cable Plate,Active,EA,False,CORE,Mounts,Active,FPSS STANDETAIL          
IBA5-W-M                      ,"M RECESSED MEDIAPLATE W/SURGE, WHT",Active,EA,,CORE,Mounts,Active,FPSS STANDETAIL          
IM746P                        ,"In-Wall Articulating Mount For 22"" to 47"" TV's require PLP",Active,EA,False,CORE,Mounts,Active,FPSS STANDETAIL          
IM747PU                       ,"Articulating Mount w/ In-wall Box -37-65"" Displays",Active,EA,True,CORE,Mounts,Active,FPSS STANDETAIL          
IM760PU                       ,"Universal In-Wall Articulating Mount For 32"" to 71"" TV's",Active,EA,False,CORE,Mounts,Active,FPSS STANDETAIL          
IM771PU                       ,"Dual Arm Articulating Mount w/ In-wall Box - 42-90"" Displays",Active,EA,True,CORE,Mounts,Active,FPSS STANDETAIL          
IWB680-W                      ,"Touch Panel Mount for 32-80"" LCD Displays",Active,EA,False,CORE,Mounts,Active,FPSS STANDETAIL          
KEY-001                       ,KEYS FOR FDS-3250-K1,Active,EA,,PRO,Professional Sales Price Group,Active,FPSS STANDETAIL          
KEY-002                       ,KEYS FOR FDS-3250-K2,Active,EA,,PRO,Professional Sales Price Group,Active,FPSS STANDETAIL          
KEY-004                       ,KEYS FOR FDS-3250-K4,Active,EA,,PRO,Professional Sales Price Group,Active,FPSS STANDETAIL          
KEY-005                       ,KEYS FOR FDS-3250-K5,Active,EA,,PRO,Professional Sales Price Group,Active,FPSS STANDETAIL          
KEY-006                       ,KEYS FOR FDS-3250-K6,Active,EA,,PRO,Professional Sales Price Group,Active,FPSS STANDETAIL          
KEY-008                       ,KEYS FOR FDS-3250-K8,Active,EA,,PRO,Professional Sales Price Group,Active,FPSS STANDETAIL          
KEY-009                       ,KEYS FOR FDS-3250-K9,Active,EA,,PRO,Professional Sales Price Group,Active,FPSS STANDETAIL          
KEY-010                       ,KEYS FOR FDS-3250-K10,Active,EA,,PRO,Professional Sales Price Group,Active,FPSS STANDETAIL          
KEY-011                       ,KEYS FOR FDS-3250-K11,Active,EA,,PRO,Professional Sales Price Group,Active,FPSS STANDETAIL          
KEY-012                       ,KEYS FOR FDS-3250-K12,Active,EA,,PRO,Professional Sales Price Group,Active,FPSS STANDETAIL          
KEY-013                       ,KEYS FOR FDS-3250-K13,Active,EA,,PRO,Professional Sales Price Group,Active,FPSS STANDETAIL          
KEY-014                       ,KEYS FOR FDS-3250-K14,Active,EA,,PRO,Professional Sales Price Group,Active,FPSS STANDETAIL          
KEY-015                       ,KEYS FOR FDS-3250-K15,Active,EA,,PRO,Professional Sales Price Group,Active,FPSS STANDETAIL          
KEY-016                       ,KEYS FOR FDS-3250-K16,Active,EA,,PRO,Professional Sales Price Group,Active,FPSS STANDETAIL          
KEY-017                       ,KEYS FOR FDS-3250-K17,Active,EA,,PRO,Professional Sales Price Group,Active,FPSS STANDETAIL          
KEY-018                       ,KEYS FOR FDS-3250-K18,Active,EA,,PRO,Professional Sales Price Group,Active,FPSS STANDETAIL          
KEY-027                       ,KEYS FOR FDS-3250-K27,Active,EA,,PRO,Professional Sales Price Group,Active,FPSS STANDETAIL          
KEY-029                       ,KEYS FOR FDS-3250-K29,Active,EA,,PRO,Professional Sales Price Group,Active,FPSS STANDETAIL          
KEY-035                       ,KEYS FOR FDS-3250-K35,Active,EA,,PRO,Professional Sales Price Group,Active,FPSS STANDETAIL          
KEY-040                       ,KEYS FOR FDS-3250-K40,Active,EA,,PRO,Professional Sales Price Group,Active,FPSS STANDETAIL          
KEY-044                       ,KEYS FOR FDS-3250-K44,Active,EA,,PRO,Professional Sales Price Group,Active,FPSS STANDETAIL          
KEY-052                       ,KEYS FOR HP432-C52-S,Active,EA,,PRO,Professional Sales Price Group,Active,FPSS STANDETAIL          
KEY-053                       ,Keys K53 Desktop Mounts,Active,EA,,PRO,Professional Sales Price Group,Active,FPSS STANDETAIL          
KEY-056                       ,Keys K56 Desktop Mounts,Active,EA,,PRO,Professional Sales Price Group,Active,FPSS STANDETAIL          
KEY-058                       ,KEYS FOR FDS-3250-K58,Active,EA,,PRO,Professional Sales Price Group,Active,FPSS STANDETAIL          
KEY-059                       ,KEYS FOR FDS-3250-K59,Active,EA,,PRO,Professional Sales Price Group,Active,FPSS STANDETAIL          
KEY-061                       ,KEYS FOR FDS-3250-K61,Active,EA,,PRO,Professional Sales Price Group,Active,FPSS STANDETAIL          
KEY-064                       ,KEYS FOR FDS-3250-K64,Active,EA,,PRO,Professional Sales Price Group,Active,FPSS STANDETAIL          
KIT-MOD-UNL                   ,"Large Unv. Adaptor for 39"" to 75"" TV's (w/o instructions)",Active,EA,,PRO,Professional Sales Price Group,,PPA                      
L20PNSR780MEU                 ,Dual Mast Large Screen Cart,Inactive,EA,,PRO,Professional Sales Price Group,,FPSS STANDETAIL          
LC-100                        ,"LCD ADPR PLATE KIT, VESA 75/100",Active,EA,False,CORE,Mounts,Active,FPSS STANDETAIL          
LC-V400                       ,LCD Screen Adaptor plate For VESA 200 x 200,Active,EA,False,CORE,Mounts,Active,FPSS STANDETAIL          
LCC-18                        ,"Ceiling Mount w/18"" to 30"" Adj. Drop",Active,EA,False,CORE,Mounts,Active,FPSS STANDETAIL          
LCC-18-C                      ,"Ceiling Mount w/18"" to 30"" Adj. Drop",No Purchases,EA,False,CORE,Mounts,Use Up,FPSS STAND               
LCC-36                        ,"Ceiling Mount w/36"" to 48"" Adj. Drop",Active,EA,False,CORE,Mounts,Active,FPSS STANDETAIL          
LCC-36-C                      ,"Ceiling Mount w/36"" to 48"" Adj. Drop",No Purchases,EA,False,CORE,Mounts,Use Up,FPSS STANDETAIL          
LCM-3P430DC                   ,TRIPLE MULTIDISPLAY STAND DK CHARC,Active,EA,,PRO,Professional Sales Price Group,,PP                  ELECT
LCT620A                       ,"Desktop Mount For up to 38"" Monitors w/Clamp base",Active,EA,False,CORE,Mounts,Active,FPSS STANDETAIL          
LCT620A-G                     ,"Desktop Mount For up to 38"" Monitors w/Grommet base",Active,EA,False,CORE,Mounts,Active,FPSS STANDETAIL          
LCT620AD                      ,"Dual Desktop Mount For up to 38"" Monitors w/Clamp Base",Active,EA,False,CORE,Mounts,Active,FPSS STANDETAIL          
LCT620AD-G                    ,"Dual Desktop Mount For up to 38"" Monitors w/Grommet Base",Active,EA,False,CORE,Mounts,Active,FPSS STANDETAIL          
LCW620A                       ,"Articulating Wall Mount For up to 38"" Monitors",Active,EA,False,CORE,Mounts,Active,FPSS STANDETAIL          
LG-WMF86BH                    ,Flat Wall Mount for LG 86BH5C,Active,EA,False,DS,Digital Signage,Active,FPSS STANDETAIL          
MA4X4                         ,"MENARDS, V400 ART BLK 22-46"" NONSEC",Active,EA,,CONS,Consumer,Active,FPSS STAND               
MIS-ACC602                    ,FPZ ADAPTER for DMU50SM,Active,EA,,PRO,Professional Sales Price Group,Active,FPSS STANDETAIL          
MIS-ACC9733                   ,FASTPACK FOR LCS-KLA ECN 9733,Active,EA,,PRO,Professional Sales Price Group,,FAST                     
MIS-PLCM2                     ,"Original Ceiling Mt Tilt Box 10.24""W x 5.71""Hx 3.25""D",Active,EA,False,CORE,Mounts,Active,FPSS STANDETAIL          
MIS-UNL                       ,Original Universal Adapter Plate,Active,EA,False,CORE,Mounts,Active,FPSS STANDETAIL          
MIS-UNM                       ,Original Universal Adapter Bracket,Active,EA,,PRO,Professional Sales Price Group,Active,FPSS STANDETAIL          
MIS027                        ,Flat Wall Mount for Ben Q BH-280 and BH-380,Active,EA,,PRO,Professional Sales Price Group,Active,FPSS STANDETAIL          
MIS163                        ,Modified SUF640P - Wells Fargo,Active,EA,,PRO,Professional Sales Price Group,Active,FPSS STAND               
MIS169                        ,HPF650 with Custom Lockout Acc Preinstalled,Active,EA,,HOSP,Hospitality,Active,FPSS STANDETAIL          
MIS173                        ,"Back of Dresser Mt Samsung 40"" /46"" 590 Series",Active,EA,,PRO,Professional Sales Price Group,Active,FPSS STAND               
MIS173-A                      ,MIS173 Dresser Mt for HG40ND677 (no grommet),Active,EA,,HOSP,Hospitality,Active,FPSS STANDETAIL          
MIS181-A                      ,LG/CNN AIRPORT MOUNT FOR LG M4210C,Active,EA,,PRO,Professional Sales Price Group,Use Up,FPSS STAND               
MIS243                        ,"Clamped Desktop Stand for 49"" LG",Active,EA,,PRO,Professional Sales Price Group,Active,FPSS STANDETAIL          
MIS29050                      ,Panera CounterTop Mt  w/ PC Pocket-E2722PY-PN  Portrait,Active,EA,,PRO,Professional Sales Price Group,Active,FPSS STANDETAIL          
MIS298-A                      ,M:40_ CNN CEILING HARDWARE KIT,Active,EA,,PRO,Professional Sales Price Group,Active,FPSS STANDETAIL          
MIS315                        ,"M:40_CNN AIRPORT, CONCRETE ANCHOR KIT",Active,EA,,PRO,Professional Sales Price Group,Active,FPSS STANDETAIL          
MIS316                        ,"M:40_CNN AIRPORT, UNISTRUT HARDWARE KIT",Active,EA,,CUSTM,Custom Sales Price Group,Active,FPSS STANDETAIL          
MIS33617                      ,Custom Ceiling Mount,Active,EA,,PRO,Professional Sales Price Group,Active,FPSS STANDETAIL          
MIS33759                      ,Bolt Down Desktop Mount with Height Adjustability,Active,EA,,PRO,Professional Sales Price Group,Active,FPSS STANDETAIL          
MIS35428                      ,Column and Mount Adaptor,Active,EA,,PRO,Professional Sales Price Group,Active,FPSS STANDETAIL          
MIS35463                      ,Ceiling/ Wall Mt 75x75 / 100x100,Active,EA,,PRO,Professional Sales Price Group,Active,FPSS STANDETAIL          
MIS35507-D                    ,"Dual TV Ceiling Mt (CMJ470,PLP-UNL (2),PLB-1, EXT102)",Active,EA,,PRO,Professional Sales Price Group,Active,FPSS STANDETAIL          
MIS35507-S                    ,"Single TV  Ceiling Mt (CMJ470,PLP-UNL,PLCM-2,EXT102)",Active,EA,,PRO,Professional Sales Price Group,Active,FPSS STANDETAIL          
MIS35750                      ,"Back to Back Tabletop Stand, 18-24"" Displays",Active,EA,,PRO,Professional Sales Price Group,Active,FPSS STANDETAIL          
MIS35795                      ,"Rotational Wall Mt 32""-65"" Displays  2x2,3x3,4x4",Active,EA,,HOSP,Hospitality,Active,FPSS STANDETAIL          
MIS36240                      ,Custom Portrait Floor Stand for Elo E222371,Active,EA,,PRO,Professional Sales Price Group,Active,FPSS STANDETAIL          
MIS36313                      ,Floor to Ceiling Swivel Pole Mount,Active,EA,,PRO,Professional Sales Price Group,Active,FPSS STANDETAIL          
MIS36794-3X1-43               ,"3x1 Menu Board Ceiling Kit -43"" displays",Active,EA,,PRO,Professional Sales Price Group,Active,FPSS STANDETAIL          
MIS36794-3X1-49               ,"3x1 Menu Board Ceiling Kit -49"" displays",Active,EA,,PRO,Professional Sales Price Group,Active,FPSS STANDETAIL          
MIS36794-4X1-43               ,"4x1 Menu Board Ceiling Kit -43"" displays",Active,EA,,PRO,Professional Sales Price Group,Active,FPSS STANDETAIL          
MIS36794-4X1-49               ,"4x1 Menu Board Ceiling Kit -49"" displays",Active,EA,,PRO,Professional Sales Price Group,Active,FPSS STANDETAIL          
MIS36794-5X1-49               ,"5x1 Menu Board Ceiling Kit -49"" displays",Active,EA,,PRO,Professional Sales Price Group,Active,FPSS STAND               
MIS36875                      ,HP455 Bolt Down Desktop Mt with  Custom Plate,Active,EA,,PRO,Professional Sales Price Group,Active,FPSS STANDETAIL          
MIS38234-T650                 ,Game Stop CustomTilt Slat Wall Mount,Active,EA,,PRO,Professional Sales Price Group,Use Up,FPSS STANDETAIL          
MIS38320                      ,"ADA Wall Mount Brackets for 65""",Active,EA,,DS,Digital Signage,Active,FPSS STAND               
MIS38846                      ,Multibox Sku - SR598 with ACC-MS (ECN38846),Active,EA,,PRO,Professional Sales Price Group,Active,FPSS STANDETAIL          
MIS38895                      ,DVD Plate,Active,EA,,PRO,Professional Sales Price Group,Active,FPSS STANDETAIL          
MIS40452                      ,Clamp Down Desktop Mt for Samsung QB49R (200x200) w/ Creston Attachment Bracket (M:39),No Purchases,EA,,PRO,Professional Sales Price Group,Use Up,FPSS STAND               
MIS42487                      ,Custom DS-MBZ642L w/extra hole added,Active,EA,,PRO,Professional Sales Price Group,Active,FPSS STAND               
MIS556                        ,"Proj Mt for Sony VPL-GTZ270/GTZ280,VPL-VW5000ES",Active,EA,False,CORE,Mounts,Active,PSS  STAND               
MIS647L-TH                    ,Custom DS-MBZ647L for Tim Horton's,Active,EA,,PRO,Professional Sales Price Group,Active,FPSS STANDETAIL          
MIS653                        ,Desktop Mount with PC Holder,Active,EA,,PRO,Professional Sales Price Group,Active,FPSS STANDETAIL          
MIS655                        ,Barista Counter Top Mount,Active,EA,,PRO,Professional Sales Price Group,Active,FPSS STANDETAIL          
MIS672-FDS                    ,"FDS CAM LOCK RETROFIT KIT, 200X200",Active,EA,,PRO,Professional Sales Price Group,Active,FPSS STANDETAIL          
MIS674                        ,Panera Payment Desktop Mt for Verifone MX925,Active,EA,,PRO,Professional Sales Price Group,Active,FPSS STANDETAIL          
MIS745-A                      ,POD Hotel Bunk Bed Mt for HG24NE470ADX,Active,EA,,HOSP,Hospitality,Active,FPSS STANDETAIL          
MIS786                        ,"NEC 32-46"" wall mount",Active,EA,,PRO,Professional Sales Price Group,Active,FPSS STANDETAIL          
MIS807                        ,"ONEVIEW GEAR PLT, VESA 2x2, 2x1,1x2,1x1",Active,EA,,PRO,Professional Sales Price Group,Active,FPSS STANDETAIL          
MIS807-4X4-Q10                ,MIS807 for 400x400 VESA (10 Pack),No Purchases,EA,,PRO,Professional Sales Price Group,Use Up,FPSS STANDETAIL          
MIS818                        ,3x1 Digital MenuBoard Ceiling Mt,Active,EA,,PRO,Professional Sales Price Group,Use Up,FPSS STANDETAIL          
MIS819                        ,3x1 Digital MenuBoard Ceiling Mt  for P462,Active,EA,,PRO,Professional Sales Price Group,Active,FPSS STAND               
MIS819-0305                   ,3X1 CEILING MT WITH 3-5FT ADJ EXT COLUMN,Active,EA,,PRO,Professional Sales Price Group,Active,FPSS STAND               
MIS820                        ,4x1 Digital MenuBoard Ceiling Mt for X462UN/P463,Active,EA,,PRO,Professional Sales Price Group,Use Up,FPSS STAND               
MIS820-0203                   ,4X1 CEILING MT WITH 2-3FT ADJ EXT COLUMN,Active,EA,,PRO,Professional Sales Price Group,Active,FPSS STANDETAIL          
MIS820-0305                   ,4X1 CEILING MT WITH 3-5FT ADJ EXT COLUMN,Active,EA,,PRO,Professional Sales Price Group,Active,FPSS STANDETAIL          
MIS820-0406                   ,4X1 CEILING MT WITH 4-6FT ADJ EXT COLUMN,Active,EA,,PRO,Professional Sales Price Group,Active,FPSS STANDETAIL          
MIS828-EXT101                 ,MIS818 kitted with AEC0203 ACC550 ACC850 EXT101,Active,EA,,PRO,Professional Sales Price Group,Active,FPSS STANDETAIL          
MIS919-1                      ,Tilt Wall Mount with Wall Plate Spacer,Active,EA,,PRO,Professional Sales Price Group,Active,FPSS STANDETAIL          
MIS919-4                      ,Tilt Wall Mount with Wall Plate Spacer - 4pk,Active,EA,,PRO,Professional Sales Price Group,Active,FPSS STANDETAIL          
MIS934                        ,REACG TV  4pc Retrofit for MIS181 to LG 42WS50BS-B,Active,EA,,PRO,Professional Sales Price Group,Active,FPSS STANDETAIL          
MIS937                        ,Reach TV  3pc Retrofit for MIS181-A/B/C to LG 42WS50BS-B,Active,EA,,PRO,Professional Sales Price Group,Active,FPSS STANDETAIL          
MIS941                        ,Wall mount for ELO 4202L,Active,EA,,PRO,Professional Sales Price Group,Active,FPSS STANDETAIL          
MIS943                        ,Gondola Mount,Active,EA,,PRO,Professional Sales Price Group,Active,FPSS STAND               
MIS947                        ,M:40_Reach TV Ceiling Mount,Active,EA,,PRO,Professional Sales Price Group,Active,FPSS STANDETAIL          
MIS960                        ,"Articulating Wall Mount for Microsoft Surface Hub 84""",Active,EA,,PRO,Professional Sales Price Group,Active,FPSS STANDETAIL          
MIS976                        ,"Counter-Top ""Free-Standing"" Tablet Stand",Active,EA,,PRO,Professional Sales Price Group,Active,FPSS STANDETAIL          
MIS980                        ,Modified PA750,Active,EA,,PRO,Professional Sales Price Group,Active,FPSS STANDETAIL          
MIS988                        ,"Trolley For Microsoft Hub 55""",Active,EA,,PRO,Professional Sales Price Group,Active,FPSS STANDETAIL          
MISMBZA                       ,DS-MBZ adaptors with additional nonsec hardware,Active,EA,,PRO,Professional Sales Price Group,Active,FPSS STANDETAIL          
MISZ647L                      ,"Menu Board - Land w/ 8pt Adj, for 46-48"" Displays",Active,EA,,PRO,Professional Sales Price Group,Use Up,FPSS STANDETAIL          
MISZ647P                      ,"Menu Board - Por w/ 8pt Adj, for 40-48"" Displays",Active,EA,,PRO,Professional Sales Price Group,Active,FPSS STANDETAIL          
MOD-ACF2                      ,Accessory Cover For MOD-CPF2,Active,EA,False,CORE,Mounts,Active,FPSS STANDETAIL          
MOD-ASC2                      ,Dual Pole Display Stacking Clamp,Active,EA,False,CORE,Mounts,Active,FPSS STANDETAIL          
MOD-AWM2                      ,Dual Pole Fixed Display Mount / Wall Mount Interface,Active,EA,False,CORE,Mounts,Active,FPSS STANDETAIL          
MOD-CPF2                      ,Dual Pole Ceiling / Floor Plate,Active,EA,False,CORE,Mounts,Active,FPSS STANDETAIL          
MOD-CPI2                      ,Dual Pole I-beam Ceiling Plate,Active,EA,False,CORE,Mounts,Active,FPSS STANDETAIL          
MOD-FCS2KIT300                ,"Dual Pole Floor to Ceiling Mount  For 46"" to 90"" TV's w/ Bright Zinc Plated Poles",Active,EA,False,CORE,Mounts,Active,FPSS STANDETAIL          
MOD-FCS2KIT300-B              ,"Dual Pole Floor to Ceiling Mount For 46"" to 90"" TV's w/Black Poles",Active,EA,False,CORE,Mounts,Active,FPSS STANDETAIL          
MOD-FCSKIT300                 ,"Floor-to-Ceiling Mount For 39"" to 75"" TV's w/Zinc Plated Poles",Active,EA,False,CORE,Mounts,Active,FPSS STANDETAIL          
MOD-FCSKIT300-B               ,"Floor-to-Ceiling Mount For 39"" to 75"" TV's w/Black Poles",Active,EA,False,CORE,Mounts,Active,FPSS STANDETAIL          
MOD-FPMD2                     ,Dual Pole tilt Box For Back-To-Back,Active,EA,False,CORE,Mounts,Active,FPSS STANDETAIL          
MOD-FPMS2                     ,Dual Pole Tilt Box,Active,EA,False,CORE,Mounts,Active,FPSS STANDETAIL          
MOD-FPP2                      ,Dual-Pole Free Standing Floor Plate,Active,EA,False,CORE,Mounts,Active,FPSS STANDETAIL          
MOD-FPP2KIT200                ,"Dual Pole Free Standing Mount For 46"" to 90"" TV's w/Bright Zinc Plated Poles",Active,EA,False,CORE,Mounts,Active,FPSS STANDETAIL          
MOD-FPP2KIT200-B              ,"Dual Pole Free Standing Mount For 46"" to 90"" TV's w/Black Poles",Active,EA,False,CORE,Mounts,Active,FPSS STANDETAIL          
MOD-FPS2KIT150                ,"Ceiling Mount For 39"" to 75"" TV's w/1.5M (59"") Bright Zinc Plated Poles",Active,EA,False,CORE,Mounts,Active,FPSS STANDETAIL          
MOD-FPS2KIT150-B              ,Modular Dual-Pole Ceiling Mount  with 1.5m (4.9') Black Extension Columns,Active,EA,False,CORE,Mounts,Active,FPSS STANDETAIL          
MOD-FPSKIT100                 ,"Ceiling Mount For 39"" to 75"" TV's w/1M (39"") Zinc Plated Poles",Active,EA,False,CORE,Mounts,Active,FPSS STANDETAIL          
MOD-FPSKIT100-B               ,"Ceiling Mount For 39"" to 75"" TV's w/1M (39"") Black Poles",Active,EA,False,CORE,Mounts,Active,FPSS STANDETAIL          
MOD-FPSKIT100-CPF             ,"FLAT PANEL SINGLE SCREEN KIT, 1.0M with MOD-CPF",Active,EA,False,CORE,Mounts,Active,FPSS STANDETAIL          
MOD-FPSKIT150                 ,"Ceiling Mount For 39"" to 75"" TV's w/1.5M (59"") Bright Zinc Plated Poles",Active,EA,False,CORE,Mounts,Active,FPSS STANDETAIL          
MOD-FPSKIT150-B               ,"Ceiling Mount For 39"" to 75"" TV's w/1.5M (59"") Black Poles",Active,EA,False,CORE,Mounts,Active,FPSS STANDETAIL          
MOD-FPSKIT150-CPF             ,"FLAT PANEL SINGLE SCREEN KIT, 1.5M with MOD-CPF",Active,EA,False,CORE,Mounts,Active,FPSS STANDETAIL          
MOD-FPSKIT200-CPF             ,"FLAT PANEL SINGLE SCREEN KIT, 2.0M with MOD-CPF",Active,EA,False,CORE,Mounts,Active,FPSS STANDETAIL          
MOD-FW2KIT300                 ,"Dual Pole Floor-to-Wall Mount For 46"" to 90"" TV's w/Bright Zinc Plated Poles",Active,EA,False,CORE,Mounts,Active,FPSS STANDETAIL          
MOD-FW2KIT300-B               ,"Dual Pole Floor-to-Wall Mount For 46"" to 90"" TV's w/Black Poles",Active,EA,False,CORE,Mounts,Active,FPSS STANDETAIL          
MOD-MBL                       ,Large Media Storge Accessory,Active,EA,False,CORE,Mounts,Active,FPSS STANDETAIL          
MOD-MBM                       ,Mac Mini Mount,No Purchases,EA,False,CORE,Mounts,Use Up,FPSS STANDETAIL          
MOD-PJF2KIT150-B              ,"PJF2-UNV Ceiling Mount w/1.5M (59"") Black Pole",Active,EA,False,CORE,Mounts,Active,PSS  STANDPJF2           
MOD-UNL2                      ,Dual-Pole Large Unv. Adaptor For 46” to 90” TV's,Active,EA,False,CORE,Mounts,Active,FPSS STANDETAIL          
MOD-WP2                       ,Dual-Pole Wall Plate,Active,EA,False,CORE,Mounts,Active,FPSS STANDETAIL          
MSA-101                       ,Multi-Channel Speaker Mount For Flat Panel TV's,Active,EA,False,CORE,Mounts,Active,FPSS STANDETAIL          
MTLU                          ,"MENARDS,UNIV TILT BLK 32-70"" NONSEC",Active,EA,,CONS,Consumer,Active,FPSS STAND               
OSUA771PU                     ,"OLED Articulating Wall Mount for 55-77"" Displays",Active,EA,True,CORE,Mounts,Active,FPSS STANDETAIL          
PA730                         ,"Paramount Articulating Wall Mount For 10"" to 29"" TV's",Active,EA,True,CORE,Mounts,Active,FPSS STANDPMNT           
PA740                         ,"Paramount Articulating Wall Mount For 22"" to 43"" TV's",Active,EA,True,CORE,Mounts,Active,FPSS STANDPMNT           
PA746                         ,Universal Articulating Wall Mount,Active,EA,True,CORE,Mounts,Active,FPSS STANDPMNT           
PA750                         ,"ARTICULATING WALL MOUNT 39"" - 75""",Active,EA,True,CORE,Mounts,Active,FPSS STANDPMNT           
PA762                         ,"ARTICULATING WALL MOUNT 39"" - 90""",Active,EA,True,CORE,Mounts,Active,FPSS STANDPMNT           
PA762-UNMH                    ,HOSPITALITY ARTIC WALL MOUNT,Active,EA,True,HOSP,Hospitality,Active,FPSS STANDPMNT           
PANA-103MTV                   ,Tilting Wall Mount For Panasonic 103,Active,EA,False,CORE,Mounts,Active,FPSS STANDETAIL          
PANA-85CEIL                   ,Ceiling Mount For Panasonic TH-85PF12U/ TH-85PF12E TV's,Active,EA,False,CORE,Mounts,Active,FPSS STANDETAIL          
PANA-85WM                     ,Wall Mount For Panasonic TH-85PF12U Flat Panel TV,No Purchases,EA,False,CORE,Mounts,Use Up,FPSS STANDETAIL          
PANA-APWK103PV9               ,Retrofit Kit for TY-WK103PV9,Active,EA,,PRO,Professional Sales Price Group,Active,FPSS STANDETAIL          
PANA-C84103                   ,Flat Panel Floor Cart,No Purchases,EA,False,CORE,Mounts,Use Up,FPSS STANDETAIL          
PAP-JVC-DLA                   ,"PRJ ADPR, JVC DLA-RS40/50/60",Active,EA,False,CORE,Mounts,Active,PSS  STANDPJR            
PEWS310/BK                    ,"Flat, universal to VESA®  600x400mm   For Sreen Sizes  39-75”",Active,EA,,PRO,Professional Sales Price Group,Active,FPSS STANDETAIL          
PEWS320/BK                    ,"Tilt, universal to VESA®  600x400mm   For Sreen Sizes  39-75”",Active,EA,,PRO,Professional Sales Price Group,Active,FPSS STANDETAIL          
PEWS410/BK                    ,"Flat, universal to VESA®  800x400mm   For Sreen Sizes  39-80”",Active,EA,,PRO,Professional Sales Price Group,Active,FPSS STANDETAIL          
PEWS420/BK                    ,"Tilt, universal to VESA®  800x400mm   For Sreen Sizes  39-80”",Active,EA,,PRO,Professional Sales Price Group,Active,FPSS STANDETAIL          
PEWS450/BK                    ,"Full motion, universal to VESA®  600x400mm   For Sreen Sizes  39-75”",No Purchases,EA,,PRO,Professional Sales Price Group,Use Up,FPSS STANDETAIL          
PEWS510/BK                    ,"Flat, universal to VESA®  900x500mm   For Sreen Sizes  46-90”",Active,EA,,PRO,Professional Sales Price Group,Active,FPSS STAND               
PEWS520/BK                    ,"Tilt, universal to VESA®  900x500mm   For Sreen Sizes  46-90”",Active,EA,,PRO,Professional Sales Price Group,Active,FPSS STAND               
PEWV210/BK                    ,"Perfectmount Flat For 22""-40"" TVs",Active,EA,,PRO,Professional Sales Price Group,Active,FPSS STANDETAIL          
PF630                         ,"FLAT MOUNT 10""-29""",Active,EA,True,CORE,Mounts,Active,FPSS STANDPMNT           
PF632                         ,"FLAT MOUNT 22""-43""",Active,EA,True,CORE,Mounts,Active,FPSS STANDPMNT           
PF640                         ,"Paramount™ Universal Flat Wall Mount For 32"" to 46"" TV's",Active,EA,True,CORE,Mounts,Active,FPSS STANDPMNT           
PF650                         ,"FLAT MOUNT 39"" - 75""",Active,EA,True,CORE,Mounts,Active,FPSS STANDPMNT           
PF660                         ,"FLAT MOUNT 39 - 90""",Active,EA,True,CORE,Mounts,Active,FPSS STANDPMNT           
PLA50                         ,"Dedicated Articulating Wall Arm For 37"" to 80"" TV's security",No Purchases,EA,False,CORE,Mounts,Use Up,FPSS STANDETAIL          
PLA50-UNL                     ,"Universal Articulating Wall Arm For 37"" to 80"" TV's security",No Purchases,EA,False,CORE,Mounts,Use Up,FPSS STANDETAIL          
PLA50-UNLP                    ,"Universal Articulating Wall Arm For 37"" to 80"" TV's",No Purchases,EA,False,CORE,Mounts,Use Up,FPSS STANDETAIL          
PLA50-UNLP-GB                 ,"Universal Articulating Wall Arm For 37"" to 80"" TV's",No Purchases,EA,False,CORE,Mounts,Use Up,FPSS STANDETAIL          
PLA60                         ,"Dedicated Articulating Wall Arm For 37"" to 95"" TV's security",No Purchases,EA,False,CORE,Mounts,Use Up,FPSS STANDETAIL          
PLA60-UNL                     ,"Universal Articulating Wall Arm For 37"" to 95"" TV's security",No Purchases,EA,False,CORE,Mounts,Use Up,FPSS STANDETAIL          
PLA60-UNLP                    ,"Universal Articulating Wall Arm For 37"" to 95"" TV's",No Purchases,EA,False,CORE,Mounts,Use Up,FPSS STANDETAIL          
PLA60-UNLP-GB                 ,"Universal Articulating Wall Arm For 37"" to 95"" TV's",No Purchases,EA,False,CORE,Mounts,Use Up,FPSS STANDETAIL          
PLAV60                        ,"Dedicated* Articulating Wall Arm For 37"" to 95"" TV's security",No Purchases,EA,False,CORE,Mounts,Use Up,FPSS STANDETAIL          
PLAV60-UNL                    ,"Universal Articulating Wall Arm For 37"" to 95"" TV's security",No Purchases,EA,False,CORE,Mounts,Use Up,FPSS STANDETAIL          
PLAV60-UNLP                   ,"Universal Articulating Wall Arm For 37"" to 95"" TV's",No Purchases,EA,False,CORE,Mounts,Use Up,FPSS STANDETAIL          
PLAV60-UNLP-GB                ,"Universal Articulating Wall Arm For 37"" to 95"" TV's gloss black",No Purchases,EA,False,CORE,Mounts,Use Up,FPSS STANDETAIL          
PLAV70                        ,"Dedicated* Ariculating Dual Wall Arm For 42"" to 95"" TV's security",Inactive,EA,False,CORE,Mounts,,FPSS STANDETAIL          
PLAV70-UNL                    ,"Universal Ariculating Dual Wall Arm For 42"" to 95"" TV's security",Inactive,EA,False,CORE,Mounts,,FPSS STANDETAIL          
PLAV70-UNLP                   ,"Universal Articulating Dual Wall Arm For 42"" to 95"" TV's",No Purchases,EA,False,CORE,Mounts,,FPSS STANDETAIL          
PLAV70-UNLP-GB                ,"Universal Ariculating Dual Wall Arm For 42"" to 95"" TV's",Inactive,EA,False,CORE,Mounts,,FPSS STANDETAIL          
PLB-1                         ,SmartMount® Tilt Box For Back-to-Back,Active,EA,False,CORE,Mounts,Active,FPSS STANDETAIL          
PLCK-1                        ,"SmartMount® Ceiling Mount For up to 90"" TV's w/o Adaptor",Active,EA,False,CORE,Mounts,Active,FPSS STANDETAIL          
PLCK-UNL                      ,"SmartMount® Ceiling Mount For 32' to 90"" TV's w/o Adaptor",Active,EA,False,CORE,Mounts,Active,FPSS STANDETAIL          
PLCM-1                        ,"SmartMount® Ceiling Mount For up to 90"" TV's w/o Adaptor & Ceiling Plate",Active,EA,False,CORE,Mounts,Active,FPSS STANDETAIL          
PLCM-1CP                      ,"SmartMount® Ceiling Mount For up to 90"" TV's w/o Adaptor",Active,EA,False,CORE,Mounts,Active,FPSS STANDETAIL          
PLCM-2                        ,"SmartMount® Tilt Box For up to 90"" TV's",Active,EA,False,CORE,Mounts,Active,FPSS STANDETAIL          
PLCM-2-UNL                    ,"SmartMount® Universal Tilt Box and Adaptor For 32"" to 90” TV's",Active,EA,False,CORE,Mounts,Active,FPSS STANDETAIL          
PLCM-4                        ,"SmartMount® Tilt Box - Stackable For up to 90"" TV's",Active,EA,False,CORE,Mounts,Active,FPSS STANDETAIL          
PLCM-UNL                      ,"SmartMount® Ceiling Mount For 32"" to 90"" TV's w/o Ceiling Plate",Active,EA,False,CORE,Mounts,Active,FPSS STANDETAIL          
PLCM-UNL-CP                   ,"SmartMount® Ceiling Mount For 32"" to 90"" TV's",Active,EA,True,CORE,Mounts,Active,FPSS STANDSMRT           
PLP-NEC61                     ,"PLASMA ADAPTER PLATE, NEC61",Active,EA,False,CORE,Mounts,Active,FPSS STANDETAIL          
PLP-PAN42                     ,PLASMA ADAPTER PLATE FOR PANA42,Active,EA,False,CORE,Mounts,Active,FPSS STANDETAIL          
PLP-PAN42PX                   ,"PLASMA ADPR PLT, PANANSONIC THP20UP",Active,EA,,PRO,Professional Sales Price Group,Active,FPSS STANDETAIL          
PLP-PAN65                     ,"PLASMA ADPR PLATE, PAN65",Active,EA,,PRO,Professional Sales Price Group,Active,FPSS STANDETAIL          
PLP-PION50                    ,PLASMA ADAPTER PLATE FOR PIONEER 50,Active,EA,False,CORE,Mounts,Active,FPSS STANDETAIL          
PLP-SH65                      ,PLASMA ADPR FOR SHARP LC-65D90U,Active,EA,,PRO,Professional Sales Price Group,Active,FPSS STANDETAIL          
PLP-UNL                       ,"Universal Adaptor Bracket For 32"" to 90"" TV's",Active,EA,False,CORE,Mounts,Active,FPSS STANDETAIL          
PLP-UNM                       ,"Universal Adaptor Bracket For 22"" to 50"" TV's",Active,EA,False,CORE,Mounts,Active,FPSS STANDETAIL          
PLP-V100                      ,PLASMA ADPR PLATE - VESA 100mm,Active,EA,False,CORE,Mounts,Active,FPSS STANDETAIL          
PLP-V2X1                      ,PLASMA ADPR PLATE - VESA 200x100,Active,EA,False,CORE,Mounts,Active,FPSS STANDETAIL          
PLP-V2X2                      ,"PLASMA ADAPTER PLATE, VESA 200x200",Active,EA,False,CORE,Mounts,Active,FPSS STANDETAIL          
PLP-V3X2                      ,"PLASMA ADPR PLT, VESA 300x200",Active,EA,False,CORE,Mounts,Active,FPSS STANDETAIL          
PLP-V3X3                      ,"PLASMA ADPR PLT, VESA 300x300",Active,EA,False,CORE,Mounts,Active,FPSS STANDETAIL          
PLP-V4X2                      ,"PLASMA ADPR PLT, VESA 400x200",Active,EA,False,CORE,Mounts,Active,FPSS STANDETAIL          
PLP-V4X3                      ,"PLASMA ADPR PLT, VESA 400x300",Active,EA,False,CORE,Mounts,Active,FPSS STANDETAIL          
PLP-V4X4                      ,"PLASMA ADPR PLT, VESA 400X400",Active,EA,False,CORE,Mounts,Active,FPSS STANDETAIL          
PLP-V6X2                      ,"PLASMA ADPR PLT, VESA 600x200",Active,EA,False,CORE,Mounts,Active,FPSS STANDETAIL          
PLP-V6X4                      ,"PLASMA ADPR PLT, VESA 600x400",No Purchases,EA,False,CORE,Mounts,Use Up,FPSS STANDETAIL          
PLP-V6X5                      ,Dedicated Adaptor Plate for VESA 600x500,Active,EA,False,CORE,Mounts,Active,FPSS STANDETAIL          
PLP-V6X6                      ,Dedicated Adaptor Plate For VESA 600x600,Active,EA,False,CORE,Mounts,Active,FPSS STANDETAIL          
PN-SR760-ACC1                 ,PC/Keyboard Accessory for PN-SR760M,Inactive,EA,,PRO,Professional Sales Price Group,,FPSS STANDETAIL          
PN-SR763ACC1                  ,PC/Keyboard Accessory for PN-SR763M,Inactive,EA,,PRO,Professional Sales Price Group,,FPSS STANDETAIL          
PN-SR780M                     ,Dual Mast Large Screen Cart,No Purchases,EA,,PRO,Professional Sales Price Group,Use Up,FPSS STANDETAIL          
PN-VW220                      ,2x2 Wall Mounted Video Wall,Active,EA,,PRO,Professional Sales Price Group,Active,FPSS STANDETAIL          
PN-VW330                      ,3x3 Wall Mounted Video Wall,Active,EA,,PRO,Professional Sales Price Group,Active,FPSS STANDETAIL          
PN-VW440                      ,4x4 Wall Mounted Video Wall,Active,EA,,PRO,Professional Sales Price Group,Active,FPSS STANDETAIL          
PP730                         ,"Paramount Pivot Mount For 10"" to 29"" TV's",Active,EA,True,CORE,Mounts,Active,FPSS STANDPMNT           
PP740                         ,"Paramount Pivot Mount For 22"" to 43"" TV's",Active,EA,True,CORE,Mounts,Active,FPSS STANDPMNT           
PR560M                        ,"Paramount Universal Cart for 55-86"" Displays w/Shelf",Inactive,EA,False,CORE,Mounts,,FPSS STANDPMNT           
PRMA1X1                       ,"ARTICULATING MOUNT 10""-29"" for Visions",Active,EA,,PRO,Professional Sales Price Group,Active,FPSS STANDPMNT           
PRMA2X2                       ,"ARTICULATING MOUNT 22""-40"" for Visions",Active,EA,,CONS,Consumer,Active,FPSS STANDPMNT           
PRMA4X4                       ,"ARTICULATING MOUNT 32""-50"" for Visions",Active,EA,,CONS,Consumer,Active,FPSS STANDPMNT           
PRMA6X4                       ,"ARTICULATING MOUNT 39""-90"" for Visions",Active,EA,,PRO,Professional Sales Price Group,Active,FPSS STANDPMNT           
PRMA6X4-16                    ,"ARTICULATING WALL MOUNT 39"" - 75""",Active,EA,,PRO,Professional Sales Price Group,Active,FPSS STANDPMNT           
PRMA6X4-24                    ,"ARTICULATING WALL MOUNT 39"" - 75""",Active,EA,,PRO,Professional Sales Price Group,Active,FPSS STANDPMNT           
PRMF1X1                       ,Paramount Flat Mount w/ VESA 75/100,Active,EA,,PRO,Professional Sales Price Group,Active,FPSS STANDPMNT           
PRMF2X2                       ,"FLAT MOUNT 22""-40"" for Visions",Active,EA,,CONS,Consumer,Active,FPSS STANDPMNT           
PRMF4X3                       ,"FLAT MOUNT 32""-46"" for Visions",Active,EA,,PRO,Professional Sales Price Group,Active,FPSS STANDPMNT           
PRMF8X4                       ,"FLAT MOUNT 39""-90"" for Visions",Active,EA,,PRO,Professional Sales Price Group,Active,FPSS STANDPMNT           
PRMP1X1                       ,"PIVOT MOUNT 10""-29"" for Visions",Active,EA,,PRO,Professional Sales Price Group,Active,FPSS STANDPMNT           
PRMP2X2                       ,"Paramount Pivot Mount For 22"" to 40"" TV's",Active,EA,,CONS,Consumer,Active,FPSS STANDPMNT           
PRMT1X1                       ,"TILT MOUNT 10""-29"" for Visions",Active,EA,,PRO,Professional Sales Price Group,Active,FPSS STANDPMNT           
PRMT4X3                       ,"TILT MOUNT 32""-46"" for Visions",Active,EA,,PRO,Professional Sales Price Group,Active,FPSS STANDPMNT           
PRMT6X4                       ,"TILT MOUNT 39""-75"" for Visions",Active,EA,,PRO,Professional Sales Price Group,Active,FPSS STANDPMNT           
PRMT8X4                       ,"TILT MOUNT 39""-90"" for Visions",Active,EA,,PRO,Professional Sales Price Group,Active,FPSS STANDPMNT           
PROMO DISCOUNT                ,"Remember to add ""G"" Discount",Active,EA,,PRO,Professional Sales Price Group,Active,FPSS STAND               
PT630                         ,"Paramount Tilting Wall Mount For 10"" to 29"" TV's",Active,EA,True,CORE,Mounts,Active,FPSS STANDPMNT           
PT632                         ,PARAMOUNT TILT MOUNT VESA 100/200,Active,EA,True,CORE,Mounts,Active,FPSS STANDPMNT           
PT640                         ,"Paramount  Universal Tilt Wall Mount For 32"" to 46"" TV's",Active,EA,True,CORE,Mounts,Active,FPSS STANDPMNT           
PT650                         ,"Paramount Universal Tilt Wall Mount For 39"" to 75"" TV's",Active,EA,True,CORE,Mounts,Active,FPSS STANDPMNT           
PT660                         ,"TILT MOUNT 39""-90""",Active,EA,True,CORE,Mounts,Active,FPSS STANDPMNT           
PTM200                        ,Universal Tablet Cradle For Tablets Less Than 0.75? (19mm),Active,EA,False,CORE,Mounts,Active,FPSS STANDETAIL          
PTM400                        ,"Universal Desktop Tablet Mount For Tablets less than 0.75""",Active,EA,False,CORE,Mounts,Active,FPSS STANDETAIL          
PTM400S                       ,"Universal Desktop Tablet Mount For Tablets less than 0.75""",Active,EA,False,CORE,Mounts,Active,FPSS STANDETAIL          
PTS4X4                        ,Table Top TV Stand - 400 x 400,Active,EA,True,CORE,Mounts,Active,FPSS STANDETAIL          
QP-DST9803                    ,"Multi-Display Ceiling Mount with Three Telescoping Arms For 37"" to 80"" Displays",Active,EA,,DS,Digital Signage,Active,FPSS STANDETAIL          
RMI2C                         ,ROTATIONAL MOUNT INTERFACE FOR CARTS AND STANDS,Active,EA,False,CORE,Mounts,Active,FPSS STANDETAIL          
RMI2W                         ,ROTATIONAL MOUNT INTERFACE FOR WALL MOUNTS,No Purchases,EA,False,CORE,Mounts,Use Up,FPSS STANDETAIL          
RMI3-FLIP2                    ,ROTATIONAL WALL MT FOR SAMSUNG FLIP WM55H/WM55R/WM65R,Active,EA,False,CORE,Mounts,Active,FPSS STANDETAIL          
SA730P                        ,"SmartMount® Articulating Wall Mount For 10"" to 29"" TV's",Active,EA,True,CORE,Mounts,Active,FPSS STANDSMRT           
SA740P                        ,"SmartMount® Articulating Wall Mount  For 22"" to 43"" TV's",Active,EA,True,CORE,Mounts,Active,FPSS STANDSMRT           
SA746PU                       ,"SmartMount® Universal Articulating Mount For 32"" to 50"" TV's",Active,EA,True,CORE,Mounts,Active,FPSS STANDSMRT           
SA746PU-M                     ,"ARTICULATING MOUNT 32""-50""",Active,EA,False,CORE,Mounts,Active,FPSS STANDSMRT           
SA752PU                       ,"SmartMount® Universal Articulating Arm Wall Mount For 43"" to 65""+ TV's",Active,EA,True,CORE,Mounts,Active,FPSS STANDSMRT           
SA752PU-M                     ,"ARTICULATING MOUNT 37""-55""",Active,EA,False,CORE,Mounts,Active,FPSS STANDSMRT           
SA761PU                       ,"SmartMount® Universal Articulating Arm Wall Mount For 43"" to 75""+ TV's",Active,EA,True,CORE,Mounts,Active,FPSS STANDSMRT           
SA771PU                       ,"SmartMount® Universal Articulating Arm Wall Mount For 50""-90"" TV's",Active,EA,True,CORE,Mounts,Active,FPSS STANDSMRT           
SA771PU-M                     ,"ARTICULATING MOUNT 46""-90""",Active,EA,False,CORE,Mounts,Active,FPSS STANDSMRT           
SF16D                         ,"Display-Specific Flat Wall Mount For up to 71"" TV's up to 16"" studs",No Purchases,EA,False,CORE,Mounts,Use Up,FPSS STANDSMRT           
SF630                         ,"FLAT MOUNT 10""-29"" SEC",Active,EA,True,CORE,Mounts,Active,FPSS STANDSMRT           
SF630P                        ,"FLAT MOUNT 10""-29""",Active,EA,True,CORE,Mounts,Active,FPSS STANDSMRT           
SF632                         ,"FLAT MOUNT 22""-43"" SEC",Active,EA,True,CORE,Mounts,Active,FPSS STANDSMRT           
SF632P                        ,"FLAT MOUNT 22""-43""",Active,EA,True,CORE,Mounts,Active,FPSS STANDSMRT           
SF640                         ,"Security SmartMount® Universal Flat Wall Mount For 32"" to 50"" TV's",Active,EA,True,CORE,Mounts,Active,FPSS STANDSMRT           
SF640-HUB2                    ,"Flat Wall Mount for the 50"" Microsoft Surface Hub 2S / 2X",Active,EA,True,CORE,Mounts,Active,FPSS STANDSMRT           
SF640P                        ,"SmartMount® Universal Flat Wall Mount For 32"" to 50"" TV's",Active,EA,True,CORE,Mounts,Active,FPSS STANDSMRT           
SF650                         ,"Security SmartMount® Universal Flat Mount For 39"" to 75"" TV'S",Active,EA,True,CORE,Mounts,Active,FPSS STANDSMRT           
SF650P                        ,"FLAT MOUNT 39""-75""",Active,EA,True,CORE,Mounts,Active,FPSS STANDSMRT           
SF660                         ,"Security SmartMount® Universal Flat Mount For 39"" to 80"" TV's",Active,EA,True,CORE,Mounts,Active,FPSS STANDSMRT           
SF660P                        ,"SmartMount® Universal Flat Mount For 39"" to 80"" TV's",Active,EA,True,CORE,Mounts,Active,FPSS STANDSMRT           
SF670                         ,"Security SmartMount® Universal Flat Mount For 46"" to 90"" TV's",Active,EA,True,CORE,Mounts,Active,FPSS STANDSMRT           
SF670P                        ,"SmartMount® Universal Flat Mount For 46"" to 90"" TV's",Active,EA,True,CORE,Mounts,Active,FPSS STANDSMRT           
SF680                         ,"Security SmartMount® Universal Flat Mount For 60"" to 98"" TV's",Active,EA,True,CORE,Mounts,Active,FPSS STANDSMRT           
SF680-HUB                     ,"Universal Flat Wall Mount for 84"" Microsoft Surface Hub",Active,EA,True,CORE,Mounts,Active,FPSS STANDSMRT           
SF680P                        ,"SmartMount® Universal Flat Mount For 60"" to 98"" TV's",Active,EA,True,CORE,Mounts,Active,FPSS STANDSMRT           
SFP680                        ,SmartMount® Universal Flat Wall Mount for Portrait Orientation,Active,EA,True,CORE,Mounts,Active,FPSS STANDSMRT           
SP730P                        ,"SmartMount® Pivot Wall Mount For 10"" to 29"" TV's",No Purchases,EA,False,CORE,Mounts,Use Up,FPSS STAND               
SP740P                        ,"SmartMount® Pivot Wall Mount For 22"" to 43"" TV's",Inactive,EA,False,CORE,Mounts,,FPSS STANDSMRT           
SP746PU                       ,"SmartMount® Pivot Wall Mount For 32"" to 50"" TV's",Inactive,EA,False,CORE,Mounts,Use Up,FPSS STANDSMRT           
SP840                         ,"32""-55"" SmartMount Pull-Out Pivot Wall Mount with Tilt",Active,EA,True,CORE,Mounts,Active,FPSS STANDSMRT           
SP850                         ,"Security SmartMount® Pull-Out Swivel Mount For 32"" to 80"" TV's",Active,EA,True,CORE,Mounts,Active,FPSS STANDSMRT           
SP850-UNL                     ,"Security SmartMount® Universal Pull-Out Swivel Mount For 32"" to 80""TV's",Active,EA,True,CORE,Mounts,Active,FPSS STANDSMRT           
SP850-UNLP                    ,"SmartMount® Universal Pull-Out Swivel Mount For 32"" to 80"" TV's",Active,EA,True,CORE,Mounts,Active,FPSS STANDSMRT           
SP850-UNM                     ,"Security SmartMount® Universal Pull-Out Swivel Mount For 49 to 65"" TVs",Active,EA,True,CORE,Mounts,Active,FPSS STANDSMRT           
SP850-V2X2                    ,"HOSP V2X2 TILT ARTIC 32-80"" BLK SEC",No Purchases,EA,False,HOSP,Hospitality,Use Up,FPSS STANDSMRT           
SP850P                        ,SmartMount® Pull-out Pivot Wall Mount For 32” to 80” TV's,Active,EA,True,CORE,Mounts,Active,FPSS STANDSMRT           
SR555M                        ,"VIDEO CONF CART FOR TWO 40-65"" DISPLAYS - VERSION B",Inactive,EA,False,CORE,Mounts,,FPSS STANDETAIL          
SR560-FLIP2                   ,ROTATIONAL CART FOR SAMSUNG FLIP WM55B/WM55H/WM55R/WM65B/WM65R,Active,EA,True,CORE,Mounts,Active,FPSS STANDETAIL          
SR560-HUB2                    ,"Mobile Cart for the 50"" Microsoft Surface Hub 2S/2X",Active,EA,True,CORE,Mounts,Active,FPSS STANDETAIL          
SR560G                        ,"FLAT PANEL FLOOR CART FOR UP TO 75"" DISPLAY W/GLASS SHELF",No Purchases,EA,,31,,Use Up,FPSS STAND               
SR560M                        ,"SmartMount®  Universal Cart For 32"" to 75"" TV's",Active,EA,True,CORE,Mounts,Active,FPSS STANDETAIL          
SR575M                        ,"SmartMount®  Full Features Universal Cart For 32"" to 75"" TV's",Active,EA,True,CORE,Mounts,Active,FPSS STANDETAIL          
SR598                         ,"SmartMount® Universal Cart For 55"" to 98""+ TV's",Active,EA,True,CORE,Mounts,Active,FPSS STANDETAIL          
SR598-HUB                     ,"SmartMount Universal Cart for Microsoft Surface Hub - 55"" and 84""",Inactive,EA,False,CORE,Mounts,,FPSS STANDETAIL          
SR598ML3                      ,"Motorized Height Adjustable Cart - 42-86"" Displays",Active,EA,True,CORE,Mounts,Active,FPSS STANDETAIL          
SR598ML3E                     ,"Motorized Height Adjustable Cart - 55-86"" Displays",Active,EA,True,CORE,Mounts,Active,FPSS STANDETAIL          
SR598ML3E-TROX                ,"Motorized Height Adjustable Cart - 42-86"" Displays",Active,EA,,CORE,Mounts,Active,FPSS STANDETAIL          
SR598ML3T                     ,"Motorized Height and Tilt Adjustable Cart - 42-80"" Displays",Active,EA,True,CORE,Mounts,Active,FPSS STANDETAIL          
SS560F                        ,"SmartMount®  Universal Stand For 32"" to 75"" TV's w/o Shelf",No Purchases,EA,False,CORE,Mounts,Use Up,FPSS STANDETAIL          
SS575K                        ,"Universal Kiosk Stand for 32"" to 75"" displays",Active,EA,True,CORE,Mounts,Active,FPSS STANDETAIL          
SS598ML3                      ,"Motorized Stand / Wall Mount for 42-86"" Displays",Active,EA,True,CORE,Mounts,Active,FPSS STANDETAIL          
ST16D                         ,"SmartMount® Dedicated Tilt Wall Mount 16"" Stud Adaptor plate sold separately",No Purchases,EA,False,CORE,Mounts,Use Up,FPSS STANDETAIL          
ST630                         ,"SmartMount® Universal Tilt Mount For 10"" to 29"" TV's",Active,EA,True,CORE,Mounts,Active,FPSS STANDPMNT           
ST630P                        ,"TILT MOUNT 10""-29""",Active,EA,True,CORE,Mounts,Active,FPSS STANDPMNT           
ST632                         ,"TILT MOUNT 22""-43"" SEC",Active,EA,True,CORE,Mounts,Active,FPSS STANDPMNT           
ST632P                        ,"TILT MOUNT 22""-43""",Active,EA,True,CORE,Mounts,Active,FPSS STANDPMNT           
ST635                         ,"SmartMount® Universal Tilt Wall Mount For 13"" to 37"" TV's",Active,EA,True,CORE,Mounts,Active,FPSS STANDPMNT           
ST635P                        ,"SmartMount® Universal Tilt Wall Mount For 13"" to 37"" TV's",Active,EA,True,CORE,Mounts,Active,FPSS STANDPMNT           
ST640                         ,SmartMount® Universal Tilt Wall Mount For 32” to 50” TV's,Active,EA,True,CORE,Mounts,Active,FPSS STANDPMNT           
ST640P                        ,SmartMount® Universal Tilt Wall Mount For 32” to 50” TV's Non-Sec,Active,EA,True,CORE,Mounts,Active,FPSS STANDPMNT           
ST650                         ,SmartMount® Universal Tilt Wall Mount For 39” to 75” TV's,Active,EA,True,CORE,Mounts,Active,FPSS STANDPMNT           
ST650P                        ,"TILT MOUNT 39""-75""",Active,EA,True,CORE,Mounts,Active,FPSS STANDPMNT           
ST650P-M                      ,"TILT MOUNT 39""-75""",Active,EA,False,CORE,Mounts,Active,FPSS STANDPMNT           
ST660                         ,"Security SmartMount® Universal Tilt Mount For 39"" to 80"" TV's",Active,EA,True,CORE,Mounts,Active,FPSS STANDPMNT           
ST660P                        ,"SmartMount® Universal Tilt Mount For 39"" to 80"" TV's",Active,EA,True,CORE,Mounts,Active,FPSS STANDPMNT           
ST660P-M                      ,"TILT MOUNT 39""-80""",Active,EA,False,CORE,Mounts,Active,FPSS STANDPMNT           
ST670                         ,"Security SmartMount® Universal Tilt Mount For 46"" to 90"" TV's",Active,EA,True,CORE,Mounts,Active,FPSS STANDPMNT           
ST670P                        ,"SmartMount® Universal Tilt Mount For 46"" to 90"" TV's",Active,EA,True,CORE,Mounts,Active,FPSS STANDPMNT           
ST670P-M                      ,PEERLESS ST670P-M UNIV TILT 46-90,Active,EA,False,CORE,Mounts,Active,FPSS STANDPMNT           
ST680                         ,"Security SmartMount® Universal Tilt Mount For 60"" to 98"" TV's",Active,EA,True,CORE,Mounts,Active,FPSS STANDPMNT           
ST680P                        ,UNIV TILT WALL MNT XXL NON-SEC BLK 60-98,Active,EA,True,CORE,Mounts,Active,FPSS STANDPMNT           
ST680P-M                      ,PEERLESS ST680P-M UNIV TILT 60-95,Active,EA,False,CORE,Mounts,Active,FPSS STANDPMNT           
STP680                        ,SmartMount® Universal Tilt Wall Mount for Portrait Orientation,Active,EA,True,CORE,Mounts,Active,FPSS STANDPMNT           
SUA740P                       ,"Designer Series Articulating Wall Mount - 32-43""",Active,EA,True,CORE,Mounts,Active,FPSS STANDPMNT           
SUA747PU                      ,"Designer Series Articulating Wall Mount - 32-50""",Active,EA,True,CORE,Mounts,Active,FPSS STANDPMNT           
SUA761PU                      ,"Designer Series Articulating Wall Mount - 37-65""",Active,EA,True,CORE,Mounts,Active,FPSS STANDPMNT           
SUA771PU                      ,"Designer Series Articulating Wall Mount - 42-90""",Active,EA,True,CORE,Mounts,Active,FPSS STANDPMNT           
SUF640P                       ,"Universal Ultra Slim Flat Wall Mount For 37"" to 50"" Ultra-thin TV's",Active,EA,True,CORE,Mounts,Active,FPSS STANDPMNT           
SUF640P-CUS762                ,"Flat Wall Mt For 37"" to 50"" TVs (ECN 35461)",Active,EA,False,CORE,Mounts,Active,FPSS STANDPMNT           
SUF640P-M                     ,PEERLESS SUF640P-M SLIM FLAT 37-50,Active,EA,False,CORE,Mounts,Active,FPSS STANDPMNT           
SUF641                        ,"Universal Ultra Slim Flat Wall Mount For 24"" to 50"" Ultra-thin TV's",Active,EA,True,CORE,Mounts,Active,FPSS STANDPMNT           
SUF650P                       ,"Universal Ultra Slim Flat Wall Mount For 37"" to 75"" Ultra-thin TV's",Active,EA,True,CORE,Mounts,Active,FPSS STANDPMNT           
SUF650P-M                     ,PEERLESS SUF650P-M SLIM FLAT 37-75,Active,EA,False,CORE,Mounts,Active,FPSS STANDPMNT           
SUF651                        ,"Universal Ultra Slim Flat Wall Mount For 37"" to 75"" Ultra-thin TV's",Active,EA,True,CORE,Mounts,Active,FPSS STANDPMNT           
SUF660P                       ,"Universal Ultra Slim Flat Wall Mount For 40"" to 80"" Ultra-thin TV's",Active,EA,True,CORE,Mounts,Active,FPSS STANDPMNT           
SUF660P-M                     ,PEERLESS SUF660P-M SLIM FLAT 40-80,Active,EA,False,CORE,Mounts,Active,FPSS STANDPMNT           
SUF661                        ,"Universal Ultra Slim Flat Wall Mount For 40"" to 80"" Ultra-thin TV's",Active,EA,True,CORE,Mounts,Active,FPSS STANDPMNT           
TRA729                        ,"ARTICULATING MOUNT 10""-29""",No Purchases,EA,,PRO,Professional Sales Price Group,Use Up,FPSS STAND               
TRA746                        ,"ARTICULATING MOUNT 32""-50""",No Purchases,EA,,PRO,Professional Sales Price Group,Use Up,FPSS STAND               
TRA765                        ,"ARTICULATING MOUNT 42""-75""",No Purchases,EA,,PRO,Professional Sales Price Group,Use Up,FPSS STANDTRVUE          
TRP729                        ,"PIVOT MOUNT 10""-29""",No Purchases,EA,,PRO,Professional Sales Price Group,Use Up,FPSS STANDTRVUE          
TRWV110/BK                    ,"Flat, VESA®  75, 100  For Screen Sizes  10-29”",No Purchases,EA,,PRO,Professional Sales Price Group,Use Up,FPSS STAND               
TRWV350/BK                    ,"Full Motion, up to VESA®  400x400mm  For Screen Sizes  32-50”",No Purchases,EA,,PRO,Professional Sales Price Group,Use Up,FPSS STAND               
TRWV450/BK                    ,"Full Motion, up to VESA®  600x400mm*  For Screen Sizes  42-75”",No Purchases,EA,,PRO,Professional Sales Price Group,Use Up,FPSS STANDTRVUE          
TTS4X4                        ,Table Top TV Stand - 400 x 400,Active,EA,True,RETAIL,TruVue,Active,FPSS STANDTRVUE          
TTS6X4                        ,Table Top TV Stand - 600 x 400,Active,EA,True,RETAIL,TruVue,Active,FPSS STANDTRVUE          
TVA1029                       ,"Articulating Wall Mount 10-27"" w/ HDMI cable",Active,EA,,PRO,Professional Sales Price Group,Active,FPSS STAND               
TVA2256                       ,"Articulating Wall Mount 13-47"" w/ HDMI cable and Tray",Active,EA,,PRO,Professional Sales Price Group,Active,FPSS STAND               
TVA2256-A                     ,"Articulating Wall Mount 13-47""",Active,EA,,PRO,Professional Sales Price Group,Active,FPSS STAND               
TVA4275                       ,"Articulating Wall Mount 42-75"" w/ HDMI cable and Tray",Active,EA,,PRO,Professional Sales Price Group,Active,FPSS STAND               
TVA4275-A                     ,"Articulating Wall Mount - 42-75""",Active,EA,,PRO,Professional Sales Price Group,Active,FPSS STAND               
TVA724                        ,"TVX V100 FMPLUS 10-29"" NONSEC",No Request,EA,False,RETAIL,TruVue,Use Up,FPSS STAND               
TVA737                        ,"ARTICULATING MOUNT 22""-43""",No Request,EA,False,RETAIL,TruVue,Use Up,FPSS STAND               
TVA746                        ,"ARTICULATING MOUNT 32""-50""",No Request,EA,False,RETAIL,TruVue,Use Up,FPSS STAND               
TVA750                        ,"TruVue UNIV ART MOUNT 32-50""+ NONSEC",Active,EA,True,RETAIL,TruVue,Active,FPSS STANDTRVUE          
TVA765                        ,"TVX UNIV FMPLUS 42-75"" NONSEC",No Request,EA,False,RETAIL,TruVue,Use Up,FPSS STAND               
TVA775                        ,"TruVue UNIV ART MOUNT 50-75""+ NONSEC",Active,EA,True,RETAIL,TruVue,Active,FPSS STANDTRVUE          
TVC3260                       ,"Tilting Ceiling Mount for 32-55"" Displays",Active,EA,,PRO,Professional Sales Price Group,Active,FPSS STAND               
TVF2240                       ,"Flat Wall Mount 13-37"" w/HDMI cable",Active,EA,,PRO,Professional Sales Price Group,Active,FPSS STAND               
TVF2256                       ,"Flat Wall Mount 32-50"" w/HDMI cable and tray",Active,EA,,PRO,Professional Sales Price Group,Active,FPSS STAND               
TVF2256-A                     ,"Flat Wall Mount 23-46""",Active,EA,,PRO,Professional Sales Price Group,Active,FPSS STAND               
TVF4275                       ,"Flat Wall Mount 42-75"" w/HDMI cable and tray",Active,EA,,PRO,Professional Sales Price Group,Active,FPSS STAND               
TVF4275-A                     ,"Flat Wall Mount 32-65""",Active,EA,,PRO,Professional Sales Price Group,Active,FPSS STAND               
TVF624                        ,"FLAT MOUNT 10""-29""",No Request,EA,False,RETAIL,TruVue,Use Up,FPSS STAND               
TVF637                        ,"FLAT MOUNT 22-43""",No Request,EA,False,RETAIL,TruVue,Use Up,FPSS STAND               
TVF646                        ,"FLAT MOUNT 32""-50""",No Request,EA,False,RETAIL,TruVue,Use Up,FPSS STAND               
TVF665                        ,"FLAT MOUNT 42""-75""",No Request,EA,False,RETAIL,TruVue,Use Up,FPSS STAND               
TVF665B                       ,"TVX UNIV FLAT BLK 42-75"" NONSEC with 3m HDMI Cable",Active,EA,False,CORE,Mounts,Active,FPSS STANDTRVUE          
TVFT650                       ,"TruVue UNIV FLAT/TILT MOUNT 32-50""+ NONSEC",Active,EA,True,RETAIL,TruVue,Active,FPSS STANDTRVUE          
TVFT665                       ,"TruVue UNIV FLAT/TILT MOUNT 50-65""+ NONSEC",Active,EA,True,RETAIL,TruVue,Active,FPSS STANDTRVUE          
TVFT690                       ,"TruVue UNIV FLAT/TILT MOUNT 65-90""+ NONSEC",Active,EA,True,RETAIL,TruVue,Active,FPSS STANDTRVUE          
TVP2240                       ,"TVX V200 PIVOT BLK 22-40"" NONSEC",Active,EA,,PRO,Professional Sales Price Group,Active,FPSS STANDTRVUE          
TVP724                        ,"PIVOT MOUNT 10""-29""",No Request,EA,False,RETAIL,TruVue,Use Up,FPSS STAND               
TVP737                        ,"PIVOT MOUNT 22""-43""",No Request,EA,False,RETAIL,TruVue,Use Up,FPSS STAND               
TVPRO10                       ,Universal Projector Mount for up to 22 LBS,Active,EA,,PRO,Professional Sales Price Group,Active,FPSS STAND               
TVSH201                       ,Single AV Component Shelf for up to 22 LBS,Active,EA,,PRO,Professional Sales Price Group,Active,FPSS STAND               
TVT2240                       ,"Tilt Wall Mount 13-37"" w/HDMI cable",Active,EA,,PRO,Professional Sales Price Group,Active,FPSS STAND               
TVT2256                       ,"Tilt Wall Mount 23-46"" w/HDMI cable and tray",No Request,EA,,PRO,Professional Sales Price Group,Active,FPSS STAND               
TVT4275                       ,"Tilt Wall Mount 42-75"" w/HDMI cable and tray",No Request,EA,,PRO,Professional Sales Price Group,Active,FPSS STAND               
TVT4275-A                     ,"Tilt Wall Mount 42-75""",Active,EA,,PRO,Professional Sales Price Group,Active,FPSS STAND               
TVT624                        ,"TILT MOUNT 10""-29""",No Request,EA,False,RETAIL,TruVue,Use Up,FPSS STAND               
TVT637                        ,"TVX V200 TILT BLK 22-40"" NONSEC",No Request,EA,False,RETAIL,TruVue,Use Up,FPSS STAND               
TVT646                        ,"TILT MOUNT 32""-50""",No Request,EA,False,RETAIL,TruVue,Use Up,FPSS STAND               
TVT665                        ,"TILT MOUNT 42""-75""",No Request,EA,False,RETAIL,TruVue,Use Up,FPSS STAND               
TVVW                          ,"Full Service Video Wall Mount -  For 46"" to 65"" Displays",Active,EA,,PRO,Professional Sales Price Group,Active,FPSS STANDTRVUE          
VCM-755                       ,DO NOT USE,No Sales,EA,,PRO,Professional Sales Price Group,Active,FPSS STAND               
VCM580                        ,"Video Conferencing Solution for 55"" to 80"" Displays",Active,EA,False,CORE,Mounts,Active,FPSS STANDETAIL          
VCM580S-4RU                   ,Single Display Floor to Wall VC Stand inc x1 2RU Rack,No Purchases,EA,False,CORE,Mounts,Use Up,FPSS STAND               
VCM755                        ,"Video Conferencing Mount for 46"" to 55"" Displays",No Purchases,EA,,PRO,Professional Sales Price Group,Use Up,FPSS STANDETAIL          
WMK-3298S                     ,"NEC Flat Wall Mount for 32- 98"" Displays",Active,EA,,PRO,Professional Sales Price Group,Active,FPSS STAND               
WMK-3298T                     ,"SHARP NEC Tilt Wall Mount for 32- 98"" Displays",Active,EA,,CUSTM,Custom Sales Price Group,Active,FPSS STAND               
WSP716-GB                     ,"Triple Metal stud wall plate For PLA Series, 16"" stud centers",Active,EA,False,CORE,Mounts,Use Up,FPSS STANDETAIL          
WSP724-GB                     ,"Triple Metal stud wall plate For PLA Series, 16"", 20"", 24"" stud centers",Active,EA,False,CORE,Mounts,Use Up,FPSS STANDETAIL          
WSP816                        ,Metal Stud Wall Plate For SP-850 and FPS-1000 Wall Mounts,Active,EA,False,CORE,Mounts,Active,FPSS STANDETAIL          
WSP820                        ,Metal Stud Wall Plate For SP-850 and FPS-1000 Wall Mounts,Active,EA,False,CORE,Mounts,Active,FPSS STANDETAIL          
125-0611                      ,SPEAKER MICROPHONE WX-CS560 (SET OF 1),Active,EA,,KIOSK,Kiosks,,PP                       
150-0016                      ,"BASE, PORTRAIT, 46/47/55 KIOSK",Active,EA,,ET DD,ET Dealer / Distributor Pricing,,FAB                 LASER
150-0029                      ,"DOOR, PORTRAIT, FRONT 55 KIOSK",No Request,EA,,ET DD,ET Dealer / Distributor Pricing,,FAB                 LASER
150-0040                      ,"LEG WELDMENT, PORTRAIT, 55 KIOSK",Active,EA,,ET DD,ET Dealer / Distributor Pricing,,FAB                 WELD 
150-0105                      ,"DOOR LATCH, RIGHT, LAND. FOR KIL5XX KIOSKS",Active,EA,,KIOSK,Kiosks,,FAB                 PRESS
150-0106                      ,"DOOR LATCH, LEFT, LAND. FOR KIL5XX KIOSKS",Active,EA,,KIOSK,Kiosks,,FAB                 PRESS
150-0113                      ,"PROP BAR, CATCH FOR KIL5XX, KIL6XX, KIP6XX KIOSKS",Active,EA,,KIOSK,Kiosks,,FAB                 LASER
150-0190                      ,"TOP SUPPORT, DUAL FAN FOR KIL555 KIOSK",Active,EA,,ET DD,ET Dealer / Distributor Pricing,,FAB                 COMBO
150-0379                      ,"DOOR, PORTRAIT, FRONT 42 KIOSK, 3"" DEEP",No Request,EA,,ET DD,ET Dealer / Distributor Pricing,,FAB                 LASER
150-4019                      ,"DOOR, PORTRAIT,FRONT 46 KIOSK, SLV",Active,EA,,ET DD,ET Dealer / Distributor Pricing,,FAB                 PAINT
150-4032                      ,"BASE, PORTRAIT, 40/42 KIOSK, SLV",Active,EA,,ET DD,ET Dealer / Distributor Pricing,,FAB                 PAINT
150-4038                      ,"DOOR, PORTRAIT, REAR 40/42 KIOSK, SLV",Active,EA,,ET DD,ET Dealer / Distributor Pricing,,FAB                 PAINT
150-4039                      ,"DOOR, PORTRAIT, FRONT 42 KIOSK, SLV",Active,EA,,ET DD,ET Dealer / Distributor Pricing,,FAB                 PAINT
150-4125                      ,"COVER, TOP, WELDMENT FOR KIL542 KIOSK, SLV",Active,EA,,KIOSK,Kiosks,,FAB                 PAINT
150-4378                      ,"DOOR, PORTRAIT, FRONT 46 KIOSK, 3"" DEEP  SLV",Active,EA,,ET DD,ET Dealer / Distributor Pricing,,FAB                 PAINT
150-4580P                     ,"COVER, FRONT FOR KIL755,SLV",Active,EA,,ET DD,ET Dealer / Distributor Pricing,,FAB                 PAINT
150-4934                      ,"DOOR, PORTRAIT, FRONT 48 KIOSK, SLV",Active,EA,,KIOSK,Kiosks,,FAB                 PAINT
150-6316                      ,"22"" SHROUD FOR THE 22"" KIOSK WALL MART GREEN",Active,EA,,ET DD,ET Dealer / Distributor Pricing,,FAB                 PAINT
150-P1030                     ,"DOOR, PORTRAIT, REAR 55 KIOSK, GBLK",Active,EA,,ET DD,ET Dealer / Distributor Pricing,,FAB                 PAINT
150-P1038                     ,"DOOR, PORTRAIT, REAR 40/42 KIOSK, GBLK",Active,EA,,ET DD,ET Dealer / Distributor Pricing,,FAB                 PAINT
150-P1039                     ,"DOOR, PORTRAIT, FRONT 42 KIOSK, GBLK",Active,EA,,ET DD,ET Dealer / Distributor Pricing,,FAB                 PAINT
150-P1379                     ,"DOOR, PORTRAIT, FRONT 42 KIOSK, 3"" DEEP  BLK",Active,EA,,KIOSK,Kiosks,,FAB                 PAINT
150-P1580P                    ,"COVER, FRONT FOR KIL755,BLK",Active,EA,,ET DD,ET Dealer / Distributor Pricing,,FAB                 PAINT
150-T1005                     ,"BRACKET, PORTRAIT, SCREEN SUPPORT, SIDE, TBLK",Active,EA,,ET DD,ET Dealer / Distributor Pricing,,FAB                 PAINT
150-T1013                     ,"LOCK CATCH, KIOSKS, PORTRAIT, TBLK",Active,EA,False,KIOSK,Kiosks,,FAB                 PAINT
150-T1105                     ,"DOOR LATCH, RIGHT, LAND. FOR KIL5XX KIOSKS, BLK",Active,EA,,KIOSK,Kiosks,,FAB                 PAINT
150-T1106                     ,"DOOR LATCH, LEFT, LAND. FOR KIL5XX KIOSKS, BLK",Active,EA,,KIOSK,Kiosks,,FAB                 PAINT
150-T1113                     ,PROP CATCH BAR FOR LANDSCAPE KIOSK,Active,EA,,KIOSK,Kiosks,,FAB                 PAINT
151-0498                      ,CHARGING CUP VOLTA CHARGING STATION,Active,EA,,KIOSK,Kiosks,,PP                       
151-0693P                     ,"KIPC2 65"" MEDIA TRAY",Active,EA,,ET DD,ET Dealer / Distributor Pricing,,FAB                 COMBO
151-0715P                     ,"KIPC2 40-43"" 3.375"" BOTTOM DOOR",Active,EA,,ET DD,ET Dealer / Distributor Pricing,,FAB                 LASER
151-4553                      ,"KIPC2 55"" FRONT UPPER DOOR, SLV",Active,EA,,ET DD,ET Dealer / Distributor Pricing,,FAB                 PAINT
151-4554                      ,"KIPC2 49-55"" FRONT LOWER DOOR, SLV",Active,EA,,ET DD,ET Dealer / Distributor Pricing,,FAB                 PAINT
151-4555                      ,"KIPC2 49-55"" REAR UPPER DOOR, SLV",Active,EA,,ET DD,ET Dealer / Distributor Pricing,,FAB                 PAINT
151-4556                      ,"KIPC2 49-55"" REAR LOWER DOOR, SLV",Active,EA,,ET DD,ET Dealer / Distributor Pricing,,FAB                 PAINT
151-4559                      ,"KIPC2 50"" FRONT UPPER DOOR, SLV",Active,EA,,KIOSK,Kiosks,,FAB                 PAINT
151-4573                      ,"KIPC2 46-48"" REAR LOWER DOOR, SLV",Active,EA,,KIOSK,Kiosks,,FAB                 PAINT
151-6713P                     ,"KIPC2 40"" 3.375"" FRONT DOOR-WHITE",Active,EA,,ET DD,ET Dealer / Distributor Pricing,,FAB                 PAINT
151-6715P                     ,"KIPC2 40-43"" 3.375"" BOTTOM DOOR -WHITE",Active,EA,,ET DD,ET Dealer / Distributor Pricing,,FAB                 PAINT
151-P1268                     ,"BASE COVER WELDMENT, FOR KIP586-2LG/1LG, GBLK",Active,EA,,KIOSK,Kiosks,,FAB                 PAINT
151-P1274                     ,"TOP PANEL, FOR KIP586-2LG/1LG  BLK",Active,EA,,KIOSK,Kiosks,,FAB                 PAINT
151-P1275                     ,"SIDE PANEL WELDMENT, FOR KIP586-2LG/1LG  BLK",Active,EA,,KIOSK,Kiosks,,FAB                 PAINT
151-P1280P                    ,"BACK PANEL, FOR KIP586-1LG  GBLK",Active,EA,,ET DD,ET Dealer / Distributor Pricing,,FAB                 PAINT
151-P1553                     ,"KIPC2 55"" FRONT UPPER DOOR, GBLK",Active,EA,,ET DD,ET Dealer / Distributor Pricing,,FAB                 PAINT
151-P1554                     ,"KIPC2 49-55"" FRONT LOWER DOOR, GBLK",Active,EA,,ET DD,ET Dealer / Distributor Pricing,,FAB                 PAINT
151-P1555                     ,"KIPC2 49-55"" REAR UPPER DOOR, GBLK",Active,EA,,ET DD,ET Dealer / Distributor Pricing,,FAB                 PAINT
151-P1556                     ,"KIPC2 49-55"" REAR LOWER DOOR, GBLK",Active,EA,,KIOSK,Kiosks,,FAB                 PAINT
151-P1565                     ,"KIPC2 40-43"" REAR LOWER DOOR, GBLK",Active,EA,,ET DD,ET Dealer / Distributor Pricing,,FAB                 PAINT
151-P1566                     ,"KIPC2 40-43"" REAR UPPER DOOR, GBLK",Active,EA,,PRO,Professional Sales Price Group,,FAB                 PAINT
151-P1568                     ,"KIPC2 43"" FRONT UPPER DOOR, GBLK",Active,EA,,KIOSK,Kiosks,,FAB                 PAINT
151-P1572                     ,"KIPC2 46-48"" FRONT LOWER DOOR, GBLK",Active,EA,,KIOSK,Kiosks,,FAB                 PAINT
151-P1574                     ,"KIPC2 46"" FRONT UPPER DOOR, GBLK",Active,EA,,ET DD,ET Dealer / Distributor Pricing,,FAB                 PAINT
151-P1577                     ,"KIPC2 48"" FRONT UPPER DOOR, GBLK",Active,EA,,KIOSK,Kiosks,,FAB                 PAINT
151-P1694                     ,"KIPC2 65"" LOWER FRONT DOOR, GBLK",Active,EA,,KIOSK,Kiosks,,FAB                 PAINT
151-P1704                     ,"KIPC2 55"" 3.375"" FRONT DOOR,  GBLK",Active,EA,,KIOSK,Kiosks,,FAB                 PAINT
151-P1707                     ,"KIPC2 49-55"" 3.375 BOTTOM DOOR,  GBLK",Active,EA,,KIOSK,Kiosks,,FAB                 PAINT
151-T1213                     ,"DISPLAY HOOK BRACKET, TBLK",Active,EA,,ET DD,ET Dealer / Distributor Pricing,,FAB                 PAINT
151-T1557                     ,"KIPC2 49-55"" REINFORCED DISPLAY BRACKET, TXTBLK",Active,EA,,ET DD,ET Dealer / Distributor Pricing,,FAB                 PAINT
151-T1562                     ,"KIPC2 40-48"" REINFORCED DISPLAY BRACKET, TXTBLK",Active,EA,,KIOSK,Kiosks,,FAB                 PAINT
151-T1616                     ,"KIPC2 49-55"" SLOTTED CROSS BRACKET, TXTBLK",Active,EA,,ET DD,ET Dealer / Distributor Pricing,,FAB                 PAINT
151-T1791                     ,"ENCLOSURE VERT. GLASS BRACKET 42/55, TXTBLK",Active,EA,,ET DD,ET Dealer / Distributor Pricing,,FAB                 PAINT
151-T1792                     ,"ENCLOSURE HORIZ. GLASS BRACKET 42/55, TXTBLK",Active,EA,,ET DD,ET Dealer / Distributor Pricing,,FAB                 PAINT
151-T1951                     ,"TAB, BOLTING, KILH, TXTBLK",Active,EA,,ET DD,ET Dealer / Distributor Pricing,,FAB                 PAINT
151-T1955                     ,"SUPPORT, VERTICAL, KILH540-43, TXTBLK",Active,EA,,ET DD,ET Dealer / Distributor Pricing,,FAB                 PAINT
152-0053                      ,KOP2555 BASE BOLT TEMPLATE,Active,EA,,ET DD,ET Dealer / Distributor Pricing,,FAB                 LASER
152-0163                      ,"CONCRETE ANCHOR TEMPLATE, KOF%",Active,EA,,KIOSK,Kiosks,,FAB                 LASER
152-0480                      ,"KOF5% 63% OPEN 304 SS PERF, INTAKE",Active,EA,,KIOSK,Kiosks,,FAB                 LASER
152-0481                      ,"KOF5% 63% OPEN 304 SS PERF, EXHAUST",Active,EA,,KIOSK,Kiosks,,FAB                 LASER
152-0542T                     ,"KOP2555 DISPLAY BRACKET,  XHB552 & OH55F, V2",Inactive,EA,,ET DD,ET Dealer / Distributor Pricing,,FAB                 LASER
152-1042                      ,"KOP2555 REAR DOOR ASY, BLK",Active,EA,,ET DD,ET Dealer / Distributor Pricing,,FAB                 ASSYP
152-1053                      ,"KOP2555 BASE BOLT TEMPLATE, BLK",Inactive,EA,,KIOSK,Kiosks,,FAB                 PAINT
152-6101                      ,"CBL MALL FRONT DOOR WELDMENT, RAL7045",Active,EA,,ET DD,ET Dealer / Distributor Pricing,,FAB                 PAINT
152-6116                      ,"CBL MALL LOWER DOOR WELDMENT, RAL7045",Active,EA,False,KIOSK,Kiosks,,FAB                 PAINT
152-T1163                     ,"CONCRETE ANCHOR TEMPLATE, KOF%, TBLK",Active,EA,,KIOSK,Kiosks,,FAB                 PAINT
152-T1480                     ,"KOF5% 63% OPEN 304 SS PERF, INTAKE, TBLK",Inactive,EA,,KIOSK,Kiosks,,FAB                 PAINT
152-T1481                     ,"KOF5% 63% OPEN 304 SS PERF, EXHAUST, TBLK",Inactive,EA,,KIOSK,Kiosks,,FAB                 PAINT
180-0620                      ,PYLE PFA200 AMPLIFIER 60-WATT,Inactive,EA,,ET DD,ET Dealer / Distributor Pricing,,PP                  ELECT
202-1893                      ,DISPLAY-MEDIA BOX ASSEMBLY BLACK,Active,EA,,KIOSK,Kiosks,,FAB                 ASSYP
210-8025                      ,Fastpack KIP586 LG,Active,EA,,KIOSK,Kiosks,,FAST                     
38490                         ,KIP586-2LG for Synect Media Ready See Go,Active,EA,,KIOSK,Kiosks,Active,KIOSKSTAND               
410-0012                      ,"30MMX120MM OVAL 80HM WATERPROOF, same as PUR-0023",Active,EA,,KIOSK,Kiosks,,PP                  ELECT
410-0322                      ,"FAN GUARD, 80MM, 304SS",Active,EA,,KIOSK,Kiosks,,PP                  ELECT
41031                         ,KIPC2555-S w/ Wheeled Base,Active,EA,,KIOSK,Kiosks,Active,KIOSKSTAND               
48X40 SKID W-PLATEFORM        ,"48"" X 40"" SKID WITH PLATFORM (HT)",Active,EA,,ET DD,ET Dealer / Distributor Pricing,,PP                  SKIDS
500-1104                      ,"SCR, 1/4-20 X 4.25"" FHCS FULL THREAD, HEX, BLK",Active,EA,,ET DD,ET Dealer / Distributor Pricing,,FAST                HW   
500-2104                      ,"SCREW 1/2"" STANDOFF BLK PLASTIC BASE ZN",Active,EA,,ET DD,ET Dealer / Distributor Pricing,,FAST                HW   
520-0034                      ,"CAP SCREW, 3/8-16, 2.5 LG HEX",Active,EA,,ET DD,ET Dealer / Distributor Pricing,,FAST                HW   
520-0661                      ,SCR BOLT M6 X1X12MM PAN PHL ST. STL,Active,EA,,ET DD,ET Dealer / Distributor Pricing,,FAST                HW   
520-0881                      ,SCREW 10-32X0.500IN SKT FLT SS,Active,EA,,KIOSK,Kiosks,,FAST                HW   
520-2653                      ,"8-32 x 2""LG. PHL,PAN,ZINC",Active,EA,,ET DD,ET Dealer / Distributor Pricing,,FAST                HW   
520-9708                      ,"WOOD LAG SCREW, DIA 3/8"", 4"" LENGTH",Active,EA,,KIOSK,Kiosks,,FAST                HW   
521-0046                      ,SCR BOLT M8 X20MM PAN PHL 18-8 SS,Active,EA,,ET DD,ET Dealer / Distributor Pricing,,FAST                HW   
521-0683                      ,"M6 X 30MM SKT PIN 18-8 SS, Blk Ox",Active,EA,,KIOSK,Kiosks,,FAST                HW   
530-0037                      ,TEE NUT FOR WOOD 1/2-13,Active,EA,,KIOSK,Kiosks,,FAST                NUT  
530-0058                      ,"NUT, HEX, 10-32, WITH TOOTH WASHER",Active,EA,,ET DD,ET Dealer / Distributor Pricing,,FAST                WASH 
530-1017                      ,"5/16-18 X .19"" JAM NUT, BLK",Active,EA,,ET DD,ET Dealer / Distributor Pricing,,FAST                NUT  
530-1056                      ,"NUT M6 NYLOCK, ZINC",Active,EA,,KIOSK,Kiosks,,FAST                NUT  
540-0683                      ,SPACER .38ID X 0.75OD X 0.25L ALUM,Active,EA,,KIOSK,Kiosks,,FAST                WASH 
540-0723                      ,"Acetal M6 washer 6.4 mm ID, 12 mm OD, blk",Active,EA,,KIOSK,Kiosks,,FAST                WASH 
540-0725                      ,"M10 washer 10.5 mm ID, 20 mm OD 18-8 SS",Active,EA,,KIOSK,Kiosks,,FAST                WASH 
54XL74                        ,"Ligature Resistant TV Enclosure For Use With 42"" to 55"" Flat Panel Screens",Active,EA,,KIOSK,Kiosks,Active,KIOSKSTAND               
54XL75                        ,"Ligature Resistant TV Enclosure For Use With 22"" to 32"" Flat Panel Screens",Active,EA,,KIOSK,Kiosks,Active,KIOSKSTANDOUTDR          
550-0051                      ,"POP RIVET STL 3/16X.440, DM HD, 18-8 SS",Active,EA,,KIOSK,Kiosks,,FAST                RIVET
550-0067                      ,"BLIND RIVET, DOME HEAD, 1/4"" SS, FOR 0.2510""-0.375"" MAT THK",Active,EA,,KIOSK,Kiosks,,FAST                RIVET
550-1056                      ,POP RIVET 3/16 X .550 DOME SS BLK OX,Active,EA,,KIOSK,Kiosks,,FAST                RIVET
550-1057                      ,"RIVET BLIND, DOME HEAD, STL, 1/8"" DIA, .26"" L,    .062""-.125"" MAT THK BLK",Active,EA,,KIOSK,Kiosks,,FAST                RIVET
550-5052                      ,"BLIND RIVET, DOME HEAD, 1/8"" SS, FOR 0.126""-0.187"" MAT THK, BLACK OXIDE",Active,EA,,KIOSK,Kiosks,,FAST                RIVET
550-5067                      ,"BLIND RIVET, DOME HEAD, 1/4"" SS, FOR 0.2510""-0.375"" MAT THK, BLACK OXIDE",Active,EA,,KIOSK,Kiosks,,FAST                RIVET
560-0884                      ,DELL OPTIPLEX 7020 SFF BTX,Active,EA,,ET DD,ET Dealer / Distributor Pricing,,PP                  MISC 
560-0887                      ,LEPAI DIGITAL AUDIO AMPLIFIER TA2020,No Request,EA,,ET DD,ET Dealer / Distributor Pricing,,PP                  MISC 
560-0888                      ,METRALOGIC IS3480 QUANTAM E SCANNER (USB VERSION),Active,EA,,ET DD,ET Dealer / Distributor Pricing,,PP                  MISC 
560-0910                      ,"Low-Strength Zinc-Plated Steel Cap Screw, 1/4""-20 Fully Threaded, 5/8"" Long",Active,EA,,ET DD,ET Dealer / Distributor Pricing,,FAST                HW   
560-1756                      ,"CABLE TIE .14 X .05X7-9/16""LG, BLK",Active,EA,,KIOSK,Kiosks,,FAST                MISC 
561-0065                      ,"LEVELING LEG W/SWIVEL, 10-32 X 1""",Active,EA,,KIOSK,Kiosks,,PP                  MISC 
565-0068                      ,"CAM LOCK, KEYED, IP65 SS SOUTHCO E5-5-405-UU1-12",Active,EA,,KIOSK,Kiosks,,PP                  MISC 
565-0306                      ,LOCK CORE WITH KEY SOUTHCO PK-116-13 FOR 565-0305,No Purchases,EA,False,KIOSK,Kiosks,,PP                  MISC 
565-0307                      ,KEYS ONLY FROM 565-0306,Active,EA,,KIOSK,Kiosks,,PP                  MISC 
570-0029                      ,"FOAM NATURAL GUM .50"" X .063"" THK X 50' BLACK",Active,FT,,KIOSK,Kiosks,,PP                  MISC 
570-0075B                     ,"ADH FOAM .5""W X .125""T X 100' BLACK",Active,EA,,ET DD,ET Dealer / Distributor Pricing,,PP                  ADPRT
570-0104                      ,"ADH FOAM 1/4""W X 1/8""T ROLL EPDM BLEND OUTDOOR",Active,FT,,KIOSK,Kiosks,,PP                  ADPRT
570-0107                      ,"RUBBER EDGE TRIM, 1/16 ID, 7/32"" GRIP HT",Active,FT,,KIOSK,Kiosks,,PP                  MISC 
590-0994                      ,"LIGHT CAP, 3/16"" ACRYLIC 2447,  THERMO-FORMED",Active,EA,,KIOSK,Kiosks,,PP                  ACRYL
590-9470                      ,"CLEAR ACRYLIC, SQUARE EDGED 40/42” -- 23” x 39” x 0.125”",Active,EA,,ET DD,ET Dealer / Distributor Pricing,,PP                  ACRYL
591-0021                      ,SOUND BOX SPEAKER GRILL,Active,EA,,ET DD,ET Dealer / Distributor Pricing,,PP                  MISC 
591-0025                      ,"WEB CAM TINTED 2064  ACRYLIC 1/8"" THK. X 3.375 SQ",Active,EA,,KIOSK,Kiosks,,PP                  ACRYL
600-0106                      ,"FAN, AXIAL (FILTER INCLUDED",Active,EA,,ET DD,ET Dealer / Distributor Pricing,,PP                  MISC 
600-0216                      ,"FAN,4606N, (115V~50Hz 235mA 20W)/(115~60Hz 230mA)",Active,EA,,KIOSK,Kiosks,,PP                  ELECT
600-0319                      ,"FAN KIT, 80MM 120V, THERM/CORD, 2 GUARDS",Active,EA,,ET DD,ET Dealer / Distributor Pricing,,PP                  ELECT
600-0330                      ,"FAN CORD W/THERMOSTAT - 96"", 115V W/45 DEG PLUG",Active,EA,,KIOSK,Kiosks,,PP                  ELECT
600-0332                      ,"FAN, AXIAL, 80MM X 25MM, 120V 25 CFM",Active,EA,,KIOSK,Kiosks,,PP                  ELECT
600-0348                      ,"FAN GUARD, FOR 5'X5"" FANS CHROME",Active,EA,,ET DD,ET Dealer / Distributor Pricing,,PP                  MISC 
600-0359                      ,"Stainless Steel Fan Guard for 4.69"" & 4.72"" Fans",Active,EA,,ET DD,ET Dealer / Distributor Pricing,,PP                  MISC 
600-0383                      ,24 WATT 12 VDC POWER SUPPLY,Active,EA,,KIOSK,Kiosks,,PP                  ELECT
600-0384                      ,TRIPP INTL SURGE STRIP 230V 6 OUTLET,No Request,EA,,KIOSK,Kiosks,,PP                  ELECT
600-0399                      ,"CLEAR ACRYLIC, 22"" X 38"" X 1/8""",Active,EA,,KIOSK,Kiosks,,PP                  ACRYL
600-0407                      ,"NON GLARE ANTI-REFLECTIVE, 1/8"" X 28"" X 49"", SEAMED EDGES, TEMPERED, NO LOGO",Active,EA,,ET DD,ET Dealer / Distributor Pricing,,PP                  MISC 
600-0427                      ,"FAN CORD W/THERMOSTAT DAISY CHAIN - 84"", 24"", 115V W/45 DEG PLUGS",Active,EA,,KIOSK,Kiosks,,PP                  ELECT
600-0505                      ,"MEDIA PLAYER, AOPEN DE3250 (NO COST)",Active,EA,,KIOSK,Kiosks,,PP                  ELECT
600-0657                      ,"HINGE, SLIP JOINT HALF, HOLE SIDE SS",Active,EA,,PRO,Professional Sales Price Group,,PP                  HINGE
600-0661                      ,"POLYCARBONATE 50.0"" X 29.0"" X 250""",Active,EA,,ET DD,ET Dealer / Distributor Pricing,,PP                  MISC 
600-0701                      ,2025 BLACK ACRYLIC TOP FOR KOP2555 37.805 X 9.0 X 0.25,Inactive,EA,,ET DD,ET Dealer / Distributor Pricing,,PP                  ACRYL
600-0717                      ,"WEATHERPROOF 2 GANG BOX FOR 1/2"" CONDUIT",Active,EA,,ET DD,ET Dealer / Distributor Pricing,,PP                  MISC 
600-0718                      ,"WEATHERPROOF BOX COVER, WHILE-IN-USE 2 GANG, CLEAR",Active,EA,,ET DD,ET Dealer / Distributor Pricing,,PP                  MISC 
600-0737                      ,"HINGE, SLIP JOINT HALF, PIN SIDE SS, Cut Pin",Active,EA,,KIOSK,Kiosks,,FAB                 MACHN
600-5657                      ,"HINGE, SLIP JOINT HALF, HOLE SIDE SS, BLACK OXIDE",Active,EA,,KIOSK,Kiosks,,PP                  HINGE
600-5658                      ,"HINGE, SLIP JOINT HALF, PIN SIDE SS, Black Ox",Active,EA,,KIOSK,Kiosks,,PP                  HINGE
600-5737                      ,"HINGE, SLIP JOINT HALF, PIN SIDE SS, Cut Pin Black Ox",No Purchases,EA,,KIOSK,Kiosks,,PP                  HINGE
600-9035                      ,Tripp Lite 550VA 300W UPS Battery Back Up Tower,No Request,EA,,ET DD,ET Dealer / Distributor Pricing,,PP                  ELECT
60X40-SD-SKID                 ,"60""x40"" SOLID DECK SKID (HT)",No Purchases,EA,,ET DD,ET Dealer / Distributor Pricing,,PP                  SKIDS
65X44-SD-SKID                 ,"65""x44"" SOLID DECK SKID (HT)",Active,EA,,ET DD,ET Dealer / Distributor Pricing,,PP                  SKIDS
981-0581                      ,"CARTON, BROWN BOX, ULINE (S-10664) 75 X 39 X 8",Active,EA,,ET DD,ET Dealer / Distributor Pricing,,CARTN               BOXES
981-0756                      ,"CTN FOR CABINET FOR DMB & PRE-SELL, TOP",No Request,EA,,ET DD,ET Dealer / Distributor Pricing,,CARTN               BOXES
981-0757                      ,"CTN FOR CABINET FOR DMB & PRE-SELL, BOTTOM",No Request,EA,,ET DD,ET Dealer / Distributor Pricing,,CARTN               BOXES
981-0761                      ,CTN FOR SMALL RAIN CAP,Active,EA,,ET DD,ET Dealer / Distributor Pricing,,CARTN               BOXES
981-0895                      ,"CTN, TOP COVER, KIL640,64,740,742 & KIP640,642,740,742",Active,EA,,ET DD,ET Dealer / Distributor Pricing,,CARTN               BOXES
981-0896                      ,"CTN, BOTTOM COVER, KIL640,64,740,742 & KIP640,642,740,742",Active,EA,,ET DD,ET Dealer / Distributor Pricing,,CARTN               BOXES
981-0902                      ,"CTN, FOR BRACKET LANDSCAPE",Active,EA,,ET DD,ET Dealer / Distributor Pricing,,CARTN               BOXES
981-0958                      ,"CTN, BROWN BOX FOR 3"" COVER KIOSKS",Active,EA,,KIOSK,Kiosks,,CARTN               BOXES
982-0743                      ,"INSERT, TOP AND BOTTOM INSERT FOR KIL640,642,740,742 & KIP640,642,740,742",Active,EA,,ET DD,ET Dealer / Distributor Pricing,,CARTN               INSRT
982-0750                      ,"INSERT, CORNER FOR KIP6%, KIL6%, KIP7% AND KIP7%",Active,EA,,ET DD,ET Dealer / Distributor Pricing,,CARTN               INSRT
984-0043                      ,"PLST BAG, 39"" X 9"" X 90"", 3 MIL",Active,EA,,ET DD,ET Dealer / Distributor Pricing,,PP                  BAGS 
ACC-47PKC                     ,Weatherproof Kiosk Cover for KIP54%,Active,EA,,ET DD,ET Dealer / Distributor Pricing,Active,FPSS STANDETAIL          
ACC-55PKC                     ,Weatherproof Kiosk Cover for KIP555,Active,EA,,ET DD,ET Dealer / Distributor Pricing,Active,FPSS STANDETAIL          
ACCK107-BL                    ,"22"" Shroud for Concierge",Active,EA,,ET DD,ET Dealer / Distributor Pricing,Active,FPSS STANDETAIL          
ACCK107-GR                    ,"22"" Shroud for Concierge",Active,EA,,ET DD,ET Dealer / Distributor Pricing,Active,FPSS STANDETAIL          
ACCK108-BL                    ,"27"" Shroud for Concierge",Active,EA,,ET DD,ET Dealer / Distributor Pricing,Active,FPSS STANDETAIL          
ACCK108-GR                    ,"27"" Shroud for Concierge",Active,EA,,ET DD,ET Dealer / Distributor Pricing,Active,FPSS STANDETAIL          
ACCK119                       ,KOF Speaker Microphone Accessory,No Purchases,EA,False,KIOSK,Kiosks,Use Up,KIOSKSTANDOUTDR          
ACCK120                       ,KOP2555 Base Bolt Template,Active,EA,False,KIOSK,Kiosks,Use Up,KIOSKSTANDOUTDRGROUN     
ACCK121                       ,KOF Kiosk Base Bolt Template,Active,EA,False,KIOSK,Kiosks,Active,KIOSKSTANDOUTDR          
ACCK123                       ,KIOSK KEY SET 565-0307,Active,EA,,KIOSK,Kiosks,Active,KIOSKSTANDINDOR          
ACCK124                       ,LOCK CORE WITH KEY (565-0306),No Request,EA,,KIOSK,Kiosks,Use Up,KIOSKSTANDINDOR          
AS222-NC                      ,"Tech Global 22"" IO-AA41 Surface Capacitive Touch Display",No Request,EA,,ET DD,ET Dealer / Distributor Pricing,,PP                  ELECT
BDL4830QL                     ,48” Philips BDL4830QL,No Request,EA,,PRO,Professional Sales Price Group,,PP                  ELECT
CUS883-B2B                    ,"65"" Back to Back Indoor Kiosk",Active,EA,,ET DD,ET Dealer / Distributor Pricing,Active,KIOSKSTAND               
CUS883-B2B-02                 ,"65"" Back to back kiosk Sohar Mall",Active,EA,,ET DD,ET Dealer / Distributor Pricing,Active,KIOSKSTAND               
CUS883-LED-CONTROLLER         ,LED CONTROLLER,Active,EA,,ET DD,ET Dealer / Distributor Pricing,Active,FPSS STANDETAIL          
DEV-KIPC2555B-3-MATTE         ,KIPC2555B-3 in Matte Black for ECN42521,Active,EA,,KIOSK,Kiosks,Active,KIOSKSTANDINDOR          
DEV-KL546-53-S                ,"Kiosk Landscape 46"" for 5.3"" Deep Displays",Active,EA,,PRO,Professional Sales Price Group,Active,KIOSKSTANDINDOR          
DEV-MIS683-POL CLEAR          ,"42"" Pedestal Kiosk-Pol Clear-PTC 10117",Active,EA,,ET DD,ET Dealer / Distributor Pricing,Active,KIOSKSTAND               
DEV-MIS708-POL CLEAR          ,"32"" Pedestal Kiosk-Pol Clear-PTC 10117",Active,EA,,ET DD,ET Dealer / Distributor Pricing,Active,KIOSKSTAND               
E611101                       ,"ELO I-Series 2.0 for Android 10"" AiO All-In-One Touchscreen for JP Morgan Chase (ECN 36581)",Active,EA,,ET DD,ET Dealer / Distributor Pricing,Active,FPSS CUSTM               
ECN38067                      ,ISM Custom Horizontal I-Beam Clamp from ECN-W%,Active,EA,,ET DD,ET Dealer / Distributor Pricing,Active,KIOSKCUSTM               
ECN38069                      ,ISM Custom Horizontal I-Beam Clamp from ECN-W%,Active,EA,,ET DD,ET Dealer / Distributor Pricing,Active,KIOSKCUSTM               
ECN38071                      ,ISM Custom Horizontal I-Beam Clamp from ECN-W% (ECN38071),Active,EA,,ET DD,ET Dealer / Distributor Pricing,Active,KIOSKCUSTM               
00000214-1                    ,3MM X 3MM SNAP IN STANDOFFS,Active,EA,,CUSTM,Custom Sales Price Group,,PP                  MISC 
00000393                      ,"LABEL, VOLTA LIGHTCAP VINYL, OPAQUE BLACK VINYL GRAPHIC",Active,EA,,CUSTM,Custom Sales Price Group,,PP                  LABEL
00000418                      ,"LABEL, VOLTA GEN4 'CHARGING WARNING' WHITE VINYL",Active,EA,,CUSTM,Custom Sales Price Group,,PP                  LABEL
009-1928                      ,"BRACKET, CLAMP, BLK",Active,EA,,PRO,Professional Sales Price Group,,FAB                 PAINT
009-8066                      ,FASTPACK FOR ACC320,Active,EA,,PRO,Professional Sales Price Group,,FAST                     
009-T1852                     ,CORD WRAP,Active,EA,,PRO,Professional Sales Price Group,,FAB                 PAINT
010-2160                      ,"RIGHT VERTICAL SUPPORT TUBE FOR SR560-HUB2, FWHT",Active,EA,,PRO,Professional Sales Price Group,,FAB                 PAINT
017-0001                      ,TAPERED WALL BRKT,Active,EA,,XGPREFAB,XGPREFAB,,FAB                 LASER
017-0019                      ,"SUPPORT ARM 15.5"" ASSY, #14",Active,EA,,XGPREFAB,XGPREFAB,,FAB                 WELD 
021-0041                      ,"BASE STAND, PTM400S/400, RAW",Active,EA,,XGPREFAB,XGPREFAB,,PP                       
050-0002                      ,TENSION SCREW,Active,EA,,PRO,Professional Sales Price Group,,FAST                HW   
050-0003                      ,SOCKET,Active,EA,,PRO,Professional Sales Price Group,,FAST                     
050-0004                      ,BALL STUD,Active,EA,,PRO,Professional Sales Price Group,,FAST                     
054-1085                      ,"PNTD,SIDE BRKT ADP PLT HITACHI HT7",Active,EA,,PRO,Professional Sales Price Group,,FAB                 PAINT
054-1150                      ,MOUNTING BRK PHILIPS LC 4345 BLACK,Active,EA,,PRO,Professional Sales Price Group,,FAB                 PAINT
054-8045-1                    ,FAST PACK FOR ACC570,Active,EA,,PRO,Professional Sales Price Group,,FAST                     
055-0010                      ,"BRACKET, PJRL SEC CABLE ASSY,  FAB",Active,EA,,PRO,Professional Sales Price Group,,FAB                 COMBO
055-0011                      ,PJF BASE UNIT ASSY,No Request,EA,,PRO,Professional Sales Price Group,,FAB                      
055-1062                      ,"ADPR PLATE FOR PAP/PJC-EPELP7300,BK",Active,EA,,PRO,Professional Sales Price Group,,FAB                 PAINT
055-1081                      ,"ADPR PLATE PAP/PJC-NC2, BLK",Active,EA,,PRO,Professional Sales Price Group,,FAB                 PAINT
055-1097                      ,"ADPR PLATE FOR PAP/PJC-SNY1, BLK",Active,EA,,PRO,Professional Sales Price Group,,FAB                 PAINT
055-1131                      ,"ADPR PLATE FOR PAP/PJC-BX1, BLK",Active,EA,,PRO,Professional Sales Price Group,,FAB                 PAINT
055-1136                      ,"ADPR PLATE FOR PAP/PJC-BX2, BLK",Active,EA,,PRO,Professional Sales Price Group,,FAB                 PAINT
055-1138                      ,"ADPR PLATE FOR PAP/PJC-BX3, BLK",Active,EA,,PRO,Professional Sales Price Group,,FAB                 PAINT
055-1149                      ,"ADPR PLATE FOR PAP/PJC-PH2, BLK",Active,EA,,PRO,Professional Sales Price Group,,FAB                 PAINT
055-1163                      ,"ADPR PLATE FOR PAP/PJC-102, BLK",Active,EA,,PRO,Professional Sales Price Group,,FAB                 PAINT
055-1175                      ,"ADPR BRKT FOR ACC845, BLK",Active,EA,,PRO,Professional Sales Price Group,,FAB                 PAINT
055-1184                      ,"ADPR BRKT FOR ACC830, BLK",Active,EA,,PRO,Professional Sales Price Group,,FAB                 PAINT
055-1207                      ,"ADPR PLATE FOR PAP/PJC-121, BLK",Active,EA,,PRO,Professional Sales Price Group,,FAB                 PAINT
055-1314                      ,"ADPR PLT FOR PAP/PJC-SNY2A, BLK",Active,EA,,PRO,Professional Sales Price Group,,FAB                 PAINT
055-1562                      ,"CENTER BRKT FOR PAP/PJC/PJF-240,BLK",Active,EA,,PRO,Professional Sales Price Group,,FAB                 PAINT
055-2923                      ,ADJUSTABLE WALL PLATE PSTA (WHITE),Active,EA,,PRO,Professional Sales Price Group,,FAB                 PAINT
055-2985                      ,"PROJECTOR ADAPTER PLATE - NEC, WHT",Inactive,EA,,PRO,Professional Sales Price Group,,FAB                 PAINT
055-2999                      ,"ADAPTR PLT FOR PAP-269/NP3250CM,WHT",Inactive,EA,,PRO,Professional Sales Price Group,,FAB                 PAINT
055-8037                      ,FASTPACK FOR PJC-170,Active,EA,,PRO,Professional Sales Price Group,,FAST                     
055-8301-S-1                  ,FASTPACK PAP-UNV G2 (BAFF),Active,EA,,PRO,Professional Sales Price Group,,FAST                     
055-8341A                     ,FASTPACK FOR PAP-298 BLK W/ WRENCH,Active,EA,,PRO,Professional Sales Price Group,,FAST                     
055-8347-1                    ,FASTPACK FOR ACC560 (EXPRS ANCH),Active,EA,,PRO,Professional Sales Price Group,,FAST                     
055-8394                      ,FASTPACK FOR PJF2,Active,EA,,PRO,Professional Sales Price Group,,FAST                     
055-8394-S                    ,FASTPACK FOR PJF2,Inactive,EA,,PRO,Professional Sales Price Group,,FAST                     
055-8418                      ,FASTPACK FOR PRG-1,Active,EA,,PRO,Professional Sales Price Group,,FAST                     
055-KPRGU-W-5                 ,"COMMON PARTS PRG UNIV W/O CONN, WHT",Inactive,EA,,PRO,Professional Sales Price Group,,FAB                      
056-1385                      ,"RIGHT TILT BRACKET FOR PJR250, BLK",Active,EA,,PRO,Professional Sales Price Group,,FAB                 PAINT
056-8007                      ,FASTPACK FOR ADAPTER EPSON PRO L25000,Active,EA,,PRO,Professional Sales Price Group,,FAST                     
056-T1374                     ,"SONY HANDLE BAR, TBLK",Active,EA,,PRO,Professional Sales Price Group,,FAB                 PAINT
081-0007                      ,VERT ANCHOR,Active,EA,,XGPREFAB,XGPREFAB,,FAB                 PUNCH
081-0049                      ,"HORZ CROSS SPRT 10.25""",Active,EA,,XGPREFAB,XGPREFAB,,FAB                 COMBO
081-0050                      ,"VERT ADJUSTER 4.25"" ID",Active,EA,,XGPREFAB,XGPREFAB,,FAB                 COMBO
081-0051                      ,"VERT ADJUSTER 2.69"" I.D.",Active,EA,,XGPREFAB,XGPREFAB,,FAB                 COMBO
081-0052                      ,HORIZONTAL ADJUSTER,Active,EA,,XGPREFAB,XGPREFAB,,FAB                 COMBO
081-0053                      ,"HORIZ CROSS SPRT 13.25""",Active,EA,,XGPREFAB,XGPREFAB,,FAB                 COMBO
087-1042                      ,"SPEAKER ATTACHMENT CLIP, BLK",Active,EA,,PRO,Professional Sales Price Group,,FAB                 PAINT
087-1047                      ,"INTERFACE BRKT, BLK",Active,EA,,PRO,Professional Sales Price Group,,FAB                 PAINT
090-0817                      ,ROTATION BOX WELDMENT - FDS-3250,Active,EA,,HOSP,Hospitality,,FAB                 WELD 
090-8472                      ,FAST PACK FOR MOD-CPF2,Active,EA,,PRO,Professional Sales Price Group,,FAST                     
090-8603                      ,FASTPACK FOR DST940-BTB,Active,EA,,DS,Digital Signage,,FAST                     
091-1180                      ,DESKTOP COVER PLATE FOR MIS35178 BLK,Active,EA,,PRO,Professional Sales Price Group,,FAB                 PAINT
091-1219                      ,SUPPORT TUBE ASSY,No Purchases,EA,,PRO,Professional Sales Price Group,,FAB                 ASSYP
091-8047                      ,FASTPACK FOR F-MIS38426,No Purchases,EA,,PRO,Professional Sales Price Group,,FAST                     
091-8048                      ,FASTPACK FOR B-MIS38426,No Purchases,EA,,PRO,Professional Sales Price Group,,FAST                     
095-1533                      ,"PLATE, MOUNTING COVER, BLK",Active,EA,,PRO,Professional Sales Price Group,,FAB                 PAINT
095-1536                      ,"IN WALL BOX ASSM, IM740/IB40, BLK",Active,EA,,PRO,Professional Sales Price Group,,FAB                 ASSYP
096-6702                      ,"COVER, BASE, BLK",Active,EA,,PRO,Professional Sales Price Group,,FAB                 PAINT
10000166                      ,"BUS BAR - .5""W X 20.5""L X .25""THK, INSULATED, BLACK",Active,EA,,CUSTM,Custom Sales Price Group,,FAB                 ASSYP
10000813                      ,IR Repeater,Active,EA,,ET,Emerging Technologies & Displays,,PP                       
10001063                      ,"BUS BAR - .5""W X 20.5""L X .25""THK, INSULATED, RED",Active,EA,,CUSTM,Custom Sales Price Group,,FAB                 ASSYP
10001285                      ,EGAUGE ENERGY MONITORING SYSTEM (EG4015),Active,EA,,CUSTM,Custom Sales Price Group,,PP                  ELECT
10001403                      ,"CHARGER, BTC INNOGY EBOX PROFESSIONAL",Active,EA,,CUSTM,Custom Sales Price Group,,PP                  ELECT
100014891                     ,PDW T XL-2,Active,EA,,FGMT,FGMT,Active,FPSS STAND               
10001734                      ,"THRUST BEARING, OIL-EMBEDDED BRONZE, .25"" ID X .5"" OD X .063 THK",Active,EA,,CUSTM,Custom Sales Price Group,,PP                  ELECT
10001765-TEXBLK               ,"BILV - BOTTOM HINGE, CABINET SIDE PIN ASY",Active,EA,,CUSTM,Custom Sales Price Group,,FAB                 PAINT
10001766-TEXBLK               ,"BILV - TOP HINGE, CABINET SIDE PIN ASY",Active,EA,,CUSTM,Custom Sales Price Group,,FAB                 PAINT
10001798                      ,"SWIVEL HOSE CLAMP, 1.032ID, SVI",Inactive,EA,,CUSTM,Custom Sales Price Group,,PP                  ELECT
10002213                      ,"SCR #10-32 X 5/8"", FH PH, SS BLK",Active,EA,,CUSTM,Custom Sales Price Group,,FAST                HW   
10002240-TEXBLK               ,BILV - SIDE COVER RIVNUT ASSEMBLY,No Request,EA,,CUSTM,Custom Sales Price Group,,FAB                 PAINT
10002271-TEXBLK               ,BP ION3 - TOP COVER PEM ASY,Active,EA,,CUSTM,Custom Sales Price Group,,FAB                 PAINT
10002500                      ,"RIVET, BLIND SEALING, Ø1/8 X .125-.188 MATL THICKNESS X 18-8 SS",Active,EA,,CUSTM,Custom Sales Price Group,,FAST                RIVET
10002613                      ,"SCR M8X1.25X25MM, PH PH, 18-8 SS",Active,EA,,CUSTM,Custom Sales Price Group,,FAST                HW   
10003062                      ,"WASHER, .406 ID X 1.25 X .052-.072 THK, SS",Active,EA,,KIOSK,Kiosks,,FAST                WASH 
120-C4187                     ,"PLATE, ELECTRICAL COVER, CSLV",Active,EA,,PRO,Professional Sales Price Group,,FAB                 PAINT
1235-305K                     ,FABD  UPPER UNIV TRAY/ W KEY LOCK,Active,EA,,XGPREFAB,XGPREFAB,,FAB                 PUNCH
1235-375K                     ,PNTD UPPER UNIV TRAY/ KEY LOCK,Active,EA,,PRO,Professional Sales Price Group,,FAB                 PAINT
124-0062                      ,"FAB, BACK LOCKDOWN BRKT FOR MIS208",Active,EA,,XGPREFAB,XGPREFAB,,FAB                 COMBO
124-0063                      ,"FAB, FRONT LOCKDOWN BRKT - FLD-UNV",Active,EA,,XGPREFAB,XGPREFAB,,FAB                 PUNCH
124-1974                      ,TILT BOX WELDMENT FOR MIS241,Active,EA,,DS,Digital Signage,,FAB                 PAINT
128-0059                      ,"WALL ARM 18"" ASSY JUMBO",Active,EA,,XGPREFAB,XGPREFAB,,FAB                 WELD 
128-0085                      ,"TAPERED CLNG BRACKET JUMBO 24""",Active,EA,,XGPREFAB,XGPREFAB,,FAB                 COMBO
128-0087                      ,"24"" TAPERED CEILING BRKT ASSY, WLD",Active,EA,,XGPREFAB,XGPREFAB,,FAB                 WELD 
128-0185                      ,"MAIN TRAY+REINF. ASSY, WLD",Active,EA,,XGPREFAB,XGPREFAB,,FAB                 WELD 
128-0198                      ,MAIN CEILING TRAY WELDED,Active,EA,,XGPREFAB,XGPREFAB,,FAB                 WELD 
128-0207                      ,FAB SUSP FILR PANEL TRY W/KO'S,Active,EA,,XGPREFAB,XGPREFAB,,FAB                 PUNCH
128-2185                      ,PNTD TRAY & REINF. ASSY,Active,EA,,PRO,Professional Sales Price Group,,FAB                 PAINT
128-2198                      ,PNTD MAIN CEILING TRAY,Active,EA,,PRO,Professional Sales Price Group,,FAB                 PAINT
128-2207                      ,PNT SUSP FILER PANL TRY W/KNOKOUTS,Active,EA,,PRO,Professional Sales Price Group,,FAB                 PAINT
145-1178                      ,"CABLE ATTCHMNT BRCKT MIS700, BLK",Active,EA,,DS,Digital Signage,,FAB                 PAINT
145-1180                      ,"COLUMN CLAMP BRACKET FOR MIS700, BL",Active,EA,,DS,Digital Signage,,FAB                 PAINT
145-1534                      ,"REAR COVER FO DST960, BLK",Active,EA,,PRO,Professional Sales Price Group,,FAB                 PAINT
1455-406-1                    ,TRAY ASSY SUSPENDED CEILING,Active,EA,,XGPREFAB,XGPREFAB,,FAB                 WELD 
145-6816                      ,"WELDMENT, 40"" RAIL,DS-VWC, BLK",Active,EA,,PRO,Professional Sales Price Group,,FAB                 PAINT
146-1053                      ,"SUPPORT BRACKET, BLK",Active,EA,,PRO,Professional Sales Price Group,,FAB                 PAINT
146-1066                      ,"WELDMENT, CENTER SUPPORT, 6 POSITION, BLK",Active,EA,,DS,Digital Signage,,FAB                 PAINT
146-1071                      ,"CENTER PLATE, BLK",Active,EA,,PRO,Professional Sales Price Group,,FAB                 PAINT
146-1933                      ,"EXTRUSION CONNECTOR PLATE FOR SAMSUNG IF MOUNT, BLK",Active,EA,,PRO,Professional Sales Price Group,,FAB                 PAINT
146-1983                      ,"WALL PLATE WELDMENT, TOP, BLK",Active,EA,,DS,Digital Signage,,FAB                 PAINT
146-1985                      ,"WALL PLATE WELDMENT, BOTTOM, BLK",Active,EA,,DS,Digital Signage,,FAB                 PAINT
146-8008                      ,"FASTPACK, ACC-QR%",Active,EA,,PRO,Professional Sales Price Group,,FAST                     
146-T1290                     ,OUTER VERTICAL SUPPORT BRACKET,Active,EA,,DS,Digital Signage,,FAB                 PAINT
146-T1632                     ,"ASSEMBLY, ACC-QRP MAIN, TBLK",Active,EA,,PRO,Professional Sales Price Group,,FAB                 ASSYP
146-T1803                     ,"400MM DISPLAY ADAPTER FOR DSF265P, TBLK",Active,EA,,PRO,Professional Sales Price Group,,FAB                 PAINT
147-0848                      ,"ASSEMBLY, HORIZONTAL SPACER, SAMSUNG IER",Active,EA,,DVLED,DvLED,,FAB                 PEM  
147-1022                      ,"4 TILE VERTICAL SPACER FOR ABSEN ACCLAIM, BLK",Active,EA,,DVLED,DvLED,,FAB                 PAINT
147-1497                      ,"8 TILE VERTICAL SPACER FOR ABSEN ACCLAIM, BLK",Active,EA,,DVLED,DvLED,,FAB                 PAINT
147-1701                      ,"SUBASSEMBLY, COLUMN KIT, 5 TILE LEFT ADAPTER, UPANELS, BLK",Active,EA,,DVLED,DvLED,,FAB                 ASSYP
147-1724                      ,"SUBASSEMBLY, COLUMN KIT, 4 TILE RIGHT ADAPTER, UPANELS, BLK",Active,EA,,DVLED,DvLED,,FAB                 ASSYP
147-1725                      ,"SUBASSEMBLY, COLUMN KIT, 5 TILE RIGHT ADAPTER, UPANELS, BLK",Active,EA,,DVLED,DvLED,,FAB                 ASSYP
147-1748                      ,"SUBASSEMBLY, COLUMN KIT, 4 TILE CENTER ADAPTER, UPANELS, BLK",Active,EA,,DVLED,DvLED,,FAB                 ASSYP
147-1749                      ,"SUBASSEMBLY, COLUMN KIT, 5 TILE CENTER ADAPTER, UPANELS, BLK",Active,EA,,DVLED,DvLED,,FAB                 ASSYP
147-1803                      ,"SUBASSEMBLY, 3 TILE CENTER ADAPTER, SAMSUNG IER, BLK",Active,EA,,DVLED,DvLED,,FAB                 PAINT
147-1804                      ,"SUBASSEMBLY, 3 TILE LEFT ADAPTER, SAMSUNG IER, BLK",Active,EA,,DVLED,DvLED,,FAB                 PAINT
147-1810                      ,"SUBASSEMBLY, COLUMN KIT, 3 TILE CENTER ADAPTER, SAMSUNG IER, BLK",Active,EA,,DVLED,DvLED,,FAB                 ASSYP
147-1838                      ,"VERTICAL SPACER, 4 TILE SUPPORT TUBE, SAMSUNG IER, BLK",Active,EA,,DVLED,DvLED,,FAB                 PAINT
147-1848                      ,"ASSEMBLY, HORIZONTAL SPACER, SAMSUNG IER, BLK",Active,EA,,DVLED,DvLED,,FAB                 PAINT
147-1876                      ,"CORNER CAP, BLACK MAGIC 2",No Purchases,EA,,DVLED,DvLED,,FAB                 PAINT
150-P1595P                    ,"COVER, FRONT, FOR KIP748, BLK",Active,EA,False,KIOSK,Kiosks,,FAB                 PAINT
150-P1600P                    ,"COVER, FRONT, FOR KIP755, BLK",Active,EA,,KIOSK,Kiosks,,FAB                 PAINT
151-0493                      ,LIGHTCAP TAP PLATE VOLTA CHARGING STATION,No Sales,EA,,ET DD,ET Dealer / Distributor Pricing,,FAB                 LASER
151-0523                      ,INSTALLATION TEMPLATE VOLTA,No Purchases,EA,,KIOSK,Kiosks,,FAB                 LASER
151-4564                      ,"KIPC2 40-43"" FRONT LOWER DOOR, SLV",Active,EA,,ET DD,ET Dealer / Distributor Pricing,,FAB                 PAINT
151-4566                      ,"KIPC2 40-43"" REAR UPPER DOOR, SLV",Active,EA,,KIOSK,Kiosks,,FAB                 PAINT
151-4568                      ,"KIPC2 43"" FRONT UPPER DOOR, SLV",Active,EA,,KIOSK,Kiosks,,FAB                 PAINT
151-4599                      ,"49"" DISPLAY DOOR WELDMENT VOLTA, SLV",No Request,EA,,ET DD,ET Dealer / Distributor Pricing,,FAB                 PAINT
151-4617                      ,"KIPC2 49-55"" BASE, SLV",Active,EA,,KIOSK,Kiosks,,FAB                 PAINT
151-4673                      ,"CABLE HOOK WELDMENT VOLTA,  SLV",Active,EA,,KIOSK,Kiosks,,FAB                 PAINT
151-4707                      ,"KIPC2 49-55"" 3.375 BOTTOM DOOR,  SLV",Active,EA,,KIOSK,Kiosks,,FAB                 PAINT
151-4915                      ,"55"" DISPLAY DOOR ASSEMBLY VOLTA",Active,EA,,ET DD,ET Dealer / Distributor Pricing,,FAB                 ASSYP
151-4973                      ,"WELDMENT & PEM ASSEMBLY, HOOD, KILH555, SLV",Active,EA,False,KIOSK,Kiosks,,FAB                 PAINT
151-J1512                     ,"PORT COVER PEM ASSEMBLY VOLTA CHARGING STATION,  JET BLK",Active,EA,,KIOSK,Kiosks,,FAB                 PAINT
151-P1575                     ,"KIPC2 46-48"" REAR UPPER DOOR, GBLK",Active,EA,,KIOSK,Kiosks,,FAB                 PAINT
151-P1936                     ,"WELDMENT, BODY, KILH, GBLK",Active,EA,,KIOSK,Kiosks,,FAB                 PAINT
151-P1948                     ,"BACK DOOR, KILH, GBLK",Active,EA,,KIOSK,Kiosks,,FAB                 PAINT
151-P1961                     ,"WELDMENT & PEM ASSEMBLY, HOOD, KILH543, GBLK",Active,EA,,KIOSK,Kiosks,,FAB                 PAINT
151-T1493                     ,"LIGHTCAP TAP PLATE VOLTA CHARGING STATION, TXTBLK",Active,EA,,KIOSK,Kiosks,,FAB                 PAINT
151-T1617                     ,"KIPC2 49-55"" BASE, TXTBLK",Active,EA,,KIOSK,Kiosks,,FAB                 PAINT
151-T1954                     ,"SUPPORT, VERTICAL, KILH555, TXTBLK",Active,EA,,KIOSK,Kiosks,,FAB                 PAINT
152-0310                      ,ELECTRICAL SUB-PANEL WELDMENT VOLTA M,Active,EA,,CUSTM,Custom Sales Price Group,,FAB                 WELD 
152-0543                      ,"KOP25% BACK DOOR LOCK BRACKET, V2",Inactive,EA,,KIOSK,Kiosks,,FAB                 LASER
152-0775                      ,"TOP HAT W/ INS - L2, VOLTA GEN4, BLACK",Active,EA,,CUSTM,Custom Sales Price Group,,PP                       
152-0776                      ,"TOP HAT W/ INS - DCFAST, VOLTA GEN4, BLACK",Active,EA,,CUSTM,Custom Sales Price Group,,PP                       
152-0781                      ,"SIG LT CHAN - LH HORZ, VOLTA GEN4",Active,EA,,CUSTM,Custom Sales Price Group,,PP                       
152-0782                      ,"SIG LT CHAN - LH VERT, VOLTA GEN4",Active,EA,,CUSTM,Custom Sales Price Group,,PP                       
152-0783                      ,"SIG LT CHAN - RH HORZ, VOLTA GEN4",Active,EA,,CUSTM,Custom Sales Price Group,,PP                       
152-0784                      ,"SIG LT CHAN - RH VERT, VOLTA GEN4",Active,EA,,CUSTM,Custom Sales Price Group,,PP                       
152-0805                      ,"CONCRETE PANEL, VOLTA GEN4",Active,EA,,CUSTM,Custom Sales Price Group,,PP                       
152-0807                      ,VOLTA.V4 SKID ASSEMBLY,Active,EA,,CUSTM,Custom Sales Price Group,,FAB                 ASSYP
152-0815-WASH                 ,"HOLSTER LIMIT SWITCH BRACKET, VOLTA GEN4",Active,EA,,CUSTM,Custom Sales Price Group,,FAB                 PAINT
152-0818-WASH                 ,"CONCRETE PANEL BRACKET, VOLTA GEN4, WASH ONLY",Active,EA,,CUSTM,Custom Sales Price Group,,FAB                 PAINT
152-4002                      ,"KIPC2 65"" 3.375 BOTTOM DOOR, SLV",Active,EA,,KIOSK,Kiosks,,FAB                 PAINT
152-4814                      ,"HOLSTER REAR BRACKET, VOLTA GEN4, SLV",Active,EA,,CUSTM,Custom Sales Price Group,,FAB                 PAINT
152-T1316                     ,"RECPETACLE BOX ASSEMBLY VOLTA M, TXTBLK",No Request,EA,,CUSTM,Custom Sales Price Group,,FAB                 ASSYP
152-T1511                     ,"ENCLOSURE BOTTOM LOCKING BRACKET 
 PEM ASSY 42/55, KLR64255, TBLK",Active,EA,,KIOSK,Kiosks,,FAB                 PAINT
152-T1520                     ,"UPPER WALL MOUNT BRACKET 42/55 KLR64255 v2
, TBLK",Active,EA,,KIOSK,Kiosks,,FAB                 PAINT
153-0060-WASH                 ,"INSTALLATION TEMPLATE, VOLTA V4",Active,EA,,CUSTM,Custom Sales Price Group,,FAB                 PAINT
153-0061                      ,VOLTA GEN4 LH VERT LED LIGHT CHANNEL ASSY,No Request,EA,,CUSTM,Custom Sales Price Group,,FAB                 ASSYP
153-0062                      ,VOLTA GEN4 RH VERT LED LIGHT CHANNEL ASSY,No Request,EA,,CUSTM,Custom Sales Price Group,,FAB                 ASSYP
153-0063                      ,VOLTA GEN4 LH HORZ LED LIGHT CHANNEL ASSY,No Request,EA,,CUSTM,Custom Sales Price Group,,FAB                 ASSYP
153-0064                      ,VOLTA GEN4 RH HORZ LED LIGHT CHANNEL ASSY,No Request,EA,,CUSTM,Custom Sales Price Group,,FAB                 ASSYP
153-8003                      ,"FAST PACK, BPE BATTERY GROUNDING",Active,EA,,CUSTM,Custom Sales Price Group,,FAST                     
153-8011                      ,"FAST PACK, BPE HARDWARE TO FASTEN CABINETS TOGETHER",Active,EA,,CUSTM,Custom Sales Price Group,,FAST                     
153-8012                      ,"VOLTA V4 FAST PACK, ACCENT PANEL HARDWARE",No Request,EA,,CUSTM,Custom Sales Price Group,,FAST                     
153-8016                      ,"FAST PACK, BIHI BUS BARS",Active,EA,,CUSTM,Custom Sales Price Group,,FAST                     
153-8018                      ,"FAST PACK, BIHI SNAP-IN PLUGS",Active,EA,,CUSTM,Custom Sales Price Group,,FAST                     
153-8026                      ,"FAST PACK, BIHI COM CABLES",Active,EA,,CUSTM,Custom Sales Price Group,,FAST                     
153-8027                      ,"FAST PACK, BIHI LARGE BUS BAR HARDWARE",Active,EA,,CUSTM,Custom Sales Price Group,,FAST                     
153-8028                      ,"FAST PACK, BIHI LEVELER FEET",Active,EA,,CUSTM,Custom Sales Price Group,,FAST                     
153-T1003                     ,"Trim for Uprights, TBLK",Active,EA,,CUSTM,Custom Sales Price Group,,FAB                 PAINT
153-T1004                     ,"A/C top shelf cover, TBLK",Active,EA,,CUSTM,Custom Sales Price Group,,FAB                 PAINT
153-T1023                     ,"DOOR ASSEMBLY - STYLE C, TXTBLK",Active,EA,,CUSTM,Custom Sales Price Group,,FAB                 ASSYP
153-T1035                     ,"DOORFRAME ASSEMBLY, RIGHT, VOLTA GEN4, TEXT BLK",No Request,EA,,CUSTM,Custom Sales Price Group,,FAB                 ASSYP
153-T1036                     ,"DOORFRAME ASSEMBLY, LEFT, VOLTA GEN4, TEXT BLK",No Request,EA,,CUSTM,Custom Sales Price Group,,FAB                 ASSYP
153-T1066                     ,VOLTA GEN4.3 DISCONNECT SWITCH ASSY,No Request,EA,,CUSTM,Custom Sales Price Group,,FAB                 ASSYP
170-0039                      ,"FAB, 11"" WALL BRACKET",Active,EA,,XGPREFAB,XGPREFAB,,FAB                 LASER
1HA99                         ,PJF2-UNV for Grainger-G09,Active,EA,,PRO,Professional Sales Price Group,Active,PSS  STANDPJF2           
200-0984                      ,AXIAL TUBE - ELBOW JOINT,Active,EA,,PRO,Professional Sales Price Group,,FAB                 TUBE 
200-8695                      ,FASTPACK FOR KIP7% AND KIL7%,Active,EA,,KIOSK,Kiosks,,FAST                     
200-8707                      ,FASTPACK FOR PJR250,Active,EA,,PRO,Professional Sales Price Group,,FAST                     
200-9834                      ,"FASTPACK, FOR MIS647L-TH",Active,EA,,PRO,Professional Sales Price Group,,FAST                     
202-1022                      ,"PULL CORD ASSEMBLY, BLK",Active,EA,,PRO,Professional Sales Price Group,,PPA                      
202-8736-2                    ,FASTPACK FOR SR560-FLIP2,Active,EA,,PRO,Professional Sales Price Group,,FAST                     
210-8091                      ,"Fastpack, Inner for Volta",Active,EA,,KIOSK,Kiosks,,FAST                     
2141-303                      ,WALL PLATE FOR JUMBO MOUNT,Active,EA,,XGPREFAB,XGPREFAB,,FAB                 PUNCH
2PT-22CA01F                   ,"CLNG PLATE END CAP, WHT",Active,EA,,PRO,Professional Sales Price Group,,FAB                 PAINT
3022-501                      ,LOCK BARREL FOR 3 022,Active,EA,,PRO,Professional Sales Price Group,,FAST                MISC 
3022-502                      ,LOCK PLUG/3022 #D 638105000,Active,EA,,PRO,Professional Sales Price Group,,FAST                MISC 
38X962                        ,"SUSPENDED CEILING PLATE,PROJECTOR,WHT",Active,EA,,PRO,Professional Sales Price Group,Active,PSS  STAND               
38X963                        ,"COMPONENT SHELF, A/V EQUIPMENT, WALL - BLACK",Active,EA,,PRO,Professional Sales Price Group,Active,APNS                     
3XWC1                         ,PE1120 FOR GRAINGER,Active,EA,,PRO,Professional Sales Price Group,Active,PSS  STAND               
3XWC2                         ,PRG-UNV FOR GRAINGER,Active,EA,,PRO,Professional Sales Price Group,Active,PSS  STANDPRG            
407K94                        ,Ceiling Plate For Wood Joist with Anti-Vibration Connector,Active,EA,,PRO,Professional Sales Price Group,Use Up,APNS                     
410-0164                      ,"POWER SUPPLY, 12V 150W, IP67, HLG-150H-12A",Active,EA,,CUSTM,Custom Sales Price Group,,PP                  ELECT
410-0357                      ,HOLSTER SENSOR HARNESS ASY,Active,EA,,CUSTM,Custom Sales Price Group,,PP                  ELECT
410-0359                      ,"12VDC DISTRIBUTION, PWM CONTROLLER PCB - VOLTA EE",Active,EA,,CUSTM,Custom Sales Price Group,,PP                  ELECT
410-0364                      ,"THERMOSTAT, EQUIPMENT COOLING FAN CONTROL, NORMALLY OPEN(NO), STEGO KTS-011",Active,EA,,CUSTM,Custom Sales Price Group,,PP                  ELECT
410-0366                      ,"ENCLOSED DC DC CONVERTER 250W 800VDC TO 24VDC 10A, ABSOPULSE HVT 250-800/24F7T-T6382",Active,EA,,CUSTM,Custom Sales Price Group,,PP                  ELECT
410-0368                      ,"BATTERY MANAGEMENT UNIT (BMU) 300V TO 1000V, 0A TO 100A, MURATA IJ8101C (SUPPLIED BY CUSTOMER)",Active,EA,,CUSTM,Custom Sales Price Group,,PP                  ELECT
410-0370                      ,EWON FLEXY 205 WAN/LAN SWITCH-SUPPLIED BY CUSTOMER,Active,EA,,CUSTM,Custom Sales Price Group,,PP                  ELECT
410-0374                      ,"FUSE HOLDER, 1500V, LITTLEFUSE LFPXV0001Z",Active,EA,,CUSTM,Custom Sales Price Group,,PP                  ELECT
410-0375                      ,"FUSE 6A, 1.5KVDC, LITTLEFUSE SPXV006",Active,EA,,CUSTM,Custom Sales Price Group,,PP                  ELECT
410-0376                      ,"COMPUTER, MOXA MC-1112-X (SUPPLIED BY CUSTOMER)",Active,EA,,CUSTM,Custom Sales Price Group,,PP                  ELECT
410-0431                      ,GROUND - DOOR TO FRAME - 6AWG,Active,EA,,CUSTM,Custom Sales Price Group,,PP                  ELECT
410-0442                      ,MURATA BATTERY COMMUNICATION CABLE - 150cm,Active,EA,,CUSTM,Custom Sales Price Group,,PP                  ELECT
410-0446                      ,"SIG. LIGHT, LEFT VERTICAL PCB, VOLTA GEN4",Active,EA,,CUSTM,Custom Sales Price Group,,PP                  ELECT
410-0447                      ,"SIG. LIGHT, LEFT CURVED PCB, VOLTA GEN4",Active,EA,,CUSTM,Custom Sales Price Group,,PP                  ELECT
410-0448                      ,"SIG. LIGHT, LEFT HORZ. PCB, VOLTA GEN4",Active,EA,,CUSTM,Custom Sales Price Group,,PP                  ELECT
410-0449                      ,"SIG. LIGHT, RIGHT VERTICAL PCB, VOLTA GEN4",Active,EA,,CUSTM,Custom Sales Price Group,,PP                  ELECT
410-0450                      ,"SIG. LIGHT, RIGHT CURVED PCB, VOLTA GEN4",Active,EA,,CUSTM,Custom Sales Price Group,,PP                  ELECT
410-0451                      ,"SIG. LIGHT, RIGHT HORZ. PCB, VOLTA GEN4",Active,EA,,CUSTM,Custom Sales Price Group,,PP                  ELECT
410-0452                      ,"SIG. LIGHT HARNESS, VOLTA GEN4",Active,EA,,CUSTM,Custom Sales Price Group,,PP                  ELECT
410-0453                      ,"DOWNLIGHT HARNESS, VOLTA GEN4",Active,EA,,CUSTM,Custom Sales Price Group,,PP                  ELECT
410-0454                      ,"DOWNLIGHT LED BAR, VOLTA GEN4",Active,EA,,CUSTM,Custom Sales Price Group,,PP                  ELECT
410-0455                      ,"HOLSTER LED ASSEMBLY, VOLTA GEN4",Active,EA,,CUSTM,Custom Sales Price Group,,PP                  ELECT
410-0456                      ,"L2 LOGO LED ASSEMBLY, VOLTA GEN4",Active,EA,,KIOSK,Kiosks,,PP                  ELECT
410-0458                      ,"DCFAST-A LED ASSEMBLY, VOLTA GEN4",Active,EA,,CUSTM,Custom Sales Price Group,,PP                  ELECT
410-0459                      ,"DCFAST-B LED ASSEMBLY, VOLTA GEN4",Active,EA,,KIOSK,Kiosks,,PP                  ELECT
410-1198                      ,8FT STRAIGHT EU PLUG TO IEC  POWER CORD WITH FERRITE,No Request,EA,,KIOSK,Kiosks,,FAB                 ASSYP
410-1199                      ,8FT UK PLUG TO IEC POWER CORD WITH FERRITE,No Purchases,EA,,KIOSK,Kiosks,,FAST                     
410-1330                      ,"ANTENNA DOME, TAOGLAS MA1509.A.012, 2M LEADS, 4x5G/4G, 4xWiFi, 1xGPS",Active,EA,,KIOSK,Kiosks,,PP                  ELECT
410-1332                      ,"ADVATEK, PIXLITE MKII CONTROL BOARD",Active,EA,,KIOSK,Kiosks,,PPA                 ELECT
452Y21                        ,Precision Gear Projector Mount For projectors up to 50lb (22kg),Active,EA,,PRO,Professional Sales Price Group,Active,PSS  STANDPRG            
452Y22                        ,Precision Gear Projector Mount For projectors up to 50lb (22kg),Inactive,EA,,PRO,Professional Sales Price Group,,PSS  STANDPRG            
504-9012                      ,SCR BOLT M4 X .7 X 10MM PHL BLK,Active,EA,,PRO,Professional Sales Price Group,,FAST                HW   
510-1060                      ,"M4  X 10MM SKT PIN SER WSHR HD, BLK",Active,EA,,PRO,Professional Sales Price Group,,FAST                HW   
510-1061                      ,"M4 X 20MM SKT PIN SER WSHR HD, BLK",Active,EA,,PRO,Professional Sales Price Group,,FAST                HW   
520-0074                      ,SCREW 10-32X0.500IN SKT FLT SS UNDERCUT,Active,EA,,ET DD,ET Dealer / Distributor Pricing,,FAST                HW   
520-0169                      ,SCREW M5X0.8X10MM HEX BTN SS BLKOX,Active,EA,,CUSTM,Custom Sales Price Group,,FAST                HW   
520-0850                      ,SET SCREW M10X10MM HEX CONE POINT STL,Active,EA,,PRO,Professional Sales Price Group,,FAST                HW   
520-1009                      ,"SCR BOLT 1/4-20 X 1.5"" BTN SKT BLK",Active,EA,,PRO,Professional Sales Price Group,,FAST                HW   
520-1050                      ,"M6 X 12MM SKT PIN , BLK",Active,EA,,PRO,Professional Sales Price Group,,FAST                HW   
520-1052                      ,SCR BOLT M3 X .5 X 10MM PHMS BLK,Active,EA,,PRO,Professional Sales Price Group,,FAST                HW   
520-1053                      ,SCR BOLT 1/4-20 X 1 SKT PIN,Active,EA,,PRO,Professional Sales Price Group,,FAST                HW   
520-1055                      ,"10-32 X1/2 SKT PIN , BLK",Active,EA,,PRO,Professional Sales Price Group,,FAST                HW   
520-1059                      ,"M4  X 6MM SKT PIN , BLK",Active,EA,,PRO,Professional Sales Price Group,,FAST                HW   
520-1061                      ,"M4 X 20MM SKT PIN , BLK",Active,EA,,PRO,Professional Sales Price Group,,FAST                HW   
520-1062                      ,"M5 X 8MM SKT PIN , BLK",Active,EA,,PRO,Professional Sales Price Group,,FAST                HW   
520-1063                      ,SCR BOLT M5 X.8 X 10MM SKT PIN,Active,EA,,PRO,Professional Sales Price Group,,FAST                HW   
520-1065                      ,"SCR BOLT M5 X 20MM SKT PIN , BLK",Active,EA,,PRO,Professional Sales Price Group,,FAST                HW   
520-1066                      ,"M6 X 10MM SKT PIN , BLK",Active,EA,,PRO,Professional Sales Price Group,,FAST                HW   
520-1079                      ,"M4 X 12 MM SKT PIN, BLK",Active,EA,,PRO,Professional Sales Price Group,,FAST                HW   
520-1082                      ,"M4 X 25 MM SKT PIN , BLK",Active,EA,,PRO,Professional Sales Price Group,,FAST                HW   
520-1084                      ,SCR BOLT #10-32 X 3/8 SKT PIN BT,Active,EA,,PRO,Professional Sales Price Group,,FAST                HW   
520-1087                      ,"M4 X 16MM SKT PIN , BLK",Active,EA,,PRO,Professional Sales Price Group,,FAST                HW   
520-1092                      ,SCR WOOD #10 X 1 1/2 SOCKET PIN BLK,Active,EA,,PRO,Professional Sales Price Group,,FAST                HW   
520-1097                      ,"M4 X 35MM SKT PIN , BLK",Active,EA,,PRO,Professional Sales Price Group,,FAST                HW   
520-1109                      ,"1/4-20 X 3/8"" SOCKET PIN, BLK",Active,EA,,PRO,Professional Sales Price Group,,FAST                HW   
520-1130                      ,"SCR #10-32 X 0.375"" PAN PHL, BLK",Active,EA,,PRO,Professional Sales Price Group,,FAST                HW   
520-1151                      ,"#10-32X3/8 SKT PIN SER WSHR HD, BLK",Active,EA,,PRO,Professional Sales Price Group,,FAST                HW   
520-1164                      ,"M5 X .8 X 10MM SKT PIN TYPE-F, BLK",Active,EA,,PRO,Professional Sales Price Group,,FAST                HW   
520-1187                      ,"10-32 X 3/16 SLOTTED SET SCREW, ZB",Active,EA,,PRO,Professional Sales Price Group,,FAST                HW   
520-1986                      ,"SCREW 10-24 X 5/16, PAN PH, BLK",Active,EA,,PRO,Professional Sales Price Group,,FAST                HW   
520-2059                      ,"M4  X 6MM SKT PIN , ZINC",Active,EA,,PRO,Professional Sales Price Group,,FAST                HW   
520-2187                      ,"10-32 X 3/16 SLOTTED SET SCREW, ZC",Active,EA,,PRO,Professional Sales Price Group,,FAST                HW   
520-2849                      ,SCREW M4X.7X10MM SKT CAP SS,Active,EA,,PRO,Professional Sales Price Group,,FAST                HW   
520-9550                      ,SCR BOLT 3/8-16 X 2.5 SKT BLK,Active,EA,,PRO,Professional Sales Price Group,,FAST                HW   
520-9554                      ,"M6 X 20MM SKT PIN , BLK",Active,EA,,PRO,Professional Sales Price Group,,FAST                HW   
520-D1257                     ,"SCR BOLT M8 X1.25X16MM RND, Geo Met Black",Active,EA,,KIOSK,Kiosks,,FAST                HW   
521-0062                      ,"SCREW M6 X 20MM PH PH, SS",Active,EA,,CUSTM,Custom Sales Price Group,,FAST                HW   
521-0705                      ,"SCREW PHPH #10-32 X 1/2"" L, SS BO",Active,EA,,CUSTM,Custom Sales Price Group,,FAST                HW   
521-0710                      ,DECRTV SCR 1/4-20X25MM BLK,Active,EA,,PRO,Professional Sales Price Group,,FAST                HW   
521-1038                      ,"SCREW M6X1.0X8MM HEX FLANGED HD, BLK.",Active,EA,,CORE,Mounts,,FAST                HW   
521-2043                      ,"SCR 1/4-20 X .5IN FLT SKT, ZC",Active,EA,,CORE,Mounts,,FAST                HW   
530-0441                      ,NUT M6 x 1 mm SS,Active,EA,,PRO,Professional Sales Price Group,,FAST                NUT  
530-0442                      ,"CAGE-NUT #10-32, SS",Active,EA,,CUSTM,Custom Sales Price Group,,FAST                NUT  
530-1009                      ,5/16-18 NYLOCK NUT ZINC,Active,EA,,PRO,Professional Sales Price Group,,FAST                NUT  
530-1016                      ,5/16-18 SERR FLANGE LOCK NUT ZB,Active,EA,,PRO,Professional Sales Price Group,,FAST                NUT  
530-2004                      ,"NUT 1/4-20 HEX, ZINC",Active,EA,,PRO,Professional Sales Price Group,,FAST                NUT  
530-9314                      ,"HEX NUT 1/2-13, ZINC BLK",Active,EA,,KIOSK,Kiosks,,FAST                NUT  
530-9343                      ,NUT M6 HEX,Active,EA,,PRO,Professional Sales Price Group,,FAST                NUT  
530-9401                      ,"GROMMET RUB. 1.5"" PEDS LAVILLE",Active,EA,,PRO,Professional Sales Price Group,,FAST                MISC 
540-0675                      ,"WSHR 3/8"" SPLT LCK, .385x.550x.125, 18-8 SS",Active,EA,,PRO,Professional Sales Price Group,,FAST                WASH 
540-1481                      ,WSHR EXT TOOTH #10X.41OD X.02TH BL,Active,EA,,CUSTM,Custom Sales Price Group,,FAST                WASH 
540-9416                      ,"SPACER,.281 ID X .50 OD X .375,BLK",Active,EA,,PRO,Professional Sales Price Group,,FAST                WASH 
540-9455                      ,"WSHR .198""IDx.16 THK PLAS SPCR BLK",Active,EA,,PRO,Professional Sales Price Group,,FAST                WASH 
540-D1008                     ,"WASHER FENDER, #14X5/64X1 1/4, Geo Met Black",Active,EA,,PRO,Professional Sales Price Group,,FAST                WASH 
540-D9406                     ,"WSHR 5/16SAE11/32X11/16X1/16FLT, Geo Met Black",Active,EA,,PRO,Professional Sales Price Group,,FAST                WASH 
550-0064                      ,"RIVET BLIND SEALING, DOME HEAD, ALU, 5/32"" DIA, .37"" L, .126""-.187"" MAT THK",Active,EA,,CUSTM,Custom Sales Price Group,,FAST                RIVET
560-0067                      ,"#10 X 3/8"" ROLL PIN, RAW",No Request,EA,,PRO,Professional Sales Price Group,,FAST                MISC 
560-0755                      ,"LOCK 12.5 CYL, KEY CODE #00034",Active,EA,,PRO,Professional Sales Price Group,,FAST                MISC 
560-0924                      ,"CABLE ASSY, 1/8"" 7X7 SS CBL W/ 1"" LOOP, 22FT,  WITH TRN BUCKLE 1/4"" HOOK&EYE BARON #12",Active,EA,,PRO,Professional Sales Price Group,,PP                  MISC 
560-1097                      ,"WRENCH, ALLEN 3/32"" (2MM) SEC 2 X 1",Active,EA,,PRO,Professional Sales Price Group,,FAST                MISC 
560-1107                      ,"#10-32 X 3/8 SPADE THUMB SCREW, BLK",Active,EA,,PRO,Professional Sales Price Group,,FAST                HW   
560-1131                      ,"WRENCH, SECURITY 4MM ALLEN, 9 X 2.5",Active,EA,,PRO,Professional Sales Price Group,,FAST                MISC 
560-1137                      ,"M4-.7X20mm KNURLED KNOB, BLK",Active,EA,,PRO,Professional Sales Price Group,,FAST                MISC 
560-1264                      ,SCREW M8-1.25 X 16 HX LOW PROF BBM ZB,Active,EA,,PRO,Professional Sales Price Group,,FAST                HW   
560-1901                      ,"KNOB, 3/8""-16 THREAD STUD, BLK",Active,EA,,PRO,Professional Sales Price Group,,PP                  MISC 
560-9646                      ,"WRENCH, ALLEN 5/32"" (4MM) SEC 6 X 1",Active,EA,,PRO,Professional Sales Price Group,,FAST                MISC 
561-0031                      ,8.5MMX11MM EPDM SIDE BULB SEAL GASKET EMKA 1011-09,Active,FT,,CUSTM,Custom Sales Price Group,,PP                  MISC 
561-0119                      ,"WRENCH, 3MM HEX KEY, CUSHION HANDLE, TWO TIP, 150MM LONG",Active,EA,,PRO,Professional Sales Price Group,,PP                  MISC 
561-1047                      ,"ROUND GRIP PULL HANDLE, WITH SCREWS, BLACK",Active,EA,,PRO,Professional Sales Price Group,,FAST                HW   
565-0301                      ,SOUTHCO KEYED LATCHES,Active,EA,False,KIOSK,Kiosks,,PP                  MISC 
570-1168                      ,"Adhesive-Back Feet with 3/4"" Diameter Felt Base",No Request,EA,,PRO,Professional Sales Price Group,,PP                  ADPRT
580-0021                      ,"U CHANNEL, PJC SEC CABLE ASSY  BLK",Active,EA,,PRO,Professional Sales Price Group,,FAB                 LASER
580-0022                      ,SCR & GLUE PAD PJC SEC CBL ASY BLK,Active,EA,,PRO,Professional Sales Price Group,,FAB                 LASER
580-0514-450                  ,ALUMINUM EXTRUSION 30MM X 30MM X 450MM,Active,EA,,DS,Digital Signage,,FAB                      
580-4042                      ,"MOUNTING PLATE, SLVR",Active,EA,,PRO,Professional Sales Price Group,,FAST                MISC 
590-0343                      ,PLASTIC PULL HANDLE,Active,EA,,PRO,Professional Sales Price Group,,PP                  PLPRT
590-0994-1                    ,"LIGHT CAP, 3/16"" ACRYLIC 2447,  THERMO-FORMED",Active,EA,,CUSTM,Custom Sales Price Group,,PP                  ACRYL
590-1050                      ,"SPACER, .25""IDx..50""ODx.25",Active,EA,,PRO,Professional Sales Price Group,,FAST                WASH 
590-1132                      ,"RETAINING SPCR, .500X.177X.188H,BLK",Active,EA,,PRO,Professional Sales Price Group,,FAST                WASH 
590-1134                      ,"RETAINING SPCR, .198X.313X.750H,BLK",Active,EA,,PRO,Professional Sales Price Group,,FAST                WASH 
590-1150                      ,"RETAINING SPCR, .235X.375X.38H, BLK",Active,EA,,HOSP,Hospitality,,FAST                WASH 
590-1989                      ,"SPACER, NYLON .192 ID X 3/8 OD X 1/8 LONG, BLK",Active,EA,,CUSTM,Custom Sales Price Group,,FAST                WASH 
590-2020                      ,"RETAING SPCR,.198 X.313 X.375H, BLK",Active,EA,,PRO,Professional Sales Price Group,,FAST                WASH 
590-2021                      ,"RETAINING SPCR,.313X.198X.5H, BLK",Active,EA,,PRO,Professional Sales Price Group,,FAST                WASH 
590-2123                      ,"PLASTIC FINISHING CAP,1.5"" DIA.,WHT",Active,EA,,CORE,Mounts,,PP                  PLPRT
590-2295                      ,"BUSHING,CABLE HEYCO 2214, WHITE",Active,EA,,CORE,Mounts,,FAST                WASH 
591-1022                      ,"TUBE PLUG, 3 X 2 RECT, POLYETHYLENE, BLK",Active,EA,,PRO,Professional Sales Price Group,,PP                  MISC 
600-0381                      ,LED STRIP ASSEMBLY WITH PURCHASED COMPONENTS,Active,EA,,KIOSK,Kiosks,,PP                  ELECT
600-0459                      ,TERM BLOCK SCREW 2AWG-2X BLUE  WEID 1020580000 - WDU 35 BL,Active,EA,,CUSTM,Custom Sales Price Group,,FAST                HW   
600-0462                      ,TERM BLOCK SCREW 2AWG-2X BEIGE WEID 1028800000 - WDU 35 ZA,Active,EA,,CUSTM,Custom Sales Price Group,,FAST                HW   
600-0463                      ,TERM BLOCK SCREW 2AWG-2X END CAP WEID 1050100000 - WAP 16-35,Active,EA,,CUSTM,Custom Sales Price Group,,FAST                HW   
600-0467                      ,TERM BLOCK CLAMP 10AWG-2X BEIGE WEID 1632050000 - ZDU 4,Active,EA,,CUSTM,Custom Sales Price Group,,PP                  ELECT
600-0474                      ,WEW 35/2 END CLAMP WEID 1061200000 – WEW 35,Active,EA,,CUSTM,Custom Sales Price Group,,PP                  ELECT
600-0478                      ,"CAT6 ETHERNET CABLE, 1' LG, BLUE",No Purchases,EA,,CUSTM,Custom Sales Price Group,,PP                  ELECT
600-0488                      ,TERMINAL MARKER WS 12/5 'L1' CUST 1609870000,Active,EA,,CUSTM,Custom Sales Price Group,,PP                  ELECT
600-0489                      ,TERMINAL MARKER WS 12/5 'L2' CUST 1609870000,Active,EA,,CUSTM,Custom Sales Price Group,,PP                  ELECT
600-0511                      ,WIRE STRANDED 12AWG 600VAC GREEN/YELLOW,Active,FT,,CUSTM,Custom Sales Price Group,,PP                  ELECT
600-0549                      ,"CAT6 ETHERNET CABLE, 10' LG, BLUE",Active,EA,,CUSTM,Custom Sales Price Group,,PP                  ELECT
600-0562                      ,"SWITCH, 100AMP 3POLE DISCONNECT, 12AWG-1AWG, DOOR MOUNT",Active,EA,,CUSTM,Custom Sales Price Group,,PP                  ELECT
600-0563                      ,"ROTARY HANDLE, IP65, FOR 600-0562",Active,EA,,CUSTM,Custom Sales Price Group,,PP                  ELECT
600-0567                      ,"HIGH-TEMP HOOK & LOOP (VELCRO) CABLE TIE WITH BUCKLE, 6"" LONG OFF-WHITE",Active,EA,,CUSTM,Custom Sales Price Group,,PP                  ELECT
600-0660                      ,"POLYCARBONATE 29.5"" X 17.5"" X .250""",Active,EA,,KIOSK,Kiosks,,PP                  MISC 
600-0784                      ,"HDMI CABLE,10FT, HDMI-A MALE TO HDMI-A MALE, BLACK",Active,EA,,CUSTM,Custom Sales Price Group,,PP                  ELECT
600-0817                      ,80 X 80 230V ELECTRIC FAN 25.0 CFM (0.700m³/min),Active,EA,,KIOSK,Kiosks,,PP                  ELECT
600-0818                      ,GREEN CORD (6') FAN CORD NEMA 1-15 PLUG (EU),Active,EA,,KIOSK,Kiosks,,PP                  ELECT
600-0834                      ,"NON GLARE ACRYLIC FOR 49, 50 OPENING",Active,EA,,KIOSK,Kiosks,,PP                  ACRYL
600-0835                      ,ANTI-REFLECTIVE GLASS FOR 55 OPENING,Active,EA,,KIOSK,Kiosks,,PP                  GLASS
600-0836                      ,NON GLARE ACRYLIC FOR 55 OPENING,Active,EA,,KIOSK,Kiosks,,PP                  ACRYL
600-0863                      ,"IP CAMERA, ELP-IP1882-L170, 2MP, 12VDC, IP65, WIDE ANGLE",Active,EA,,CUSTM,Custom Sales Price Group,,PP                  ELECT
600-0863-C                    ,"IP CAMERA, ELP-IP1882-L170, 2MP, 12VDC, IP65, WIDE ANGLE",Active,EA,,CUSTM,Custom Sales Price Group,,FAB                 ASSYP
600-1004                      ,"VINYL 1.5""X 6.5"" BLACK",Active,EA,,PRO,Professional Sales Price Group,,FAB                 ASSYP
600-1424                      ,"FAN, AC 120X120X38MM, 106CFM, IP55 WITH TERMINALS",Active,EA,,ET DD,ET Dealer / Distributor Pricing,,PP                  ELECT
600-2008                      ,WIRE 18GA SOFT GALVANIZED,Active,EA,,PRO,Professional Sales Price Group,,PP                  ELECT
941-0004                      ,"TBG 1.5"" OD 16 GA ERW 10' RANDOM",Active,FT,,PRO,Professional Sales Price Group,,TBNG                     
981-0002                      ,CTN 14.5 X 13 1/8 X 1 5/8 (DS),Active,EA,,PRO,Professional Sales Price Group,,CARTN               BOXES
981-0031                      ,CTN 9.62 X 6 X 5.187 (DS),Active,EA,,PRO,Professional Sales Price Group,,CARTN               BOXES
981-0105                      ,CTN TERMINAL MT ACC 10X9.25X1,Active,EA,,PRO,Professional Sales Price Group,,CARTN               BOXES
981-0165                      ,"CARTON, WHITE BOX, ULINE (S-432) 8 X 4 X 4",Active,EA,,PRO,Professional Sales Price Group,,CARTN               BOXES
981-0173                      ,CTN PM PEDESTAL STAND,Active,EA,,PRO,Professional Sales Price Group,,CARTN               BOXES
981-0207                      ,"CTN 46"" X12"" X3.5"" 32ECT KRAFT (DS)",Active,EA,,PRO,Professional Sales Price Group,,CARTN               BOXES
981-0960                      ,"CTN, BROWN FOR VOLTA INNER",Active,EA,,ET DD,ET Dealer / Distributor Pricing,,CARTN               BOXES
981-0961                      ,"CTN, BROWN FOR VOLTA OUTER",Active,EA,,KIOSK,Kiosks,,CARTN               BOXES
981-1018                      ,"CTN, BROWN BOX FOR SS575K",No Purchases,EA,,PRO,Professional Sales Price Group,,CARTN               BOXES
981-1038                      ,"CTN, FOR A910-HCM, CPR",Active,EA,,PRO,Professional Sales Price Group,,CARTN               BOXES
981-2879-2                    ,"CTN, RETAIL PA740",Active,EA,,PRO,Professional Sales Price Group,,CARTN               RETBX
981-2881-1                    ,Carton purchased from Taiwan - B,Inactive,EA,,PRO,Professional Sales Price Group,,CARTN               BOXES
981-2888                      ,"CTN, RETAIL PF660",Active,EA,,PRO,Professional Sales Price Group,,CARTN               RETBX
981-2892                      ,"CTN, RETAIL PT650",Active,EA,,PRO,Professional Sales Price Group,,CARTN               RETBX
981-2913                      ,"CTN, RETAIL SA771PU",No Purchases,EA,,PRO,Professional Sales Price Group,,CARTN               RETBX
981-2917                      ,"CTN, RETAIL SF650(P)",Active,EA,,PRO,Professional Sales Price Group,,CARTN               RETBX
981-2946-1                    ,"CTN, RETAIL HPF650",No Purchases,EA,,PRO,Professional Sales Price Group,,CARTN               RETBX
981-2992-1                    ,"CTN, RETAIL SF670(P)",Active,EA,,PRO,Professional Sales Price Group,,CARTN               RETBX
981-2993-1                    ,"CTN, RETAIL ST670(P)",Active,EA,,PRO,Professional Sales Price Group,,CARTN               RETBX
981-2994-1                    ,"CTN, RETAIL ST680(P)",Active,EA,,PRO,Professional Sales Price Group,,CARTN               RETBX
981-2995-1                    ,"CTN, RETAIL SFP680/STP680",Active,EA,,PRO,Professional Sales Price Group,,CARTN               RETBX
981-5482                      ,"CTN, BROWN FOR VOLTA INNER/OUTER",Active,EA,,CUSTM,Custom Sales Price Group,,CARTN               BOXES
982-1991                      ,"INSERT FOR A910-HCM, CPR",Active,EA,,PRO,Professional Sales Price Group,,CARTN               INSRT
983-0045                      ,"LABEL, 6.00X4.00 WHITE STOCK",Active,EA,,CUSTM,Custom Sales Price Group,,PP                  LABEL
983-0737                      ,"LABEL, VOLTA SET 01-14 STATION NUMBERS, VINYL GRAPHIC SILVER",Active,EA,,ET DD,ET Dealer / Distributor Pricing,,PP                  LABEL
983-2031                      ,"LABEL, PEERLESS LOGO NAMEPLATE WHITE",No Purchases,EA,,PRO,Professional Sales Price Group,,PP                  LABEL
9RDX8                         ,ACC570 FOR GRAINGER,Active,EA,,PRO,Professional Sales Price Group,Active,FPSS STANDETAIL          
A910-HCM                      ,MXA910 HARD CEILING MOUNT,Active,EA,,PRO,Professional Sales Price Group,Active,FPSS STANDETAIL          
ACC455                        ,Hanger Brackets and Clamps For CMJ 455 Suspend/Ceiling Plate,Active,EA,False,CORE,Mounts,Active,FPSS STANDETAIL          
ACC460                        ,Cable Relocating Accessory - PB-1/CMJ453,Active,EA,False,CORE,Mounts,Active,FPSS STANDETAIL          
ACC570                        ,Ceiling Plate - Round Black,Active,EA,False,CORE,Mounts,Active,FPSS STANDETAIL          
ACC570W                       ,Ceiling Plate - Round White,Active,EA,False,CORE,Mounts,Active,FPSS STANDETAIL          
ACC625                        ,"Dedicated Wall Adaptor Box - Depth 2.0""-3.5""",Active,EA,False,CORE,Mounts,Active,FPSS STANDETAIL          
ACC630                        ,"Dedicated Wall Adaptor Box - Depth 3.25""-5.50""",Active,EA,False,CORE,Mounts,Active,FPSS STANDETAIL          
ACC635                        ,"Wall Adaptor Box For SB680/685 i5 series - Depth 3.25"" - 5.50"" NEW!",Active,EA,False,CORE,Mounts,Active,FPSS STANDETAIL          
ACC800                        ,Ext. Column Connector with Cord Management,Active,EA,False,CORE,Mounts,Active,FPSS STANDETAIL          
ACC810                        ,Threaded Rod Adaptor For Projector Mounts,No Purchases,EA,False,CORE,Mounts,Use Up,FPSS STANDETAIL          
ACC840                        ,Ceiling Plate For Wood Joist with Anti-Vibration Connector,Active,EA,False,CORE,Mounts,Active,FPSS STANDETAIL          
ACC845                        ,Ceiling Plate For Unistrut with Anti-Vibration Connector,Active,EA,False,CORE,Mounts,Active,APNS                     
ACC850                        ,Ext. Column Connector with Cord Management,Active,EA,False,CORE,Mounts,Active,FPSS STANDETAIL          
ACC850S                       ,Ext. Column Connector with Cord Management,No Purchases,EA,False,CORE,Mounts,Use Up,FPSS STANDETAIL          
ACC852                        ,"Ext. Column Cord Wrap, four 2' sections",No Purchases,EA,False,CORE,Mounts,Use Up,FPSS STANDETAIL          
ACC852W                       ,"Ext. Column Cord Wrap, four 2' sections",Inactive,EA,False,CORE,Mounts,,FPSS STANDETAIL          
ACC856                        ,"Cord Management Wrap, four 6' sections",Active,EA,False,CORE,Mounts,Use Up,FPSS STANDETAIL          
ACC856W                       ,"Cord Management Wrap, four 6' sections",Inactive,EA,False,CORE,Mounts,,FPSS STANDETAIL          
ACC870                        ,"Wall Adpt Box for Epson Powerlite and Brightlink  3.25""-5.50"" D",Active,EA,False,CORE,Mounts,Active,FPSS STANDETAIL          
ACC978                        ,Adaptor For Epson Short Throw Projectors,Active,EA,False,CORE,Mounts,Active,FPSS STANDETAIL          
ACCK111                       ,"KILH5%, 40-43 Rear Vanity Plate",Active,EA,,ET DD,ET Dealer / Distributor Pricing,Active,KIOSKSTANDINDOR          
ACCK112                       ,"KILH5%, 46-48 Rear Vanity Plate",Active,EA,,ET DD,ET Dealer / Distributor Pricing,Active,KIOSKSTANDINDOR          
ACCK113                       ,"KILH5%, 49 & 50 Rear Vanity Plate",Active,EA,,ET DD,ET Dealer / Distributor Pricing,Active,KIOSKSTANDINDOR          
ACCK114                       ,KILH555 Rear Vanity Plate,No Request,EA,,ET DD,ET Dealer / Distributor Pricing,Use Up,KIOSKSTANDINDOR          
ACCKV105                      ,"55"" DISPLAY DOOR ASSEMBLY VOLTA",Active,EA,,CUSTM,Custom Sales Price Group,,VLTA STAND               
ACCKV116                      ,Volta Cable Hook Weldments,Active,EA,,CUSTM,Custom Sales Price Group,,VLTA STAND               
ACCKV117                      ,Volta Charging Station Cup Holder,Active,EA,,CUSTM,Custom Sales Price Group,,VLTA STAND               
ACCKV124                      ,"V3 Top Lightcap Assembly (New Int. Ant, AA+ builds)",Active,EA,,CUSTM,Custom Sales Price Group,,VLTA STAND               
ACCKV130                      ,Volta V3 Blk Port Cover x10,Active,EA,,CUSTM,Custom Sales Price Group,,VLTA STAND               
ACCKV133-SUB                  ,Volta Wallmount Enclosure (w/o display),Active,EA,,CUSTM,Custom Sales Price Group,,VLTA STAND               
ACC-LB3                       ,STRAIGHT LACING BAR (QTY 5),Active,EA,,PRO,Professional Sales Price Group,Active,APNS                     
ACC-SH1                       ,VENTED SHLEF 1RU,Active,EA,,PRO,Professional Sales Price Group,Active,APNS                     
ACC-SH1B                      ,VENTED SHELF 1RU W/HOLD DOWN BRKT,Active,EA,,PRO,Professional Sales Price Group,Active,APNS                     
ACC-SH2                       ,VENTED SHELF 2RU,Active,EA,,PRO,Professional Sales Price Group,Active,APNS                     
ACC-SH2B                      ,VENTED SHELF 2RU,Active,EA,,PRO,Professional Sales Price Group,Active,APNS                     
ACC-SH3                       ,VENTED SHELF 3RU,Active,EA,,PRO,Professional Sales Price Group,Active,APNS                     
ACC-SH3B                      ,VENTED SHELF 3RU,Active,EA,,PRO,Professional Sales Price Group,Active,APNS                     
ACC-SH4                       ,VENTED SHELF 4RU,Active,EA,,PRO,Professional Sales Price Group,Active,APNS                     
ACC-SH4B                      ,VENTED SHELF 4RU,Active,EA,,PRO,Professional Sales Price Group,Active,APNS                     
ACC-SH5                       ,VENTED SHELF 5RU,Active,EA,,PRO,Professional Sales Price Group,Active,APNS                     
ACC-SH5B                      ,VENTED SHELF 5RU/HOLD DWN BRACKET,Active,EA,,PRO,Professional Sales Price Group,Active,APNS                     
ACC-VS2                       ,VENTED SHELF W/SOLID FACE 2RU,Active,EA,False,CORE,Mounts,Use Up,APNS                     
ADAPA3A7XPLATE                ,Hitachi Retro Adpt-Replaces A3 XGA on A3WALLARM,Active,EA,,PRO,Professional Sales Price Group,Active,APNS                     
ADMC1366                      ,"7"" AMERICAN DYNAMICS CMR MT",Active,EA,,PRO,Professional Sales Price Group,Active,FPSS STAND               
AV18                          ,18RU PRECONFIGURED RACK,Active,EA,,PRO,Professional Sales Price Group,Active,RACKSSTAND               
AV27                          ,27RU PRECONFIGURED RACK,Active,EA,,PRO,Professional Sales Price Group,Active,RACKSSTAND               
AV42                          ,42RU PRECONFIGURED RACK,Active,EA,,PRO,Professional Sales Price Group,Active,RACKSSTAND               
BILX-ACCIM                    ,Blue Planet Energy BILX Instruction Manual,Active,EA,,CUSTM,Custom Sales Price Group,,BPE  STAND               
B-TAV-22265                   ,VENTED TOP PANEL 22X265,No Purchases,EA,,PRO,Professional Sales Price Group,Use Up,FPSS STANDETAIL          
BWPTV55                       ,"55"" NEPTUNE SHADE SERIES 4K HDR OUTDOOR TV W/ TILT MOUNT",Inactive,EA,,NEPTUNE-BWP,Neptune TVs,,ET   STANDNEPTN          
BWPTV65                       ,"65"" NEPTUNE SHADE SERIES 4K HDR OUTDOOR TV W/ TILT MOUNT",No Purchases,EA,,NEPTUNE-BWP,Neptune TVs,,ET   STANDNEPTN          
BWPTV75                       ,"75"" NEPTUNE SHADE SERIES 4K HDR OUTDOOR TV W/ TILT MOUNT",Inactive,EA,,NEPTUNE-BWP,Neptune TVs,,ET   STANDNEPTN          
CHGA-2030                     ,Chassis Guide Adjustable Side Mount Pair,Active,EA,,PRO,Professional Sales Price Group,Active,RACKSSTAND               
CMR410                        ,"Camera Mount w/7"" Arm",Active,EA,False,CORE,Mounts,Use Up,FPSS STANDETAIL          
COTV5502                      ,"55"" NEPTUNE SHADE SERIES 4K HDR OUTDOOR TV W/ TILT MOUNT",Inactive,EA,,NEPTUNE,Neptune TVs,,ET   STANDNEPTN          
COTV6502                      ,"65"" NEPTUNE SHADE SERIES 4K HDR OUTDOOR TV W/ TILT MOUNT",No Purchases,EA,,NEPTUNE,Neptune TVs,,ET   STANDNEPTN          
COTV7502                      ,"75"" NEPTUNE SHADE SERIES 4K HDR OUTDOOR TV W/ TILT MOUNT",Inactive,EA,,NEPTUNE,Neptune TVs,,ET   STANDNEPTN          
CUS429                        ,Custom Bunk Bed Mount for HG24ND470AF,Active,EA,,FGMT,FGMT,Active,FPSS STANDETAIL          
DS-LED27BDL-4X4               ,4x4 Fixed Wall Mount for Philips 27BDL 6000 and 9000 Series Display,No Purchases,EA,False,DVLED,DvLED,,LED  STANDDED            
DS-LED27BDL-5X5               ,5x5 Fixed Wall Mount for Philips 27BDL 6000 and 9000 Series Display,No Purchases,EA,False,DVLED,DvLED,,LED  STANDDED            
DS-LED27BDL-6X6               ,6x6 Fixed Wall Mount for Philips 27BDL 6000 and 9000 Series Display,No Purchases,EA,False,DVLED,DvLED,,LED  STANDDED            
DS-LED39624                   ,Ticker Tape for ISE 2020 (ECN39624),Active,EA,,DVLED,DvLED,Active,LED  CUSTM               
DS-LED39660                   ,3x5 Track Mount for Absen Acclaim / ISE 2020 (ECN39660),Active,EA,,DVLED,DvLED,Active,LED  CUSTM               
DS-LED39708                   ,Curved 8x4 Wall Mount for LG LAPE (ECN39708),Active,EA,,DVLED,DvLED,Active,LED  CUSTM               
DS-LED3FHD-HSBC               ,Freestanding Custom LED Structure Ceiling Height 3m (ECN38193),Active,EA,,DVLED,DvLED,Active,LED  CUSTMSUBF           
DS-LED4FHD-HSBC               ,Freestanding Custom LED Structure Ceiling Height 3m (ECN37568),Active,EA,,DVLED,DvLED,Active,LED  CUSTMSUBF           
DS-LEDA27-10X10               ,10X10 Fixed Wall Mount for Absen Acclaim,Active,EA,,DVLED,DvLED,Active,LED  STANDDED            
DS-LEDA27-10X5                ,10x5 Fixed Wall Mount for Absen Acclaim (ECN38911),Active,EA,,DVLED,DvLED,Active,LED  STANDDED            
DS-LEDA27-10X6                ,10X6 Fixed Wall Mount for Absen Acclaim (ECN39977),Active,EA,,DVLED,DvLED,Active,LED  STANDDED            
DS-LEDA27-10X7                ,10X7 Fixed Wall Mount for Absen Acclaim,Active,EA,False,DVLED,DvLED,,LED  STANDDED            
DS-LEDA27-12X12               ,12x12 Fixed Wall Mount for Absen Acclaim (ECN40706),Active,EA,,DVLED,DvLED,Active,LED  STANDDED            
DS-LEDA27-12X6                ,12x6 Fixed Wall Mount for Absen Acclaim,Active,EA,False,DVLED,DvLED,,LED  STANDDED            
DS-LEDA27-16X8                ,16x8 Fixed Wall Mount for Absen Acclaim,Active,EA,False,DVLED,DvLED,,LED  STANDDED            
DS-LEDA27-18X8                ,18x8 Fixed Wall Mount for Absen Acclaim (ECN37016),Active,EA,,DVLED,DvLED,Active,LED  STANDDED            
DS-LEDA27-2X2                 ,2x2 Fixed Wall Mount for Absen Acclaim,Active,EA,,DVLED,DvLED,Active,LED  STANDDED            
DS-LEDA27-2X5                 ,2x5 Fixed Wall Mount for Absen Acclaim (ECN38214),Active,EA,,DVLED,DvLED,Active,LED  STANDDED            
DS-LEDA27-36X8                ,36x8 Fixed Wall Mount for Absen Acclaim (ECN36798),Active,EA,,DVLED,DvLED,Active,LED  STANDDED            
DS-LEDA27-36X9                ,36x9 Fixed Wall Mount for Absen Acclaim (ECN36798),Active,EA,,DVLED,DvLED,Active,LED  STANDDED            
DS-LEDA27-37451               ,6x6 Concave Mount for the Absen Acclaim (ECN37451),Active,EA,,DVLED,DvLED,Active,LED  CUSTM               
DS-LEDA27-38518               ,16x8 Mount Extension for Absen Acclaim (ECN38518),Active,EA,,DVLED,DvLED,Active,LED  CUSTM               
DS-LEDA27-3X3                 ,3x3 Fixed Wall Mount for Absen Acclaim (ECN37940),Active,EA,,DVLED,DvLED,Active,LED  STANDDED            
DS-LEDA27-3X4P                ,3x4 Portrait Fixed Wall Mount for Absen Acclaim (ECN36388),Active,EA,,DVLED,DvLED,Active,LED  STANDDED            
DS-LEDA27-4X4                 ,4x4 Fixed Wall Mount for Absen Acclaim,Active,EA,False,DVLED,DvLED,,LED  STANDDED            
DS-LEDA27-5X5                 ,5x5 Fixed Wall Mount for Absen Acclaim,Active,EA,False,DVLED,DvLED,,LED  STANDDED            
DS-LEDA27-6X6                 ,6X6 Fixed Wall Mount for Absen Acclaim,Active,EA,False,DVLED,DvLED,,LED  STANDDED            
DS-LEDA27-7X7                 ,7x7 Fixed Wall Mount for Absen Acclaim,Active,EA,False,DVLED,DvLED,,LED  STANDDED            
DS-LEDA27-7X8                 ,7x8 Fixed Wall Mount for Absen Accalaim,Active,EA,False,DVLED,DvLED,,LED  STANDDED            
DS-LEDA27-8X4                 ,8x4 Fixed Wall Mount for Absen Acclaim (ECN39031),Active,EA,,DVLED,DvLED,Active,LED  STANDDED            
DS-LEDA27-8X6                 ,8x6 Fixed Wall Mount for Absen Acclaim (ECN39998),Active,EA,,DVLED,DvLED,Active,LED  STANDDED            
DS-LEDA27-8X8                 ,8x8 Fixed Wall Mount for Absen Acclaim,Active,EA,False,DVLED,DvLED,,LED  STANDDED            
DS-LEDA27-9X7                 ,9x7 Fixed Wall Mount for Absen Acclaim (ECN37727),Active,EA,,DVLED,DvLED,Active,LED  STANDDED            
DS-LEDA27-CTK                 ,Corner Trim Kit for Absen Acclaim Plus/Pro,Active,EA,,DVLED,DvLED,Active,LED  STANDTK             
DS-LEDA27-LTK                 ,Long Trim Kit for Absen Acclaim Plus/Pro,Active,EA,,DVLED,DvLED,Active,LED  STANDTK             
DS-LEDA27-STK                 ,Short Trim Kit for Absen Acclaim Plus/Pro,Active,EA,,DVLED,DvLED,Active,LED  STANDTK             
DS-LEDBXT-4X4                 ,4x4 Fixed Wall Mount for Barco XT,No Purchases,EA,False,DVLED,DvLED,,LED  STANDDED            
DS-LEDBXT-5X5                 ,5x5 Fixed Wall Mount for Barco XT,No Purchases,EA,False,DVLED,DvLED,,LED  STANDDED            
DS-LEDBXT-6X6                 ,6x6 Fixed Wall Mount for Barco XT,No Purchases,EA,False,DVLED,DvLED,,LED  STANDDED            
DS-LEDF036                    ,6x1 Portrait Fixed Wall Mount for Absen Acclaim (ECN37348),Active,EA,,DVLED,DvLED,Active,LED  CUSTM               
DS-LEDF040                    ,Fixed 9x4 Wall Mount for InfiLED S2.9 (ECN37956),Active,EA,,DVLED,DvLED,Active,LED  CUSTM               
DS-LEDF41296                  ,4x6 Absen N2+ (3x1) Gen I Wall Mount,Active,EA,,DVLED,DvLED,Active,LED  STANDLEDF           
DS-LEDF41297                  ,8x5 Absen N2+ (3x1) Gen I Wall Mount,Active,EA,,DVLED,DvLED,Active,LED  STANDLEDF           
DS-LEDF41298                  ,11x6 Absen N2+ (3x1) Gen I Wall Mount,Active,EA,,DVLED,DvLED,Active,LED  STANDLEDF           
DS-LEDF41299                  ,11x10 Absen N2+ (3x1) Gen I Wall Mount,Active,EA,,DVLED,DvLED,Active,LED  STANDLEDF           
DS-LEDFA-3X5                  ,NEC FA Series 3X5 (ECN39883),Active,EA,,DVLED,DvLED,Active,LED  STANDDED            
DS-LEDIER-1X3                 ,"1x3 Flat Wall Mount for Samsung IEA, IER and IFR DvLED Displays",Active,EA,,DVLED,DvLED,Active,LED  STANDDED            
DS-LEDIER-3X3                 ,"3x3 Flat Wall Mount for Samsung IEA, IER and IFR DvLED Displays",Active,EA,False,DVLED,DvLED,Active,LED  STANDDED            
DS-LEDIER-3X5                 ,"3x5 Flat Wall Mount for Samsung IEA, IER and IFR DvLED Displays",Active,EA,False,DVLED,DvLED,,LED  STANDDED            
DS-LEDIER-4X4                 ,"4x4 Flat Wall Mount for Samsung IEA, IER and IFR DvLED Displays",Active,EA,False,DVLED,DvLED,Active,LED  STANDDED            
DS-LEDIER-5X5                 ,"5x5 Flat Wall Mount for Samsung IEA, IER and IFR DvLED Displays",Active,EA,False,DVLED,DvLED,Active,LED  STANDDED            
DS-LEDIF-11X5                 ,11x5 Wall Mount for Samsung IFH LED Display,Active,EA,,DVLED,DvLED,Active,LED  STANDDED            
DS-LEDIFD-1X7                 ,1x7 Wall Mount for Samsung IFH-D LED Display (ECN39456),Active,EA,,DVLED,DvLED,Active,LED  STANDDED            
DS-LEDIFD-8X3                 ,8x3 Wall Mount for Samsung IFH-D LED Display (ECN39457),Active,EA,,DVLED,DvLED,Active,LED  STANDDED            
DS-LEDIFHD-8X3                ,8x3 Wall Mount for Samsung IFH-D LED Display,Active,EA,,DVLED,DvLED,Active,LED  CUSTM               
DS-LEDIFJ-36742               ,DS-LEDIFJ-36742 (ECN36742),No Purchases,EA,,DVLED,DvLED,Use Up,LED  CUSTM               
DS-LEDIFJ-3X3                 ,DS-LEDIFJ-3X3 (ECN37213),No Purchases,EA,,DVLED,DvLED,Use Up,LED  STANDDED            
DS-LEDIFJ-4X4                 ,DS-LEDIFJ-4X4 (ECN38868),No Purchases,EA,,DVLED,DvLED,Use Up,LED  STANDDED            
DS-LEDIFJ-6X6                 ,6x6 Samsung IFJ Wall Mount (ECN41451),No Purchases,EA,,DVLED,DvLED,Use Up,LED  STANDDED            
DS-LEDIWP-5X5                 ,5x5 Fixed Wall Mount for InfiLED WP Series,No Purchases,EA,False,DVLED,DvLED,,LED  STANDDED            
DS-LEDIWP-6X6                 ,6x6 Fixed Wall Mount for InfiLED WP Series,No Purchases,EA,False,DVLED,DvLED,,LED  STANDDED            
DS-LEDIWP-8X8                 ,8x8 Fixed Wall Mount for InfiLED WP Series,No Purchases,EA,False,DVLED,DvLED,,LED  STANDDED            
DS-LEDLSAA-12X6               ,12x6 Fixed Wall Mount for LG LSAA Series,No Request,EA,False,DVLED,DvLED,,LED  STANDDED            
DS-LEDLSAA-3X3                ,3x3 Fixed Wall Mount for LG LSAA Series,No Request,EA,False,DVLED,DvLED,,LED  STANDDED            
DS-LEDLSAA-4X4                ,4X4 Fixed Wall Mount for LG LSAA Series,Active,EA,False,DVLED,DvLED,,LED  STANDDED            
DS-LEDLSAA-5X5                ,5x5 Fixed Wall Mount for LG LSAA Series,Active,EA,False,DVLED,DvLED,,LED  STANDDED            
DS-LEDLSAA-6X3                ,6x3 Fixed Wall Mount for LG LSAA Series,No Request,EA,False,DVLED,DvLED,,LED  STANDDED            
DS-LEDLSAA-6X6                ,6x6 Fixed Wall Mount for LG LSAA Series,No Request,EA,False,DVLED,DvLED,,LED  STANDDED            
DS-LEDLSAA-8X4                ,8X4 Fixed Wall Mount for LG LSAA Series,Inactive,EA,False,DVLED,DvLED,,LED  STANDDED            
DS-LEDLSAA-8X8                ,8X8 Fixed Wall Mount for LG LSAA Series,No Request,EA,False,DVLED,DvLED,,LED  STANDDED            
DS-LEDLSCB-10X10              ,10x10 Fixed Wall Mount for LG LSCB,No Purchases,EA,False,DVLED,DvLED,,LED  STANDDED            
DS-LEDLSCB-10X5               ,10x5 Fixed Wall Mount for LG LSCB,No Purchases,EA,False,DVLED,DvLED,,LED  STANDDED            
DS-LEDLSCB-11X8               ,11x8 Fixed Wall Mount for LG LSCB,Active,EA,,DVLED,DvLED,Active,LED  STANDDED            
DS-LEDLSCB-12X6               ,12x6 Fixed Wall Mount for LG LSCB,No Purchases,EA,False,DVLED,DvLED,,LED  STANDDED            
DS-LEDLSCB-16X8               ,16x8 Fixed Wall Mount for LG LSCB,No Purchases,EA,False,DVLED,DvLED,,LED  STANDDED            
DS-LEDLSCB-5X5                ,5x5 Fixed Wall Mount for LG LSCB,No Purchases,EA,False,DVLED,DvLED,,LED  STANDDED            
DS-LEDLSCB-6X6                ,6x6 Fixed Wall Mount for LG LSCB,No Purchases,EA,False,DVLED,DvLED,,LED  STANDDED            
DS-LEDLSCB-8X8                ,8x8 Fixed Wall Mount for LG LSCB,No Purchases,EA,False,DVLED,DvLED,,LED  STANDDED            
DS-LEDM-A27                   ,"ASSEMBLY, DS-LEDM-A27",No Purchases,EA,False,DVLED,DvLED,,LED  STAND               
DS-LEDM-ACC                   ,Modular LED Tool Kit,No Purchases,EA,,DVLED,DvLED,Use Up,LED  STAND               
DS-LEDM-ALMOA27               ,Modular LED Wall Mount for Absen Acclaim Plus/Pro,No Purchases,EA,,DVLED,DvLED,Use Up,LED  STAND               
DS-LEDM-ALMONPLUS             ,Modular LED Wall Mount for Absen N+ (3x1),No Purchases,EA,,DVLED,DvLED,Use Up,LED  STAND               
DS-LEDNPLUS-CTK               ,Corner Trim Kit for Absen N+ (3x1),Active,EA,,DVLED,DvLED,Active,LED  STANDTK             
DS-LEDNPLUS-LTK               ,Long Trim Kit for Absen N+ (3x1),Active,EA,,DVLED,DvLED,Active,LED  STANDTK             
DS-LEDNPLUS-STK               ,Short Trim Kit for Absen N+ (3x1),Active,EA,,DVLED,DvLED,Active,LED  STANDTK             
DS-LEDP39715-12X5             ,12x5 Pop-Out Mount for Use with LG LAS018DB2-F (ECN39715),Active,EA,,DVLED,DvLED,Active,LED  CUSTM               
DS-LEDP39715-12X5-SHROUD      ,Shroud for 12x5 LG LAS018DB2-F (ECN39715),Active,EA,,DVLED,DvLED,Active,LED  CUSTM               
DS-LEDP39715-12X6             ,12x6 Pop-Out Mount for Use with LG LAS018DB2-F (ECN39715),Active,EA,,DVLED,DvLED,Active,LED  CUSTM               
DS-LEDP39715-12X6-SHROUD      ,Shroud for 12x6 LG LAS018DB2-F (ECN39715),Active,EA,,DVLED,DvLED,Active,LED  CUSTM               
DS-LEDTK-10VX10V              ,"Universal DV-LED Trim Kit, 10' Vented x 10' Vented",No Request,EA,False,DVLED,DvLED,,LED  STANDTK             
DS-LEDTK-10VX6S               ,"Universal DV-LED Trim Kit, 10' Vented x 6' Solid",Active,EA,False,DVLED,DvLED,,LED  STANDTK             
DS-LEDTK-10VX8S               ,"Universal DV-LED Trim Kit, 10' Vented x 8' Solid",Active,EA,False,DVLED,DvLED,,LED  STANDTK             
DS-LEDTK-10VX8V               ,"Universal DV-LED Trim Kit, 10' Vented x 8' Vented",No Request,EA,False,DVLED,DvLED,,LED  STANDTK             
DS-LEDTK-12VX8S               ,"Universal DV-LED Trim Kit, 12' Vented x 8' Solid",Active,EA,False,DVLED,DvLED,,LED  STANDTK             
DS-LEDTK-14VX8V               ,"Universal DV-LED Trim Kit, 14' Vented x 8' Vented",No Request,EA,False,DVLED,DvLED,,LED  STANDTK             
DS-LEDTK-16VX10S              ,"Universal DV-LED Trim Kit, 16' Vented x 10' Solid",Active,EA,False,DVLED,DvLED,,LED  STANDTK             
DS-LEDTK-16VX10V              ,"Universal DV-LED Trim Kit, 16' Vented x 10' Vented",No Request,EA,False,DVLED,DvLED,,LED  STANDTK             
DS-LEDTK-16VX5S               ,"Universal DV-LED Trim Kit, 16' Vented x 5' Solid",Active,EA,False,DVLED,DvLED,,LED  STANDTK             
DS-LEDTK-18VX8S               ,"Universal DV-LED Trim Kit, 18' Vented x 8' Solid",Active,EA,False,DVLED,DvLED,,LED  STANDTK             
DS-LEDTK-20VX12S              ,"Universal DV-LED Trim Kit, 20' Vented x 12' Solid",Active,EA,False,DVLED,DvLED,,LED  STANDTK             
DS-LEDTK-20VX5S               ,"Universal DV-LED Trim Kit, 20' Vented x 5' Solid",Active,EA,False,DVLED,DvLED,,LED  STANDTK             
DS-LEDTK-24VX10S              ,"Universal DV-LED Trim Kit, 24' Vented x 10' Solid",Active,EA,False,DVLED,DvLED,,LED  STANDTK             
DS-LEDTK-24VX15S              ,"Universal DV-LED Trim Kit, 24' Vented x 15' Solid",Inactive,EA,False,DVLED,DvLED,,LED  STANDTK             
DS-LEDTK-24VX5V               ,"Universal DV-LED Trim Kit, 24' Vented x 5' Vented",No Request,EA,False,DVLED,DvLED,,LED  STANDTK             
DS-LEDTK-24VX8V               ,"Universal DV-LED Trim Kit, 24' Vented x 8' Vented",No Request,EA,False,DVLED,DvLED,,LED  STANDTK             
DS-LEDTK-29VX11S              ,"Universal DV-LED Trim Kit, 29' Vented x 11' Solid",Active,EA,False,DVLED,DvLED,,LED  STANDTK             
DS-LEDTK-5S                   ,"Universal DV-LED Trim Kit, 5' Solid Trim",Active,EA,,DVLED,DvLED,Active,LED  STANDTK             
DS-LEDTK-5V                   ,"Universal DV-LED Trim Kit, 5' Vented Trim",Active,EA,,DVLED,DvLED,Active,LED  STANDTK             
DS-LEDTK-6S                   ,"Universal DV-LED Trim Kit, 6' Solid Trim",Active,EA,,DVLED,DvLED,Active,LED  STANDTK             
DS-LEDTK-6V                   ,"Universal DV-LED Trim Kit, 6' Vented Trim",Active,EA,,DVLED,DvLED,Active,LED  STANDTK             
DS-LEDTK-6VX10S               ,"Universal DV-LED Trim Kit, 6' Vented x 10' Solid",Active,EA,False,DVLED,DvLED,,LED  STANDTK             
DS-LEDTK-8S                   ,"Universal DV-LED Trim Kit, 8' Solid Trim",Active,EA,,DVLED,DvLED,Active,LED  STANDTK             
DS-LEDTK-8V                   ,"Universal DV-LED Trim Kit, 8' Vented Trim",Active,EA,,DVLED,DvLED,Active,LED  STANDTK             
DS-LEDTK-8VX5S                ,"Universal DV-LED Trim Kit, 8' Vented x 5' Solid",Active,EA,False,DVLED,DvLED,,LED  STANDTK             
DS-LEDTK-8VX5V                ,"Universal DV-LED Trim Kit, 8' Vented x 5' Vented",No Request,EA,False,DVLED,DvLED,,LED  STANDTK             
DS-LEDTK-C                    ,"Universal DV-LED Trim Kit, Corner",Active,EA,,DVLED,DvLED,Active,LED  STANDTK             
DS-LEDUPS-4X4                 ,4x4 Fixed Wall Mount Unilumin UPanelS,Active,EA,False,DVLED,DvLED,,LED  STANDDED            
DS-LEDUPS-5X5                 ,5x5 Fixed Wall Mount Unilumin UPanelS,Active,EA,False,DVLED,DvLED,,LED  STANDDED            
DS-LEDUPS-6X6                 ,6x6 Fixed Wall Mount Unilumin UPanelS,Active,EA,False,DVLED,DvLED,,LED  STANDDED            
DS-LEDUPS-8X8                 ,"ASSEMBLY, UPANELS 8X8 MOUNT",Active,EA,False,DVLED,DvLED,,LED  STANDDED            
DS-VWS068                     ,"Video Wall Spacer Kit - 47"" Xtreme",Active,EA,,PRO,Professional Sales Price Group,Active,FPSS STANDETAIL          
ECN36782                      ,"55"" Single Sided Kiosk",Active,EA,,ET DD,ET Dealer / Distributor Pricing,Active,FPSS                     
ECN36783                      ,"55"" Double Sided Smart City Kiosk for ISM",Active,EA,,ET DD,ET Dealer / Distributor Pricing,Active,FPSS                     
ECN36783-39227                ,Media Player Enclsoure Retro-Fit Cover for Kiosk,Active,EA,,KIOSK,Kiosks,Active,FPSS                     
ECN37798-C                    ,"55"" & 65"" Double Sided Ceiling Kiosk for ISM",Active,EA,,ET DD,ET Dealer / Distributor Pricing,Active,FPSS                     
ECN37800                      ,"65"" Single Sided Smart City Kiosk for ISM",Active,EA,,ET DD,ET Dealer / Distributor Pricing,Active,FPSS                     
ECN37801                      ,"65"" Double Sided Smart City Kiosk for ISM",Active,EA,,ET DD,ET Dealer / Distributor Pricing,Active,FPSS                     
ECN38063                      ,MiLB Horizontal I-Beam Clamp and 4' Drop Tube,Active,EA,,ET DD,ET Dealer / Distributor Pricing,Active,FPSS                     
ECN38063-02                   ,MiLB Horizontal I-Beam Clamp,Active,EA,,ET DD,ET Dealer / Distributor Pricing,Active,FPSS                     
ECN38066-14                   ,ISM Custom Angled Horizontal I-Beam Clamp from ECN-C% (ECN38066),Active,EA,,ET DD,ET Dealer / Distributor Pricing,Active,FPSS                     
ECN38066-25                   ,ISM Custom Angled Horizontal I-Beam Clamp from ECN-C% (ECN38066),Active,EA,,ET DD,ET Dealer / Distributor Pricing,Active,FPSS                     
ECN38068                      ,MiLB Overhead 10x10 Angled Tube Clamp,Active,EA,,ET DD,ET Dealer / Distributor Pricing,Active,FPSS                     
ECN38089                      ,Vertical I-Beam Mount for ECN-W6501XHB (ECN38089),Active,EA,,ET DD,ET Dealer / Distributor Pricing,Active,FPSS                     
ECN38136                      ,I-Beam Clamp for ECN-W6501XHN in Landscape Orientation,Active,EA,,ET DD,ET Dealer / Distributor Pricing,Active,FPSS                     
ECN38137                      ,ISM Custom Horizontal I-Beam Clamp from ECN-C% (ECN38137),Active,EA,,ET DD,ET Dealer / Distributor Pricing,Active,FPSS                     
ECN38138                      ,I-Beam Clamp for ECN-W in Landscape Orientation,Active,EA,,ET DD,ET Dealer / Distributor Pricing,Active,FPSS                     
ECN38178                      ,Cantilever Wall Mount for ECN-W5501XHB (ECN38178),Active,EA,,ET DD,ET Dealer / Distributor Pricing,Active,FPSS                     
ECN38182                      ,ISM Custom Vertical Pole Clamp,Active,EA,,ET DD,ET Dealer / Distributor Pricing,Active,FPSS                     
ECN38250                      ,I-Beam Clamp for ECN-W5501UV in Landscape Orientation,Active,EA,,ET DD,ET Dealer / Distributor Pricing,Active,FPSS                     
ECN38260                      ,ISM Custom Horizontal I-Beam Clamp from ECN-C%,Active,EA,,ET DD,ET Dealer / Distributor Pricing,Active,FPSS                     
ECN38279                      ,I-Beam Clamp for ECN-W in Landscape Orientation,Active,EA,,ET DD,ET Dealer / Distributor Pricing,Active,FPSS                     
ECN38280-A                    ,I-Beam Clamp for ECN-W5501UV in Landscape Orientation,Active,EA,,ET DD,ET Dealer / Distributor Pricing,Active,FPSS                     
ECN38280-B                    ,I-Beam Clamp for ECN-W5501UV in Landscape Orientation,Active,EA,,ET DD,ET Dealer / Distributor Pricing,Active,FPSS                     
ECN38280-C                    ,I-Beam Clamp for ECN-W5501UV in Landscape Orientation,Active,EA,,ET DD,ET Dealer / Distributor Pricing,Active,FPSS                     
ECN38280-D                    ,I-Beam Clamp for ECN-W5501UV in Landscape Orientation,Active,EA,,ET DD,ET Dealer / Distributor Pricing,Active,FPSS                     
ECN38281                      ,I-Beam Clamp for ECN-W5501UV in Landscape Orientation,Active,EA,,ET DD,ET Dealer / Distributor Pricing,Active,FPSS                     
ECN38293                      ,MiLB Overhead 12x8 Angled Tube Clamp,Active,EA,,ET DD,ET Dealer / Distributor Pricing,Active,FPSS                     
ECN38296                      ,ISM Custom Horizontal I-Beam Clamp for ECN-W%,Active,EA,,ET DD,ET Dealer / Distributor Pricing,Active,FPSS                     
ECN38297                      ,I-Beam Clamp for ECN-W in Landscape Orientation,Active,EA,,ET DD,ET Dealer / Distributor Pricing,Active,FPSS                     
ECN38365                      ,MiLB Horizontal I-Beam Clamp,Active,EA,,ET DD,ET Dealer / Distributor Pricing,Active,FPSS                     
ECN38365-02                   ,MiLB Horizontal I-Beam Clamp,Active,EA,,ET DD,ET Dealer / Distributor Pricing,Active,FPSS                     
ECN38897-22                   ,ISM Custom Angled Horizontal I-Beam Clamp from ECN-C%,Active,EA,,ET DD,ET Dealer / Distributor Pricing,Active,FPSS                     
ELO E021014                   ,ELO I-Series for Android 10-inch AiO Touchscreen NOT FOR SALE,Active,EA,,ET DD,ET Dealer / Distributor Pricing,,PP                  ELECT
GAS-0019                      ,DOW737 RTV - NEUTRAL CURE BLACK (300mL),Active,EA,,KIOSK,Kiosks,,PP                  MISC 
HAR750                        ,"UNIV ART MOUNT 32-50""+ NONSEC",Active,EA,False,HOSP,Hospitality,Active,HOSP STAND               
HAR775                        ,"UNIV ART MOUNT 50-75""+ NONSEC",Active,EA,False,HOSP,Hospitality,Active,HOSP STAND               
HFT640                        ,"UNIV FLAT/TILT MOUNT 32-50""+ NONSEC",Active,EA,False,HOSP,Hospitality,Active,HOSP STAND               
HFT650                        ,"UNIV FLAT/TILT MOUNT 50-65""+ NONSEC",Active,EA,False,HOSP,Hospitality,Active,HOSP STAND               
HFT690                        ,"UNIV FLAT/TILT MOUNT 65-90""+ NONSEC",Active,EA,False,HOSP,Hospitality,Active,HOSP STAND               
JCM4400                       ,"5"" JAVS CAMERA MOUNT",Active,EA,,PRO,Professional Sales Price Group,Active,FPSS STANDETAIL          
JELCO K1                      ,(NOT FOR SALE) JELCO CASE FOR KIPCT2555-SD1 (FOR INTERNAL USE ONLY/NOT FOR SALE),Active,EA,,ET DD,ET Dealer / Distributor Pricing,,PP                       
JELCO K2                      ,(NOT FOR SALE) JELCO CASE FOR KIPCT2555-SD2 (FOR INTERNAL USE ONLY/NOT FOR SALE),Active,EA,,ET DD,ET Dealer / Distributor Pricing,,PP                       
JELCO K3                      ,(NOT FOR SALE) JELCO CASE FOR KIPCT2555-SD3 (FOR INTERNAL USE ONLY/NOT FOR SALE),Active,EA,,ET DD,ET Dealer / Distributor Pricing,,PP                       
JELCO K4                      ,(NOT FOR SALE) JELCO CASE FOR KIPCT2555-SD4 (FOR INTERNAL USE ONLY/NOT FOR SALE),Active,EA,,ET DD,ET Dealer / Distributor Pricing,,PP                       
K-DM-EL-001                   ,ELO 4600L Touch Display,Active,EA,,PRO,Professional Sales Price Group,,PP                  ELECT
KDSB55-2SAM                   ,Outdoor Digital Signage Board for Two Samsung OHF,Active,EA,,ET DD,ET Dealer / Distributor Pricing,Active,FPSS STANDETAIL          
KIL515-S-MOTO15               ,"15"" Landscape Kiosk for the CC5000-15 Display",Active,EA,,ET DD,ET Dealer / Distributor Pricing,Active,KIOSKSTANDINDOR          
KIL522-SC-MOTO01              ,"22"" Landscape Kiosk for the CC5000-22 Display",Active,EA,,ET DD,ET Dealer / Distributor Pricing,Active,KIOSKSTANDINDOR          
KIL522-S-MOTO22               ,"22"" Landscape Kiosk for the CC5000-22 Display",Active,EA,,ET DD,ET Dealer / Distributor Pricing,Active,KIOSKSTANDINDOR          
KIL527-BL-ZEB01               ,"27"" Landscape Kiosk for the Concierge",Active,EA,,ET DD,ET Dealer / Distributor Pricing,Active,KIOSKSTANDINDOR          
KIL527-GR-ZEB01               ,"27"" Landscape Kiosk for the Concierge",Active,EA,,ET DD,ET Dealer / Distributor Pricing,Active,KIOSKSTANDINDOR          
KIL527-S-MOTO27               ,"27"" Landscape Kiosk for the CC5000-27 Display",Active,EA,,ET DD,ET Dealer / Distributor Pricing,Active,KIOSKSTANDINDOR          
KIL527-WM                     ,"27"" Landscape Kiosk",Active,EA,,ET DD,ET Dealer / Distributor Pricing,Active,KIOSKSTANDINDORGROUN     
KIL527-WM-GN                  ,"27"" Landscape Kiosk",Active,EA,,ET DD,ET Dealer / Distributor Pricing,Active,KIOSKSTANDINDOR          
KIL527-WM-OR                  ,"27"" Landscape Kiosk",Active,EA,,ET DD,ET Dealer / Distributor Pricing,Active,KIOSKSTANDINDOR          
KIL540-EUK                    ,"40"" Landscape Kiosk",Active,EA,,KIOSK,Kiosks,Active,KIOSKSTANDINDOR          
KIL540-S-EUK                  ,"40"" Landscape Kiosk",Active,EA,,KIOSK,Kiosks,Active,KIOSKSTANDINDOR          
KIL542-EUK                    ,"42"" Landscape Kiosk",Active,EA,,KIOSK,Kiosks,Active,KIOSKSTANDINDOR          
KIL542-NB-RAL5003             ,"42"" Landscape Kiosk with No Display Brackets, RAL5003",Active,EA,,KIOSK,Kiosks,Active,KIOSKSTANDINDOR          
KIL542-RAL5003                ,"42"" Landscape Kiosk, RAL5003",Active,EA,,KIOSK,Kiosks,Active,KIOSKSTANDINDOR          
KIL542-S-EUK                  ,"42"" Landscape Kiosk",Active,EA,,KIOSK,Kiosks,Active,KIOSKSTANDINDOR          
KIL546-EUK                    ,"46"" Landscape Kiosk",Active,EA,,KIOSK,Kiosks,Active,KIOSKSTANDINDOR          
KIL546-SEC-RAL1035            ,"46"" Landscape Kiosk with Security Hadware in RAL1035",Active,EA,,ET DD,ET Dealer / Distributor Pricing,Active,KIOSKSTANDINDORGROUN     
KIL546-SEC-RAL7048            ,"46"" Landscape Kiosk with Security Hadware in RAL7048",Active,EA,,ET DD,ET Dealer / Distributor Pricing,Active,KIOSKSTANDINDORGROUN     
KIL546-SEC-RAL9005            ,"46"" Landscape Kiosk with Security Hadware in RAL9005",Active,EA,,ET DD,ET Dealer / Distributor Pricing,Active,KIOSKSTANDINDORGROUN     
KIL546-SEC-RAL9006            ,"46"" Landscape Kiosk with Security Hadware in RAL9006",Active,EA,,ET DD,ET Dealer / Distributor Pricing,Active,KIOSKSTANDINDORGROUN     
KIL546-S-EUK                  ,"46"" Landscape Kiosk",Active,EA,,KIOSK,Kiosks,Active,KIOSKSTANDINDOR          
KIL547                        ,"47"" Landscape Kiosk",No Purchases,EA,False,KIOSK,Kiosks,Use Up,KIOSKSTANDINDOR          
KIL547-EUK                    ,"47"" Landscape Kiosk",No Purchases,EA,,KIOSK,Kiosks,Use Up,KIOSKSTANDINDOR          
KIL547-RED                    ,"47"" Landscape Kiosk in Red",No Purchases,EA,,KIOSK,Kiosks,Use Up,KIOSKSTANDINDOR          
KIL547-S                      ,"47"" Landscape Kiosk",No Purchases,EA,False,KIOSK,Kiosks,Use Up,KIOSKSTANDINDOR          
KIL547-S-EUK                  ,"47"" Landscape Kiosk",No Purchases,EA,,KIOSK,Kiosks,Use Up,KIOSKSTANDINDOR          
KIL547-W                      ,"47"" Landscape Kiosk in White",No Purchases,EA,False,KIOSK,Kiosks,Use Up,KIOSKSTANDINDOR          
KIL548                        ,"48"" Landscape Kiosk",Active,EA,False,KIOSK,Kiosks,Use Up,KIOSKSTANDINDORGROUN     
KIL549-EUK                    ,"49"" Landscape Kiosk",Active,EA,,ET DD,ET Dealer / Distributor Pricing,Active,KIOSKSTANDINDOR          
KIL549-PR                     ,KIL549 Prime Only for Lin Haw,Active,EA,,KIOSK,Kiosks,Active,KIOSKSTANDINDORGROUN     
KIL549-RAL9007                ,"49"" Landscape Kiosk custom RAL9007",No Purchases,EA,,KIOSK,Kiosks,Use Up,KIOSKSTANDINDOR          
KIL549-RAL9007-DIV            ,"49” Floor Standing Landscape Kiosk Enclosure with Hex Pin Screws, Grey Aluminium",No Purchases,EA,,KIOSK,Kiosks,Use Up,KIOSKSTANDINDOR          
KIL549-S                      ,"49"" Landscape Kiosk",No Purchases,EA,False,KIOSK,Kiosks,Use Up,KIOSKSTANDINDOR          
KIL549-S-EUK                  ,"49"" Landscape Kiosk",No Purchases,EA,,ET DD,ET Dealer / Distributor Pricing,Use Up,KIOSKSTANDINDOR          
KIL640-EUK                    ,"40"" Landscape Wall Kiosk",Active,EA,,KIOSK,Kiosks,Active,KIOSKSTANDINDOR          
KIL640-S-EUK                  ,"40"" Landscape Wall Kiosk Silver",Active,EA,,KIOSK,Kiosks,Active,KIOSKSTANDINDOR          
KIL642-35D-S                  ,"42"" Landscape Wall Kiosk - 3.5"" Deep Display",No Purchases,EA,False,KIOSK,Kiosks,Use Up,KIOSKSTANDINDOR          
KIL642-EUK                    ,"42"" Landscape Wall Kiosk",Active,EA,,KIOSK,Kiosks,Active,KIOSKSTANDINDOR          
KIL642-S-EUK                  ,"42"" Landscape Wall Kiosk",Active,EA,,KIOSK,Kiosks,Active,KIOSKSTANDINDOR          
KIL643                        ,"43"" Landscape Wall Kiosk",Active,EA,False,KIOSK,Kiosks,Use Up,KIOSKSTANDINDOR          
KIL643-35D                    ,"43"" Landscape Wall Kiosk - 3.5"" Deep Display",Active,EA,False,KIOSK,Kiosks,Use Up,KIOSKSTANDINDOR          
KIL643-35D-S                  ,"43"" Landscape Wall Kiosk - 3.5"" Deep Display",Active,EA,False,KIOSK,Kiosks,Use Up,KIOSKSTANDINDOR          
KIL643-BRONZE                 ,"43"" Landscape Wall Kiosk in Bronze",Active,EA,,ET DD,ET Dealer / Distributor Pricing,Active,KIOSKSTANDINDOR          
KIL643-EUK                    ,"43"" Landscape Wall Kiosk",Active,EA,,KIOSK,Kiosks,Active,KIOSKSTANDINDOR          
KIL643-GOLD                   ,"43"" Landscape Wall Kiosk in Harvest Gold",Active,EA,,ET DD,ET Dealer / Distributor Pricing,Active,KIOSKSTANDINDOR          
KIL643-S                      ,"43"" Landscape Wall Kiosk",No Purchases,EA,False,KIOSK,Kiosks,Use Up,KIOSKSTANDINDOR          
KIL643-S-EUK                  ,"43"" Landscape Wall Kiosk Silver",Active,EA,,KIOSK,Kiosks,Active,KIOSKSTANDINDOR          
KIL646                        ,"46"" Landscape Wall Kiosk",No Purchases,EA,False,KIOSK,Kiosks,Use Up,KIOSKSTANDINDOR          
KIL646-35D                    ,"46"" Landscape Wall Kiosk - 3.5"" Deep Display",No Purchases,EA,False,KIOSK,Kiosks,Use Up,KIOSKSTANDINDOR          
KIL646-35D-S                  ,"46"" Landscape Wall Kiosk - 3.5"" Deep Display",No Purchases,EA,False,KIOSK,Kiosks,Use Up,KIOSKSTANDINDOR          
KIL646-EUK                    ,"46"" Landscape Wall Kiosk",No Purchases,EA,,KIOSK,Kiosks,Use Up,KIOSKSTANDINDOR          
KIL646-S                      ,"46"" Landscape Wall Kiosk",No Purchases,EA,False,KIOSK,Kiosks,Use Up,KIOSKSTANDINDOR          
KIL646-S-EUK                  ,"46"" Landscape Wall Kiosk Silver",No Purchases,EA,,KIOSK,Kiosks,Use Up,KIOSKSTANDINDOR          
KIL647                        ,"47"" Landscape Wall Kiosk",No Purchases,EA,False,KIOSK,Kiosks,Use Up,KIOSKSTANDINDOR          
KIL647-35D                    ,"47"" Landscape Wall Kiosk - 3.5"" Deep Display",No Purchases,EA,False,KIOSK,Kiosks,Use Up,KIOSKSTANDINDOR          
KIL647-35D-S                  ,"47"" Landscape Wall Kiosk - 3.5"" Deep Display",No Purchases,EA,False,KIOSK,Kiosks,Use Up,KIOSKSTANDINDOR          
KIL647-EUK                    ,"47"" Landscape Wall Kiosk",No Purchases,EA,,KIOSK,Kiosks,Use Up,KIOSKSTANDINDOR          
KIL647-S                      ,"47"" Landscape Wall Kiosk",No Purchases,EA,False,KIOSK,Kiosks,Use Up,KIOSKSTANDINDOR          
KIL647-S-EUK                  ,"47"" Landscape Wall Kiosk",No Purchases,EA,,KIOSK,Kiosks,Use Up,KIOSKSTANDINDOR          
KIL648                        ,"48"" Landscape On-Wall Kiosk",Inactive,EA,False,KIOSK,Kiosks,,KIOSKSTANDINDORWALL      
KIL648-35D-S                  ,"48"" Landscape Wall Kiosk - 3.5"" Deep Display",No Purchases,EA,False,KIOSK,Kiosks,Use Up,KIOSKSTANDINDOR          
KIL648-EUK                    ,"48"" Landscape On-Wall Kiosk",Active,EA,,KIOSK,Kiosks,Active,KIOSKSTANDINDOR          
KIL649-35D-RAL9007-DIV        ,"49"" Portrait Kiosk custom RAL9007",Inactive,EA,,KIOSK,Kiosks,,KIOSKSTANDINDOR          
KIL649-35D-S                  ,"49"" Landscape Wall Kiosk - 3.5"" Deep Display",Inactive,EA,False,KIOSK,Kiosks,,KIOSKSTANDINDOR          
KIL649NA                      ,"49"" Landscape On-Wall Kiosk with Non-Glare Display Covering",No Purchases,EA,,KIOSK,Kiosks,Use Up,KIOSKSTANDINDOR          
KIL655                        ,"Black 55"" Landscape On-Wall Kiosk",Active,EA,False,KIOSK,Kiosks,Active,KIOSKSTANDINDOR          
KIL655-35D                    ,"Black 55"" Landscape Wall Kiosk - 3.5"" Deep Display",Active,EA,False,KIOSK,Kiosks,Active,KIOSKSTANDINDOR          
KIL655-35D-B-HEX              ,KIL655-35D-B with Hex Screw Locks,No Purchases,EA,False,KIOSK,Kiosks,Use Up,KIOSKSTANDINDOR          
KIL655-35D-RAL9007            ,"55"" Landscape Wall Kiosk - 3.5"" Deep Display",No Purchases,EA,,KIOSK,Kiosks,Use Up,KIOSKSTANDINDOR          
KIL655-35D-S                  ,"Silver 55"" Landscape Wall Kiosk - 3.5"" Deep Display",Active,EA,False,KIOSK,Kiosks,Active,KIOSKSTANDINDOR          
KIL655-RAL9007-DIV            ,"55"" Landscape Kiosk custom RAL9007",No Purchases,EA,,KIOSK,Kiosks,Use Up,KIOSKSTANDINDOR          
KIL655-S                      ,"Silver 55"" Landscape On-Wall Kiosk",Active,EA,False,KIOSK,Kiosks,Active,KIOSKSTANDINDOR          
KIL655-S-EUK                  ,"55"" Landscape On-Wall Kiosk",Active,EA,,KIOSK,Kiosks,Active,KIOSKSTANDINDOR          
KIL655-W                      ,"55"" Landscape Kiosk in White",Active,EA,,KIOSK,Kiosks,Active,KIOSKSTANDINDORWALL      
KIL740                        ,"40"" Landscape In-Wall Kiosk",Inactive,EA,False,KIOSK,Kiosks,,KIOSKSTANDINDORWALL      
KILH542-W                     ,"42"" Landscape Kiosk",Active,EA,,ET DD,ET Dealer / Distributor Pricing,Active,KIOSKSTANDINDORGROUN     
KILH543                       ,"Black 43"" Landscape Kiosk",Active,EA,False,KIOSK,Kiosks,Active,KIOSKSTANDINDOR          
KILH543-RAL8028               ,KILH543 in RAL8028,Active,EA,,KIOSK,Kiosks,Active,KIOSKSTANDINDOR          
KILH543-S                     ,"Silver 43"" Landscape Kiosk",Active,EA,False,KIOSK,Kiosks,Active,KIOSKSTANDINDOR          
KILH546-W                     ,"46"" Landscape Kiosk",Inactive,EA,False,KIOSK,Kiosks,,KIOSKSTANDINDORGROUN     
KILH547                       ,"47"" Landscape Kiosk",No Purchases,EA,False,KIOSK,Kiosks,Use Up,KIOSKSTANDINDOR          
KILH547-S                     ,"47"" Landscape Kiosk",No Purchases,EA,False,KIOSK,Kiosks,Use Up,KIOSKSTANDINDOR          
KILH550- RAL8002 SATIN SD     ,KILH550- RAL8002 SATIN SD,Active,EA,,KIOSK,Kiosks,Active,KIOSKSTANDINDORGROUN     
KILH555                       ,"Black 55"" Landscape Kiosk",Active,EA,False,KIOSK,Kiosks,Active,KIOSKSTANDINDOR          
KILH555-S                     ,"Silver 55"" Landscape Kiosk",Active,EA,False,KIOSK,Kiosks,Active,KIOSKSTANDINDOR          
KILH555-W                     ,"55"" Landscape Kiosk",Active,EA,,ET DD,ET Dealer / Distributor Pricing,Active,KIOSKSTANDINDOR          
KIP410I-AW                    ,iPad Kiosk,Active,EA,,ET DD,ET Dealer / Distributor Pricing,Active,KIOSKSTANDINDORGROUN     
KIP410I-S                     ,iPad Kiosk,Active,EA,,ET DD,ET Dealer / Distributor Pricing,Active,KIOSKSTANDINDOR          
KIP522                        ,"Black 22"" Landscape/Portrait Kiosk",Active,EA,False,KIOSK,Kiosks,Active,KIOSKSTANDINDOR          
KIP522-S                      ,"Silver 22"" Landscape/Portrait Kiosk",Active,EA,False,KIOSK,Kiosks,Active,KIOSKSTANDINDOR          
KIP540                        ,"40"" Portrait Kiosk",Active,EA,,ET DD,ET Dealer / Distributor Pricing,Active,KIOSKSTANDINDOR          
KIP540B-3                     ,"40"" Portrait Back-to-Back Kiosk for 3in Deep Displays",Active,EA,,ET DD,ET Dealer / Distributor Pricing,Active,KIOSKSTANDINDOR          
KIP540B-3-EUK                 ,"40"" Portrait Back To Back Kiosk For 3in Deep Displays",Active,EA,,ET DD,ET Dealer / Distributor Pricing,Active,KIOSKSTANDINDOR          
KIP540B-3-RAL7035-EUK         ,"40"" Floor kiosk portrait back-to-back RAL7035 Colour",Active,EA,,ET DD,ET Dealer / Distributor Pricing,Active,KIOSKSTANDINDORGROUN     
KIP540B-EUK                   ,"40"" Portrait Back to Back Kiosk",Active,EA,,ET DD,ET Dealer / Distributor Pricing,Active,KIOSKSTANDINDOR          
KIP540B-S                     ,"40"" Portrait Back-to-Back Kiosk",Active,EA,,ET DD,ET Dealer / Distributor Pricing,Active,KIOSKSTANDINDOR          
KIP540B-S-3                   ,"40"" Portrait Back-to-Back Kiosk for 3in Deep Displays",No Purchases,EA,,ET DD,ET Dealer / Distributor Pricing,Use Up,KIOSKSTANDINDOR          
KIP540B-S-3-EUK               ,"40"" Portrait Back To Back Kiosk For 3in Deep Displays",Active,EA,,ET DD,ET Dealer / Distributor Pricing,Active,KIOSKSTANDINDOR          
KIP540B-S-EUK                 ,"40"" Portrait Back to Back Kiosk",Active,EA,,ET DD,ET Dealer / Distributor Pricing,Active,KIOSKSTANDINDORGROUN     
KIP540-EUK                    ,"40"" Portrait Kiosk",Active,EA,,ET DD,ET Dealer / Distributor Pricing,Active,KIOSKSTANDINDORGROUN     
KIP540-RB                     ,"40"" Portrait Kiosk - Raven Black",No Purchases,EA,,ET DD,ET Dealer / Distributor Pricing,Use Up,KIOSKSTANDINDOR          
KIP540-S                      ,"40"" Portrait Kiosk",Active,EA,,ET DD,ET Dealer / Distributor Pricing,Active,KIOSKSTANDINDOR          
KIP540-S-EUK                  ,"40"" Portrait Kiosk",Active,EA,,ET DD,ET Dealer / Distributor Pricing,Active,KIOSKSTANDINDORGROUN     
KIP542                        ,"42"" Portrait Kiosk",Active,EA,,ET DD,ET Dealer / Distributor Pricing,Active,KIOSKSTANDINDOR          
KIP542B                       ,"42"" Portrait Back-to-Back Kiosk",Active,EA,,ET DD,ET Dealer / Distributor Pricing,Active,KIOSKSTANDINDOR          
KIP542B-3                     ,"42"" Portrait Back-to-Back Kiosk for 3in Deep Displays",Active,EA,,ET DD,ET Dealer / Distributor Pricing,Active,KIOSKSTANDINDOR          
KIP542B-3-EUK                 ,"42"" Portrait Back To Back Kiosk For 3in Deep Displays",Active,EA,,ET DD,ET Dealer / Distributor Pricing,Active,KIOSKSTANDINDOR          
KIP542B-EUK                   ,"42"" Portrait Back to Back Kiosk",Active,EA,,ET DD,ET Dealer / Distributor Pricing,Active,KIOSKSTANDINDOR          
KIP542B-S                     ,"42"" Portrait Back-to-Back Kiosk",Active,EA,,ET DD,ET Dealer / Distributor Pricing,Active,KIOSKSTANDINDOR          
KIP542B-S-3                   ,"42"" Portrait Back-to-Back Kiosk for 3in Deep Displays",Active,EA,,ET DD,ET Dealer / Distributor Pricing,Active,KIOSKSTANDINDOR          
KIP542B-S-3-EUK               ,"42"" Portrait Back To Back Kiosk For 3in Deep Displays",Active,EA,,ET DD,ET Dealer / Distributor Pricing,Active,KIOSKSTANDINDOR          
KIP542B-S-EUK                 ,"42"" Portrait Back to Back Kiosk",Active,EA,,ET DD,ET Dealer / Distributor Pricing,Active,KIOSKSTANDINDORGROUN     
KIP542-EUK                    ,"42"" Portrait Kiosk",Active,EA,,ET DD,ET Dealer / Distributor Pricing,Active,KIOSKSTANDINDORGROUN     
KIP542-GOLD                   ,"42"" Portrait Kiosk in Gold",Active,EA,,ET DD,ET Dealer / Distributor Pricing,Active,KIOSKSTANDINDOR          
KIP542-PB                     ,"42"" Portrait Kiosk - Pebble Grey",Active,EA,,ET DD,ET Dealer / Distributor Pricing,Active,KIOSKSTANDINDOR          
KIP542-RP                     ,"42"" Portrait Kiosk",Active,EA,,ET DD,ET Dealer / Distributor Pricing,Active,KIOSKSTANDINDOR          
KIP542-S                      ,"42"" Portrait Kiosk",Active,EA,,ET DD,ET Dealer / Distributor Pricing,Active,KIOSKSTANDINDOR          
KIP542-S-EUK                  ,"42"" Portrait Kiosk",Active,EA,,ET DD,ET Dealer / Distributor Pricing,Active,KIOSKSTANDINDORGROUN     
KIP546                        ,"46"" Portrait Kiosk",Active,EA,,ET DD,ET Dealer / Distributor Pricing,Active,KIOSKSTANDINDOR          
KIP546B-3                     ,"46"" Portrait Back-to-Back Kiosk for 3in Deep Displays",Active,EA,,ET DD,ET Dealer / Distributor Pricing,Active,KIOSKSTANDINDOR          
KIP546B-3-EUK                 ,"46"" Portrait Back To Back Kiosk For 3in Deep Displays",Active,EA,,ET DD,ET Dealer / Distributor Pricing,Active,KIOSKSTANDINDOR          
KIP546B-EUK                   ,"46"" Portrait Back to Back Kiosk",Active,EA,,ET DD,ET Dealer / Distributor Pricing,Active,KIOSKSTANDINDOR          
KIP546B-S                     ,"46"" Portrait Back-to-Back Kiosk",Active,EA,,ET DD,ET Dealer / Distributor Pricing,Active,KIOSKSTANDINDOR          
KIP546B-S-3                   ,"46"" Portrait Back-to-Back Kiosk for 3in Deep Displays",Active,EA,,ET DD,ET Dealer / Distributor Pricing,Active,KIOSKSTANDINDOR          
KIP546B-S-3-EUK               ,"46"" Portrait Back To Back Kiosk For 3in Deep Displays",Active,EA,,ET DD,ET Dealer / Distributor Pricing,Active,KIOSKSTANDINDOR          
KIP546B-S-EUK                 ,"46"" Portrait Back to Back Kiosk",Active,EA,,ET DD,ET Dealer / Distributor Pricing,Active,KIOSKSTANDINDOR          
KIP546-EUK                    ,"46"" Portrait Kiosk",Active,EA,,ET DD,ET Dealer / Distributor Pricing,Active,KIOSKSTANDINDOR          
KIP546-RED                    ,"46"" Portrait Kiosk, Red",No Purchases,EA,,ET DD,ET Dealer / Distributor Pricing,Use Up,KIOSKSTANDINDOR          
KIP546-S                      ,"46"" Portrait Kiosk",Active,EA,,ET DD,ET Dealer / Distributor Pricing,Active,KIOSKSTANDINDOR          
KIP546-S-EUK                  ,"46"" Portrait Kiosk",Active,EA,,ET DD,ET Dealer / Distributor Pricing,Active,KIOSKSTANDINDORGROUN     
KIP546-TW                     ,KIP546-TEXTURED WHITE,Active,EA,,ET DD,ET Dealer / Distributor Pricing,Active,KIOSKSTANDINDOR          
KIP546-TXTBLK                 ,KIP546-TEXTURED BLACK,Active,EA,,ET DD,ET Dealer / Distributor Pricing,Active,KIOSKSTANDINDOR          
KIP547                        ,"47"" Portrait Kiosk",Active,EA,,ET DD,ET Dealer / Distributor Pricing,Active,KIOSKSTANDINDOR          
KIP547B                       ,"47"" Portrait Back-to-Back Kiosk",Active,EA,,ET DD,ET Dealer / Distributor Pricing,Active,KIOSKSTANDINDOR          
KIP547B-3                     ,"47"" Portrait Back-to-Back Kiosk for 3in Deep Displays",Active,EA,,ET DD,ET Dealer / Distributor Pricing,Active,KIOSKSTANDINDOR          
KIP547B-3-EUK                 ,"47"" Portrait Back To Back Kiosk For 3in Deep Displays",Active,EA,,ET DD,ET Dealer / Distributor Pricing,Active,KIOSKSTANDINDOR          
KIP547B-EUK                   ,"47"" Portrait Back to Back Kiosk",Active,EA,,ET DD,ET Dealer / Distributor Pricing,Active,KIOSKSTANDINDORGROUN     
KIP547B-S                     ,"47"" Portrait Back-to-Back Kiosk",Active,EA,,ET DD,ET Dealer / Distributor Pricing,Active,KIOSKSTANDINDOR          
KIP547B-S-3                   ,"47"" Portrait Back-to-Back Kiosk for 3in Deep Displays",Active,EA,,ET DD,ET Dealer / Distributor Pricing,Active,KIOSKSTANDINDOR          
KIP547B-S-3-EUK               ,"47"" Portrait Back To Back Kiosk For 3in Deep Displays",Active,EA,,ET DD,ET Dealer / Distributor Pricing,Active,KIOSKSTANDINDOR          
KIP547B-S-EUK                 ,"47"" Portrait Back to Back Kiosk",Active,EA,,ET DD,ET Dealer / Distributor Pricing,Active,KIOSKSTANDINDORGROUN     
KIP547-EUK                    ,"47"" Portrait Kiosk",Active,EA,,ET DD,ET Dealer / Distributor Pricing,Active,KIOSKSTANDINDORGROUN     
KIP547-S-EUK                  ,"47"" Portrait Kiosk",Active,EA,,ET DD,ET Dealer / Distributor Pricing,Active,KIOSKSTANDINDORGROUN     
KIP547-TW                     ,"47"" Portrait Kiosk",Active,EA,,ET DD,ET Dealer / Distributor Pricing,Active,KIOSKSTANDINDOR          
KIP548                        ,"48"" Indoor Portrait Kiosk",Active,EA,,ET DD,ET Dealer / Distributor Pricing,Active,KIOSKSTANDINDOR          
KIP548B-EUK                   ,"48"" Portrait Back-to-Back Kiosk",Active,EA,,ET DD,ET Dealer / Distributor Pricing,Active,KIOSKSTANDINDOR          
KIP548B-S-EUK                 ,"48"" Portrait Back-to-Back Kiosk",Active,EA,,ET DD,ET Dealer / Distributor Pricing,Active,KIOSKSTANDINDORGROUN     
KIP548-EUK                    ,"48"" Indoor Portrait Kiosk",Active,EA,,ET DD,ET Dealer / Distributor Pricing,Active,KIOSKSTANDINDORGROUN     
KIP548-RAL9007-DIV            ,48” Floor standing portrait kiosk with hex screws to lock maximum display depth 4”,No Purchases,EA,,ET DD,ET Dealer / Distributor Pricing,Use Up,KIOSKSTANDINDORGROUN     
KIP548-S                      ,"48"" Indoor Portrait Kiosk",Active,EA,,ET DD,ET Dealer / Distributor Pricing,Active,KIOSKSTANDINDOR          
KIP548-S-EUK                  ,"48"" Indoor Portrait Kiosk",Active,EA,,ET DD,ET Dealer / Distributor Pricing,Active,KIOSKSTANDINDORGROUN     
KIP549-RAL9007-DIV            ,"49"" Portrait Kiosk custom RAL9007",No Request,EA,,ET DD,ET Dealer / Distributor Pricing,Use Up,KIOSKSTANDINDOR          
KIP555B                       ,"55"" Portrait Back-to-Back Kiosk",Active,EA,,ET DD,ET Dealer / Distributor Pricing,Active,KIOSKSTANDINDOR          
KIP555B-EUK                   ,"55"" Portrait Back to Back Kiosk",No Purchases,EA,,ET DD,ET Dealer / Distributor Pricing,Use Up,KIOSKSTANDINDOR          
KIP555B-S-EUK                 ,"55"" Portrait Back to Back Kiosk",Active,EA,,ET DD,ET Dealer / Distributor Pricing,Active,KIOSKSTANDINDORGROUN     
KIP555-EUK                    ,"55"" Portrait Kiosk",Active,EA,,ET DD,ET Dealer / Distributor Pricing,Active,KIOSKSTANDINDOR          
KIP555-S-EUK                  ,"55"" Portrait Kiosk",Active,EA,,ET DD,ET Dealer / Distributor Pricing,Active,KIOSKSTANDINDOR          
KIP565-DMG-AD                 ,Indoor Floor Standing Back-to-Back Advertising Player Kiosk for CBL,No Purchases,EA,,ET DD,ET Dealer / Distributor Pricing,Use Up,KIOSKSTANDINDORGROUN     
KIP565-DMG-DIR                ,Indoor Floor Standing Back-to-Back Directory Kiosk for CBL,Active,EA,,KIOSK,Kiosks,Active,KIOSKSTANDINDORGROUN     
KIP586-1LG                    ,Single Sided Portrait-in-Portrait Kiosk,Inactive,EA,False,KIOSK,Kiosks,Use Up,KIOSKSTANDINDORGROUN     
KIP586-1LG-EUK                ,Single Sided Portrait-in-Portrait Kiosk,No Purchases,EA,,KIOSK,Kiosks,Use Up,KIOSKSTANDINDORGROUN     
KIP586-1LG-S-EUK              ,Single Sided Portrait-in-Portrait Kiosk,No Purchases,EA,,KIOSK,Kiosks,Use Up,KIOSKSTANDINDORGROUN     
KIP586-2LG                    ,Two Sided Portrait-in-Portrait Kiosk,Active,EA,False,KIOSK,Kiosks,Use Up,KIOSKSTANDINDOR          
KIP586-2LG-BRONZE-EUK         ,Two Sided Portrait-in-Portrait Kiosk,Active,EA,,KIOSK,Kiosks,Active,KIOSKSTANDINDOR          
KIP586-2LG-EUK                ,Two Sided Portrait-in-Portrait Kiosk,Active,EA,,KIOSK,Kiosks,Active,KIOSKSTANDINDOR          
KIP586-2LG-S                  ,Two Sided Portrait-in-Portrait Kiosk,No Purchases,EA,False,KIOSK,Kiosks,Use Up,KIOSKSTANDINDOR          
KIP586-2LG-S-EUK              ,Two Sided Portrait-in-Portrait Kiosk,No Purchases,EA,,KIOSK,Kiosks,Use Up,KIOSKSTANDINDOR          
KIP586-2LG-W                  ,KIP586-2LG in white for Synnex,No Purchases,EA,False,KIOSK,Kiosks,Use Up,KIOSKSTANDINDOR          
KIP586-3LG                    ,Three Sided Portrait-in-Portrait Kiosk,Active,EA,False,KIOSK,Kiosks,Use Up,KIOSKSTANDINDOR          
KIP586-3LG-EUK                ,Three Sided Portrait-in-Portrait Kiosk,Active,EA,,KIOSK,Kiosks,Active,KIOSKSTANDINDOR          
KIP586-3LG-S                  ,Three Sided Portrait-in-Portrait Kiosk,No Purchases,EA,False,KIOSK,Kiosks,Use Up,KIOSKSTANDINDOR          
KIP586-3LG-S-EUK              ,Three Sided Portrait-in-Portrait Kiosk,No Purchases,EA,,KIOSK,Kiosks,Use Up,KIOSKSTANDINDOR          
KIP586-4LG                    ,Four Sided Portrait-in-Portrait Kiosk,Active,EA,False,KIOSK,Kiosks,Use Up,KIOSKSTANDINDOR          
KIP586-4LG-EUK                ,Four Sided Portrait-in-Portrait Kiosk,Active,EA,,KIOSK,Kiosks,Active,KIOSKSTANDINDOR          
KIP586-4LG-S                  ,Four Sided Portrait-in-Portrait Kiosk,No Purchases,EA,False,KIOSK,Kiosks,Use Up,KIOSKSTANDINDOR          
KIP586-4LG-S-EUK              ,Four Sided Portrait-in-Portrait Kiosk,No Purchases,EA,,KIOSK,Kiosks,Use Up,KIOSKSTANDINDOR          
KIP588-1LG-S                  ,Single Sided Portrait-in-Portrait Kiosk,Active,EA,,KIOSK,Kiosks,Active,KIOSKSTANDINDORGROUN     
KIP588-1LG-S-EUK              ,Single Sided Portrait-in-Portrait Kiosk,Active,EA,,KIOSK,Kiosks,Active,KIOSKSTANDINDORGROUN     
KIP588-2LG-S                  ,Two Sided Portrait-in-Portrait Kiosk,Active,EA,,KIOSK,Kiosks,Active,KIOSKSTANDINDORGROUN     
KIP588-2LG-S-EUK              ,Two Sided Portrait-in-Portrait Kiosk,Active,EA,,KIOSK,Kiosks,Active,KIOSKSTANDINDORGROUN     
KIP588-3LG-S                  ,Three Sided Portrait-in-Portrait Kiosk,Active,EA,,KIOSK,Kiosks,Active,KIOSKSTANDINDORGROUN     
KIP588-3LG-S-EUK              ,Three Sided Portrait-in-Portrait Kiosk,Active,EA,,KIOSK,Kiosks,Active,KIOSKSTANDINDORGROUN     
KIP588-4LG-S                  ,Four Sided Portrait-in-Portrait Kiosk,Active,EA,,KIOSK,Kiosks,Active,KIOSKSTANDINDORGROUN     
KIP588-4LG-S-EUK              ,Four Sided Portrait-in-Portrait Kiosk,Active,EA,,KIOSK,Kiosks,Active,KIOSKSTANDINDORGROUN     
KIP622                        ,"22"" Portrait Wall Kiosk",Active,EA,,ET DD,ET Dealer / Distributor Pricing,Active,KIOSKSTANDINDOR          
KIP622-BRONZE                 ,"22"" Portrait Wall Kiosk",Active,EA,,ET DD,ET Dealer / Distributor Pricing,Active,KIOSKSTANDINDORGROUN     
KIP632-S-BBB01                ,KIP632 with Scanner Holder,Active,EA,,ET DD,ET Dealer / Distributor Pricing,Active,KIOSKSTANDINDOR          
KIP640-35D                    ,"40"" Portrait Wall Kiosk - 3.5"" Deep Display",No Purchases,EA,False,KIOSK,Kiosks,Use Up,KIOSKSTANDINDOR          
KIP640-35D-S                  ,"40"" Portrait Wall Kiosk - 3.5"" Deep Display",No Purchases,EA,False,KIOSK,Kiosks,Use Up,KIOSKSTANDINDOR          
KIP642-35D                    ,"42"" Portrait Wall Kiosk - 3.5"" Deep Display",No Purchases,EA,False,KIOSK,Kiosks,Use Up,KIOSKSTANDINDOR          
KIP642-35D-S                  ,"42"" Portrait Wall Kiosk - 3.5"" Deep Display",No Purchases,EA,False,KIOSK,Kiosks,Use Up,KIOSKSTANDINDOR          
KIP646-35D                    ,"46"" Portrait Wall Kiosk - 3.5"" Deep Display",No Purchases,EA,False,KIOSK,Kiosks,Use Up,KIOSKSTANDINDOR          
KIP647-35D                    ,"47"" Portrait Wall Kiosk - 3.5"" Deep Display",No Purchases,EA,False,KIOSK,Kiosks,Use Up,KIOSKSTANDINDOR          
KIP647-35D-S                  ,"47"" Portrait Wall Kiosk - 3.5"" Deep Display",No Purchases,EA,False,KIOSK,Kiosks,Use Up,KIOSKSTANDINDOR          
KIP648-35D                    ,"48"" Portrait Wall Kiosk - 3.5"" Deep Display",No Purchases,EA,False,KIOSK,Kiosks,Use Up,KIOSKSTANDINDOR          
KIP648-35D-S                  ,"48"" Portrait Wall Kiosk - 3.5"" Deep Display",No Purchases,EA,False,KIOSK,Kiosks,Use Up,KIOSKSTANDINDOR          
KIP649-35D                    ,"49"" Portrait Wall Kiosk - 3.5"" Deep Display",No Purchases,EA,False,KIOSK,Kiosks,Use Up,KIOSKSTANDINDOR          
KIP649-35D-RAL9007-DIV        ,"49"" Portrait Kiosk custom RAL9007",No Purchases,EA,,KIOSK,Kiosks,Use Up,KIOSKSTANDINDOR          
KIP649-35D-S                  ,"49"" Portrait Wall Kiosk - 3.5"" Deep Display",No Purchases,EA,False,KIOSK,Kiosks,Use Up,KIOSKSTANDINDOR          
KIP655                        ,"Black 55"" Portrait On-Wall Kiosk",Active,EA,False,KIOSK,Kiosks,Active,KIOSKSTANDINDOR          
KIP655-35D                    ,"Black 55"" Portrait Wall Kiosk - 3.5"" Deep Display",Active,EA,False,KIOSK,Kiosks,Active,KIOSKSTANDINDOR          
KIP655-35D-S                  ,"Silver 55"" Portrait Wall Kiosk - 3.5"" Deep Display",Active,EA,False,KIOSK,Kiosks,Active,KIOSKSTANDINDOR          
KIP655-EUK                    ,"55"" Portrait On-Wall Kiosk",Active,EA,,KIOSK,Kiosks,Active,KIOSKSTANDINDOR          
KIP655-NR                     ,"55"" Portrait On-Wall Kiosk",Active,EA,,KIOSK,Kiosks,Active,KIOSKSTANDINDOR          
KIP655-RAL7016                ,"55"" Portrait On-Wall Kiosk",No Purchases,EA,,KIOSK,Kiosks,Use Up,KIOSKSTANDINDOR          
KIP655-RAL9007                ,"55"" Portrait On-Wall Kiosk",Active,EA,,KIOSK,Kiosks,Active,KIOSKSTANDINDORGROUN     
KIP655-RAL9007-DIV            ,55” Wall mount portrait kiosk with hex screws to lock maximum display depth 3.25”,No Purchases,EA,,ET DD,ET Dealer / Distributor Pricing,Use Up,KIOSKSTANDINDOR          
KIP655-S                      ,"Silver 55"" Portrait On-Wall Kiosk",Active,EA,False,KIOSK,Kiosks,Active,KIOSKSTANDINDOR          
KIP655-S-EUK                  ,"55"" Portrait On-Wall Kiosk",Active,EA,,KIOSK,Kiosks,Active,KIOSKSTANDINDOR          
KIP655-W                      ,"55"" Portrait On-Wall Kiosk",Active,EA,,ET DD,ET Dealer / Distributor Pricing,Active,KIOSKSTANDINDOR          
KIP748-EUK                    ,"48"" Portrait In-Wall Kiosk",Active,EA,,KIOSK,Kiosks,Active,KIOSKSTANDINDOR          
KIP755-EUK                    ,"55"" Portrait In-Wall Kiosk",Active,EA,,KIOSK,Kiosks,Active,KIOSKSTANDINDOR          
KIP755-S-EUK                  ,"55"" Portrait In-Wall Kiosk",Active,EA,,KIOSK,Kiosks,Active,KIOSKSTANDINDOR          
KIPC2540-AW                   ,"40"" Curve Totem/Portrait Kiosk",No Purchases,EA,,KIOSK,Kiosks,Use Up,KIOSKSTANDINDOR          
KIPC2540B-3-EUK               ,"40"" Curve Totem/Portrait Back-to-Back Kiosk for 3"" Displays",No Request,EA,,KIOSK,Kiosks,Use Up,KIOSKSTANDINDOR          
KIPC2540B-AW                  ,"40"" Curve Totem/Portrait Back-to-Back Kiosk Artic White",Active,EA,,ET DD,ET Dealer / Distributor Pricing,Active,KIOSKSTANDINDORGROUN     
KIPC2540B-EUK                 ,"40"" Curve Totem/Portrait Back-to-Back Kiosk",Active,EA,,ET DD,ET Dealer / Distributor Pricing,Active,KIOSKSTANDINDORGROUN     
KIPC2540B-S                   ,"40"" Curve Totem/Portrait Back-to-Back Kiosk",No Purchases,EA,False,KIOSK,Kiosks,Use Up,KIOSKSTANDINDOR          
KIPC2540B-S-3                 ,"40"" Curve Totem/Portrait Back-to-Back Kiosk",No Purchases,EA,False,KIOSK,Kiosks,Use Up,KIOSKSTANDINDOR          
KIPC2540B-S-3-EUK             ,"40"" Curved Totem/Portrait Back-Back Kiosk for 3"" deep displays",No Purchases,EA,,KIOSK,Kiosks,Use Up,KIOSKSTANDINDOR          
KIPC2540B-S-EUK               ,"40"" Curve Totem/Portrait Back-to-Back Kiosk",No Purchases,EA,,ET DD,ET Dealer / Distributor Pricing,Use Up,KIOSKSTANDINDORGROUN     
KIPC2540-EUK                  ,"40"" Curve Totem/Portrait Kiosk",Active,EA,,ET DD,ET Dealer / Distributor Pricing,Active,KIOSKSTANDINDORGROUN     
KIPC2540-S-EUK                ,"40"" Curve Totem/Portrait Kiosk",Active,EA,,ET DD,ET Dealer / Distributor Pricing,Active,KIOSKSTANDINDORGROUN     
KIPC2542B-3                   ,"42"" Curve Totem/Portrait Back-to-Back Kiosk",No Purchases,EA,False,KIOSK,Kiosks,Use Up,KIOSKSTANDINDOR          
KIPC2542B-3-EUK               ,"42"" Curve Totem/Portrait Back-to-Back Kiosk for 3"" Displays",No Purchases,EA,,KIOSK,Kiosks,Use Up,KIOSKSTANDINDOR          
KIPC2542B-EUK                 ,"42"" Curve Totem/Portrait Back-to-Back Kiosk",Active,EA,,ET DD,ET Dealer / Distributor Pricing,Active,KIOSKSTANDINDORGROUN     
KIPC2542B-S-3-EUK             ,"42"" Curve Totem/Portrait Back-Back Kiosk for 3"" Displays - Silver",Active,EA,,KIOSK,Kiosks,Active,KIOSKSTANDINDOR          
KIPC2542B-S-EUK               ,"42"" Curve Totem/Portrait Back-to-Back Kiosk",Active,EA,,ET DD,ET Dealer / Distributor Pricing,Active,KIOSKSTANDINDORGROUN     
KIPC2542-EUK                  ,"42"" Curve Totem/Portrait Kiosk",Active,EA,,ET DD,ET Dealer / Distributor Pricing,Active,KIOSKSTANDINDORGROUN     
KIPC2542-S-EUK                ,"42"" Curve Totem/Portrait Kiosk",Active,EA,,ET DD,ET Dealer / Distributor Pricing,Active,KIOSKSTANDINDORGROUN     
KIPC2543B-3-EUK               ,"43"" Curve Totem/Portrait Back-to-Back Kiosk for 3"" Displays",Active,EA,,KIOSK,Kiosks,Active,KIOSKSTANDINDOR          
KIPC2543B-EUK                 ,"43"" Curve Totem/Portrait Back-to-Back Kiosk",Active,EA,,ET DD,ET Dealer / Distributor Pricing,Active,KIOSKSTANDINDORGROUN     
KIPC2543B-S-3-EUK             ,"43"" Curve Totem/Portrait Back-to-Back Kiosk for 3"" Displays - Silver",Active,EA,,KIOSK,Kiosks,Active,KIOSKSTANDINDOR          
KIPC2543B-S-EUK               ,"43"" Curve Totem/Portrait Back-to-Back Kiosk",Active,EA,,ET DD,ET Dealer / Distributor Pricing,Active,KIOSKSTANDINDORGROUN     
KIPC2543-EUK                  ,"43"" Curve Totem/Portrait Kiosk",Active,EA,,ET DD,ET Dealer / Distributor Pricing,Active,KIOSKSTANDINDORGROUN     
KIPC2543-PC101300             ,Custom KIPC2543 in gray with anti reflective cover for American Dream (Diversified),Active,EA,,ET DD,ET Dealer / Distributor Pricing,Active,KIOSKSTANDINDORGROUN     
KIPC2543-S-EUK                ,"43"" Curve Totem/Portrait Kiosk",Active,EA,,ET DD,ET Dealer / Distributor Pricing,Active,KIOSKSTANDINDORGROUN     
KIPC2546B-3-EUK               ,"46"" Curve Totem/Portrait Back-to-Back Kiosk",Active,EA,,KIOSK,Kiosks,Active,KIOSKSTANDINDOR          
KIPC2546B-3-S-EUK             ,"46"" Curve Totem/Portrait Back-to-Back Kiosk for 3"" Displays - Silver",Active,EA,,KIOSK,Kiosks,Active,KIOSKSTANDINDOR          
KIPC2546B-EUK                 ,"46"" Curve Totem/Portrait Back-to-Back Kiosk",Active,EA,,ET DD,ET Dealer / Distributor Pricing,Active,KIOSKSTANDINDORGROUN     
KIPC2546B-S-3-EUK             ,"43"" Curve Totem/Portrait Back-to-Back Kiosk for 3"" Displays - Silver",Active,EA,,KIOSK,Kiosks,Active,KIOSKSTANDINDOR          
KIPC2546B-S-EUK               ,"46"" Curve Totem/Portrait Back-to-Back Kiosk",Active,EA,,ET DD,ET Dealer / Distributor Pricing,Active,KIOSKSTANDINDORGROUN     
KIPC2546-EUK                  ,"46"" Curve Totem/Portrait Kiosk",Active,EA,,ET DD,ET Dealer / Distributor Pricing,Active,KIOSKSTANDINDORGROUN     
KIPC2546-S-EUK                ,"46"" Curve Totem/Portrait Kiosk",Active,EA,,ET DD,ET Dealer / Distributor Pricing,Active,KIOSKSTANDINDORGROUN     
KIPC2547B-3-EUK               ,"47"" Curve Totem/Portrait Back-to-Back Kiosk for 3"" Displays",No Request,EA,,KIOSK,Kiosks,Use Up,KIOSKSTANDINDOR          
KIPC2547B-3-S-EUK             ,"47"" Curve Totem/Portrait Back-to-Back Kiosk for 3"" Displays - Silver",No Request,EA,,KIOSK,Kiosks,Use Up,KIOSKSTANDINDOR          
KIPC2547B-EUK                 ,"47"" Curve Totem/Portrait Back-to-Back Kiosk",No Request,EA,,ET DD,ET Dealer / Distributor Pricing,Use Up,KIOSKSTANDINDORGROUN     
KIPC2547B-S-3-EUK             ,"47"" Curve Totem/Portrait Back-to-Back Kiosk for 3"" Displays - Silver",No Request,EA,,KIOSK,Kiosks,Use Up,KIOSKSTANDINDOR          
KIPC2547B-S-EUK               ,"47"" Curve Totem/Portrait Back-to-Back Kiosk",No Request,EA,,ET DD,ET Dealer / Distributor Pricing,Use Up,KIOSKSTANDINDORGROUN     
KIPC2547-EUK                  ,"47"" Curve Totem/Portrait Kiosk",Active,EA,,ET DD,ET Dealer / Distributor Pricing,Active,KIOSKSTANDINDORGROUN     
KIPC2547-S-EUK                ,"47"" Curve Totem/Portrait Kiosk",Active,EA,,ET DD,ET Dealer / Distributor Pricing,Active,KIOSKSTANDINDORGROUN     
KIPC2548B-3-EUK               ,"48"" Curve Totem/Portrait Back-to-Back Kiosk for 3"" Displays",No Request,EA,,KIOSK,Kiosks,Use Up,KIOSKSTANDINDOR          
KIPC2548B-3-S-EUK             ,"48"" Curve Totem/Portrait Back-Back Kiosk for 3"" Displays - Silver",No Request,EA,,KIOSK,Kiosks,Use Up,KIOSKSTANDINDOR          
KIPC2548B-EUK                 ,"48"" Curve Totem/Portrait Back-to-Back Kiosk",No Request,EA,,ET DD,ET Dealer / Distributor Pricing,Use Up,KIOSKSTANDINDORGROUN     
KIPC2548B-ORB                 ,"48"" Curve Totem/Portrait Back-to-Back Kiosk",Active,EA,,ET DD,ET Dealer / Distributor Pricing,Active,KIOSKSTANDINDOR          
KIPC2548B-S-3-EUK             ,"48"" Curve Totem/Portrait Back-to-Back Kiosk for 3"" Displays - Silver",No Request,EA,,KIOSK,Kiosks,Use Up,KIOSKSTANDINDOR          
KIPC2548B-S-EUK               ,"48"" Curve Totem/Portrait Back-to-Back Kiosk",No Request,EA,,ET DD,ET Dealer / Distributor Pricing,Use Up,KIOSKSTANDINDORGROUN     
KIPC2548-EUK                  ,"48"" Curve Totem/Portrait Kiosk",Active,EA,,ET DD,ET Dealer / Distributor Pricing,Active,KIOSKSTANDINDORGROUN     
KIPC2548-S-EUK                ,"48"" Curve Totem/Portrait Kiosk",Active,EA,,ET DD,ET Dealer / Distributor Pricing,Active,KIOSKSTANDINDORGROUN     
KIPC2549B-3-EUK               ,"49"" Curve Totem/Portrait Back-to-Back Kiosk for 3"" Displays",No Request,EA,,KIOSK,Kiosks,Use Up,KIOSKSTANDINDOR          
KIPC2549B-3-S-EUK             ,"49"" Curve Totem/Portrait Back-Back Kiosk for 3"" Displays - Silver",No Request,EA,,KIOSK,Kiosks,Use Up,KIOSKSTANDINDOR          
KIPC2549B-EUK                 ,"49"" Curve Totem/Portrait Back-to-Back Kiosk",No Request,EA,,ET DD,ET Dealer / Distributor Pricing,Use Up,KIOSKSTANDINDORGROUN     
KIPC2549B-ORB                 ,"49"" Curve Totem/Portrait Back-to-Back Kiosk",Active,EA,,ET DD,ET Dealer / Distributor Pricing,Active,KIOSKSTANDINDORGROUN     
KIPC2549B-S-3-EUK             ,"49"" Curve Totem/Portrait Back-to-Back Kiosk for 3"" Displays - Silver",No Request,EA,,KIOSK,Kiosks,Use Up,KIOSKSTANDINDOR          
KIPC2549B-S-EUK               ,"49"" Curve Totem/Portrait Back-to-Back Kiosk",No Request,EA,,ET DD,ET Dealer / Distributor Pricing,Use Up,KIOSKSTANDINDORGROUN     
KIPC2549-EUK                  ,"49"" Curve Totem/Portrait Kiosk",Active,EA,,ET DD,ET Dealer / Distributor Pricing,Active,KIOSKSTANDINDORGROUN     
KIPC2549-S-EUK                ,"49"" Curve Totem/Portrait Kiosk",Active,EA,,ET DD,ET Dealer / Distributor Pricing,Active,KIOSKSTANDINDORGROUN     
KIPC2550B-3                   ,"50"" Curve Totem/Portrait Back-to-Back Kiosk",Inactive,EA,False,KIOSK,Kiosks,,KIOSKSTANDINDORGROUN     
KIPC2550B-3-EUK               ,"50"" Curve Totem/Portrait Back-to-Back Kiosk for 3"" Displays",No Request,EA,,KIOSK,Kiosks,Use Up,KIOSKSTANDINDOR          
KIPC2550B-3-S-EUK             ,"50"" Curve Totem/Portrait Back-to-Back Kiosk for 3"" Displays - Silver",No Request,EA,,KIOSK,Kiosks,Use Up,KIOSKSTANDINDOR          
KIPC2550B-EUK                 ,"50"" Curve Totem/Portrait Back-to-Back Kiosk",No Request,EA,,ET DD,ET Dealer / Distributor Pricing,Use Up,KIOSKSTANDINDORGROUN     
KIPC2550B-S-3-EUK             ,"50"" Curve Totem/Portrait Back-to-Back Kiosk for 3"" Displays - Silver",No Request,EA,,KIOSK,Kiosks,Use Up,KIOSKSTANDINDOR          
KIPC2550B-S-EUK               ,"50"" Curve Totem/Portrait Back-to-Back Kiosk",No Request,EA,,ET DD,ET Dealer / Distributor Pricing,Use Up,KIOSKSTANDINDORGROUN     
KIPC2550-EUK                  ,"50"" Curve Totem/Portrait Kiosk",Active,EA,,ET DD,ET Dealer / Distributor Pricing,Active,KIOSKSTANDINDORGROUN     
KIPC2550-S-EUK                ,"50"" Curve Totem/Portrait Kiosk",Active,EA,,ET DD,ET Dealer / Distributor Pricing,Active,KIOSKSTANDINDORGROUN     
KIPC2555                      ,"Black 55"" Curve Totem/Portrait Kiosk",Active,EA,False,KIOSK,Kiosks,Active,KIOSKSTANDINDOR          
KIPC2555B                     ,"Black 55"" Curve Totem/Portrait Back-to-Back Kiosk",Active,EA,False,KIOSK,Kiosks,Active,KIOSKSTANDINDOR          
KIPC2555B-3                   ,"Black 55"" Curve Totem/Portrait Back-to-Back Kiosk-Deep Display",Active,EA,False,KIOSK,Kiosks,Active,KIOSKSTANDINDOR          
KIPC2555B-3-EUK               ,"55"" Curve Totem/Portrait Back-to-Back Kiosk for 3"" Displays",Active,EA,,KIOSK,Kiosks,Active,KIOSKSTANDINDOR          
KIPC2555B-3-RAL5023           ,KIPC2555B-3 in RAL5023,Active,EA,,ET DD,ET Dealer / Distributor Pricing,Active,KIOSKSTANDINDOR          
KIPC2555B-3-S-EUK             ,"55"" Curve Totem/Portrait Back-to-Back Kiosk for 3"" Displays - Silver",Active,EA,,KIOSK,Kiosks,Active,KIOSKSTANDINDOR          
KIPC2555B-EUK                 ,"55"" Curve Totem/Portrait Back-to-Back Kiosk",Active,EA,,ET DD,ET Dealer / Distributor Pricing,Active,KIOSKSTANDINDORGROUN     
KIPC2555B-S                   ,"Silver 55"" Curve Totem/Portrait Back-to-Back Kiosk",Active,EA,False,KIOSK,Kiosks,Active,KIOSKSTANDINDOR          
KIPC2555-BS                   ,"55"" Curve Totem/Portrait Kiosk",Active,EA,,KIOSK,Kiosks,Active,KIOSKSTANDINDOR          
KIPC2555B-S-3                 ,"Silver 55"" Curve Totem/Portrait Back-to-Back Kiosk -Deep Display",Active,EA,False,KIOSK,Kiosks,Active,KIOSKSTANDINDOR          
KIPC2555B-S-3-EUK             ,"55"" Curve Totem/Portrait Back-to-Back Kiosk for 3"" Displays - Silver",Active,EA,,KIOSK,Kiosks,Active,KIOSKSTANDINDOR          
KIPC2555B-S-EUK               ,"55"" Curve Totem/Portrait Back-to-Back Kiosk",Active,EA,,ET DD,ET Dealer / Distributor Pricing,Active,KIOSKSTANDINDORGROUN     
KIPC2555C                     ,"55"" Curve Totem/Portrait Kiosk with camera",Active,EA,False,KIOSK,Kiosks,Use Up,KIOSKSTANDINDOR          
KIPC2555C-S                   ,"55"" Curve Totem/Portrait Kiosk in silver with camera",Active,EA,False,KIOSK,Kiosks,Use Up,KIOSKSTANDINDOR          
KIPC2555C-W                   ,"55"" Curve Totem/Portrait Kiosk with camera",Active,EA,,ET DD,ET Dealer / Distributor Pricing,Use Up,KIOSKSTANDINDOR          
KIPC2555-EUK                  ,"55"" Curve Totem/Portrait Kiosk",Active,EA,,KIOSK,Kiosks,Active,KIOSKSTANDINDOR          
KIPC2555-G                    ,"55"" Curve Totem/Portrait Kiosk with Tempered Glass",Active,EA,,ET DD,ET Dealer / Distributor Pricing,Active,KIOSKSTANDINDOR          
KIPC2555-MW                   ,"55"" Curve Totem/Portrait Kiosk",Inactive,EA,,KIOSK,Kiosks,,KIOSKSTANDINDOR          
KIPC2555-RAL7016              ,"55"" Curve Totem/Portrait Kiosk",No Purchases,EA,,KIOSK,Kiosks,Use Up,KIOSKSTANDINDOR          
KIPC2555-S                    ,"Silver 55"" Curve Totem/Portrait Kiosk",Active,EA,False,KIOSK,Kiosks,Active,KIOSKSTANDINDOR          
KIPC2555-SB                   ,"55"" Curve Totem/Portrait Kiosk, Silver & Black",No Purchases,EA,,KIOSK,Kiosks,Active,KIOSKSTANDINDORGROUN     
KIPC2555-S-EUK                ,"55"" Curve Totem/Portrait Kiosk",Active,EA,,ET DD,ET Dealer / Distributor Pricing,Active,KIOSKSTANDINDORGROUN     
KIPC2555-S-G                  ,"55"" Curve Totem/Portrait Kiosk",Active,EA,,ET DD,ET Dealer / Distributor Pricing,Active,KIOSKSTANDINDOR          
KIPC2565                      ,"Black 65"" Curve Totem/Portrait Kiosk",Active,EA,False,KIOSK,Kiosks,Active,KIOSKSTANDINDOR          
KIPC2565B                     ,"Black 65"" Curve Totem/Portrait Back-to-Back Kiosk",Active,EA,False,KIOSK,Kiosks,Active,KIOSKSTANDINDOR          
KIPC2565B-3                   ,"Black 65"" Curve Totem/Portrait Back-to-Back Kiosk-Deep Display",Active,EA,False,KIOSK,Kiosks,Active,KIOSKSTANDINDOR          
KIPC2565B-3-EUK               ,"65"" Curve Totem/Portrait Back-to-Back Kiosk for 3"" Displays",Active,EA,,KIOSK,Kiosks,Active,KIOSKSTANDINDOR          
KIPC2565B-3-S-EUK             ,"65"" Curve Totem/Portrait Back-to-Back Kiosk for 3"" Displays - Silver",Active,EA,,KIOSK,Kiosks,Active,KIOSKSTANDINDOR          
KIPC2565B-EUK                 ,"65"" Curve Totem/Portrait Kiosk Back to Back",No Request,EA,,FGMT,FGMT,Use Up,KIOSKSTANDINDORGROUN     
KIPC2565B-S                   ,"Silver 65"" Curve Totem/Portrait Back-to-Back Kiosk",Active,EA,False,KIOSK,Kiosks,Active,KIOSKSTANDINDOR          
KIPC2565B-S-3                 ,"Silver 65"" Curve Totem/Portrait Back-to-Back Kiosk -Deep Display",Active,EA,False,KIOSK,Kiosks,Active,KIOSKSTANDINDOR          
KIPC2565B-S-3-EUK             ,"65"" Curve Totem/Portrait Back-to-Back Kiosk for 3"" Displays - Silver",Active,EA,,KIOSK,Kiosks,Active,KIOSKSTANDINDOR          
KIPC2565B-S-EUK               ,"65"" Curve Totem/Portrait Kiosk Back to Back",Active,EA,,FGMT,FGMT,Active,KIOSKSTANDINDORGROUN     
KIPC2565-EUK                  ,"65"" Curve Totem/Portrait Kiosk",Active,EA,,ET DD,ET Dealer / Distributor Pricing,Active,KIOSKSTANDINDORGROUN     
KIPC2565-S                    ,"Silver 65"" Curve Totem/Portrait Kiosk",Active,EA,False,KIOSK,Kiosks,Active,KIOSKSTANDINDOR          
KIPC2565-S-EUK                ,"65"" Curve Totem/Portrait Kiosk",Active,EA,,ET DD,ET Dealer / Distributor Pricing,Active,KIOSKSTANDINDORGROUN     
KIPC25B                       ,Portrait Back-to-Back Kiosk,No Request,EA,,ET DD,ET Dealer / Distributor Pricing,Use Up,KIOSKSTANDINDOR          
KIPC25B-3                     ,Portrait Back-to-Back Kiosk,No Request,EA,,ET DD,ET Dealer / Distributor Pricing,Use Up,KIOSKSTANDINDOR          
KIPC25B-3-EUK                 ,Portrait Back-to-Back Kiosk,No Request,EA,,ET DD,ET Dealer / Distributor Pricing,Use Up,KIOSKSTANDINDOR          
KIPC25B-EUK                   ,Portrait Back-to-Back Kiosk,No Request,EA,,ET DD,ET Dealer / Distributor Pricing,Use Up,KIOSKSTANDINDOR          
KIPICT2555                    ,"55"" All-in-One Digital Touch Kiosk",Inactive,EA,,34,,,KIOSKSTANDINDOR          
KIPICT2555-SD1                ,(NOT FOR SALE) All-In-One Kiosk Sales Demo with Case #1 (FOR INTERNAL USE ONLY/NOT FOR SALE),Inactive,EA,,ET DD,ET Dealer / Distributor Pricing,,KIOSKSTANDINDOR          
KIPICT2555-SD2                ,(NOT FOR SALE) All-In-One Kiosk Sales Demo with Case #2 (FOR INTERNAL USE ONLY/NOT FOR SALE),Inactive,EA,,ET DD,ET Dealer / Distributor Pricing,,KIOSKSTANDINDOR          
KIPICT2555-SD3                ,(NOT FOR SALE) All-In-One Kiosk Sales Demo with Case #3 (FOR INTERNAL USE ONLY/NOT FOR SALE),Inactive,EA,,ET DD,ET Dealer / Distributor Pricing,,KIOSKSTANDINDOR          
KIPICT2555-SD4                ,(NOT FOR SALE) All-In-One Kiosk Sales Demo with Case #4 (FOR INTERNAL USE ONLY/NOT FOR SALE),Inactive,EA,,ET DD,ET Dealer / Distributor Pricing,,KIOSKSTANDINDOR          
KIPICT555                     ,"55"" LCD Digital Touch Kiosk",Inactive,EA,,ET DD,ET Dealer / Distributor Pricing,,KIOSKSTANDINDORGROUN     
KIPICT555-B                   ,"55"" All-in-One Digital Touch Kiosk, - B-STOCK",Inactive,EA,,ET DD,ET Dealer / Distributor Pricing,,KIOSKSTANDINDORGROUN     
KIPICT555-SD                  ,"(NOT FOR SALE)  55"" LCD Digital Touch Sample/Demo Kiosk",Inactive,EA,,ET DD,ET Dealer / Distributor Pricing,,KIOSKSTANDINDOR          
KIRPH-OHF                     ,TSi Touch 6pt SS IR Shroud w/ Heater for KOP2555-OHF,Active,EA,,KIOSK,Kiosks,Active,KIOSKSTAND               
KIRPH-XHB                     ,TSi Touch 6pt SS IR Shroud w/ Heater for KOP2555-XHB,Active,EA,,KIOSK,Kiosks,Active,KIOSKSTAND               
KIRP-OHF                      ,TSi Touch 6pt SS IR Shroud for KOP2555-OHF,Active,EA,,KIOSK,Kiosks,Active,KIOSKSTAND               
KIRP-XHB                      ,TSi Touch 6pt SS IR Shroud for KOP2555-XHB,Active,EA,,KIOSK,Kiosks,Active,KIOSKSTAND               
KIT-LED001-3                  ,"KIT - CORNER GUSSET, BLK",Active,EA,,DVLED,DvLED,,FAST                     
KIT-LED003-3                  ,"KIT - WALL MOUNT BRACKET, BLK",Active,EA,,DVLED,DvLED,,FAST                     
KIT-LED005                    ,"KIT - FRAME ANCHOR BRACKET, BLK",Active,EA,,DVLED,DvLED,,FAST                     
KIT-LED007                    ,"KIT - SCISSOR MECHANISM, BLK",Active,EA,,PRO,Professional Sales Price Group,Active,LED  STAND               
KIT-LED41009                  ,Hardware for Absen XD10 5x2 Outdoor Wall Mount (ECN41009),Active,EA,,DVLED,DvLED,Active,LED  CUSTM               
KIT-LEDA27M                   ,Absen Acclaim Inner Connector Plate Extension Kit (ECN40706),Active,EA,,DVLED,DvLED,Active,LED  CUSTM               
KIT-LEDA27O                   ,Absen Acclaim Outer Connector Plate Extension Kit w/ Spacers (ECN40706),Active,EA,,DVLED,DvLED,Active,LED  CUSTM               
KIT-LEDSTK-A27-CTR            ,"KIT - CTR STACKING, ABSEN ACCLAIM, BLK",Active,EA,,DVLED,DvLED,,FAST                     
KIT-LEDSTK-A27-END            ,"KIT - END STACKING, ABSEN ACCLAIM, BLK",Active,EA,,DVLED,DvLED,,FAST                     
KIT-LEDTUBE-005               ,"KIT - CROSS SUPPORT TUBE, BLK",Active,EA,,PRO,Professional Sales Price Group,Active,LED  STAND               
KIT-LEDTUBE-006               ,"KIT - CROSS SUPPORT TUBE, BLK",Active,EA,,PRO,Professional Sales Price Group,Active,LED  STAND               
KIT-LEDWP01                   ,"KIT - WALL PLATE, BLK",Active,EA,,DVLED,DvLED,,FAST                     
KIT-UK011                     ,"Brackets for 6x8 Absen XD6 Mount, No extrusions or Rear Support Bar",Active,EA,,DVLED,DvLED,Active,LED  STAND               
KIT-UK013                     ,2x2 LG Pivot LED Wall Mount (ECN35850),Active,EA,,DVLED,DvLED,Active,LED  CUSTM               
KIT-UK043                     ,LED Components for AOTO CLD 11X6 (ECN39231),Active,EA,,DVLED,DvLED,Active,LED  CUSTM               
KL546-TOSHIBA01               ,"46"" Landscape Kiosk for 5.48"" D Display",Active,EA,,ET DD,ET Dealer / Distributor Pricing,Active,KIOSKSTANDINDORGROUN     
KLR62232                      ,Ligature Resistant Enclosure for 22 to 32 in Displays,Active,EA,False,KIOSK,Kiosks,Active,KIOSKSTANDINDOR          
KLR64255                      ,"Ligature Resistant TV Enclosure for 42"" to 55"" Flat Panel Screens",Active,EA,False,KIOSK,Kiosks,Active,KIOSKSTANDINDOR          
K-MC-AE-001                   ,Andrea Electronics USB-SA w/ Array Microphone 2SA,Active,EA,,PRO,Professional Sales Price Group,,PP                  ELECT
K-MC-AE-002                   ,Andrea Electronics DA250,Active,EA,,PRO,Professional Sales Price Group,,PP                  ELECT
KOF49-1XHB                    ,Outdoor Single Dispay Menu Board for Peerless-AV XHB492 (ECN34611),Active,EA,,ET DD,ET Dealer / Distributor Pricing,Active,KIOSKSTANDOUTDRGROUN     
KOF55-1OHF                    ,Outdoor Single Display Menu Board for Samsung OH55F(ECN34611),Active,EA,,ET DD,ET Dealer / Distributor Pricing,Active,KIOSKSTANDOUTDRGROUN     
KOF55-3OHF                    ,Outdoor Triple Display Menu Board for Samsung OH55F (ECN 34611),Active,EA,,ET DD,ET Dealer / Distributor Pricing,Active,KIOSKSTANDOUTDRGROUN     
KOF555-1                      ,"Universal 55"" ODMB",Active,EA,True,KIOSK,Kiosks,Active,KIOSKSTANDOUTDR          
KOF555-2                      ,"Universal 55"" ODMB",Active,EA,True,KIOSK,Kiosks,Active,KIOSKSTANDOUTDR          
KOF555-3                      ,"Universal 55"" ODMB",Active,EA,True,KIOSK,Kiosks,Active,KIOSKSTANDOUTDR          
KOL549-XTR                    ,"49"" Xtreme Outdoor Landscape Kiosk",No Request,EA,,ET DD,ET Dealer / Distributor Pricing,Use Up,KIOSKSTANDOUTDRGROUN     
KOP2546-OHF                   ,"46"" Outdoor Smart City Kiosk (ECN 33789)",Active,EA,,KIOSK,Kiosks,Active,KIOSKSTANDOUTDRGROUN     
KOP2555-OHF                   ,"55"" Outdoor Smart City Kiosk",Inactive,EA,False,KIOSK,Kiosks,,KIOSKSTANDOUTDRGROUN     
KOP2555-OHF-EUK               ,"55"" Outdoor Smart City Kiosk For Samsung OH55",No Purchases,EA,,FGMT,FGMT,Use Up,KIOSKSTANDOUTDRGROUN     
KOP2555-S-OHF                 ,"55"" Outdoor Smart City Kiosk",Inactive,EA,False,KIOSK,Kiosks,,KIOSKSTANDOUTDRGROUN     
KOP2555-S-OHF-EUK             ,"55"" Outdoor Smart City Kiosk For Samsung OH55",No Purchases,EA,,FGMT,FGMT,Use Up,KIOSKSTANDOUTDRGROUN     
KOP2555-S-XHB                 ,"55"" Outdoor Smart City Kiosk",Inactive,EA,,ET DD,ET Dealer / Distributor Pricing,,KIOSKSTANDOUTDRGROUN     
KOP2555-S-XHB-EUK             ,"55"" Outdoor Smart City Kiosk",No Purchases,EA,,FGMT,FGMT,Use Up,KIOSKSTANDOUTDRGROUN     
KOP2555-XHB                   ,"55"" Outdoor Smart City Kiosk",Inactive,EA,False,KIOSK,Kiosks,,KIOSKSTANDOUTDRGROUN     
KOP2555-XHB-EUK               ,"55"" Outdoor Smart City Kiosk",No Purchases,EA,,KIOSK,Kiosks,Use Up,KIOSKSTANDOUTDRGROUN     
KOP2555-XHB-ND                ,"KOP2555-XHB without the 55"" XHB",Inactive,EA,,KIOSK,Kiosks,,KIOSKSTANDOUTDRGROUN     
KOP549-S-XTR                  ,"49"" Xtreme Outdoor Portrait Kiosk",Active,EA,,ET DD,ET Dealer / Distributor Pricing,Active,KIOSKSTANDOUTDRGROUN     
KOP549-XTR                    ,"49"" Xtreme Outdoor Portrait Kiosk",Active,EA,,ET DD,ET Dealer / Distributor Pricing,Active,KIOSKSTANDOUTDRGROUN     
KOP549-XTR-EUK                ,"49"" Xtreme Outdoor Portrait Kiosk",Active,EA,,ET DD,ET Dealer / Distributor Pricing,Active,KIOSKSTANDOUTDRGROUN     
KOP555-S-XTR                  ,"55"" Xtreme Outdoor Portrait Kiosk",Active,EA,,ET DD,ET Dealer / Distributor Pricing,Active,KIOSKSTANDOUTDRGROUN     
KOP555-XTR                    ,"55"" Xtreme Outdoor Portrait Kiosk",Active,EA,,ET DD,ET Dealer / Distributor Pricing,Active,KIOSKSTANDOUTDRGROUN     
KOP555-XTR-EUK                ,"55"" Xtreme Outdoor Portrait Kiosk",Active,EA,,ET DD,ET Dealer / Distributor Pricing,Active,KIOSKSTANDOUTDRGROUN     
K-VW-BFS-001                  ,Vinyl Spot Logo Graphic & Installation for Tech Global,Active,EA,,PRO,Professional Sales Price Group,,PP                  MISC 
K-WC-LG-001                   ,Logitech HD Pro Webcam C920,Active,EA,,PRO,Professional Sales Price Group,,PP                  ELECT
L20PNWALL90EU                 ,"FLAT WALL MNT,55""-90"" Landscape/Portrait",Active,EA,,FGMT,FGMT,Active,FPSS STANDETAIL          
LDM233K                       ,SECURITY UNIV VCR DESK TOP MNT,Active,EA,,PRO,Professional Sales Price Group,Active,FPSS STANDETAIL          
MIS-38084-01                  ,MIS-KL62232 Service Kit,Active,EA,,ET DD,ET Dealer / Distributor Pricing,Active,KIOSKSTAND               
MIS-38084-02                  ,MIS-KL64255 Service Kit,Active,EA,,ET DD,ET Dealer / Distributor Pricing,Active,KIOSKSTAND               
MIS-38084-72                  ,45AFK72 Service Kit,Active,EA,,ET DD,ET Dealer / Distributor Pricing,Active,KIOSKSTAND               
MIS-38084-73                  ,45AK73 Service Kit,Active,EA,,ET DD,ET Dealer / Distributor Pricing,Active,KIOSKSTAND               
MIS39738-UV552                ,MiLB Camera Kit for UV552  in landscape,Active,EA,,PRO,Professional Sales Price Group,Active,APNS                     
MIS39738-XHB552L              ,MiLB Camera Kit for XHB552 -Landscape,Active,EA,,PRO,Professional Sales Price Group,Active,APNS                     
MIS-40512                     ,Custom KIP543L - portrait framed kiosk with screen in landscape orientation; Raven Black (MOQ8),Active,EA,,KIOSK,Kiosks,Active,KIOSKSTAND               
MIS-40512-S                   ,Custom KIP543L - portrait framed kiosk with screen in landscape orientation; Trulusion SIlver (MOQ8),Active,EA,,KIOSK,Kiosks,Active,KIOSKSTAND               
MIS621                        ,"IWB600-WB 70"" H with 5.5 depth",Active,EA,,PRO,Professional Sales Price Group,Active,FPSS STANDETAIL          
MIS624                        ,Wall Adapter Box for Epson 450W,Active,EA,,PRO,Professional Sales Price Group,Active,FPSS STANDETAIL          
MISPRGSKIT-W                  ,"Kit Including PRGS-UNV-W, CMJ500R1, and PB-1",Inactive,EA,,PRO,Professional Sales Price Group,,PSS  STANDPRGS           
MOD-PJF2KIT100-B              ,"PJF2-UNV Ceiling Mount w/1M (39"") Black Pole",Active,EA,False,CORE,Mounts,Active,PSS  STANDPJF2           
MOD-PJF2KIT100-CPF-B          ,"1M PJF2-UNV CEILING MOUNT KIT with MOD-CPF, BLACK",Active,EA,False,CORE,Mounts,Active,PSS  STANDPJF2           
MOD-PJF2KIT150-CPF-B          ,"1.5M PJF2-UNV CEILING MOUNT KIT with MOD-CPF, BLACK",Active,EA,False,CORE,Mounts,Active,PSS  STANDPJF2           
MOD-PRGSKIT                   ,PRGS CEILING MOUNT KIT,No Request,EA,,PRO,Professional Sales Price Group,Use Up,PSS  STANDPRGS           
MOD-PRGSKIT100                ,"PRGS-UNV Ceiling Mount w/1M (39"") Bright Zinc Plated Pole",Active,EA,False,CORE,Mounts,Active,PSS  STANDPRGS           
MOD-PRGSKIT100-B              ,"PRGS-UNV Ceiling Mount w/1M (39"") Black Pole",Active,EA,False,CORE,Mounts,Active,PSS  STANDPRGS           
MOD-PRGSKIT150                ,"PRGS-UNV Ceiling Mount w/1.5M (59"") Zinc Plated Pole",Active,EA,False,CORE,Mounts,Active,PSS  STANDPRGS           
MOD-PRGSKIT150-B              ,"PRGS-UNV Ceiling Mount w/1.5M (59"") Black Pole",Active,EA,False,CORE,Mounts,Active,PSS  STANDPRGS           
MOD-PRGSKIT300                ,"PRGS-UNV Ceiling Mount w/3M (118"") Zinc Plated Pole",Active,EA,False,CORE,Mounts,Active,PSS  STANDPRGS           
MOD-PRGSKIT300-B              ,"PRGS-UNV Ceiling Mount w/3M (118"") Black Pole",Active,EA,False,CORE,Mounts,Active,PSS  STANDPRGS           
MP300CM                       ,"SHARP NEC  PROJ CLG MT M260,M300,P350,P420",Inactive,EA,,PRO,Professional Sales Price Group,,PSS  STAND               
NP01UCM                       ,"SPIDER UNV W/ VECTOR PRO II,  SHARP NEC",Inactive,EA,,PRO,Professional Sales Price Group,,PSS  STANDPRGS           
NT652                         ,"65"" NEPTUNE SHADE SERIES 4K HDR OUTDOOR TV W/ TILT MOUNT",No Purchases,EA,False,NEPTUNE,Neptune TVs,,ET   STANDNEPTN          
NT752                         ,"75"" NEPTUNE SHADE SERIES 4K HDR OUTDOOR TV W/ TILT MOUNT",Inactive,EA,False,NEPTUNE,Neptune TVs,,ET   STANDNEPTN          
ODTV4901                      ,"49"" Neptune Outdoor TV",No Purchases,EA,,NEPTUNE-OD,Neptune TVs,,ET   STANDNEPTN          
ODTV5502                      ,"55"" NEPTUNE SHADE SERIES 4K HDR OUTDOOR TV W/ TILT MOUNT",Inactive,EA,,NEPTUNE-OD,Neptune TVs,,ET   STANDNEPTN          
ODTV6501                      ,"65"" Neptune Outdoor TV",No Purchases,EA,,NEPTUNE-OD,Neptune TVs,,ET   STANDNEPTN          
ODTV6502                      ,"65"" NEPTUNE SHADE SERIES 4K HDR OUTDOOR TV W/ TILT MOUNT",Inactive,EA,,NEPTUNE-OD,Neptune TVs,,ET   STANDNEPTN          
ODTV7502                      ,"75"" NEPTUNE SHADE SERIES 4K HDR OUTDOOR TV W/ TILT MOUNT",Inactive,EA,,NEPTUNE-OD,Neptune TVs,,ET   STANDNEPTN          
OWMAM                         ,"Outdoor Articulating Wall Mount for 42-75"" TVs",Active,EA,True,NEPTUNE-ACC,Neptune Accessories,Active,FPSS STANDETAIL          
OWMTL                         ,"Outdoor Universal Tilt Wall Mount for 32"" to 75"" TVs",Active,EA,True,NEPTUNE-ACC,Neptune Accessories,Active,FPSS STANDETAIL          
PA600CM                       ,Projector Ceiling Mount,Active,EA,,PRO,Professional Sales Price Group,Active,PSS  STAND               
PAK-0011                      ,Tip N Tell Indicator,Active,EA,,ET DD,ET Dealer / Distributor Pricing,,PP                  MISC 
PAP250-BARCO1                 ,PJR250 Dedicated Adaptor Plate for Barco Projectors,Active,EA,False,CORE,Mounts,Active,PSS  STANDPJR            
PAP250-CHRISTIE1              ,PJR250 Dedicated Adaptor Plate for Christie Projectors,Active,EA,False,CORE,Mounts,Active,PSS  STANDPJR            
PAP250-CHRISTIE2              ,PJR250 Dedicated Adaptor Plate for Christie Projectors,Active,EA,False,CORE,Mounts,Active,PSS  STANDPJR            
PAP250-CHRISTIE3              ,PJR250 Dedicated Adaptor Plate for Christie Projectors,Active,EA,False,CORE,Mounts,Active,PSS  STANDPJR            
PAP250-DP1                    ,PJR250 Dedicated Adaptor Plate for Digital Projections,Active,EA,False,CORE,Mounts,Active,PSS  STANDPJR            
PAP250-NEC1                   ,PJR250 Dedicated Adaptor Plate for NEC,Active,EA,False,CORE,Mounts,Active,PSS  STANDPJR            
PAP250-PANA1                  ,PJR250 Dedicated Adaptor Plate for Panasonic Projectors,Active,EA,False,CORE,Mounts,Active,PSS  STANDPJR            
PAP250-PANA2                  ,PJR250 Dedicated Adaptor Plate for Panasonic Projectors,Active,EA,False,CORE,Mounts,Active,PSS  STANDPJR            
PAP250-PANA3                  ,PJR250 Dedicated Adaptor Plate for Panasonic Projectors,Active,EA,False,CORE,Mounts,Active,PSS  STANDPJR            
PAP-298                       ,"ADPR BLLJNT PLT, PANA PT-F100NT",Active,EA,,PRO,Professional Sales Price Group,Active,PSS  STANDPJR            
PAP-UNV                       ,Spider Universal Projector Adaptor Plate,Active,EA,False,CORE,Mounts,Active,PSS  STANDPJR            
PAP-UNV-W                     ,Spider Universal Projector Adaptor Plate,Inactive,EA,False,CORE,Mounts,,PSS  STANDPJR            
PCASXJMF-W                    ,Casio XJM Flush Mount Enclosure,Active,EA,,PRO,Professional Sales Price Group,Active,FPSS STANDETAIL          
PCASXJMK100-W                 ,Casio XJM 1.0m Mount Enclosure Kit,Active,EA,,PRO,Professional Sales Price Group,Active,FPSS STANDETAIL          
PCASXJMT-W                    ,Casio XJM Tilt Mount Enclosure,Active,EA,,PRO,Professional Sales Price Group,Active,FPSS STANDETAIL          
PDU1910N-15-120P1-1510NNS     ,Horizontal Non-Surge Protection,No Purchases,EA,,PRO,Professional Sales Price Group,Active,FPSS STAND               
PDU6620N-20120P12010NSP       ,"Power Strip - Surge, 20A, Vert",No Purchases,EA,,PRO,Professional Sales Price Group,Active,FPSS STAND               
PE1120                        ,Enclosure For use with Peerless-AV® Projector Mounts,Active,EA,False,CORE,Mounts,Active,PSS  STAND               
PE1120-W                      ,Enclosure For use with Peerless-AV® Projector Mounts,Active,EA,False,CORE,Mounts,Active,PSS  STAND               
PEWS610/BK                    ,"Flat, universal to VESA®  1100x700mm   For Sreen Sizes  60-95”",Active,EA,,FGMT,FGMT,Active,FPSS STANDETAIL          
PEWS620/BK                    ,"Tilt, universal to VESA®  1100x700mm   For Sreen Sizes  60-95”",Active,EA,,FGMT,FGMT,Active,FPSS STANDETAIL          
PJF2-1-S                      ,Projectors Mount up to 50lb (22kg) PAP sold separately,Inactive,EA,False,CORE,Mounts,,PSS  STANDPJF2           
PJF2-211                      ,VECTOR PRO II FOR MITSUBISHI XL8U,Active,EA,,PRO,Professional Sales Price Group,Active,PSS  STANDPJF2           
PJF2-258                      ,"VECTOR PRO II FOR PowerLite S3,BLK",Active,EA,,PRO,Professional Sales Price Group,Active,PSS  STANDPJF2           
PJF2-UNV                      ,Projectors Mount up to 50lb (22kg),Active,EA,False,CORE,Mounts,Active,PSS  STAND               
PJR125                        ,Heavy Duty Projector Mount - up to 125 lbs,Active,EA,False,CORE,Mounts,Active,PSS  STANDPJR            
PJR125-POR                    ,Universal Portrait Projector Mount - 125lb Max,Active,EA,False,CORE,Mounts,Active,PSS  STANDPJR            
PJR125-POR-EUK                ,Universal Portrait Projector Mount - 125lb Max,Active,EA,,FGMT,FGMT,Active,PSS  STANDPJR            
PJR125-W                      ,Heavy Duty Projector Mount - up to 125 lbs - White,Active,EA,False,CORE,Mounts,Active,PSS  STANDPJR            
PJR250                        ,Heavy Duty Projector Mount - 250 lbs,Active,EA,False,CORE,Mounts,Active,PSS  STANDPJR            
PRGS-455                      ,PRGS-UNV Precision Gear Projector Mount w/CMJ455 Ceiling Plate,Inactive,EA,False,CORE,Mounts,,PSS  STAND               
PRGS-UNV                      ,Precision Gear Projector Mount For projectors up to 50lb (22kg),Active,EA,True,CORE,Mounts,Active,PSS  STANDPRG            
PRGS-UNV-V                    ,Precision Gear Projector Mount for Projectors up to 50lb (22kg) for Visions,No Sales,EA,,PRO,Professional Sales Price Group,Active,PSS  STAND               
PRGS-UNV-W                    ,Precision Gear Projector Mount For projectors up to 50lb (22kg),Inactive,EA,False,CORE,Mounts,,PSS  STAND               
PRG-UNV                       ,Precision Gear Projector Mount with Spider® Universal Adapter Plate,Active,EA,True,CORE,Mounts,Active,PSS  STANDPRG            
PRG-UNV-W                     ,Precision Gear Projector Mount with Spider® Universal Adapter Plate,Inactive,EA,False,CORE,Mounts,,PSS  STAND               
PRMA150                       ,"Full Motion, VESA®  75, 100   For Sreen Sizes  10-29”",Active,EA,,FGMT,FGMT,Active,FPSS STANDPMNT           
PRMA250                       ,"Full Motion, up to VESA®  200x200mm   For Sreen Sizes  22-40”",Active,EA,,FGMT,FGMT,Active,FPSS STANDPMNT           
PRMA350                       ,"Full Motion, up to VESA®  400x400mm   For Sreen Sizes  32-50”",Active,EA,,FGMT,FGMT,Active,FPSS STANDPMNT           
PRMA450                       ,"Full Motion, up to VESA®  600x400mm*   For Sreen Sizes  37-70”",No Purchases,EA,,FGMT,FGMT,Use Up,FPSS STANDPMNT           
PRMF110                       ,"Flat, VESA®  75, 100   For Sreen Sizes  10-29”",Active,EA,,FGMT,FGMT,Active,FPSS STANDPMNT           
PRMF210                       ,"Flat, up to VESA®  200x200mm   For Sreen Sizes  22-40”",Active,EA,,FGMT,FGMT,Active,FPSS STANDPMNT           
PRMP140                       ,"Pivot ,VESA®  75, 100   For Sreen Sizes  10-29”",Active,EA,,FGMT,FGMT,Active,FPSS STANDPMNT           
PRMP240                       ,"Pivot, up to VESA®  200x200mm   For Sreen Sizes  22-40”",No Purchases,EA,,FGMT,FGMT,Use Up,FPSS STANDPMNT           
PRMP340                       ,"Pivot, up to VESA®  400x400mm   For Sreen Sizes  32-50”",No Purchases,EA,,FGMT,FGMT,Use Up,FPSS STANDPMNT           
PRMT120                       ,"Tilt, VESA®  75, 100   For Sreen Sizes  10-29”",Active,EA,,FGMT,FGMT,Active,FPSS STANDPMNT           
PRMT220                       ,"Tilt, up to VESA®  200x200mm   For Sreen Sizes  22-40”",Active,EA,,FGMT,FGMT,Active,FPSS STANDPMNT           
PROST32ADP                    ,Hitachi CPD32WN Adpt for Promethean PRM 10/20/30,Inactive,EA,,PRO,Professional Sales Price Group,,PSS  STAND               
PWA-14                        ,"Wall Plate w/14"" Arm",Active,EA,False,CORE,Mounts,Active,PSS  STAND               
PWA-14S                       ,"Wall Plate w/14"" Arm",Active,EA,False,CORE,Mounts,Active,PSS  STAND               
PWA-14W                       ,"Wall Plate w/14"" Arm",Active,EA,False,CORE,Mounts,Active,PSS  STAND               
Q-ACC-LB3                     ,STRAIGHT LACING BAR (QTY 5),Active,EA,,PRO,Professional Sales Price Group,Active,RACKSSTAND               
SLWS251/BK                    ,"Full motion, universal to VESA®  400x400mm   For Sreen Sizes  32-50”",No Purchases,EA,,FGMT,FGMT,Use Up,FPSS STAND               
SLWS351/BK                    ,"Full motion, universal to VESA®  600x400mm   For Sreen Sizes  37-65”",No Sales,EA,,FGMT,FGMT,Active,FPSS STANDSMRXT          
SLWS451/BK                    ,"Full motion, universal to VESA®  800x400mm   For Sreen Sizes  42-90”",No Purchases,EA,,FGMT,FGMT,Use Up,FPSS STANDSMRXT          
SOTV55                        ,"55"" NEPTUNE SHADE SERIES 4K HDR OUTDOOR TV W/ TILT MOUNT",Inactive,EA,,NEPTUNE-SO,Neptune TVs,,ET   STANDNEPTN          
SOTV65                        ,"65"" NEPTUNE SHADE SERIES 4K HDR OUTDOOR TV W/ TILT MOUNT",No Purchases,EA,,NEPTUNE-SO,Neptune TVs,,ET   STANDNEPTN          
SOTV75                        ,"75"" NEPTUNE SHADE SERIES 4K HDR OUTDOOR TV W/ TILT MOUNT",Inactive,EA,,NEPTUNE-SO,Neptune TVs,,ET   STANDNEPTN          
SPK-080-B                     ,Xtreme Outdoor Soundbar - B-Stock,Inactive,EA,,ET WIRE,Emerging Technologies Products,,ET   STANDXTRME          
ST1PLATE2                     ,Hitachi CP-D32  Proj Adpt for SMART Arm UF55/65,Active,EA,,PRO,Professional Sales Price Group,Active,FPSS STANDETAIL          
THR-400                       ,Temperature Sensing Digital Signage Kiosk,Inactive,EA,False,KIOSK,Kiosks,,FPSS STAND               
THR-600                       ,Occupancy Control Kiosk,Inactive,EA,False,KIOSK,Kiosks,,KIOSKSTAND               
TMF3980                       ,"Interactive display flat wall mount 39""-80""",Active,EA,,FGMT,FGMT,Active,FPSS STAND               
TRA732                        ,"ARTICULATING MOUNT 22""-43""",No Purchases,EA,,FGMT,FGMT,Use Up,FPSS STANDTRVUE          
TRDD727                       ,"Tru Vue Desk Dual Display Mount For 13-27""",Active,EA,,FGMT,FGMT,Active,FPSS STANDTRVUE          
TRF630                        ,"FLAT MOUNT 10""-29""",No Purchases,EA,,FGMT,FGMT,Use Up,FPSS STAND               
TRF632                        ,"TVX V200 FLAT BLK 22-40"" NONSEC",No Purchases,EA,,FGMT,FGMT,Use Up,FPSS STANDTRVUE          
TRFT650                       ,"TruVue UNIV FLAT/TILT MOUNT 50-65""+ NONSEC",Active,EA,,FGMT,FGMT,Active,FPSS STANDTRVUE          
TRP732                        ,"PIVOT MOUNT 22""-40""",No Purchases,EA,,FGMT,FGMT,Use Up,FPSS STAND               
TRT630                        ,"TILT MOUNT 10""-29""",No Purchases,EA,,FGMT,FGMT,Use Up,FPSS STANDTRVUE          
TRT632                        ,"TVX V200 TILT BLK 22-40"" NONSEC",No Purchases,EA,,FGMT,FGMT,Use Up,FPSS STANDTRVUE          
TRVT561                       ,"Flat Panel Display Trolley For 32"" - 60""",Active,EA,,FGMT,FGMT,Active,FPSS STAND               
TRWV120/BK                    ,"Tilt, VESA®  75, 100  For Screen Sizes  10-29”",No Purchases,EA,,FGMT,FGMT,Use Up,FPSS STANDTRVUE          
TRWV140/BK                    ,"Pivot ,VESA®  75, 100  For Screen Sizes  10-29”",No Purchases,EA,,FGMT,FGMT,Use Up,FPSS STAND               
TRWV150/BK                    ,"Full Motion, VESA®  75, 100  For Screen Sizes  10-29”",No Purchases,EA,,FGMT,FGMT,Use Up,FPSS STAND               
TRWV210/BK                    ,"Flat, up to VESA®  200x200mm  For Screen Sizes  22-43”",No Purchases,EA,,FGMT,FGMT,Use Up,FPSS STANDTRVUE          
TRWV220/BK                    ,"Tilt, up to VESA®  200x200mm  For Screen Sizes  22-43”",No Purchases,EA,,FGMT,FGMT,Use Up,FPSS STANDTRVUE          
TRWV240/BK                    ,"Pivot, up to VESA®  200x200mm  For Screen Sizes  22-43”",No Purchases,EA,,FGMT,FGMT,Use Up,FPSS STAND               
TRWV250/BK                    ,"Full Motion, up to VESA®  200x200mm  For Screen Sizes  22-40”",No Purchases,EA,,FGMT,FGMT,Use Up,FPSS STANDTRVUE          
TSI55P-XHB                    ,"55"" TSi Touch IR Overlay Shroud, SS, Portrait, Outdoor, for XHB552, used in KOP2555-XHB",Active,EA,,KIOSK,Kiosks,,PP                  ELECT
TVP2256                       ,"Pivoting Wall Mount - 22""-56"" Displays",Active,EA,,XGCONS,XGCONS,Active,FPSS STAND               
TVT2256-A                     ,"Tilt Wall Mount 23-46"" without HDMI cable and tray",Active,EA,,XGCONS,XGCONS,Active,FPSS STANDTRVUE          
UA-BPS2                       ,Blanking Panel Solid - 2RU,Active,EA,,PRO,Professional Sales Price Group,Active,RACKSSTAND               
UA-DR3                        ,Drawer - 3RU,Active,EA,,PRO,Professional Sales Price Group,Active,RACKSSTAND               
UA-FS1-S14                    ,Ultra Quiet Fan Stack With Front Exhaust Slots - 1RU X 14D,Active,EA,,PRO,Professional Sales Price Group,Active,RACKSSTAND               
V4DCFC-100                    ,Volta V4-L3 DCFast EV Charging Station,No Request,EA,,CUSTM,Custom Sales Price Group,,VLTA STAND               
V4DCFC-100A                   ,Volta V4-L3 DCFast EV Charging Station Update FC CCS  w. 2x VOLTA55A,No Request,EA,,CUSTM,Custom Sales Price Group,,VLTA STAND               
V4-EVT1-L2-SUB                ,Volta V4 EVT1 L2 Charging Station Subassembly,Active,EA,,KIOSK,Kiosks,,VLTA STAND               
V4-EVT1-L3-SUB                ,Volta V4 EVT1 L3 Charging Station Subassembly,Active,EA,,KIOSK,Kiosks,,VLTA STAND               
V4L3-100                      ,Volta V4-L3 DCFast EV Charging Station,Active,EA,,KIOSK,Kiosks,,VLTA STAND               
VOLTA55B                      ,"55"" VOLTA XTREME HIGH BRIGHT OUTDOOR DISPLAY",No Purchases,EA,,ET,Emerging Technologies & Displays,,VLTA STAND               
WPTV55                        ,"55"" NEPTUNE SHADE SERIES 4K HDR OUTDOOR TV W/ TILT MOUNT",No Purchases,EA,,NEPTUNE-WP,Neptune TVs,,ET   STANDNEPTN          
WPTV65                        ,"65"" NEPTUNE SHADE SERIES 4K HDR OUTDOOR TV W/ TILT MOUNT",No Purchases,EA,,NEPTUNE-WP,Neptune TVs,,ET   STANDNEPTN          
WPTV75                        ,"75"" NEPTUNE SHADE SERIES 4K HDR OUTDOOR TV W/ TILT MOUNT",No Purchases,EA,,NEPTUNE-WP,Neptune TVs,,ET   STANDNEPTN          
10001541-RBLK                 ,"SUBASSEMBLY, COLUMN KIT, 5 TILE LEFT ADAPTER, LG LSCB, BLK",Active,EA,,DVLED,DvLED,,FAB                 ASSYP
10001543-RBLK                 ,"SUBASSEMBLY, COLUMN KIT, 5 TILE RIGHT ADAPTER, LG LSCB, BLK",Active,EA,,DVLED,DvLED,,FAB                 ASSYP
10001686-RBLK                 ,"SUBASSEMBLY, COLUMN KIT, 6 TILE CENTER ADAPTER, LG LSCB, BLK",Active,EA,,DVLED,DvLED,,FAB                 ASSYP
10001687-RBLK                 ,"SUBASSEMBLY, COLUMN KIT, 6 TILE LEFT ADAPTER, LG LSCB, BLK",Active,EA,,DVLED,DvLED,,FAB                 ASSYP
10001709-RBLK                 ,"SUBASSEMBLY, COLUMN KIT, 8 TILE LEFT ADAPTER, LG LSCB, BLK",Active,EA,,DVLED,DvLED,,FAB                 ASSYP
10003619                      ,"RETRACTOR PORT, MILLED SS, VOLTA GEN4.1",Active,EA,,CUSTM,Custom Sales Price Group,,FAB                 ASSYF
10003619-WASH                 ,"RETRACTOR PORT, MILLED SS, VOLTA GEN4.1",Active,EA,,CUSTM,Custom Sales Price Group,,FAB                 PAINT
10004431-RBLK                 ,"SUBASSEMBLY, COLUMN KIT, 7 TILE RIGHT ADAPTER, LG LSCB, BLK",Active,EA,,DVLED,DvLED,,FAB                 ASSYP
10004432-RBLK                 ,"SUBASSEMBLY, COLUMN KIT, 7 TILE LEFT ADAPTER, LG LSCB, BLK",Active,EA,,DVLED,DvLED,,FAB                 ASSYP
10004433-RBLK                 ,"SUBASSEMBLY, COLUMN KIT, 7 TILE CENTER ADAPTER, LG LSCB, BLK",Active,EA,,DVLED,DvLED,,FAB                 ASSYP
ACCD-DC75                     ,"Dust Cover for 75"" Neptune Outdoor TV",Inactive,EA,False,NEPTUNE,Neptune TVs,,ET   STANDNEPTN          
DS-LEDLSCB-7X7                ,7x7 Fixed Wall Mount for LG LSCB,Active,EA,,DVLED,DvLED,Active,LED  STANDDED            
ECN41226-REV1                 ,4x1 Ceiling Mt for  UH55F-E - WHITE  - no shroud,No Purchases,EA,,PRO,Professional Sales Price Group,Use Up,DS   CUSTM               
KIL755-S-EUK-ACL              ,"55"" Landscape In-Wall Kiosk w/ Acrylic",Active,EA,,KIOSK,Kiosks,Active,KIOSKSTANDINDOR          
KIPC2549B-3-WHL               ,"49"" Curve Totem/Portrait Back-to-Back Kiosk With Wheeled Base",No Request,EA,,KIOSK,Kiosks,Use Up,KIOSKSTANDINDORGROUN     
KIPC2549B-S-3-WHL             ,"49"" Curve Totem/Portrait Back-to-Back Kiosk With Wheeled Base",No Request,EA,,KIOSK,Kiosks,Use Up,KIOSKSTANDINDORGROUN     
KIPC2550B-3-WHL               ,"50"" Curve Totem/Portrait Back-to-Back Kiosk With Wheeled Base",No Request,EA,,KIOSK,Kiosks,Use Up,KIOSKSTANDINDORGROUN     
KIPC2550B-S-3-WHL             ,"50"" Curve Totem/Portrait Back-to-Back Kiosk With Wheeled Base",No Request,EA,,KIOSK,Kiosks,Use Up,KIOSKSTANDINDORGROUN     
KIPC2550B-S-WHL               ,"50"" Curve Totem/Portrait Back-to-Back Kiosk With Wheeled Base",No Request,EA,,KIOSK,Kiosks,Use Up,KIOSKSTANDINDORGROUN     
KIPC2550B-WHL                 ,"50"" Curve Totem/Portrait Back-to-Back Kiosk With Wheeled Base",No Request,EA,,KIOSK,Kiosks,Use Up,KIOSKSTANDINDORGROUN     
KIPC2550-S-WHL                ,"50"" Curve Totem/Portrait Kiosk With Wheeled Base",No Request,EA,False,KIOSK,Kiosks,Use Up,KIOSKSTANDINDORGROUN     
KIPC2550-WHL                  ,"50"" Curve Totem/Portrait Kiosk With Wheeled Base",No Request,EA,False,KIOSK,Kiosks,Use Up,KIOSKSTANDINDORGROUN     
KIPC2555B-3-WHL               ,"Black 55"" Curve Totem/Portrait Back-to-Back Kiosk With Wheeled Base-Deep Display",Active,EA,False,KIOSK,Kiosks,Active,KIOSKSTANDINDOR          
KIPC2555B-S-3-WHL             ,"Silver 55"" Curve Totem/Portrait Back-to-Back Kiosk w/ Wheeled Base -Deep Display",Active,EA,False,KIOSK,Kiosks,Active,KIOSKSTANDINDOR          
KIPC2555B-S-WHL               ,"Silver 55"" Curve Totem/Portrait Back-to-Back Kiosk With Wheeled Base",Active,EA,,KIOSK,Kiosks,Active,KIOSKSTANDINDORGROUN     
KIPC2555B-WHL                 ,"Black 55"" Curve Totem/Portrait Back-to-Back Kiosk With Wheeled Base",Active,EA,,KIOSK,Kiosks,Active,KIOSKSTANDINDORGROUN     
KIPC2555-S-WHL                ,"Silver 55"" Curve Totem/Portrait Kiosk With Wheeled Base",Active,EA,False,KIOSK,Kiosks,Active,KIOSKSTANDINDOR          
KIPC2555-WHL                  ,"Black 55"" Curve Totem/Portrait Kiosk With Wheeled Base",Active,EA,False,KIOSK,Kiosks,Active,KIOSKSTANDINDOR          
MIS41721                      ,Flat Wall Mt with Interface plate for 55/65UT567H,Active,EA,,PRO,Professional Sales Price Group,Active,FPSS STANDETAIL          
PTS6X4                        ,Table Top TV Stand - 600 x 400,Active,EA,True,CORE,Mounts,Active,FPSS STANDETAIL          
V4L2-101EU-SUB                ,Volta V4.1 L2 EV Charging Station Sub for EU Market,Active,EA,,CUSTM,Custom Sales Price Group,,VLTA STAND               
10002719-RBLK                 ,"TUBE CLAMP HALF, BLK",No Request,EA,,PRO,Professional Sales Price Group,,FAB                 PAINT
10003159                      ,"BRACKET, HORIZONTAL - XHB552/XHB553",Active,EA,,KIOSK,Kiosks,,FAB                 COMBO
10003160-RBLK                 ,"CURVED MONITOR ADAPTER PLATE, BLK",Active,EA,,PRO,Professional Sales Price Group,,FAB                 PAINT
10003206-RBLK                 ,"SUPPORT TUBE, BLK",Active,EA,,CORE,Mounts,,PP                       
10003220                      ,"VINYL TRIM, BLK",Active,EA,,PRO,Professional Sales Price Group,,PP                       
10005168                      ,"CONST. FORCE SPECTRACORD RETRACTOR, 10LB, HUNTER SPRING P/N 301762-1 (CUSTOM ML-2486)",Active,EA,,CUSTM,Custom Sales Price Group,,PP                  ELECT
A4X4                          ,"ETAIL UNIV ART MOUNT 32-50""+ NONSEC",Active,EA,False,E-TAIL,E-Tail,Active,FPSS STANDETAIL          
A6X4                          ,"ETAIL UNIV ART MOUNT 50-75""+ NONSEC",Active,EA,False,E-TAIL,E-Tail,Active,FPSS STANDETAIL          
ACC185                        ,"Screw and Spacer Kit for 85"" Microsoft Surface Hub 2S/2X",Active,EA,False,CORE,Mounts,Active,FPSS STANDETAIL          
ACC560-SHU                    ,95A48673 / Custom ACC560   -  Bulk Pack of 25,Active,EA,,PRO,Professional Sales Price Group,,PP                       
ACCKV111B                     ,VOLTA V3 55A/55B/55C DISPLAY BRACKET KIT,Active,EA,,CUSTM,Custom Sales Price Group,,VLTA STAND               
ACCKV132A                     ,V3 Cable Management Kit w. Spectra Cable,Active,EA,,CUSTM,Custom Sales Price Group,,VLTA STAND               
CO-SH55                       ,"(Customer Owned) 55"" NEPTUNE SHADE",Active,EA,,NEPTUNE,Neptune TVs,Active,ET   STANDNEPTN          
CO-SH65                       ,"(Customer Owned) 65"" NEPTUNE SHADE",Active,EA,,NEPTUNE,Neptune TVs,Active,ET   STANDNEPTN          
CO-SH75                       ,"(Customer Owned) 75"" NEPTUNE SHADE",Active,EA,,NEPTUNE,Neptune TVs,Active,ET   STANDNEPTN          
DS-LEDA27-3X6                 ,3x3 Fixed Wall Mount for Absen Acclaim,Active,EA,,DVLED,DvLED,Active,LED  STANDDED            
DS-LEDIWP-7X7                 ,7x7 Fixed Wall Mount for INFiLED WP,Active,EA,,DVLED,DvLED,Active,LED  STANDDED            
DS-LEDTK-12VX5S               ,"Universal DV-LED Trim Kit, 12' Vented x 5' Solid",Active,EA,False,DVLED,DvLED,,LED  STANDTK             
DS-LEDTK-16VX8S               ,"Universal DV-LED Trim Kit, 16' Vented x 8' Solid",Active,EA,False,DVLED,DvLED,,LED  STANDTK             
DS-LEDTK-20VX6S               ,"Universal DV-LED Trim Kit, 20' Vented x 6' Solid",Active,EA,False,DVLED,DvLED,,LED  STANDTK             
DS-LEDTK-24VX8S               ,"Universal DV-LED Trim Kit, 24' Vented x 8' Solid",Active,EA,False,DVLED,DvLED,,LED  STANDTK             
DS-LEDTK-32VX10S              ,"Universal DV-LED Trim Kit, 32' Vented x 10' Solid",Active,EA,False,DVLED,DvLED,,LED  STANDTK             
DS-LEDTK-6VX5S                ,"Universal DV-LED Trim Kit, 6' Vented x 5' Solid",Active,EA,False,DVLED,DvLED,,LED  STANDTK             
DS-LEDUPS-8X4                 ,8X4 Fixed Wall Mount for Unilumin UpanelS,Active,EA,False,DVLED,DvLED,,LED  STANDDED            
DS-LEDZRD-16X6                ,16x6 Fixed Wall Mount for Sony ZRD B and C Series Display,Inactive,EA,False,DVLED,DvLED,,LED  STANDDED            
DS-LEDZRD-3X6                 ,3x6 Fixed Wall Mount for Sony ZRD B and C Series Display,Inactive,EA,False,DVLED,DvLED,,LED  STANDDED            
LCT650SD                      ,"1X2 Free Standing Universal Desktop Mt - 24-49"" Curved Ultra-Wide Monitors",Active,EA,False,CORE,Mounts,Active,FPSS STANDETAIL          
MIS42403-FP                   ,FS/B-MIS38426 Adapter Screw Kit  -Philips M4x8,Active,EA,,PRO,Professional Sales Price Group,Active,FPSS STANDETAIL          
MIS42502                      ,Oneview Component Holder,Active,EA,,PRO,Professional Sales Price Group,Active,FPSS STANDETAIL          
ODTV5502-B                    ,"55"" NEPTUNE SHADE SERIES 4K HDR - B STOCK - 30 DAY WARRANTY",Active,EA,,NEPTUNE-OD,Neptune TVs,,ET   STANDNEPTN          
ODTV5502-R                    ,"55"" NEPTUNE SHADE SERIES 4K HDR - R STOCK - 1 YEAR WARRANTY; REFURBISHED",Active,EA,,NEPTUNE-OD,Neptune TVs,,ET   STANDNEPTN          
ODTV5502-SD                   ,"55"" NEPTUNE SHADE SERIES 4K HDR - SALES DEMO",Active,EA,,NEPTUNE-OD,Neptune TVs,,ET   STANDNEPTN          
ODTV5502-TS                   ,"55"" NEPTUNE SHADE SERIES 4K HDR - TRADE SHOW UNIT",Active,EA,,NEPTUNE-OD,Neptune TVs,,ET   STANDNEPTN          
ODTV6502-B                    ,"65"" NEPTUNE SHADE SERIES 4K HDR - B STOCK - 30 DAY WARRANTY",Active,EA,,NEPTUNE-OD,Neptune TVs,,ET   STANDNEPTN          
ODTV6502-R                    ,"65"" NEPTUNE SHADE SERIES 4K HDR - R STOCK - 1 YEAR WARRANTY; REFURBISHED",Active,EA,,NEPTUNE-OD,Neptune TVs,,ET   STANDNEPTN          
ODTV6502-SD                   ,"65"" NEPTUNE SHADE SERIES 4K HDR - SALES DEMO",Active,EA,,NEPTUNE-OD,Neptune TVs,,ET   STANDNEPTN          
ODTV6502-TS                   ,"65"" NEPTUNE SHADE SERIES 4K HDR - TRADE SHOW UNIT",Active,EA,,NEPTUNE-OD,Neptune TVs,,ET   STANDNEPTN          
ODTV7502-B                    ,"75"" NEPTUNE SHADE SERIES 4K HDR - B STOCK - 30 DAY WARRANTY",Active,EA,,NEPTUNE-OD,Neptune TVs,,ET   STANDNEPTN          
ODTV7502-R                    ,"75"" NEPTUNE SHADE SERIES 4K HDR - R STOCK - 1 YEAR WARRANTY; REFURBISHED",Active,EA,,NEPTUNE-OD,Neptune TVs,,ET   STANDNEPTN          
ODTV7502-SD                   ,"75"" NEPTUNE SHADE SERIES 4K HDR - SALES DEMO",Active,EA,,NEPTUNE-OD,Neptune TVs,,ET   STANDNEPTN          
ODTV7502-TS                   ,"75"" NEPTUNE SHADE SERIES 4K HDR - TRADE SHOW UNIT",Active,EA,,NEPTUNE-OD,Neptune TVs,,ET   STANDNEPTN          
T4X4                          ,"ETAIL UNIV FLAT/TILT MOUNT 32-50""+ NONSEC",Active,EA,False,E-TAIL,E-Tail,Active,FPSS STANDETAIL          
T6X4                          ,"ETAIL UNIV FLAT/TILT MOUNT 50-65""+ NONSEC",Active,EA,False,E-TAIL,E-Tail,Active,FPSS STANDETAIL          
T8X4                          ,"ETAIL UNIV FLAT/TILT MOUNT 65-90""+ NONSEC",Active,EA,False,E-TAIL,E-Tail,Active,FPSS STANDETAIL          
10000903                      ,DCFC 24VDC SUPPLY WITH PLUG,No Request,EA,,CUSTM,Custom Sales Price Group,,FAB                 ASSYP
10003143-TBLK                 ,"KOP2555 DISPLAY BRACKET, WELDMENT, TBLK",Active,EA,,KIOSK,Kiosks,,FAB                 PAINT
10003159-TBLK                 ,"BRACKET, HORIZONTAL - XHB552/XHB553, TBLK",Active,EA,,KIOSK,Kiosks,,FAB                 PAINT
10004275-TEXBLK               ,"RIGHT, DISPLAY BRACKET, VOLTA V3 FOR 55A AND 55B DISPLAYS, TEXBLK",Active,EA,,CUSTM,Custom Sales Price Group,,FAB                 PAINT
10005420                      ,"BALL STOP, SPECTRACORD, VOLTA RETRACTOR",Active,EA,,CUSTM,Custom Sales Price Group,,FAB                 ASSYF
10005438-RBLK                 ,"STACKING HOOK BRACKET, LSCB, BLK",Active,EA,,DVLED,DvLED,,FAB                 PAINT
153-0133                      ,CONCRETE PANEL KIT,Active,EA,,CUSTM,Custom Sales Price Group,,FAB                 ASSYP
153-8030                      ,"FAST PACK, VOLTA55B DISPLAY MOUNTING HARDWARE",No Request,EA,,CUSTM,Custom Sales Price Group,,FAST                     
KIT-LEDSTK-LSCB-CTR           ,"KIT - CTR STACKING, LG LSCB, BLK",Active,EA,,DVLED,DvLED,,FAST                     
KIT-LEDSTK-LSCB-END           ,"KIT - END STACKING, LG LSCB, BLK",Active,EA,,DVLED,DvLED,,FAST                     
10005280                      ,6MM LED MOUNTING STUD FOR SONY CRYSTAL,No Purchases,EA,,DVLED,DvLED,,PP                  ELECT
10005327                      ,"Nut Cap for 3/4"" rod",Active,EA,,KIOSK,Kiosks,,FAST                NUT  
10005571                      ,CLIPPER CREEK HCS-50 W/ COSMOS,Active,EA,,CUSTM,Custom Sales Price Group,,PP                  ELECT
10006153                      ,"Plastic-Head Thumb Screw with Hex Drive, 10-32 Thread Size, 3/8"" Long",Active,EA,,PRO,Professional Sales Price Group,,FAST                HW   
600-0464                      ,TERM BLOCK CLAMP 6AWG-3X BEIGE WEID 1767690000 - ZDU 10/3 AN,Active,EA,,PRO,Professional Sales Price Group,,PP                  ELECT
600-0465                      ,TERM BLOCK CLAMP 6AWG-3X BLUE WEID 1767700000 - ZDU 10/3 AN BL,Active,EA,,PRO,Professional Sales Price Group,,PP                  ELECT
600-0466                      ,TERM BLOCK CLAMP 6AWG-3X END CAP WEID 1749580000 - ZAP ZDU10-163AN,Active,EA,,KIOSK,Kiosks,,PP                  ELECT
981-2882-1                    ,"CTN, RETAIL PF630",Active,EA,,PRO,Professional Sales Price Group,,CARTN               RETBX
00000557-1                    ,BP ION3 DOOR ASSEMBLY,No Request,EA,,CUSTM,Custom Sales Price Group,,FAB                 ASSYP
055-8453                      ,HARDWARE FOR JUICEBOX CHARGER AND BRACKET,Active,EA,,CUSTM,Custom Sales Price Group,,FAST                     
10004240-RBLK                 ,"BRACKET ADAPTER, ""Z"", RIGHT, ASSEMBLY, BLK",Active,EA,,PRO,Professional Sales Price Group,,PPA                      
10004241-RBLK                 ,"BRACKET ADAPTER, ""Z"", LEFT, ASSEMBLY, BLK",Active,EA,,PRO,Professional Sales Price Group,,PPA                      
10005766                      ,WSHR LCK EXT TOOTH .256 x .51 x .023,Active,EA,,PRO,Professional Sales Price Group,,FAST                WASH 
10006263                      ,SCREW M5X0.8X8MM PHIL PAN SS,Active,EA,,PRO,Professional Sales Price Group,,FAST                HW   
10006879-SLV                  ,V4.4 French insert,Active,EA,,CUSTM,Custom Sales Price Group,,FAB                 PAINT
10006880-SLV                  ,V4.4 German insert,Active,EA,,CUSTM,Custom Sales Price Group,,FAB                 PAINT
10007095                      ,"DOOR GASKET - TRIM-LOK X1085-BT, VOLTA GEN4",Active,FT,,CUSTM,Custom Sales Price Group,,PP                  ELECT
10007325                      ,CORD W/EU PLUG AND THERMOSTAT,Active,EA,,KIOSK,Kiosks,,FAB                 ASSYP
10007532                      ,"ALUMINUM EXTRUSION, 20MM X 20MM X 1504MM",Active,EA,,DVLED,DvLED,,FAB                 ASSYF
10007538                      ,SCREW M4X0.7MMX12MM PHIL FLT 18-8 BLKOX,Active,EA,,CUSTM,Custom Sales Price Group,,FAST                HW   
10008175                      ,"DCFC, BTC DISPENSER, FLAT TOP VOLTA GEN4.3",Active,EA,,CUSTM,Custom Sales Price Group,,PP                  ELECT
10008199                      ,"HEP-320-12A WIRE ASY W/LLT CONNECTOR, VOLTA GEN4.3",Active,EA,,CUSTM,Custom Sales Price Group,,FAB                 ASSYP
10008938                      ,"PAYTER, P68 ARC",Active,EA,,CUSTM,Custom Sales Price Group,,PP                  ELECT
10009258                      ,"SIG LT DIFF - LH VERT, IM, VOLTA GEN4",Active,EA,,CUSTM,Custom Sales Price Group,,PP                  ELECT
10009260                      ,"SIG LT DIFF - RH HORZ, IM, VOLTA GEN4",Active,EA,,CUSTM,Custom Sales Price Group,,PP                  ELECT
10009261                      ,"SIG LT DIFF - RH VERT, IM, VOLTA GEN4",Active,EA,,CUSTM,Custom Sales Price Group,,PP                  ELECT
10009845                      ,"""Y"" CABLE ASSEMBLY - LLT",Active,EA,,CUSTM,Custom Sales Price Group,,PP                  ELECT
10010065-RBLK                 ,"SUBASSEMBLY, 3 TILE RIGHT ADAPTER, SAMSUNG IER, BLK",Active,EA,,DVLED,DvLED,,FAB                 PAINT
10010072-RBLK                 ,"SUBASSEMBLY, 3 TILE LEFT ADAPTER, SAMSUNG IER, BLK",Active,EA,,DVLED,DvLED,,FAB                 PAINT
10010102-RBLK                 ,"SUBASSEMBLY, 5 TILE LEFT ADAPTER, SAMSUNG IER, BLK",Active,EA,,DVLED,DvLED,,FAB                 PAINT
10010106-RBLK                 ,"SUBASSEMBLY, 5 TILE RIGHT ADAPTER, SAMSUNG IER, BLK",Active,EA,,DVLED,DvLED,,FAB                 PAINT
147-8120                      ,FASTPACK UNILUMIN UPANELS-8X8,Active,EA,,DVLED,DvLED,,FAST                     
153-1072-1                    ,LH DISPLAY BEZEL ASSEMBLY,Active,EA,,CUSTM,Custom Sales Price Group,,FAB                 ASSYP
153-1073-1                    ,RH DISPLAY BEZEL ASSEMBLY,Active,EA,,CUSTM,Custom Sales Price Group,,FAB                 ASSYP
154-8184                      ,"FASTPACK, KOF-OPT-SPK",Active,EA,,KIOSK,Kiosks,,FAST                     
407K81                        ,4'-6' Adjustable Extension Column,Active,EA,,PRO,Professional Sales Price Group,Active,APNS                     
407K83                        ,5'-7' Adjustable Extension Column,Active,EA,,PRO,Professional Sales Price Group,Active,APNS                     
553DNT1S-UA                   ,"55"" NEPTUNE OUTDOOR UHD SMART TV W/ MOUNT",Inactive,EA,,NEPTUNE,Neptune TVs,Use Up,ET   STANDNEPTN          
591-1042                      ,"ACCD-DC553 Dust cover (55"")",Active,EA,,NEPTUNE,Neptune TVs,Active,ET   STANDNEPTN          
591-1043                      ,"ACCD-DC653 Dust cover (65"")",Active,EA,,NEPTUNE,Neptune TVs,Active,ET   STANDNEPTN          
591-1044                      ,"ACCD-DC753 Dust cover (75"")",Active,EA,,NEPTUNE,Neptune TVs,Active,ET   STANDNEPTN          
600-0453                      ,24 WATT 24 VDC POWER SUPPLY,Active,EA,,KIOSK,Kiosks,,PP                  ELECT
600-0479                      ,"CAT6 ETHERNET CABLE, 5' LG, BLUE",Active,EA,,PRO,Professional Sales Price Group,,PP                  ELECT
653DNT1S-UA                   ,"65"" NEPTUNE OUTDOOR UHD SMART TV W/ MOUNT",No Purchases,EA,,NEPTUNE,Neptune TVs,Active,ET   STANDNEPTN          
753DNT1S-UA                   ,"75"" NEPTUNE OUTDOOR UHD SMART TV W/ MOUNT",Inactive,EA,,NEPTUNE,Neptune TVs,,ET   STANDNEPTN          
981-1085                      ,"CARTON, WHITE BOX, ULINE (S-15142) 9 X 8 X 2",Active,EA,,PRO,Professional Sales Price Group,,CARTN               BOXES
981-2893-1                    ,"CTN, RETAIL PT660",Active,EA,,PRO,Professional Sales Price Group,,CARTN               RETBX
ACCD-DC553                    ,"55"" Neptune Outdoor TV Dust Cover - Gen3",Active,EA,True,NEPTUNE-ACC,Neptune Accessories,Active,ET   STANDNEPTN          
ACCD-DC653                    ,"65"" Neptune Outdoor TV Dust Cover - Gen3",Active,EA,True,NEPTUNE-ACC,Neptune Accessories,Active,ET   STANDNEPTN          
ACCD-DC753                    ,"75"" Neptune Outdoor TV Dust Cover - Gen3",Active,EA,True,NEPTUNE-ACC,Neptune Accessories,Active,ET   STANDNEPTN          
ACCD-REM03                    ,Peerless-AV Neptune Outdoor Rated SMART Remote,No Sales,EA,,NEPTUNE,Neptune TVs,,ET   STANDNEPTN          
ACCK122                       ,5pk filter replacement for KOF-OPT-FAN,No Purchases,EA,False,KIOSK,Kiosks,Active,KIOSKSTANDINDOR          
ACCKV132B                     ,V3 Cable Management Kit w. Paracord 275 Cable,No Purchases,EA,,CUSTM,Custom Sales Price Group,,VLTA STAND               
ACCKV134B                     ,Volta V3 55B Fan Kit Assembly,Active,EA,,CUSTM,Custom Sales Price Group,,VLTA STAND               
ACCKV135                      ,Volta V3 Clipper Creek Retrofit Kit,Active,EA,,CUSTM,Custom Sales Price Group,,VLTA STAND               
ACCKV137                      ,Volta V4 Clipper Creek Retrofit Kit,No Request,EA,,CUSTM,Custom Sales Price Group,,VLTA STAND               
ACCKV139-V3                   ,V3 Baseplate 4-pack,Active,EA,,CUSTM,Custom Sales Price Group,,VLTA STAND               
ACCKV139-V4                   ,V4 Baseplate 4-pack,Active,EA,,CUSTM,Custom Sales Price Group,,VLTA STAND               
ACCKV140                      ,"V4 Installation Template with Movable Arms, 4 PK",Active,EA,,CUSTM,Custom Sales Price Group,,VLTA STAND               
ACCKV141                      ,Volta V4.1 UI Panel Acrylic Window Kit,Active,EA,,CUSTM,Custom Sales Price Group,,VLTA STAND               
ACCKV143                      ,V4 7.5-lb Cable Management Kit w/ Spectracord Cable,Active,EA,,CUSTM,Custom Sales Price Group,,VLTA STAND               
ACCKV-HCS50                   ,CLIPPER CREEK HCS-50 KIT W/ COSMOS AND USB ASY,Active,EA,,CUSTM,Custom Sales Price Group,,VLTA STAND               
ACCKV-HCS60                   ,CLIPPER CREEK HCS-60 KIT W/ COSMOS AND USB ASY,Active,EA,,CUSTM,Custom Sales Price Group,,VLTA STAND               
ACC-V1500X                    ,Adaptor Accessory for 1500 and 1200mm Wide Mounting Patterns,Active,EA,False,CORE,Mounts,Active,FPSS STANDETAIL          
BIHI-020                      ,Blue Planet Energy Blue Ion 020 HI energy storage system,Active,EA,,CUSTM,Custom Sales Price Group,,BPE  STAND               
BIHI-ACCFR                    ,Blue Planet Energy BIHI Fan Replacement Accessory Kit (ECN41235),Active,EA,,CUSTM,Custom Sales Price Group,,BPE  STAND               
BIHI-ACCNP-010                ,Blue Planet Energy Namaka Accessory Plate,Active,EA,,CUSTM,Custom Sales Price Group,,BPE  STAND               
BWPTV553                      ,"55"" 500 Nits Partial Sun, Web OS Hub, Includes Outdoor Tilt Mount",Active,EA,True,NEPTUNE-BWP,Neptune TVs,Active,ET   STANDNEPTN          
BWPTV653                      ,"65"" 500 Nits Partial Sun, Web OS Hub, Includes Outdoor Tilt Mount",Active,EA,True,NEPTUNE-BWP,Neptune TVs,Active,ET   STANDNEPTN          
BWPTV753                      ,"75"" 500 Nits Partial Sun, Web OS Hub, Includes Outdoor Tilt Mount",Inactive,EA,,NEPTUNE-BWP,Neptune TVs,,ET   STANDNEPTN          
COTV5503                      ,"55"" 500 Nits Partial Sun, Web OS Hub, Includes Outdoor Tilt Mount",Active,EA,,NEPTUNE,Neptune TVs,Active,ET   STANDNEPTN          
COTV6503                      ,"65"" 500 Nits Partial Sun, Web OS Hub, Includes Outdoor Tilt Mount",Active,EA,,NEPTUNE,Neptune TVs,Active,ET   STANDNEPTN          
COTV7503                      ,"75"" 500 Nits Partial Sun, Web OS Hub, Includes Outdoor Tilt Mount",Inactive,EA,,NEPTUNE,Neptune TVs,,ET   STANDNEPTN          
CO-VOLTAKIOSK                 ,(Customer Owned) Volta Kiosk,Active,EA,,CUSTM,Custom Sales Price Group,,VLTA                     
DEV-KLR64255                  ,"Ligature Resist TV Encl- 42"" to 55"" _TCI Oyster White",Active,EA,,KIOSK,Kiosks,Active,KIOSKSTANDINDOR          
DEV-KLR64255-GW               ,"Ligature Resist TV Encl- 42"" to 55"" _Gloss White",Active,EA,,KIOSK,Kiosks,Active,KIOSKSTANDINDOR          
DEV-PLCM-2WHT                 ,PLCM-2 in Sky White,Active,EA,,CORE,Mounts,Active,FPSS STANDETAIL          
DS-LEDA27-2X4                 ,DS-LEDA27-2X4,Active,EA,,DVLED,DvLED,Active,LED  STANDDED            
DS-LEDA27-6X5                 ,6X5 Fixed Wall Mount for Absen Acclaim,Active,EA,,DVLED,DvLED,Active,LED  STANDDED            
DS-LEDIER-15X5                ,"15x5 Flat Wall Mount for Samsung IEA, IER and IFR DvLED Displays",Active,EA,,DVLED,DvLED,Active,LED  STANDDED            
DS-LEDIER-4X3                 ,"4X3 Flat Wall Mount for Samsung IEA, IER and IFR DvLED Displays",Inactive,EA,False,DVLED,DvLED,,LED  STANDDED            
DS-LEDIER-6X3                 ,"6x3 Flat Wall Mount for Samsung IEA, IER and IFR DvLED Displays",Active,EA,False,DVLED,DvLED,,LED  STANDDED            
DS-LEDLSAA-12X4               ,12X4 Fixed Wall Mount for LG LSAA Series,No Request,EA,,DVLED,DvLED,Use Up,LED  STANDDED            
DS-LEDLSAA-24X7               ,24x7 Fixed Wall Mount for LG LSAA Series,No Request,EA,,DVLED,DvLED,Use Up,LED  STANDDED            
DS-LEDLSAA-32X7               ,32x7 Fixed Wall Mount for LG LSAA Series,No Request,EA,,DVLED,DvLED,Use Up,LED  STANDDED            
DS-LEDLSCB-2X2                ,2x2 Fixed Wall Mount for LG LSCB,Active,EA,,DVLED,DvLED,Active,LED  STANDDED            
DS-LEDLSCB-3X3                ,3x3 Fixed Wall Mount for LG LSCB,No Purchases,EA,False,DVLED,DvLED,,LED  STANDDED            
DS-LEDLSCB-3X4                ,3x4 Fixed Wall Mount for LG LSCB,Active,EA,,DVLED,DvLED,Active,LED  STANDDED            
DS-LEDLSCB-4X4                ,4x4 Fixed Wall Mount for LG LSCB,No Purchases,EA,False,DVLED,DvLED,,LED  STANDDED            
DS-LEDLSCB-5X7                ,5x7 LG LSCB Dedicated Wall Mount,Active,EA,,DVLED,DvLED,Active,LED  STANDDED            
DS-LEDLSCB-8X4                ,8x4 Fixed Wall Mount for LG LSCB,No Purchases,EA,False,DVLED,DvLED,,LED  STANDDED            
DS-LEDTK-10VX5S               ,"Universal DV-LED Trim Kit, 10' Vented x 5' Solid",Active,EA,False,DVLED,DvLED,,LED  STANDTK             
DS-LEDTK-13VX6S               ,"Universal DV-LED Trim Kit, 13' Vented x 6' Solid",Active,EA,False,DVLED,DvLED,,LED  STANDTK             
DS-LEDTK-13VX8S               ,"Universal DV-LED Trim Kit, 13' Vented x 8' Solid",Active,EA,False,DVLED,DvLED,,LED  STANDTK             
DS-LEDTK-14VX8S               ,"Universal DV-LED Trim Kit, 14' Vented x 8' Solid",Active,EA,False,DVLED,DvLED,,LED  STANDTK             
DS-LEDTK-15VX8S               ,"Universal DV-LED Trim Kit, 15' Vented x 8' Solid",Active,EA,,DVLED,DvLED,Active,LED  STANDTK             
DS-LEDTK-17VX10S              ,"Universal DV-LED Trim Kit, 17' Vented x 10' Solid",Active,EA,False,DVLED,DvLED,,LED  STANDTK             
DS-LEDTK-18VX10S              ,"Universal DV-LED Trim Kit, 18' Vented x 10' Solid",Active,EA,False,DVLED,DvLED,,LED  STANDTK             
DS-LEDTK-19VX6S               ,"Universal DV-LED Trim Kit, 19' Vented x 6' Solid",Active,EA,,DVLED,DvLED,Active,LED  STANDTK             
DS-LEDTK-20VX11S              ,"Universal DV-LED Trim Kit, 20' Vented x 11' Solid",Active,EA,False,DVLED,DvLED,,LED  STANDTK             
DS-LEDTK-28VX8S               ,"Universal DV-LED Trim Kit, 28' Vented x 8' Solid",Active,EA,,DVLED,DvLED,Active,LED  STANDTK             
DS-LEDTK-30VX8S               ,"Universal DV-LED Trim Kit, 30' Vented x 8' Solid",Active,EA,False,DVLED,DvLED,,LED  STANDTK             
DS-LEDTK-32VX5S               ,"Universal DV-LED Trim Kit, 32' Vented x 5' Solid",Active,EA,False,DVLED,DvLED,,LED  STANDTK             
DS-LEDTK-48VX10S              ,"Universal DV-LED Trim Kit, 48' Vented x 10' Solid",Active,EA,,DVLED,DvLED,Active,LED  STANDTK             
DS-LEDTK-5VX8S                ,"Universal DV-LED Trim Kit, 5' Vented x 8' Solid",Active,EA,False,DVLED,DvLED,,LED  STANDTK             
DS-LEDTK-6VX8S                ,"Universal DV-LED Trim Kit, 6' Vented x 8' Solid",Active,EA,False,DVLED,DvLED,,LED  STANDTK             
DS-LEDTK-8VX10S               ,"Universal DV-LED Trim Kit, 8' Vented x 10' Solid",Active,EA,False,DVLED,DvLED,,LED  STANDTK             
DS-LEDUPS-2X4                 ,DS-LEDUPS-2X4,Active,EA,,DVLED,DvLED,Active,LED  STANDDED            
DS-LEDUPS-3X1                 ,3x1 Fixed Wall Mount for Unilumin UpanelS,Inactive,EA,False,DVLED,DvLED,,LED  STANDDED            
DS-LEDUPS-3X4                 ,3x4 Fixed Wall Mount for Unilumin UpanelS,No Request,EA,False,DVLED,DvLED,,LED  STANDDED            
DS-LEDUPS-4X8                 ,4X8 Fixed Wall Mount for Unilumin UpanelS,Active,EA,False,DVLED,DvLED,,LED  STANDDED            
DS-LEDUPS-5X4                 ,5x4 Fixed Wall Mount for Unilumin UpanelS,Active,EA,,DVLED,DvLED,Active,LED  STANDDED            
DS-LEDUPS-7X7                 ,7x7 Fixed Wall Mount Unilumin UPanelS,Active,EA,False,DVLED,DvLED,,LED  STANDDED            
DS-LEDUPS-8X3                 ,8X3 Fixed Wall Mount for Unilumin UpanelS,Active,EA,,DVLED,DvLED,Active,LED  STANDDED            
DS-LEDVST-10X5                ,10x5 Fixed Wall Mount for SNA VST Series Display,No Purchases,EA,,DVLED,DvLED,Use Up,LED  STANDDED            
DS-LEDVST-12X6                ,12x6 Fixed Wall Mount for SNA VST Series Display,No Purchases,EA,,DVLED,DvLED,Use Up,LED  STANDDED            
DS-LEDVST-6X3                 ,6x3 Fixed Wall Mount for SNA VST Series Display,No Purchases,EA,,DVLED,DvLED,Use Up,LED  STANDDED            
DS-LEDVST-8X4                 ,8x4 Fixed Wall Mount for SNA VST Series Display,No Purchases,EA,,DVLED,DvLED,Use Up,LED  STANDDED            
DS-LEDZRD-10X10               ,10X10 Fixed Wall Mount for Sony ZRD B and C Series Display,Inactive,EA,False,DVLED,DvLED,,LED  STANDDED            
DS-LEDZRD-4X4                 ,4x4 Fixed Wall Mount for Sony ZRD B and C Series Display,Inactive,EA,False,DVLED,DvLED,,LED  STANDDED            
DS-LEDZRD-5X5                 ,5x5 Fixed Wall Mount for Sony ZRD B and C Series Display,Inactive,EA,False,DVLED,DvLED,,LED  STANDDED            
DS-LEDZRD-7X7                 ,7x7 Fixed Wall Mount for Sony ZRD B and C Series Display,Inactive,EA,False,DVLED,DvLED,,LED  STANDDED            
DS-LEDZRD-8X8                 ,8x8 Fixed Wall Mount for Sony ZRD B and C Series Display,Inactive,EA,False,DVLED,DvLED,,LED  STANDDED            
ECMUA                         ,"Outdoor Adjustable Ceiling Mount - 43-75"" Displays",Active,EA,True,CORE,Mounts,Active,FPSS STANDETAIL          
ECN43878                      ,Ceiling Menu Board Reinforcement Bracket,Inactive,EA,,PRO,Professional Sales Price Group,,DS   CUSTM               
IMAL                          ,"Display Adaptor for 12""-24.5"" wide I-beams",Active,EA,False,CORE,Mounts,Active,FPSS STANDETAIL          
IMAM                          ,"Display Adaptor for up to 12"" wide I-beams",Active,EA,False,CORE,Mounts,Active,FPSS STANDETAIL          
IPJ2000CM                     ,Sharp Projector Mt,Active,EA,,PRO,Professional Sales Price Group,Active,PSS  CUSTM               
KIRP-XHB4                     ,Smart City IR Touch Overlay  for XHB554,Active,EA,False,KIOSK,Kiosks,Active,KIOSKSTAND               
KIRP-XHB4-HT                  ,Smart City IR Touch Overlay w/ Heater -  for XHB554,No Purchases,EA,False,KIOSK,Kiosks,Use Up,KIOSKSTAND               
KOF-OPT-553BRKTS              ,adapter brackets for XHB553,No Purchases,EA,False,KIOSK,Kiosks,Use Up,KIOSKSTANDOUTDRGROUN     
KOF-OPT-ELECTRICAL            ,Electrical box for KOF555,Active,EA,False,KIOSK,Kiosks,Active,KIOSKSTANDOUTDR          
KOF-OPT-FAN                   ,Fan option for KOF,Active,EA,False,KIOSK,Kiosks,Active,KIOSKSTANDOUTDR          
KOF-OPT-SHELF                 ,Shelf for KOF555,Active,EA,False,KIOSK,Kiosks,Active,KIOSKSTANDOUTDR          
KOF-OPT-SPK                   ,Speaker and mic for KOF555,Active,EA,False,KIOSK,Kiosks,Active,KIOSKSTANDOUTDR          
MIS42702                      ,PC Box for MIS33617 M:35,Active,EA,,PRO,Professional Sales Price Group,Active,FPSS STANDETAIL          
MIS42702-CM                   ,Kitted Ceiling Mt (PC Box + MIS33617 Ceiling Mt) M:100,Active,EA,,PRO,Professional Sales Price Group,Active,FPSS STANDETAIL          
MIS43901                      ,Adapter Plate for LG 50& 55UT340H,No Request,EA,,PRO,Professional Sales Price Group,Use Up,FPSS STAND               
MIS44193MC-ACC                ,Wall Plate Acc for LG 42SH7DB 3x1 for MIS44193MC-ADA,Active,EA,,DS,Digital Signage,Active,FPSS STAND               
MIS44193MC-ADA                ,ADA DMB WM-Flat for 47WS50MS/49UH7F-H/49SH7DB,Active,EA,,DS,Digital Signage,Active,FPSS STANDETAIL          
MIS647L-QM50R                 ,DS-MBZ647L w/M8x35 for Tim Horton's,Active,EA,,PRO,Professional Sales Price Group,Active,FPSS STAND               
MIS656-A                      ,Articulating Arm Mount with PC Holder & PA730,Active,EA,,PRO,Professional Sales Price Group,Active,FPSS STANDETAIL          
MIS999                        ,SR575M CART W/GRAB HANDLE,Active,EA,,PRO,Professional Sales Price Group,Active,FPSS STANDETAIL          
NT553                         ,"55"" 500 Nits Partial Sun, Web OS Hub, Includes Outdoor Tilt Mount",Active,EA,True,NEPTUNE,Neptune TVs,Active,ET   STANDNEPTN          
NT653                         ,"65"" 500 Nits Partial Sun, Web OS Hub, Includes Outdoor Tilt Mount",Active,EA,True,NEPTUNE,Neptune TVs,Active,ET   STANDNEPTN          
NT753                         ,"75"" 500 Nits Partial Sun, Web OS Hub, Includes Outdoor Tilt Mount",No Purchases,EA,False,NEPTUNE,Neptune TVs,Use Up,ET   STANDNEPTN          
ODSB01-B                      ,Neptune Outdoor Soundbar - B-Stock,Active,EA,,NEPTUNE,Neptune TVs,Active,ET   STANDNEPTN          
ODTV5502-S                    ,"55"" Neptune Model Sample, No Mount, 90 Day Warranty",Active,EA,,NEPTUNE-OD,Neptune TVs,,ET   STANDNEPTN          
ODTV5503                      ,"55"" 500 Nits Partial Sun, Web OS Hub, Includes Outdoor Tilt Mount",Active,EA,,NEPTUNE-OD,Neptune TVs,Active,ET   STANDNEPTN          
ODTV6502-S                    ,"65"" Neptune Model Sample, Inlcudes Mount, 90 day Warranty",Active,EA,,NEPTUNE-OD,Neptune TVs,,ET   STANDNEPTN          
ODTV6503                      ,"65"" 500 Nits Partial Sun, Web OS Hub, Includes Outdoor Tilt Mount",Active,EA,,NEPTUNE-OD,Neptune TVs,Active,ET   STANDNEPTN          
ODTV7502-S                    ,"75"" Neptune Model Sample, Inlcudes Mount, 90 day Warranty",Active,EA,,NEPTUNE-OD,Neptune TVs,,ET   STANDNEPTN          
ODTV7503                      ,"75"" 500 Nits Partial Sun, Web OS Hub, Includes Outdoor Tilt Mount",Inactive,EA,,NEPTUNE-OD,Neptune TVs,,ET   STANDNEPTN          
PLCM-2W                       ,PLCM-2  Tilt Box in  White,Active,EA,,PRO,Professional Sales Price Group,Active,FPSS STANDETAIL          
SF680P-HUB2                   ,"FLAT WALL MOUNT FOR MICROSOFT SURFACE HUB 85"" 2S",Active,EA,True,CORE,Mounts,Active,FPSS STANDSMRT           
SOTV553                       ,"55"" 500 Nits Partial Sun, Web OS Hub, Includes Outdoor Tilt Mount",Active,EA,,NEPTUNE-SO,Neptune TVs,Active,ET   STANDNEPTN          
SOTV653                       ,"65"" 500 Nits Partial Sun, Web OS Hub, Includes Outdoor Tilt Mount",Active,EA,,NEPTUNE-SO,Neptune TVs,Active,ET   STANDNEPTN          
SOTV753                       ,"75"" 500 Nits Partial Sun, Web OS Hub, Includes Outdoor Tilt Mount",Inactive,EA,,NEPTUNE-SO,Neptune TVs,,ET   STANDNEPTN          
SR598-HUB2                    ,"SMARTMOUNT UNIVERSAL CART FOR MICROSOFT SURFACE HUB - 85"" 2S",Active,EA,True,CORE,Mounts,Active,FPSS STANDETAIL          
SXN-55                        ,"55"" NEPTUNE SHADE SERIES 4K HDR OUTDOOR TV W/ TILT MOUNT",Inactive,EA,,NEPTUNE,Neptune TVs,,ET   STANDNEPTN          
SXN-65                        ,"65"" NEPTUNE SHADE SERIES 4K HDR OUTDOOR TV W/ TILT MOUNT",No Purchases,EA,,NEPTUNE,Neptune TVs,,ET   STANDNEPTN          
SXN-75                        ,"75"" NEPTUNE SHADE SERIES 4K HDR OUTDOOR TV W/ TILT MOUNT",Inactive,EA,,NEPTUNE,Neptune TVs,,ET   STANDNEPTN          
VNE-100                       ,Volta Network Enclosure,No Request,EA,,CUSTM,Custom Sales Price Group,,VLTA STAND               
VOLTA55B-R                    ,"55"" VOLTA XTREME HIGH BRIGHT OUTDOOR DISPLAY (Refurbished)",No Purchases,EA,,ET,Emerging Technologies & Displays,,VLTA STAND               
VOLTA55C                      ,"55"" XTREME HIGH BRIGHT VOLTA DISPLAY GENERATION 4",Active,EA,,ET,Emerging Technologies & Displays,,VLTA STAND               
WPTV553                       ,"55"" 500 Nits Partial Sun, Web OS Hub, Includes Outdoor Tilt Mount",Active,EA,,NEPTUNE-WP,Neptune TVs,Active,ET   STANDNEPTN          
WPTV653                       ,"65"" 500 Nits Partial Sun, Web OS Hub, Includes Outdoor Tilt Mount",Active,EA,,NEPTUNE-WP,Neptune TVs,Active,ET   STANDNEPTN          
WPTV753                       ,"75"" 500 Nits Partial Sun, Web OS Hub, Includes Outdoor Tilt Mount",Inactive,EA,,NEPTUNE-WP,Neptune TVs,,ET   STANDNEPTN          
55YF30                        ,In-wall Box Media Plate Accessory,Active,EA,False,PRO,Professional Sales Price Group,Active,FPSS STAND               
55YF31                        ,"14x14"" In-wall Box with Duplex Surge Protector",Active,EA,False,PRO,Professional Sales Price Group,Active,FPSS STAND               
DS-LED41470                   ,Outdoor flat to wall mount Absen K Plus 4x3,Active,EA,,FGMT,FGMT,Active,LED  CUSTM               
DS-LED42460                   ,Custom dvLED Mount Samsung IFR 10X5,Active,EA,,FGMT,FGMT,Active,LED  CUSTMSUBF           
DS-LED42460-F                 ,CUSTOM MOUNT SAMSUNG IFR 10X5,Active,EA,,FGMT,FGMT,Active,LED  CUSTMSUBF           
DS-LED43158                   ,Floor Track dvLED Mount Samsung IER 5X4,Active,EA,,FGMT,FGMT,Active,LED  CUSTMSUBF           
DS-LED43256                   ,5x9 Floor to Wall dvLED Mount (ADIDAS),Active,EA,,FGMT,FGMT,Active,LED  CUSTMSUBF           
DS-LED43398                   ,Curved Suspended Mount LG LSCBCFK 13X2,Active,EA,,FGMT,FGMT,Active,LED  CUSTM               
DS-LEDFWM-UNIUPII-16X8        ,Flat to Wall Mount Unilumin UPanel II 16x8,Active,EA,,FGMT,FGMT,Active,LED  STAND               
KIP522-EUK                    ,"22"" Landscape/Portrait Kiosk",Active,EA,,FGMT,FGMT,Active,KIOSKSTANDINDOR          
KIP522-S-EUK                  ,"22"" Landscape/Portrait Kiosk - Silver",Active,EA,,FGMT,FGMT,Active,KIOSKSTANDINDOR          
KIPC2555-WHL-EUK              ,"55"" Curve Totem/Portrait Kiosk with Wheeled Base",Active,EA,,FGMT,FGMT,Active,KIOSKSTANDINDOR          
PRMF310                       ,"FLAT MOUNT 32""-50""",Active,EA,,FGMT,FGMT,Active,FPSS STAND               
TRF641                        ,"TruVue Flat Wall Mount 32""-50"", VESA 400 x 400",Active,EA,,FGMT,FGMT,Active,FPSS STAND               
TRF651                        ,"TruVue Flat Wall Mount 50"" - 65"", VESA 600 x 400",Active,EA,,FGMT,FGMT,Active,FPSS STAND               
XHB554                        ,"55"" XTREME HIGH BRIGHT OUTDOOR DISPLAY GEN 4",Active,EA,False,ET,Emerging Technologies & Displays,,ET   STANDXTRME          
XHB653                        ,"65"" XTREME HIGH BRIGHT OUTDOOR DISPLAY GEN3",No Purchases,EA,False,ET,Emerging Technologies & Displays,,ET   STANDXTRME          
XHB754                        ,"75"" XTREME HIGH BRIGHT OUTDOOR DISPLAY GEN4",No Sales,EA,False,ET,Emerging Technologies & Displays,,ET   STANDXTRME          
A900-CM                       ,MXA900 CEILING MOUNT,Active,EA,,PRO,Professional Sales Price Group,Active,FPSS STANDETAIL          
DS-LEDLSCB-20X10              ,ECN44861 - DS-LEDLSCB-20x10 Flat Wall Mount,Active,EA,,DVLED,DvLED,Active,LED  STANDDED            
DS-LEDLSCB-4X9                ,4x9 Fixed Wall Mount for LG LSCB,No Request,EA,,DVLED,DvLED,Use Up,LED  STANDDED            
DS-LEDLSCB-56X8               ,ECN44592 - DS-LEDLSCB-56X8 Flat Wall Mount,Active,EA,,DVLED,DvLED,Active,LED  STANDDED            
DS-LEDLSCB-6X9                ,6X9 Fixed Wall Mount for LG LSCB,Active,EA,,DVLED,DvLED,Active,LED  STANDDED            
DS-LEDLSCB-8X9                ,8x9 Fixed Wall Mount for LG LSCB,Active,EA,,DVLED,DvLED,Active,LED  STANDDED            
DS-LEDTK-40VX12S              ,"Universal DV-LED Trim Kit, 40' Vented x 12' Solid",Active,EA,,DVLED,DvLED,Active,LED  STANDTK             
KIPICT2555-B                  ,"55"" All-in-One Digital Touch Kiosk - B-STOCK",Inactive,EA,False,KIOSK,Kiosks,,KIOSKSTANDINDOR          
55XHBWARR-003                 ,"XHB 55"" - ADDITIONAL ONE YEAR EXTENDED WARRANTY INCLUDING ADVANCED REPLACEMENT PER ADDITIONAL YEAR",Active,EA,,ET,Emerging Technologies & Displays,Active,WRNTY                    
55XHBWARR-034                 ,"XHB 55"" - ADDITIONAL TWO YEAR EXTENDED WARRANTY INCLUDING ADVANCED REPLACEMENT PER ADDITIONAL YEAR",Active,EA,,ET,Emerging Technologies & Displays,Active,WRNTY                    
55XHBWARR-345                 ,"XHB 55"" - ADDITIONAL THREE YEAR EXTENDED WARRANTY INCLUDING ADVANCED REPLACEMENT PER ADDITIONAL YEAR",Active,EA,,ET,Emerging Technologies & Displays,Active,WRNTY                    
65XHBWARR-003                 ,"XHB 65"" - ADDITIONAL ONE YEAR EXTENDED WARRANTY INCLUDING ADVANCED REPLACEMENT PER ADDITIONAL YEAR",Inactive,EA,,ET,Emerging Technologies & Displays,,WRNTY                    
65XHBWARR-034                 ,"XHB 65"" - ADDITIONAL TWO YEAR EXTENDED WARRANTY INCLUDING ADVANCED REPLACEMENT PER ADDITIONAL YEAR",Inactive,EA,,ET,Emerging Technologies & Displays,,WRNTY                    
65XHBWARR-345                 ,"XHB 65"" - ADDITIONAL THREE YEAR EXTENDED WARRANTY INCLUDING ADVANCED REPLACEMENT PER ADDITIONAL YEAR",Inactive,EA,,ET,Emerging Technologies & Displays,,WRNTY                    
10005887-TBLK                 ,"CHARGER MOUNT, CLIPPER CREEK HCS-50/60",Active,EA,,CUSTM,Custom Sales Price Group,,FAB                 PAINT
10007708                      ,"MOUNTING BRACKET PEM ASY, BENDER RFID, VOLTA GEN4",Active,EA,,CUSTM,Custom Sales Price Group,,FAB                 ASSYF
10007708-TBLK                 ,"MOUNTING BRACKET PEM ASY, BENDER RFID, VOLTA GEN4",Active,EA,,CUSTM,Custom Sales Price Group,,FAB                 PAINT
10011002                      ,"HLG-320H-12 LONG WIRE ASY W/LLT CONNECTOR, VOLTA GEN4.3",Active,EA,,CUSTM,Custom Sales Price Group,,FAB                 ASSYP
10011092                      ,NON-PAYTER WINDOW ASSY VOLTA 4.3,Inactive,EA,,CUSTM,Custom Sales Price Group,,FAB                 ASSYP
153-8040                      ,"FAST PACK, VOLTA55B  MOUNTING HARDWARE FOR SINGLE DISPLAY",Active,EA,,CUSTM,Custom Sales Price Group,,FAST                     
153-8041                      ,"FAST PACK, VOLTA55C  MOUNTING HARDWARE FOR SINGLE DISPLAY",Active,EA,,CUSTM,Custom Sales Price Group,,FAST                     
ACCK-KOPXHB                   ,KOP2555-XHB XHB554 Retroft Brkt for XHB552 kiosks,Active,EA,False,KIOSK,Kiosks,Active,KIOSKSTANDOUTDR          
ACCKV136C                     ,Volta V4 55C/55B Display Bracket Kit,Active,EA,,CUSTM,Custom Sales Price Group,,VLTA STAND               
ACCKV146-LH                   ,"V4 NON-MEDIA DOOR KIT, LH",No Request,EA,,CUSTM,Custom Sales Price Group,,VLTA STAND               
ACCKV146-RH                   ,"V4 NON-MEDIA DOOR KIT, RH",No Request,EA,,CUSTM,Custom Sales Price Group,,VLTA STAND               
ACCKV147-LH                   ,"V4 STATION DOOR KIT, LH",Active,EA,,CUSTM,Custom Sales Price Group,,VLTA STAND               
ACCKV147-RH                   ,"V4 STATION DOOR KIT, RH",Active,EA,,CUSTM,Custom Sales Price Group,,VLTA STAND               
ACSBR2                        ,Universal Sound Bar Mount,Active,EA,True,CORE,Mounts,Active,FPSS STANDETAIL          
CO-PS55                       ,"(Customer Owned) 55"" Neptune Partial Sun",Active,EA,,NEPTUNE,Neptune TVs,Active,ET   STANDNEPTN          
CO-PS65                       ,"(Customer Owned) 65"" Neptune Partial Sun",Active,EA,,NEPTUNE,Neptune TVs,Active,ET   STANDNEPTN          
CO-PS75                       ,"(Customer Owned) 75"" Neptune Partial Sun",Active,EA,,NEPTUNE,Neptune TVs,Active,ET   STANDNEPTN          
DEV-KIP755-FW                 ,"55"" Portrait In-Wall Kiosk-  Flat White",Inactive,EA,,KIOSK,Kiosks,,KIOSKSTANDINDOR          
DS-LED27BDL-2X2               ,2x2 Fixed Wall Mount for Philips 27BDL 6000 and 9000 Series Display,No Purchases,EA,,DVLED,DvLED,Use Up,LED  STANDDED            
DS-LED27BDL-3X9               ,3x9 Fixed Wall Mount for Philips 27BDL 6000 and 9000 Series Display,No Purchases,EA,,DVLED,DvLED,Use Up,LED  STANDDED            
DS-LEDFAFE-4X4                ,4x4 Fixed Wall Mount for Sharp / NEC FA and FE Series dvLED,No Purchases,EA,False,DVLED,DvLED,,LED  STANDDED            
DS-LEDIWASF-6X6               ,6x6 Subframe for the Samsung IWA Wall Mount,Active,EA,,DVLED,DvLED,Active,LED  STANDSUBF           
DS-LEDLSCB-6X3                ,6x3 Fixed Wall Mount for LG LSCB,No Purchases,EA,False,DVLED,DvLED,,LED  STANDDED            
DS-LEDTK-16VX6S               ,"Universal DV-LED Trim Kit, 16' Vented x 6' Solid",Active,EA,False,DVLED,DvLED,,LED  STANDTK             
DS-LEDTK-22VX10S              ,"Universal DV-LED Trim Kit, 22' Vented x 10' Solid",Active,EA,,DVLED,DvLED,Active,LED  STANDTK             
DS-LEDTK-32VX11S              ,"Universal DV-LED Trim Kit, 32' Vented x 11' Solid",Active,EA,,DVLED,DvLED,Active,LED  STANDTK             
DS-LEDZRD-16X9                ,16x9 Fixed Wall Mount for Sony ZRD B and C Series Display,Inactive,EA,,DVLED,DvLED,Use Up,LED  STANDDED            
KIL655-EUK-CUS1264            ,"55"" Landscape On-Wall Kiosk, deeper KIL655-EUK",Active,EA,,KIOSK,Kiosks,Active,KIOSKSTANDINDOR          
KOF-OPT-554BRKTS              ,Adapter brackets for XHB554,Active,EA,,KIOSK,Kiosks,Active,KIOSKSTANDOUTDR          
MIS43305-CM                   ,Ceiling Shroud for NEC M431 -49ers,Active,EA,,PRO,Professional Sales Price Group,Active,FPSS STANDETAIL          
MIS43305-WM                   ,Wall Shroud for NEC M551 - 49ers,Active,EA,,PRO,Professional Sales Price Group,Active,FPSS STANDETAIL          
PA775                         ,"Universal Articulating TV Mount for 37-85""+  Displays",Active,EA,True,CORE,Mounts,Active,FPSS STANDPMNT           
PT670                         ,"Universal Flat Panel Mount for 37-85""+ Displays",Active,EA,True,CORE,Mounts,Active,FPSS STANDPMNT           
SPKSU                         ,Universal Speaker Stand (Pair) with Height Adjustment,Inactive,EA,False,CORE,Mounts,,FPSS STANDETAIL          
SR598W                        ,"SmartMount® Universal Cart For 55"" to 98""+ TV's - WHT",Active,EA,,31,,Active,FPSS STANDETAIL          
SXN-55-3                      ,"55"" NEPTUNE PARTIAL SUN 4K HDR OUTDOOR SMART TV W/ TILT MOUNT",Active,EA,,NEPTUNE,Neptune TVs,Active,ET   STANDNEPTN          
SXN-65-3                      ,"65"" NEPTUNE PARTIAL SUN 4K HDR OUTDOOR SMART TV W/ TILT MOUNT",Active,EA,,NEPTUNE,Neptune TVs,Active,ET   STANDNEPTN          
SXN-75-3                      ,"75"" NEPTUNE PARTIAL SUN 4K HDR OUTDOOR SMART TV W/ TILT MOUNT",Inactive,EA,,NEPTUNE,Neptune TVs,,ET   STANDNEPTN          
SXOBH-55-4                    ,"55"" Xtreme(tm) High Bright Gen4 - TruVu",Active,EA,False,ET,Emerging Technologies & Displays,Active,ET   STANDXTRME          
SXOBH-65-3                    ,"65"" Xtreme(tm) High Bright Gen3 - TruVu",Active,EA,False,ET,Emerging Technologies & Displays,Active,ET   STANDXTRME          
V4DCFC-103NM-YY               ,"VOLTA V4.3 DCFC NON-MEDIA STATION, YY BUILD",No Request,EA,,CUSTM,Custom Sales Price Group,,VLTA STAND               
V4DCFC-103SUB-2209            ,"Volta V4.3 DCFC EV Charging Station, 2209 Build",No Request,EA,,CUSTM,Custom Sales Price Group,,VLTA STAND               
V4L2-104SUB-2209              ,"Volta V4.4 L2 Charging Station for EU, 2209 Build",Inactive,EA,,CUSTM,Custom Sales Price Group,,VLTA STAND               
V4L2-104SUB-XX                ,"Volta V4.4 L2 Charging Station for EU, XX Build",Inactive,EA,,CUSTM,Custom Sales Price Group,,VLTA STAND               
VOLTA55B-B                    ,"55"" VOLTA XTREME HIGH BRIGHT OUTDOOR DISPLAY",No Purchases,EA,,ET,Emerging Technologies & Displays,,VLTA STAND               
10012066-BLK                  ,"TOP HORIZ. WLDMT, KOP3555B, BLK",Active,EA,,KIOSK,Kiosks,,FAB                 PAINT
10012108                      ,"LEG COVER, KOP55XHB-1%",Active,EA,,KIOSK,Kiosks,,FAB                 COMBO
10012125-BLK                  ,"TOP W/SPEAKERS, WELDMENT, BLK",Active,EA,,KIOSK,Kiosks,,FAB                 PAINT
10013474                      ,SPEAKER CABLE ASY - LONG KOP255-XHB,Active,EA,,KIOSK,Kiosks,,FAB                 ASSYP
10013475                      ,SPEAKER CABLE ASY - SHORT KOP255-XHB,Active,EA,,KIOSK,Kiosks,,FAB                 ASSYP
10013919                      ,KOP DISPLAY AREA FAN POWER CORD KOP35XHB2,Active,EA,,KIOSK,Kiosks,,FAB                 ASSYP
10014140                      ,"MOUNTING STUD, SONY CANCUN",Active,EA,,DVLED,DvLED,,PP                  ELECT
10014964                      ,NUT 1/4-20 SQ ZINC,Active,EA,,DS,Digital Signage,,FAST                NUT  
10015017                      ,KOP MEDIA ENCLOSURE FAN POWER CORD,Active,EA,,KIOSK,Kiosks,,FAB                 ASSYP
10015458                      ,"VERTICAL TEMPLATE 3 HIGH ACCLAIM, UNIVERSAL DVLED",Inactive,EA,,DVLED,DvLED,,FAB                 COMBO
10015946                      ,"VERTICAL TEMPLATE 3 HIGH LSCB-WP, UNIVERSAL dvLED 337.5mm",Inactive,EA,,DVLED,DvLED,,FAB                 COMBO
10016131                      ,VERTICAL TEMPLATE 3 HIGH UNIVERSAL dvLED 500mm,Inactive,EA,,DVLED,DvLED,,FAB                 COMBO
10016357                      ,VERTICAL TEMPLATE 1 HIGH UNIVERSAL dvLED 250mm,Inactive,EA,,DVLED,DvLED,,FAB                 COMBO
10017587                      ,ALUMINUM EXTRUSION 4FT 30MM X 30MM X 1219MM,Active,EA,,DVLED,DvLED,,PPA                      
147-8446                      ,"FASTPACK FOR DS-LEDIER-4X6, 520-1144",No Purchases,EA,,DVLED,DvLED,,FAST                     
200-2021                      ,FASTPACK FOR KOP55XHB,Active,EA,,KIOSK,Kiosks,,FAST                     
407K69                        ,"Designer Series Articulating Wall Mount - 42-90""",Active,EA,False,PRO,Professional Sales Price Group,Active,FPSS STANDSMRXT          
407K71                        ,"6""-9""  Adjustable Extension Column",Active,EA,,PRO,Professional Sales Price Group,Active,APNS                     
407K74                        ,"12""-18""Adjustable Extension Column - White",Active,EA,,PRO,Professional Sales Price Group,Active,APNS                     
407K88                        ,8’-10’ Adjustable Extension Column White,Active,EA,,PRO,Professional Sales Price Group,Active,APNS                     
407K93                        ,Ceiling Plate - Round Black,Active,EA,,PRO,Professional Sales Price Group,Active,APNS                     
407K97                        ,"Ceiling Plate For I-Beam width of 4""-8""",Active,EA,,PRO,Professional Sales Price Group,Active,APNS                     
410-0465                      ,SMART NEPTUNE MAGIC REMOTE,Inactive,EA,,PRO,Professional Sales Price Group,,PPA                 ELECT
5537DNT1S-UA                  ,"NEPTUNE 55"" OUTDOOR SMART TV, 700NIT W/MOUNT",No Purchases,EA,,NEPTUNE,Neptune TVs,,ET   STANDNEPTN          
555DNT1S-UA                   ,"55"" NEPTUNE OUTDOOR SMART TV, 500NIT W/MOUNT",No Purchases,EA,,NEPTUNE,Neptune TVs,Active,ET   STANDNEPTN          
555DNT1S-UA-NM                ,NEPTUNE OUTDOOR SMART TV POWERED BY WEBOS HUB; 500NIT,Active,EA,,NEPTUNE,Neptune TVs,Active,ET   STANDNEPTN          
557DNT1S-UA                   ,"NEPTUNE 55"" OUTDOOR SMART TV, 800NIT W/MOUNT",No Purchases,EA,,NEPTUNE,Neptune TVs,Active,ET   STANDNEPTN          
6537DNT1S-UA                  ,"NEPTUNE 65"" OUTDOOR SMART TV, 700NIT W/MOUNT",No Purchases,EA,,NEPTUNE,Neptune TVs,,ET   STANDNEPTN          
655DNT1S-UA                   ,"65"" NEPTUNE OUTDOOR SMART TV, 500NIT W/MOUNT",No Purchases,EA,,NEPTUNE,Neptune TVs,Active,ET   STANDNEPTN          
657DNT1S-UA                   ,"NEPTUNE 65"" OUTDOOR SMART TV, 800NIT W/MOUNT",Inactive,EA,,NEPTUNE,Neptune TVs,Active,ET   STANDNEPTN          
7537DNTIS-UA                  ,"NEPTUNE 75"" OUTDOOR SMART TV, 700NIT W/MOUNT",No Purchases,EA,,NEPTUNE,Neptune TVs,,ET   STANDNEPTN          
757DNT1S-UA                   ,"NEPTUNE 75"" OUTDOOR SMART TV, 700NIT W/MOUNT",No Purchases,EA,,NEPTUNE,Neptune TVs,Use Up,ET   STANDNEPTN          
96X48-SD-SKID                 ,"96"" X 48"" SOLID DECK SKID",Active,EA,,ET DD,ET Dealer / Distributor Pricing,,PP                  SKIDS
981-1123                      ,"CARTON, BROWN BOX, ULINE (S-4675) 48 X 4 X 4",Inactive,EA,,DS,Digital Signage,,CARTN               BOXES
981-1133                      ,"CARTON, BROWN BOX, ULINE (S-4555) 60 X 4 X 4",Inactive,EA,,DS,Digital Signage,,CARTN               BOXES
ACC148                        ,SR860/SR898 Power Strip Mounting Bracket,Active,EA,False,CORE,Mounts,Active,FPSS STANDETAIL          
ACC149                        ,SR860/SR898 600mm Tall Adaptor Brackets,Active,EA,False,CORE,Mounts,Active,FPSS STANDETAIL          
ACC151                        ,"SR860 Caster Kit - 4 Casters, 2 locking, 2 non-locking",Active,EA,,CORE,Mounts,,FPSS STANDETAIL          
ACC152                        ,"SR898 Caster Kit - 4 Casters, 2 locking, 2 non-locking",Active,EA,,CORE,Mounts,Active,FPSS STANDETAIL          
ACC-CSH2                      ,SR560-HUB2 Mounting Brackets for the CSH2 APC UPS,Active,EA,False,CORE,Mounts,Active,FPSS STANDETAIL          
ACCD-REM04-MR                 ,SMART NEPTUNE MAGIC REMOTE CONTROL,No Purchases,EA,,NEPTUNE,Neptune TVs,,ET   STANDNEPTN          
ACCK-KOPBASE                  ,Single KOP Re-Usable Base Blt  Templte KOP55XHB(-S),Active,EA,False,KIOSK,Kiosks,Active,KIOSKSTANDOUTDR          
ACCK-KOPBASE-B2B              ,Dual-Sided KOP Re-Usable Base Blt Templte  KOP55XHB2(-S),Active,EA,False,KIOSK,Kiosks,Active,KIOSKSTANDOUTDR          
ACCKV149                      ,SERIAL COMMUNICATION CABLE - P68,Active,EA,,CUSTM,Custom Sales Price Group,,VLTA STAND               
ACCKV-HCS40                   ,CLIPPER CREEK HCS-40 KIT W/ COSMOS AND USB ASY,Active,EA,,CUSTM,Custom Sales Price Group,,VLTA STAND               
ACCKV-HCS40R                  ,RUGGEDIZED CLIPPER CREEK HCS-40R KIT W/ COSMOS AND USB ASY,Active,EA,,CUSTM,Custom Sales Price Group,,VLTA STAND               
ACCKV-HCS50R                  ,RUGGEDIZED CLIPPER CREEK HCS-50R KIT W/ COSMOS AND USB ASY,Active,EA,,CUSTM,Custom Sales Price Group,,VLTA STAND               
ACCKV-HCS60R                  ,RUGGEDIZED CLIPPER CREEK HCS-60R KIT W/ COSMOS AND USB ASY,Active,EA,,CUSTM,Custom Sales Price Group,,VLTA STAND               
ACC-SB2                       ,Large Universal Soundbar / VC Mount,Active,EA,True,CORE,Mounts,Active,FPSS STANDETAIL          
ACC-UCM2                      ,Universal Component Mount for STS650,Active,EA,False,CORE,Mounts,Active,FPSS STANDETAIL          
BWPTV554                      ,"55"" 1500 Nits Full Sun, Web OS Hub, Includes Outdoor Tilt Mount",Active,EA,True,NEPTUNE-BWP,Neptune TVs,Active,ET   STANDNEPTN          
BWPTV654                      ,"65"" 1500 Nits Full Sun, Web OS Hub, Includes Outdoor Tilt Mount",Active,EA,True,NEPTUNE-BWP,Neptune TVs,Active,ET   STANDNEPTN          
COTV5504                      ,"55"" 1500 Nits Full Sun, Web OS Hub, Includes Outdoor Tilt Mount",Active,EA,,NEPTUNE,Neptune TVs,Active,ET   STANDNEPTN          
COTV6504                      ,"65"" 1500 Nits Full Sun, Web OS Hub, Includes Outdoor Tilt Mount",Active,EA,,NEPTUNE,Neptune TVs,Active,ET   STANDNEPTN          
CO-XHB754                     ,"(Customer Owned) 75"" XHB",Active,EA,False,ET,Emerging Technologies & Displays,Active,ET   STANDXTRME          
DEV-KIP522-GW                 ,"KIP522 22"" Landscape/Portrait Kiosk in Gloss White",No Request,EA,,KIOSK,Kiosks,Use Up,KIOSKSTANDINDOR          
DEV-KIP588-2LG-S              ,Two Sided Portrait-in-Portrait Kiosk in RAL 9010 matte white,Active,EA,,KIOSK,Kiosks,Active,KIOSKSTANDINDOR          
DEV-KIPC2555-WT               ,"55"" Curve Totem/Portrait Kiosk",Active,EA,,KIOSK,Kiosks,Active,KIOSKSTANDINDOR          
DS-LED27BDL-10X5              ,10x5 Fixed Wall Mount for Philips 27BDL 6000 and 9000 Series Display,No Purchases,EA,False,DVLED,DvLED,,LED  STANDDED            
DS-LED27BDL-6X7               ,6x7 Fixed Wall Mount for Philips 27BDL 6000 and 9000 Series Display,No Purchases,EA,,DVLED,DvLED,Use Up,LED  STANDDED            
DS-LED27BDL-8X4               ,8X4 Fixed Wall Mount for Philips 27BDL 6000 and 9000 Series Display,No Purchases,EA,,DVLED,DvLED,Use Up,LED  STANDDED            
DS-LEDBHCH-4X4                ,4x4 Fixed Wall Mount for Sony ZRD-BH and CH Series,No Purchases,EA,False,DVLED,DvLED,,LED  STANDDED            
DS-LEDBHCH-5X5                ,5x5 Fixed Wall Mount for Sony ZRD-BH and CH Series,No Purchases,EA,False,DVLED,DvLED,,LED  STANDDED            
DS-LEDBHCH-6X6                ,6x6 Fixed Wall Mount for Sony ZRD-BH and CH Series,No Purchases,EA,False,DVLED,DvLED,,LED  STANDDED            
DS-LEDBHCH-7X7                ,7x7 Fixed Wall Mount for Sony ZRD-BH and CH Series,No Purchases,EA,False,DVLED,DvLED,,LED  STANDDED            
DS-LEDBHCH-8X8                ,8x8 Fixed Wall Mount for Sony ZRD-BH and CH Series,No Purchases,EA,False,DVLED,DvLED,,LED  STANDDED            
DS-LEDBHCH-9X9                ,9x9 Fixed Wall Mount for Sony ZRD-BH and CH Series,No Purchases,EA,False,DVLED,DvLED,,LED  STANDDED            
DS-LEDFAFE-4X1                ,"4x1 Fixed Wall Mount for Sharp / NEC FA, FC and FE Series dvLED",No Purchases,EA,,DVLED,DvLED,Use Up,LED  STANDDED            
DS-LEDFAFE-7X4                ,7x4 Fixed Wall Mount for Sharp / NEC FA and FE Series dvLED,No Purchases,EA,,DVLED,DvLED,Use Up,LED  STANDDED            
DS-LEDIER-4X5                 ,"4x5 Flat Wall Mount for Samsung IEA, IER and IFR DvLED Displays",Active,EA,,DVLED,DvLED,Active,LED  STANDDED            
DS-LEDIER-4X6                 ,"4x6 Flat Wall Mount for Samsung IEA, IER and IFR DvLED Displays",Active,EA,,DVLED,DvLED,Active,LED  STANDDED            
DS-LEDIER-5X9                 ,"5x9 Flat Wall Mount for Samsung IEA, IER and IFR DvLED Displays",No Request,EA,,DVLED,DvLED,Presale,LED  STANDDED            
DS-LEDIER-6X6                 ,"6x6 Flat Wall Mount for Samsung IEA, IER and IFR DvLED Displays",Active,EA,,DVLED,DvLED,Active,LED  STANDDED            
DS-LEDIER-8X4                 ,"8x4 Flat Wall Mount for Samsung IEA, IER and IFR DvLED Displays",Active,EA,,FGMT,FGMT,Active,LED  STANDDED            
DS-LEDIWA-8X4                 ,Subframe for Samsung IWA 8X4,No Request,EA,,DVLED,DvLED,Presale,LED  STANDSUBF           
DS-LEDIWASF-33X3              ,Subframe for Samsung IWA 33x3,Active,EA,,DVLED,DvLED,Active,LED  STANDSUBF           
DS-LEDIWASF-3X3               ,3x3 Subframe for the Samsung IWA Wall Mount,Active,EA,,DVLED,DvLED,Active,LED  STANDSUBF           
DS-LEDIWASF-4X4               ,4x4 Subframe for the Samsung IWA Wall Mount,Active,EA,,DVLED,DvLED,Active,LED  STANDSUBF           
DS-LEDIWASF-5X5               ,5x5 Subframe for the Samsung IWA Wall Mount,Active,EA,,DVLED,DvLED,Active,LED  STANDSUBF           
DS-LEDIWASF-8X4               ,Subframe for Samsung IWA 8X4,Active,EA,,DVLED,DvLED,Active,LED  STANDSUBF           
DS-LEDIWP-3X7                 ,3x7 Fixed Wall Mount for InfiLED WP Series,Active,EA,,DVLED,DvLED,Active,LED  STANDDED            
DS-LEDIWP-3X8                 ,3x8 Fixed Wall Mount for InfiLED WP Series,Active,EA,,DVLED,DvLED,Active,LED  STANDDED            
DS-LEDIWP-4X12                ,4x12 Fixed Wall Mount for InfiLED WP Series,Active,EA,,DVLED,DvLED,Active,LED  STANDDED            
DS-LEDIWP-6X5                 ,6x5 Fixed Wall Mount for InfiLED WP Series,No Purchases,EA,False,DVLED,DvLED,,LED  STANDDED            
DS-LEDKMT-BHCH-4X4            ,4X4 Kitted+ Mobile Trolley Mount for Sony ZRD BH and CH Series,No Sales,EA,,CUSTM,Custom Sales Price Group,Active,LED  CUSTM               
DS-LEDKMT-LAEC-136            ,"Kitted+ Mobile Trolley Mount for LG LAEC 136""",No Sales,EA,,DVLED,DvLED,,LED  STAND               
DS-LEDKMT-LSCB-4X4            ,4X4 Kitted+ Mobile Trolley Mount for LG LSCB,Active,EA,,DVLED,DvLED,Active,LED  STAND               
DS-LEDLSAA-20X5               ,20x5 Fixed Wall Mount for LG LSAA Series,No Request,EA,,DVLED,DvLED,Use Up,LED  STANDDED            
DS-LEDLSCB-11X6               ,11x6 Fixed Wall Mount for LG LSCB,Active,EA,,DVLED,DvLED,Active,LED  STANDDED            
DS-LEDLSCB-17X6               ,17x6 Fixed Wall Mount for LG LSCB,Active,EA,,DVLED,DvLED,Active,LED  STANDDED            
DS-LEDLSCB-17X7               ,17x7 Fixed Wall Mount for LG LSCB,Active,EA,,DVLED,DvLED,Active,LED  STANDDED            
DS-LEDLSCB-1X2                ,1x2 Fixed Wall Mount for LG LSCB,No Request,EA,,DVLED,DvLED,Use Up,LED  STANDDED            
DS-LEDLSCB-21X1               ,21x1 Fixed Wall Mount for LG LSCB,Active,EA,,DVLED,DvLED,Active,LED  STANDDED            
DS-LEDLSCB-3X11               ,3X11 Fixed Wall Mount for LG LSCB,Active,EA,,DVLED,DvLED,Active,LED  STANDDED            
DS-LEDLSCB-4X3                ,4x3 Fixed Wall Mount for LG LSCB,Active,EA,,DVLED,DvLED,Active,LED  STANDDED            
DS-LEDLSCB-4X8                ,4x8 Fixed Wall Mount for LG LSCB,Active,EA,,DVLED,DvLED,Active,LED  STANDDED            
DS-LEDLSCB-7X5                ,7x5 Fixed Wall Mount for LG LSCB,Active,EA,,DVLED,DvLED,Active,LED  STANDDED            
DS-LEDLSCB-8X2                ,8x2 Fixed Wall Mount for LG LSCB,Active,EA,,DVLED,DvLED,Active,LED  STANDDED            
DS-LEDLSCB-9X6                ,9x6 Fixed Wall Mount for LG LSCB,Active,EA,,DVLED,DvLED,Active,LED  STANDDED            
DS-LEDLSCB-9X7                ,9x7 Fixed Wall Mount for LG LSCB,Active,EA,,DVLED,DvLED,Active,LED  STANDDED            
DS-LEDTK-10VX10S              ,"Universal DV-LED Trim Kit, 10' Vented x 10' Solid",Active,EA,,DVLED,DvLED,,LED  STANDTK             
DS-LEDTK-10VX12S              ,"Universal DV-LED Trim Kit, 10' Vented x 12' Solid",Active,EA,,DVLED,DvLED,Active,LED  STANDTK             
DS-LEDTK-11VX6S               ,"Universal DV-LED Trim Kit, 12' Vented x 6' Solid",Active,EA,,DVLED,DvLED,Active,LED  STANDTK             
DS-LEDTK-12VX6S               ,"Universal DV-LED Trim Kit, 12' Vented x 6' Solid",Active,EA,False,DVLED,DvLED,,LED  STANDTK             
DS-LEDTK-13VX5S               ,"Universal DV-LED Trim Kit, 13' Vented x 5' Solid",Active,EA,False,DVLED,DvLED,,LED  STANDTK             
DS-LEDTK-14VX10S              ,"Universal DV-LED Trim Kit, 14' Vented x 10' Solid",No Request,EA,,DVLED,DvLED,Use Up,LED  STANDTK             
DS-LEDTK-14VX5S               ,"Universal DV-LED Trim Kit, 14' Vented x 5' Solid",Active,EA,False,DVLED,DvLED,,LED  STANDTK             
DS-LEDTK-14VX6S               ,"Universal DV-LED Trim Kit, 14' Vented x 6' Solid",Active,EA,,DVLED,DvLED,Active,LED  STANDTK             
DS-LEDTK-22VX8S               ,"Universal DV-LED Trim Kit, 22' Vented x 8' Solid",Active,EA,,DVLED,DvLED,Active,LED  STANDTK             
DS-LEDTK-24VX16S              ,"Universal DV-LED Trim Kit, 24' Vented x 16' Solid",Active,EA,,DVLED,DvLED,Active,LED  STANDTK             
DS-LEDTK-25VX5S               ,"Universal DV-LED Trim Kit, 25' Vented x 5' Solid",Active,EA,,DVLED,DvLED,Active,LED  STANDTK             
DS-LEDTK-26VX8S               ,"Universal DV-LED Trim Kit, 26' Vented x 8' Solid",Active,EA,,DVLED,DvLED,Active,LED  STANDTK             
DS-LEDTK-34VX8S               ,"Universal DV-LED Trim Kit, 34' Vented x 8' Solid",Active,EA,,DVLED,DvLED,Active,LED  STANDTK             
DS-LEDTK-40VX6S               ,"Universal DV-LED Trim Kit, 40' Vented x 6' Solid",Active,EA,,DVLED,DvLED,,LED  STANDTK             
DS-LEDTK-42VX5S               ,"Universal DV-LED Trim Kit, 42' Vented x 5' Solid",Active,EA,,DVLED,DvLED,Active,LED  STANDTK             
DS-LEDTK-45VX5S               ,"Universal DV-LED Trim Kit, 45' Vented x 5' Solid",Active,EA,False,DVLED,DvLED,,LED  STANDTK             
DS-LEDTK-5VX16S               ,"Universal DV-LED Trim Kit, 5' Vented x 16' Solid",Active,EA,,DVLED,DvLED,Active,LED  STANDTK             
DS-LEDTK-8VX13S               ,"Universal DV-LED Trim Kit, 8' Vented x 13' Solid",Active,EA,,DVLED,DvLED,Active,LED  STANDTK             
DS-LEDTK-8VX8S                ,"Universal DV-LED Trim Kit, 8' Vented x 8' Solid",Active,EA,,DVLED,DvLED,Active,LED  STANDTK             
DS-LEDUNV                     ,"Universal wall mount for latching LED displays (Pricing is per display, see UNV compatibility chart)",Inactive,EA,False,DVLED,DvLED,,LED  STANDLEDF           
DS-LEDUNV-10-5X5-M6M8         ,"Universal wall mount, 10' Wide, 5x5 Configuration with M6 and M8 Mounting Hardware",Inactive,EA,,DVLED,DvLED,,LED  STANDUNV            
DS-LEDUNV-12-6X6-M6M8         ,"Universal wall mount, 12' Wide, 6X6 Configuration with M6 and M8 Mounting Hardware",Inactive,EA,,DVLED,DvLED,,LED  STANDUNV            
DS-LEDUNV-16-8X8-M6M8         ,"Universal wall mount, 16' Wide, 8X8 Configuration with M6 and M8 Mounting Hardware",Inactive,EA,,DVLED,DvLED,,LED  STANDUNV            
DS-LEDUNV-27BDL-10X5          ,10x5 Kitted Universal Wall Mount for Philips 27BDL,Inactive,EA,,DVLED,DvLED,,LED  STANDUNV            
DS-LEDUNV-27BDL-3X3           ,3x3 Kitted Universal Wall Mount for Philips 27BDL,No Request,EA,,DVLED,DvLED,Use Up,LED  STANDUNV            
DS-LEDUNV-27BDL-4X4           ,4x4 Kitted Universal Wall Mount for Philips 27BDL,No Request,EA,,DVLED,DvLED,Use Up,LED  STANDUNV            
DS-LEDUNV-27BDL-5X5           ,5x5 Kitted Universal Wall Mount for Philips 27BDL,No Request,EA,,DVLED,DvLED,Use Up,LED  STANDUNV            
DS-LEDUNV-27BDL-6X6           ,6x6 Kitted Universal Wall Mount for Philips 27BDL,No Request,EA,,DVLED,DvLED,Use Up,LED  STANDUNV            
DS-LEDUNV-27BDL-7X7           ,7x7 Kitted Universal Wall Mount for Philips 27BDL,No Request,EA,,DVLED,DvLED,Use Up,LED  STANDUNV            
DS-LEDUNV-27BDL-8X8           ,8x8 Kitted Universal Wall Mount for Philips 27BDL,No Request,EA,,DVLED,DvLED,Use Up,LED  STANDUNV            
DS-LEDUNV-47031               ,8x3  Fixed Wall Mount for Unilumin UslimII,Inactive,EA,,DVLED,DvLED,,LED  STANDUNV            
DS-LEDUNV-47176               ,4x4 Kitted Universal Wall Mount for Unilumin USlim II (500x500 / 500x250),Inactive,EA,,DVLED,DvLED,,LED  STANDUNV            
DS-LEDUNV-7X3-47756           ,7x3 Kitted Universal Wall Mount for Unilumin USlim II (500x500 / 500x1000/500x250),Inactive,EA,,DVLED,DvLED,,LED  STANDUNV            
DS-LEDUNV-8-4X4-M6M8          ,"Universal wall mount, 8' Wide, 4x4 Configuration with M6 and M8 Mounting Hardware",Inactive,EA,,DVLED,DvLED,,LED  STANDUNV            
DS-LEDUNV-A27-4X4             ,4x4 Kitted Universal Wall Mount for Absen Acclaim,Inactive,EA,,DVLED,DvLED,,LED  STANDUNV            
DS-LEDUNV-AKL-9X8             ,9x8 Kitted Universal Wall Mount for Absen KL2.5,Inactive,EA,,DVLED,DvLED,,LED  STANDUNV            
DS-LEDUNV-BHCH-3X3            ,3x3 Kitted Universal Wall Mount for Sony ZRD BH and CH Series Display,Inactive,EA,,DVLED,DvLED,,LED  STANDUNV            
DS-LEDUNV-IWP-4X8             ,4x8 Kitted Universal Wall Mount for Infiled WP,Inactive,EA,,DVLED,DvLED,,LED  STANDUNV            
DS-LEDUNV-IWP-5X3             ,5X4 Fixed Wall Mount for InfiLED WP,Inactive,EA,,DVLED,DvLED,,LED  STANDUNV            
DS-LEDUNV-IWP-5X4             ,5X4 Fixed Wall Mount for InfiLED WP,Inactive,EA,,DVLED,DvLED,,LED  STANDUNV            
DS-LEDUNV-IWT-5X5             ,5X5 Flat Wall Mount for InfiLED WT,Inactive,EA,,DVLED,DvLED,,LED  STANDUNV            
DS-LEDUNV-LMA-7X5             ,7x5 Kitted Universal Wall Mount for Linsn MA640,Inactive,EA,,DVLED,DvLED,,LED  STANDUNV            
DS-LEDUNV-LSBB-4X4            ,4x4 Kitted Universal Wall Mount for LG LSBB,Inactive,EA,,DVLED,DvLED,,LED  STANDUNV            
DS-LEDUNV-LSBB-4X6            ,4x6 Kitted Universal Wall Mount for LG LSBB,Inactive,EA,,DVLED,DvLED,,LED  STANDUNV            
DS-LEDUNV-LSBB-7X7            ,7x7 Kitted Universal Wall Mount for LG LSBB,Inactive,EA,,DVLED,DvLED,,LED  STANDUNV            
DS-LEDUNV-LSBB-8X4            ,8x4 Kitted Universal Wall Mount for LG LSBB,Inactive,EA,,DVLED,DvLED,,LED  STANDUNV            
DS-LEDUNV-LSBB-8X8            ,8x8 Fixed Wall Mount for LG LSBB,Inactive,EA,,DVLED,DvLED,,LED  STANDUNV            
DS-LEDUNV-LSCB-10X5           ,10x5 Kitted Universal Wall Mount for LG LSCB,Inactive,EA,,DVLED,DvLED,,LED  STANDUNV            
DS-LEDUNV-LSCB-4X4            ,4x4 Kitted Universal Wall Mount for LG LSCB,Inactive,EA,,DVLED,DvLED,,LED  STANDUNV            
DS-LEDUNV-LSCB-5X5/P          ,5X5 Kitted Universal Wall Mount for LG LSCB - Portrait,Inactive,EA,,DVLED,DvLED,,LED  STANDUNV            
DS-LEDUNV-LSCB-6X6            ,6x6 Kitted Universal Wall Mount for LG LSCB,Inactive,EA,,DVLED,DvLED,,LED  STANDUNV            
DS-LEDUNV-LSCB-8X4            ,8x4 Kitted Universal Wall Mount for LG LSCB,Inactive,EA,,DVLED,DvLED,,LED  STANDUNV            
DS-LEDUNV-N169S-8X8           ,8x8 Kitted Universal Wall Mount for Linsn N169S,Inactive,EA,,DVLED,DvLED,,LED  STANDUNV            
DS-LEDUNV-NECE-4X4            ,4x4 Kitted Universal Wall Mount for NEC E Series Display,Inactive,EA,,DVLED,DvLED,,LED  STANDUNV            
DS-LEDUNV-NECE-5X5            ,5x5 Kitted Universal Wall Mount for NEC E Series Display,Inactive,EA,,DVLED,DvLED,,LED  STANDUNV            
DS-LEDUNV-UPLII-8X8           ,8x8 Fixed Wall Mount for Unilumin Upanel II,Inactive,EA,,DVLED,DvLED,,LED  STANDUNV            
DS-LEDUNV-UPS-5X5             ,5x5 Kitted Universal Wall Mount for Unilumin UPanelS,Inactive,EA,,DVLED,DvLED,,LED  STANDUNV            
DS-LEDUNV-USLIM-2X3-47268     ,2x3 Kitted Universal Wall Mount for Unilumin USlim II (500x500 / 500x1000),Inactive,EA,,DVLED,DvLED,,LED  STANDUNV            
DS-LEDUNV-USLIM-3X3-47268     ,3x3 Kitted Universal Wall Mount for Unilumin USlim II (500x500 / 500x1000),Inactive,EA,,DVLED,DvLED,,LED  STANDUNV            
DS-LEDUNVUSLIMII-47268        ,3x3 Kitted Universal Wall Mount for Unilumin USlim II (500x500 / 500x1000),Active,EA,,DVLED,DvLED,Active,LED  STANDUNV            
DS-LEDUNV-USLIMII-47268       ,2x3 Kitted Universal Wall Mount for Unilumin USlim II (500x500 / 500x1000),Inactive,EA,,DVLED,DvLED,,LED  STANDUNV            
DS-LEDUPS-10X10               ,10x10 Fixed Wall Mount for Unilumin UpanelS,Active,EA,,DVLED,DvLED,Active,LED  STANDDED            
DS-LEDUPS-12X10               ,12x10 Fixed Wall Mount for Unilumin UpanelS,Active,EA,,DVLED,DvLED,Active,LED  STANDDED            
DS-LEDUPS-12X3                ,12x3 Fixed Wall Mount for Unilumin UpanelS,Active,EA,,DVLED,DvLED,Active,LED  STANDDED            
DS-LEDUPS-19X6                ,19x6 Fixed Wall Mount for Unilumin UpanelS,Active,EA,,DVLED,DvLED,Active,LED  STANDDED            
DS-LEDUPS-4X2                 ,4x2 Fixed Wall Mount for Unilumin UpanelS,Active,EA,,DVLED,DvLED,Active,LED  STANDDED            
DS-LEDUPS-5X6                 ,5x6 Fixed Wall Mount for Unilumin UpanelS,Active,EA,,DVLED,DvLED,Active,LED  STANDDED            
DS-LEDUPS-6X3                 ,6x3 Fixed Wall Mount for Unilumin UpanelS,Active,EA,,DVLED,DvLED,Active,LED  STANDDED            
DS-LEDZRD-10X7                ,10x7 Fixed Wall Mount for Sony ZRD B and C Series Display,Inactive,EA,,DVLED,DvLED,Use Up,LED  STANDDED            
DS-LEDZRD-13X13               ,13x13 Fixed Wall Mount for Sony ZRD B and C Series Display,Inactive,EA,,DVLED,DvLED,Use Up,LED  STANDDED            
DS-MBZ642L-TDL                ,"SmartMount® Digital MB Mount for 40"" to 42"" Displays - with M8x30 - Landscape",Active,EA,False,DS,Digital Signage,Use Up,FPSS STANDETAIL          
DS-MBZ647L-TDL                ,"SmartMount®  Menu Board Mount for 46"" - 65"" Displays - Landscape",Active,EA,False,DS,Digital Signage,Use Up,FPSS STANDETAIL          
ECN46528                      ,XHB554 Adapter Brackets for MiLB Legacy 2019 Kiosks,Active,EA,,CUSTM,Custom Sales Price Group,Active,KIOSKCUSTM               
ESF675                        ,Outdoor Landscape / Portrait Mount for the XHB754,Active,EA,False,CORE,Mounts,Active,FPSS STANDETAIL          
FE01-C                        ,"Fan-based Outdoor Media Player Enclosure for Coates, Gen1",Active,EA,,ET DD,ET Dealer / Distributor Pricing,Active,ET   STANDXTRME          
HPF675                        ,"LARGE  PULLOUT PIVOT MNT, BLK",Active,EA,True,HOSP,Hospitality,Active,HOSP STAND               
KIT-10015458                  ,"DS-LEDUNV Template for Absen Acclaim Plus/Pro, Barco XT, Maxhub M27, Sony BH/CH, Unilumin UpanelS, Unilumin Upanel II",Inactive,EA,,DVLED,DvLED,,LED  STAND               
KIT-10015946                  ,"DS-LEDUNV Template for InfiLED WP/WT, LG LSBB / LSCB, Sharp NEC E",Inactive,EA,,DVLED,DvLED,,LED  STAND               
KIT-30MM-EXTNB                ,CONNECTOR NUT BAR FOR 30MM EXTRUSION,Active,EA,,DVLED,DvLED,,PPA                      
KIT-30MM-EXTR-CONN            ,CONNECTOR BARS FOR 30MM EXTRUSION,Inactive,EA,,DVLED,DvLED,,FAST                     
KIT-UNVLED-ANCHOR             ,Z-ANCHOR KIT UNIVERSAL LED,Inactive,EA,,DVLED,DvLED,,FAST                     
KIT-UNVLED-LATCH              ,UNIVERSAL LED CLAMP,No Purchases,EA,,DVLED,DvLED,,PPA                      
KIT-UNVLED-M10                ,M10X1.5X16MM SCREW KIT UNIVERSAL LED,Inactive,EA,,DVLED,DvLED,,FAST                     
KIT-UNVLED-M5-WR              ,Kit for Universal LED M5 Screws and Wrenches,Inactive,EA,,DVLED,DvLED,,FAST                     
KIT-UNVLED-M6                 ,M6 SCREW & SPACER KIT UNIVERSAL LED,Inactive,EA,,DVLED,DvLED,,FAST                     
KIT-UNVLED-M8                 ,M8 SCREW & SPACER KIT UNIVERSAL LED,Inactive,EA,,DVLED,DvLED,,FAST                     
KIT-UNVLED-SCR-1IN-WOOD       ,"#14-10X1"" WOOD SCREW KIT UNIVERSAL LED",No Purchases,EA,,DVLED,DvLED,,FAST                     
KIT-UNVLED-SCR-M5-LVL         ,M5X0.8X10MM LEVELING SCREW KIT UNIVERSAL LED,No Purchases,EA,,DVLED,DvLED,,FAST                     
KIT-UNVLED-SCR-WD             ,Kit for Universal LED Wall Screws,Inactive,EA,,DVLED,DvLED,,FAST                     
KIT-UNVLED-SHIM               ,SHIM KIT UNIVERSAL LED,Inactive,EA,,DVLED,DvLED,,FAST                     
KIT-UNVLED-SPACER             ,SPACER KIT FOR UNIVERSAL LED,No Request,EA,,DVLED,DvLED,Use Up,LED  STANDACC            
KIT-UNVLED-STANDOFF           ,STANDOFF KIT UNIVERSAL LED,Inactive,EA,,DVLED,DvLED,,FAST                     
KIT-UNVLED-WALLPLATE          ,WALL PLATE KIT UNIVERSAL LED,Inactive,EA,,DVLED,DvLED,,PPA                      
KIT-UNVLED-WRENCH             ,WRENCH KIT UNIVERSAL LED,No Purchases,EA,,DVLED,DvLED,,FAST                     
KOF-OPT-LG                    ,LG 55XE4F Display Mounting /Airflow Kit for KOF555-1/2/3,Active,EA,False,KIOSK,Kiosks,Active,KIOSKSTANDOUTDR          
KOF-OPT-SAM                   ,Samsung OH55 Display Mounting /Airflow Kit for KOF555-1/2/3,Active,EA,False,KIOSK,Kiosks,Active,KIOSKSTANDOUTDR          
KOP55XHB                      ,"Black 55"" Outdoor Smart City Kiosk w/ XHB5541",Active,EA,True,KIOSK,Kiosks,Active,KIOSKSTANDOUTDR          
KOP55XHB2                     ,"Black Dual-Sided 55"" Outdoor Smart City Kiosk w/(2)XHB5541",Active,EA,True,KIOSK,Kiosks,Active,KIOSKSTANDOUTDR          
KOP55XHB2-A                   ,"Black Dual-Sided 55"" Outdoor Smart City Kiosk w/(2)XHB5541 + audio",Active,EA,True,KIOSK,Kiosks,Active,KIOSKSTANDOUTDR          
KOP55XHB2-S                   ,"Silver Dual-Sided 55"" Outdoor Smart City Kiosk w/(2)XHB5541",Active,EA,True,KIOSK,Kiosks,Active,KIOSKSTANDOUTDR          
KOP55XHB2-SA                  ,"Silver Dual-Sided 55"" Outdoor Smart City Kiosk w/(2)XHB5541 + audio",Active,EA,True,KIOSK,Kiosks,Active,KIOSKSTANDOUTDR          
KOP55XHB-A                    ,"Black 55"" Outdoor Smart City Kiosk w/ XHB5541 + audio",Active,EA,True,KIOSK,Kiosks,Active,KIOSKSTANDOUTDR          
KOP55XHB-S                    ,"Silver 55"" Outdoor Smart City Kiosk w/ XHB5541",Active,EA,True,KIOSK,Kiosks,Active,KIOSKSTANDOUTDR          
KOP55XHB-SA                   ,"Silver 55"" Outdoor Smart City Kiosk w/ XHB5541 + audio",Active,EA,True,KIOSK,Kiosks,Active,KIOSKSTANDOUTDR          
NT553-B                       ,"55"" 500 Nits Partial Sun, Web OS Hub, Includes Outdoor Tilt Mount - B-STOCK",Active,EA,,NEPTUNE,Neptune TVs,,ET   STANDNEPTN          
NT553-R                       ,"55"" 500 Nits Partial Sun, Web OS Hub, Includes Outdoor Tilt Mount - REFURBISHED",Active,EA,,NEPTUNE,Neptune TVs,,ET   STANDNEPTN          
NT554                         ,"55"" 1500 Nits Full Sun,  Web OS Hub, Includes Outdoor Tilt Mount",Active,EA,True,NEPTUNE,Neptune TVs,Active,ET   STANDNEPTN          
NT653-B                       ,"65"" 500 Nits Partial Sun, Web OS Hub, Includes Outdoor Tilt Mount - B-STOCK",Active,EA,,NEPTUNE,Neptune TVs,,ET   STANDNEPTN          
NT653-R                       ,"65"" 500 Nits Partial Sun, Web OS Hub, Includes Outdoor Tilt Mount - REFURBISHED",Active,EA,,NEPTUNE,Neptune TVs,,ET   STANDNEPTN          
NT654                         ,"65"" 1500 Nits Full Sun,  Web OS Hub, Includes Outdoor Tilt Mount",Active,EA,True,NEPTUNE,Neptune TVs,Active,ET   STANDNEPTN          
NT753-B                       ,"75"" 500 Nits Partial Sun, Web OS Hub, Includes Outdoor Tilt Mount - B-STOCK",Active,EA,,NEPTUNE,Neptune TVs,,ET   STANDNEPTN          
NT753-R                       ,"75"" 500 Nits Partial Sun, Web OS Hub, Includes Outdoor Tilt Mount - REFURBISHED",Active,EA,,NEPTUNE,Neptune TVs,,ET   STANDNEPTN          
ODTV5504                      ,"55"" Full Sun, Web OS Hub, Includes Outdoor Tilt Mount",Active,EA,,NEPTUNE-OD,Neptune TVs,Active,ET   STANDNEPTN          
ODTV5504-B                    ,"55"" 1500 Nits Full Sun, Web OS Hub, Includes Outdoor Tilt Mount - B-STOCK",Active,EA,,NEPTUNE-OD,Neptune TVs,,ET   STANDNEPTN          
ODTV5504-R                    ,"55"" 1500 Nits Full Sun, Web OS Hub, Includes Outdoor Tilt Mount - REFURBISHED",Active,EA,,NEPTUNE-OD,Neptune TVs,,ET   STANDNEPTN          
ODTV6504                      ,"65"" 1500 Nits Full Sun, Web OS Hub, Includes Outdoor Tilt Mount",Active,EA,,NEPTUNE-OD,Neptune TVs,Active,ET   STANDNEPTN          
ODTV6504-B                    ,"65"" 1500 Nits Full Sun, Web OS Hub, Includes Outdoor Tilt Mount - B-STOCK",Active,EA,,NEPTUNE-OD,Neptune TVs,,ET   STANDNEPTN          
ODTV6504-R                    ,"65"" 1500 Nits Full Sun, Web OS Hub, Includes Outdoor Tilt Mount - REFURBISHED",Active,EA,,NEPTUNE-OD,Neptune TVs,,ET   STANDNEPTN          
PR565                         ,"Paramount Universal Cart for 55-75"" Displays w/Shelf",Active,EA,True,CORE,Mounts,Active,FPSS STAND               
SOTV5504                      ,"55"" 1500 Nits Full Sun, Web OS Hub, Includes Outdoor Tilt Mount",Active,EA,,NEPTUNE-SO,Neptune TVs,Active,ET   STANDNEPTN          
SOTV6504                      ,"65"" 1500 Nits Full Sun, Web OS Hub, Includes Outdoor Tilt Mount",Active,EA,,NEPTUNE-SO,Neptune TVs,Active,ET   STANDNEPTN          
SR860                         ,"SmartMount®  Universal Cart For 43"" to 75""+ Displays",Active,EA,True,CORE,Mounts,Active,FPSS STANDETAIL          
SR898                         ,"SmartMount®  Universal Cart For 55"" to 110""+ Displays",Active,EA,True,CORE,Mounts,Active,FPSS STANDETAIL          
STS650                        ,"Universal Scissor Mount for 39-85""+ Displays",Active,EA,True,CORE,Mounts,Active,FPSS STAND               
SXN-55-4                      ,"55"" NEPTUNE FULL SUN OUTDOOR SMART TV, W/MOUNT",Active,EA,,NEPTUNE,Neptune TVs,Active,ET   STANDNEPTN          
V4L2-103SUB-2310              ,"Volta V4.3 L2 EV Charging Station, 2310 Build",Inactive,EA,,CUSTM,Custom Sales Price Group,,VLTA STAND               
V4L2-103SUB-2311              ,"Volta V4.3 L2 EV Charging Station, 2311 Build",Inactive,EA,,CUSTM,Custom Sales Price Group,,VLTA STAND               
V4L2-103SUB-2312              ,"Volta V4.3 L2 EV Charging Station, 2312 Build",Inactive,EA,,CUSTM,Custom Sales Price Group,,VLTA STAND               
V4L2-103SUB-2401              ,"Volta V4.3 L2 EV Charging Station, 2401 Build",No Request,EA,,CUSTM,Custom Sales Price Group,,VLTA STAND               
V4L2-103SUB-2402              ,"Volta V4.3 L2 EV Charging Station, 2402 Build",No Request,EA,,CUSTM,Custom Sales Price Group,,VLTA STAND               
V4L2-103SUB-2403              ,"Volta V4.3 L2 EV Charging Station, 2403 Build",No Request,EA,,CUSTM,Custom Sales Price Group,,VLTA STAND               
V4L2-103SUB-2404              ,"Volta V4.3 L2 EV Charging Station, 2404 Build",No Request,EA,,CUSTM,Custom Sales Price Group,,VLTA STAND               
V4L2-103SUB-2405              ,"Volta V4.3 L2 EV Charging Station, 2405 Build",No Request,EA,,CUSTM,Custom Sales Price Group,,VLTA STAND               
V4L2-103SUB-2406              ,"Volta V4.3 L2 EV Charging Station, 2406 Build",No Request,EA,,CUSTM,Custom Sales Price Group,,VLTA STAND               
V4L2-103SUB-2407              ,"Volta V4.3 L2 EV Charging Station, 2407 Build",No Request,EA,,CUSTM,Custom Sales Price Group,,VLTA STAND               
V4L2-103SUB-2408              ,"Volta V4.3 L2 EV Charging Station, 2408 Build",No Request,EA,,CUSTM,Custom Sales Price Group,,VLTA STAND               
V4L2-103SUB-2409              ,"Volta V4.3 L2 EV Charging Station, 2409 Build",No Request,EA,,CUSTM,Custom Sales Price Group,,VLTA STAND               
V4L2-103SUB-2410              ,"Volta V4.3 L2 EV Charging Station, 2410 Build",No Request,EA,,CUSTM,Custom Sales Price Group,,VLTA STAND               
V4L2-103SUB-2411              ,"Volta V4.3 L2 EV Charging Station, 2411 Build",No Request,EA,,CUSTM,Custom Sales Price Group,,VLTA STAND               
V4L2-103SUB-2412              ,"Volta V4.3 L2 EV Charging Station, 2412 Build",No Request,EA,,CUSTM,Custom Sales Price Group,,VLTA STAND               
WMK-7598T                     ,"Tilt Wall Mount for 75"" to 98"" Displays",Active,EA,,PRO,Professional Sales Price Group,Active,FPSS STAND               
WPTV554                       ,"55"" 1500 Nits Full Sun, Web OS Hub, Includes Outdoor Tilt Mount",Active,EA,,NEPTUNE-WP,Neptune TVs,Active,ET   STANDNEPTN          
WPTV55-B                      ,"55"" NEPTUNE SHADE SERIES 4K HDR - B STOCK - 30 DAY WARRANTY",Active,EA,,NEPTUNE-WP,Neptune TVs,,ET   STANDNEPTN          
WPTV654                       ,"65"" 1500 Nits Full Sun, Web OS Hub, Includes Outdoor Tilt Mount",Active,EA,,NEPTUNE-WP,Neptune TVs,Active,ET   STANDNEPTN          
WPTV65-B                      ,"65"" NEPTUNE SHADE SERIES 4K HDR - B STOCK - 30 DAY WARRANTY",Active,EA,,NEPTUNE-WP,Neptune TVs,,ET   STANDNEPTN          
WPTV75-B                      ,"75"" NEPTUNE SHADE SERIES 4K HDR - B STOCK - 30 DAY WARRANTY",Active,EA,,NEPTUNE-WP,Neptune TVs,,ET   STANDNEPTN          
XHB553-B                      ,"55"" XTREME HIGH BRIGHT OUTDOOR DISPLAY GEN3 - B-STOCK",Active,EA,False,ET,Emerging Technologies & Displays,,ET   STANDXTRME          
XHB553-R                      ,"55"" XTREME HIGH BRIGHT OUTDOOR DISPLAY - Refurbished",No Purchases,EA,False,ET,Emerging Technologies & Displays,Use Up,ET   STANDXTRME          
XHB554-B                      ,"55"" XTREME HIGH BRIGHT GEN4 - B-STOCK",Inactive,EA,False,ET,Emerging Technologies & Displays,,ET   STANDXTRME          
XHB554-R                      ,"55"" XTREME HIGH BRIGHT GEN4 - REFURBISHED",No Purchases,EA,False,ET,Emerging Technologies & Displays,Use Up,ET   STANDXTRME          
XHB652-R                      ,"65"" XTREME HIGH BRIGHT OUTDOOR DISPLAY - (Refurbished)",No Purchases,EA,,ET DD,ET Dealer / Distributor Pricing,,ET   STANDXTRME          
XHB653-B                      ,"65"" XTREME HIGH BRIGHT OUTDOOR DISPLAY GEN3, B STOCK",Active,EA,False,ET,Emerging Technologies & Displays,,ET   STANDXTRME          
XHB653-R                      ,"65"" XTREME HIGH BRIGHT OUTDOOR DISPLAY GEN3, REFURBISHED",Active,EA,False,ET,Emerging Technologies & Displays,,ET   STANDXTRME          
XHB754-B                      ,"75"" XTREME HIGH BRIGHT OUTDOOR DISPLAY GEN4, B STOCK",Active,EA,False,ET,Emerging Technologies & Displays,,ET   STANDXTRME          
XHB754-R                      ,"75"" XTREME HIGH BRIGHT OUTDOOR DISPLAY GEN4, REFURBISHED",Active,EA,False,ET,Emerging Technologies & Displays,,ET   STANDXTRME          
KIT-UNVLED-STANDOFF2          ,STANDOFF KIT UNIVERSAL LED,No Purchases,EA,,DVLED,DvLED,,FAST                     
V4L2-105SUB-2401              ,"VOLTA V4.5 L2 EV Charging Station, 2401 Build",Active,EA,,CUSTM,Custom Sales Price Group,,VLTA STAND               
V4L2-105SUB-2402              ,"VOLTA V4.5 L2 EV Charging Station, 2402 Build",Active,EA,,CUSTM,Custom Sales Price Group,,VLTA STAND               
V4L2-105SUB-2403              ,"VOLTA V4.5 L2 EV Charging Station, 2403 Build",Active,EA,,CUSTM,Custom Sales Price Group,,VLTA STAND               
V4L2-105SUB-2404              ,"VOLTA V4.5 L2 EV Charging Station, 2404 Build",Active,EA,,CUSTM,Custom Sales Price Group,,VLTA STAND               
V4L2-105SUB-2405              ,"VOLTA V4.5 L2 EV Charging Station, 2405 Build",Active,EA,,CUSTM,Custom Sales Price Group,,VLTA STAND               
V4L2-105SUB-2406              ,"VOLTA V4.5 L2 EV Charging Station, 2406 Build",Active,EA,,CUSTM,Custom Sales Price Group,,VLTA STAND               
DS-LEDTK-13VX10S              ,"Universal DV-LED Trim Kit, 13' Vented x 10' Solid",No Request,EA,,DVLED,DvLED,Use Up,LED  STANDTK             
DS-LEDUNV610                  ,One-to-one universal wall mount for latching dvLED displays up to 610mm wide,Active,EA,,DVLED,DvLED,Active,LED  STANDUNV            
DS-LEDUNV610-4X4              ,4x4 Universal wall mount for latching dvLED displays up to 610mm wide,No Purchases,EA,,DVLED,DvLED,Active,LED  STANDUNV            
DS-LEDUNV960-5X5              ,5x5 Universal wall mount for latching dvLED displays up to 960mm wide,Active,EA,,DVLED,DvLED,Active,LED  STANDUNV            
DS-LEDUNV610-5X5              ,5x5 Universal wall mount for latching dvLED displays up to 610mm wide,No Sales,EA,,DVLED,DvLED,Active,LED  STANDUNV            
DS-LEDUNVSPACER               ,Universal Spacer for DS-LEDUNV,Active,EA,,DVLED,DvLED,Active,LED  STANDUNV            
DS-LEDUNV610-6X6              ,6x6 Universal wall mount for latching dvLED displays up to 610mm wide,No Purchases,EA,,DVLED,DvLED,Active,LED  STANDUNV            
DS-LEDUNV610-8X8              ,8x8 Universal wall mount for latching dvLED displays up to 610mm wide,Active,EA,,DVLED,DvLED,Active,LED  STANDUNV            
DS-LEDUNV960                  ,One-to-one universal wall mount for latching dvLED displays up to 960mm wide,Active,EA,,DVLED,DvLED,Active,LED  STANDUNV            
DS-LEDUNV960-3X3              ,3x3 Universal wall mount for latching dvLED displays up to 960mm wide,Active,EA,,DVLED,DvLED,Active,LED  STANDUNV            
DS-LEDUNV960-4X4              ,4x4 Universal wall mount for latching dvLED displays up to 960mm wide,Active,EA,,DVLED,DvLED,Active,LED  STANDUNV            
SPK812                        ,Universal Swivel Wall Speaker Mounts (One Pair) - 22 lbs (10kg),Active,EA,True,CORE,Mounts,Active,FPSS STAND               
V4L2-105SUB-2408              ,"VOLTA V4.5 L2 EV Charging Station, 2408 Build",Active,EA,,CUSTM,Custom Sales Price Group,,VLTA STAND               
V4L2-105SUB-2409              ,"VOLTA V4.5 L2 EV Charging Station, 2409 Build",Active,EA,,CUSTM,Custom Sales Price Group,,VLTA STAND               
V4L2-105SUB-2410              ,"VOLTA V4.5 L2 EV Charging Station, 2410 Build",Active,EA,,CUSTM,Custom Sales Price Group,,VLTA STAND               
V4L2-105SUB-2411              ,"VOLTA V4.5 L2 EV Charging Station, 2411 Build",Active,EA,,CUSTM,Custom Sales Price Group,,VLTA STAND               
V4L2-105SUB-2412              ,"VOLTA V4.5 L2 EV Charging Station, 2412 Build",Active,EA,,CUSTM,Custom Sales Price Group,,VLTA STAND               
V4L2-105SUB-2407              ,"VOLTA V4.5 L2 EV Charging Station, 2407 Build",Active,EA,,CUSTM,Custom Sales Price Group,,VLTA STAND               
HPF490                        ,Test -  Hospitality Wall Mount,Active,EA,,HOSP,Hospitality,Active,HOSP STAND               
PRJ500006                     ,KIPC2555B with acrylic both sides,Active,EA,,KIOSK,Kiosks,,KIOSKCUSTM               
PRJ500007                     ,Custom KOF,Active,EA,,KIOSK,Kiosks,,KIOSKCUSTM               
PRJ500009 10X4                ,Custom DV-LED 10x4,Active,EA,,DVLED,DvLED,,LED  CUSTM               
PLCM150                       ,"Universal Kitted Ceiling Mount for 43-75""+ Displays",Inactive,EA,,CORE,Mounts,,FPSS STAND               
PCM150                        ,"Adjustable Universal Ceiling Mount Kit for 43-90""+ Displays",Active,EA,True,CORE,Mounts,Active,FPSS STANDPMNT           
ECN47856  MIS143              ,MIS143 FLAT BRACKET WESTINGHOUSE,Active,EA,,CUSTM,Custom Sales Price Group,Active,FPSS CUSTM               
ECN47856  MIS142              ,MIS142  TILT BRACKET WESTINGHOUSE,Active,EA,,CUSTM,Custom Sales Price Group,Active,FPSS CUSTM               
ECN47856  MIS138              ,MIS138  WALL PLATE WESTINGHOUSE,Active,EA,,CUSTM,Custom Sales Price Group,Active,FPSS CUSTM               
ECN47856  MIS137              ,MIS137 Interface Plate Westinghouse,Active,EA,,CUSTM,Custom Sales Price Group,Active,FPSS CUSTM               
ECN47856  MIS137-HDW          ,MIS137-HDW  WESTINGHOUSE HARDWARE FOR MIS138,Active,EA,,CUSTM,Custom Sales Price Group,Active,FPSS CUSTM               
DS-LEDUNV610-8X4              ,8x4 universal wall mount for latching dvLED displays up to 610mm wide,Active,EA,,DVLED,DvLED,,LED  STANDUNV            
VOLTA55C-R                    ,"55"" XTREME HIGH BRIGHT VOLTA DISPLAY GENERATION 4 REFURBISHED",No Purchases,EA,,ET,Emerging Technologies & Displays,,VLTA STAND               
DS-LEDUNV1220                 ,One-to-one universal wall mount for latching dvLED displays up to 1220mm wide,Active,EA,,DVLED,DvLED,Active,LED  STANDUNV            
DS-LEDUNV1220-2X2             ,2x2 Universal wall mount for latching dvLED displays up to 1220mm wide,No Purchases,EA,,DVLED,DvLED,Use Up,LED  STANDUNV            
DS-LEDUNV1220-3X3             ,3x3 Universal wall mount for latching dvLED displays up to 1220mm wide,Active,EA,,DVLED,DvLED,Active,LED  STANDUNV            
DS-LEDUNV1220-4X4             ,4x4 Universal wall mount for latching dvLED displays up to 1220mm wide,Active,EA,,DVLED,DvLED,Active,LED  STANDUNV            
PRJ500786-1                   ,"KOF555-1 for XHB554 w/show base, fan, shelves,speakers",Active,EA,,KIOSK,Kiosks,,KIOSKCUSTM               
PRJ500786-2                   ,KOF555-2 for XHB554 w/show base + 2 shelves + display brackets,Active,EA,,KIOSK,Kiosks,,KIOSKCUSTM               
PRJ500786-3                   ,KOP55XHB-SA silver single sided KOP w/audio  w/show base,Active,EA,,CUSTM,Custom Sales Price Group,,KIOSKCUSTM               
PRJ500786-4                   ,KOP55XHB2 black dual sided w/show base- no audio,Active,EA,,CUSTM,Custom Sales Price Group,,KIOSKCUSTM               
75XHBWARR-003                 ,"XHB 75"" - ADDITIONAL ONE YEAR EXTENDED WARRANTY INCLUDING ADVANCED REPLACEMENT PER ADDITIONAL YEAR",Inactive,EA,,ET,Emerging Technologies & Displays,,WRNTY                    
75XHBWARR-034                 ,"XHB 75"" - ADDITIONAL TWO YEAR EXTENDED WARRANTY INCLUDING ADVANCED REPLACEMENT PER ADDITIONAL YEAR",Inactive,EA,,ET,Emerging Technologies & Displays,,WRNTY                    
75XHBWARR-345                 ,"XHB 75"" - ADDITIONAL THREE YEAR EXTENDED WARRANTY INCLUDING ADVANCED REPLACEMENT PER ADDITIONAL YEAR",Inactive,EA,,ET,Emerging Technologies & Displays,,WRNTY                    
VOLTA55C-B                    ,"55"" XTREME HIGH BRIGHT VOLTA DISPLAY GENERATION 4 B-STOCK",No Purchases,EA,,ET,Emerging Technologies & Displays,,VLTA STAND               
SXOBH-75-4                    ,"75"" Xtreme(tm) High Bright Gen4 - TruVu",No Request,EA,,ET,Emerging Technologies & Displays,Use Up,ET   STANDXTRME          
CO-FS55                       ,"(Customer Owned) 55"" Neptune Full Sun",No Request,EA,,NEPTUNE,Neptune TVs,Active,ET   STANDNEPTN          
CO-FS65                       ,"(Customer Owned) 65"" Neptune Full Sun",Active,EA,,NEPTUNE,Neptune TVs,Active,ET   STANDNEPTN          
DS-LEDUNVWP                   ,Adjustable Wall Plate for DS-LEDUNV,Active,EA,,DVLED,DvLED,,LED  STANDUNV            
PRJ5000813                    ,"Sharp NEC Custom  KIP2548 Retrofit Door for 49"" Sharp NEC MA491 Display",Active,EA,,CUSTM,Custom Sales Price Group,,KIOSKCUSTM               
DS-LEDLSAB-5X5                ,5x5 Fixed Wall Mount for LG LSAB/LSAP Series,No Purchases,EA,,DVLED,DvLED,,LED  STANDDED            
DS-LEDUNV610-4X3              ,4x3 Universal wall mount for latching dvLED displays up to 610mm wide,Active,EA,,DVLED,DvLED,,LED  STANDUNV            
PRJ500841                     ,InfoComm 2024 Plexi for the dvLED Display,Active,EA,,DVLED,DvLED,,LED  CUSTM               
PRJ500520                     ,41x1 Compound Curve Wall Mount for LG LSCB-CFK,Active,EA,,DVLED,DvLED,,DVLEDCUSTM     MAHLO     
DS-LEDUNV610-7X7              ,7x7 Universal wall mount for latching dvLED displays up to 610mm wide,Active,EA,,DVLED,DvLED,,LED  STANDUNV            
DS-LEDUNV610-10X10            ,10x10 Universal wall mount for latching dvLED displays up to 610mm wide,Active,EA,,DVLED,DvLED,,LED  STANDUNV            
NT554-R                       ,"55"" 1500 Nits Full Sun,  Web OS Hub, Includes Outdoor Tilt Mount - REFURBISHED",Active,EA,,NEPTUNE,Neptune TVs,,ET   STANDNEPTN          
NT554-B                       ,"55"" 1500 Nits Full Sun,  Web OS Hub, Includes Outdoor Tilt Mount - B-STOCK",Active,EA,,NEPTUNE,Neptune TVs,,ET   STANDNEPTN          
NT654-R                       ,"65"" 800 Nits Full Sun, Web OS Hub, Includes Outdoor Tilt Mount - REFURBISHED",Active,EA,,NEPTUNE,Neptune TVs,,ET   STANDNEPTN          
NT654-B                       ,"65"" 800 Nits Full Sun,  Web OS Hub, Includes Outdoor Tilt Mount - B-STOCK",Active,EA,,NEPTUNE,Neptune TVs,,ET   STANDNEPTN          
DS-LEDUNV610-18X3             ,18x3 Universal wall mount for latching dvLED displays up to 610mm wide,Active,EA,,DVLED,DvLED,,LED  STANDUNV            
DS-LEDUNV610-9X3              ,9x3 Universal wall mount for latching dvLED displays up to 610mm wide,Active,EA,,DVLED,DvLED,,LED  STANDUNV            
DS-LEDUNV610-6X2              ,6x2 Universal wall mount for latching dvLED displays up to 610mm wide,Active,EA,,DVLED,DvLED,,LED  STANDUNV            
DS-LEDUNV610-5X2              ,5x2 Universal wall mount for latching dvLED displays up to 610mm wide,Active,EA,,DVLED,DvLED,,LED  STANDUNV            
PRJ500811                     ,Sony Booth -Custom ELF-SR2  1x4 Wall Mt,Active,EA,,CUSTM,Custom Sales Price Group,,FPSS CUSTM               
DS-LEDUNV960-4X9              ,4x9 Universal wall mount for latching dvLED displays up to 960mm wide,Active,EA,,DVLED,DvLED,Use Up,LED  STANDUNV            
DS-LEDUNV960-4X10             ,4x10 Universal wall mount for latching dvLED displays up to 960mm wide,Active,EA,,DVLED,DvLED,Use Up,LED  STANDUNV            
DS-LEDUNV610-9X9              ,9x9 Universal wall mount for latching dvLED displays up to 610mm wide,Active,EA,,DVLED,DvLED,,LED  STANDUNV            
PRJ500936                     ,Custom Brackets to adapt XHB553 to KOP555-3XHB,Active,EA,,KIOSK,Kiosks,,KIOSKCUSTM               
DS-LEDUNV610-12X4             ,12x4 Universal wall mount for latching dvLED displays up to 610mm wide,Active,EA,,DVLED,DvLED,,LED  STANDUNV            
PRJ500948                     ,"NEW KOF DOOR ASSEMBLY; Consists of 10005265 (x1), 520-1271 (x2), 10002568 (x1),",Active,EA,,KIOSK,Kiosks,,KIOSKCUSTM               
DS-LEDLSAB-8X8                ,8X8 Fixed Wall Mount for LG LSAB Series,Inactive,EA,,DVLED,DvLED,,LED  CUSTMDED            
DS-LEDLSAB-8X4                ,8X4 Fixed Wall Mount for LG LSAB Series,No Purchases,EA,,DVLED,DvLED,Presale,LED  STANDDED            
555DNT1S-UA-S                 ,"55"" NEPTUNE 500NIT SMART OUTDOOR TV - SAMPLE",No Request,EA,,NEPTUNE,Neptune TVs,Active,ET   STANDNEPTN          
655DNT1S-UA-S                 ,"65"" NEPTUNE 500NIT SMART OUTDOOR TV - SAMPLE",No Request,EA,,NEPTUNE,Neptune TVs,Use Up,ET   STANDNEPTN          
557DNT1S-UA-S                 ,"55"" NEPTUNE 800NIT SMART OUTDOOR TV - SAMPLE",No Request,EA,,NEPTUNE,Neptune TVs,Use Up,ET   STANDNEPTN          
657DNT1S-UA-S                 ,"65"" NEPTUNE 800NIT SMART OUTDOOR TV - SAMPLE",No Request,EA,,NEPTUNE,Neptune TVs,Use Up,ET   STANDNEPTN          
44949                         ,4.7-4.9 -LED - 6x1 Outdoor Wall Mount for Uslim II (PRJ500938),Active,EA,,DVLED,DvLED,Active,LED  CUSTM               
44743                         ,4.16  (1) 17x1 dvLED UslimII set inside aluminum box (PRJ500574),Active,EA,,DVLED,DvLED,Active,LED  CUSTM               
44741                         ,4.17  2x3 DvLED Uslim II display - set inside sign box 6x6 solution (PRJ500939),Active,EA,,DVLED,DvLED,Active,LED  CUSTM               
44742                         ,4.18 - 9x1 dvLED USlim II to sit in an aluminum sign box (PRJ500940),Active,EA,,DVLED,DvLED,Active,LED  CUSTM               
PRJ500972                     ,"Custom IR Overlay for Grandscape 55"" Xtreme(tm) High Bright Display (ECN47738)",Active,EA,,KIOSK,Kiosks,,KIOSKCUSTM               
PT655                         ,"Paramount™ Tilting Wall Mount for 32"" to 90""+ Displays w/ Height Adjustment",No Request,EA,,CORE,Mounts,Use Up,FPSS STANDPMNT           
PF655                         ,"Paramount™ Flat Wall Mount for 32"" to 90""+ Displays w/ Height Adjustment",No Request,EA,,CORE,Mounts,Use Up,FPSS STANDPMNT           
DS-LEDUNV610-12X5             ,12x5 Universal wall mount for latching dvLED displays up to 610mm wide,Active,EA,,DVLED,DvLED,,LED  STANDUNV            
DS-LEDUNV960-6X5              ,6x5 Universal wall mount for latching dvLED displays up to 960mm wide,Active,EA,,DVLED,DvLED,,LED  STANDUNV            
DS-LEDUNV610-22X9             ,22x9 Universal wall mount for latching dvLED displays up to 610mm wide,No Purchases,EA,,DVLED,DvLED,,LED  STANDUNV            
DS-LEDTK-29VX14S              ,"Universal DV-LED Trim Kit, 29' Vented x 14' Solid",Active,EA,,DVLED,DvLED,,LED  STANDTK             
PRJ501012                     ,Custom KOP Brackets for XHB554,Active,EA,,KIOSK,Kiosks,,KIOSKCUSTM               
PRJ501009                     ,Custom KOP Bracket for XHB554,Active,EA,,KIOSK,Kiosks,,KIOSKCUSTM               
PRJ501016                     ,Custom Door Assembly for KOF,Inactive,EA,,KIOSK,Kiosks,,KIOSKCUSTM               
PRJ501017                     ,XHB554 Adapter Brackets for MiLB Legacy 2019 Kiosks (ECN46528),Active,EA,,KIOSK,Kiosks,,KIOSKCUSTM               
PRJ501026                     ,KOP55XHB2 With 1x XHB554 and 1x Rear Cover for DGTL,Active,EA,,KIOSK,Kiosks,,KIOSKCUSTM               
PRJ501043                     ,"Replacement Acrylic Lettering for Towson ""INFORMATION"" (PRJ501043)",Active,EA,,KIOSK,Kiosks,,KIOSKCUSTM               
PRJ500958                     ,Round Base Plate for Floor Mount MOD System,No Request,EA,,CUSTM,Custom Sales Price Group,,FPSS CUSTM               
PRJ501067                     ,Prototype for SRS: V4.5 Shroud,Active,EA,,CUSTM,Custom Sales Price Group,,VLTA CUSTM               
PRJ501083                     ,SRS/VOLTA E&O V4.1 ~ V4.4 Components,Active,EA,,CUSTM,Custom Sales Price Group,,VLTA CUSTM               
PRJ501085                     ,New DCFC Shroud Prototype for SRS/VOLTA,Active,EA,,CUSTM,Custom Sales Price Group,,VLTA CUSTM               
DS-LEDUNV610-10X8             ,10X8 Universal wall mount for latching dvLED displays up to 610mm wide,Active,EA,,DVLED,DvLED,,LED  STANDUNV            
DS-LEDTK-20VX10S              ,"Universal DV-LED Trim Kit, 20' Vented x 10' Solid",Active,EA,,DVLED,DvLED,,LED  STANDTK             
DS-LEDTK-36VX12S              ,"Universal DV-LED Trim Kit, 36' Vented x 12' Solid",Active,EA,,DVLED,DvLED,,LED  STANDTK             
ACC-SAWPE                     ,"SmartMount Articulating Wall Plate Extenders for 24"" Stud Spacing",No Purchases,EA,,CORE,Mounts,Use Up,APNS                     
DS-LEDTK-5VX5S                ,"Universal DV-LED Trim Kit, 5' Vented x 5' Solid",Active,EA,,DVLED,DvLED,,LED  STANDTK             
DS-LEDUNV610-3X3              ,3X3 Universal wall mount for latching dvLED displays up to 610mm wide,Active,EA,,DVLED,DvLED,,LED  STANDUNV            
DS-LEDUNV1220-5X5             ,5x5 Universal wall mount for latching dvLED displays up to 1220mm wide,Active,EA,,DVLED,DvLED,,LED  STANDUNV            
DS-BF55-FLOOR                 ,"Portrait Floor Window Mount for BlueFin 55"" Dual Finished Flex-OS Screen",No Sales,EA,,DS,Digital Signage,Presale,DS   STAND               
DS-LEDUNV1220-5X4             ,5x4 Universal wall mount for latching dvLED displays up to 1220mm wide,No Purchases,EA,,DVLED,DvLED,,LED  STANDUNV            
PRJ501185                     ,Fully Populated Electronics Enclosure per V4.5 Production Build,Active,EA,,KIOSK,Kiosks,,VLTA CUSTM               
PRJ501185-1                   ,Fully Populated Electronics Enclosure per V4.5 Production Build - No Advatek Controller,Active,EA,,KIOSK,Kiosks,,VLTA CUSTM               
PRJ501008                     ,12x3 Column Mount for LG LSCB,Active,EA,,DVLED,DvLED,,LED  CUSTMUNV            
DS-LEDUNV610-14X5             ,14x5 Universal wall mount for latching dvLED displays up to 610mm wide,Active,EA,,DVLED,DvLED,,LED  STANDUNV            
DS-LEDTK-28VX6S               ,"Universal DV-LED Trim Kit, 28' Vented x 6' Solid",Active,EA,,DVLED,DvLED,,LED  STANDTK             
DS-LEDUNV610-7X3              ,7X3 Universal wall mount for latching dvLED displays up to 610mm wide,No Purchases,EA,,DVLED,DvLED,,LED  STANDUNV            
DS-LEDUNV610-6X4              ,6x4 Universal wall mount for latching dvLED displays up to 610mm wide,Active,EA,,DVLED,DvLED,,LED  STANDUNV            
ACC180                        ,PCM150 Ceiling Adapter Acessory,Active,EA,,CORE,Mounts,Active,FPSS STANDPMNT           
DS-LEDUNV610-10X3             ,10x3 Universal wall mount for latching dvLED displays up to 610mm wide,Active,EA,,DVLED,DvLED,,LED  STANDUNV            
DS-LEDUNV610-10X5             ,10x5 universal wall mount for latching dvLED displays up to 610mm wide,Active,EA,,DVLED,DvLED,,LED  STANDUNV            
DS-LEDUNV1220-6X6             ,6x6 Universal wall mount for latching dvLED displays up to 1220mm wide,Active,EA,,DVLED,DvLED,,LED  STANDUNV            
DS-LEDUNV610-7X5              ,7x5 Universal wall mount for latching dvLED displays up to 610mm wide,Active,EA,,DVLED,DvLED,,LED  STANDUNV            
DS-LEDUNV960-8X6              ,8x6 Universal wall mount for latching dvLED displays up to 960mm wide,Active,EA,,DVLED,DvLED,,LED  STANDUNV            
DS-LEDLSAB-5X10               ,5x10 Fixed Wall Mount for LG LSAB/LSAP Series,Inactive,EA,,DVLED,DvLED,,LED  STANDDED            
DS-LEDUNV960-8X5              ,8x5 Universal wall mount for latching dvLED displays up to 960mm wide,Active,EA,,DVLED,DvLED,,LED  STANDUNV            
DS-LEDLSAB-4X4                ,4x4  Fixed Wall Mount for LG LSAB/LSAP Series,Inactive,EA,,DVLED,DvLED,,LED  CUSTMDED            
V4L2-105SUB                   ,SRS V4.5 L2 EV Charging Station,Active,EA,,CUSTM,Custom Sales Price Group,,VLTA STAND               
DS-LEDUNV610-12X6             ,12x6 Universal wall mount for latching dvLED displays up to 610mm wide,Active,EA,,DVLED,DvLED,,LED  STANDUNV            
DS-LEDUNV610-20X5             ,20x5 Universal wall mount for latching dvLED displays up to 610mm wide,Active,EA,,DVLED,DvLED,,LED  STANDUNV            
DS-LEDIER-24X3                ,"24x3 Flat Wall Mount for Samsung IEA, IER and IFR DvLED Displays",Active,EA,,DVLED,DvLED,,LED  STANDDED            
DS-LEDUNV610-FP1-8X8          ,"8x8 Universal wall mount for latching dvLED displays up to 610mm wide, Accessory Fast-Pack 1 Hardware",Active,EA,,DVLED,DvLED,,LED  STANDUNV            
PR565ML3                      ,"Paramount Motorized Height Adjustable Cart for 50-95"" Displays",Active,EA,True,CORE,Mounts,Active,FPSS STAND               
DS-LEDUNV610-10X4             ,10x4 Universal wall mount for latching dvLED displays up to 610mm wide,Active,EA,,DVLED,DvLED,Active,LED  STANDUNV            
KIT-UNVLED-LATCH3             ,"ADAPTOR LATCH, UNIVERSAL LED GEN III",Active,EA,,DVLED,DvLED,,PPA                      
DS-LEDUNV610-11X5             ,11x5 universal wall mount for latching dvLED displays up to 610mm wide,Active,EA,,DVLED,DvLED,Use Up,LED  STANDUNV            
DS-LEDTK-22VX6S               ,"Universal DV-LED Trim Kit, 22' Vented x 6' Solid",Active,EA,,DVLED,DvLED,,LED  STANDTK             
DS-LEDTK-5VX10S               ,"Universal DV-LED Trim Kit, 10' Vented x 10' Solid",Active,EA,,DVLED,DvLED,,LED  STANDTK             
DS-LEDUNV610-8X2              ,8x2 universal wall mount for latching dvLED displays up to 610mm wide,Active,EA,,DVLED,DvLED,,LED  STANDUNV            
DS-LEDKMT-AWALL-108           ,Kitted+ Mobile Trolley Mount for Awol Vision AWALL 108,Active,EA,,DVLED,DvLED,,LED  STANDSUBF           
DS-LEDKMT-AWALL-135           ,Kitted+ Mobile Trolley Mount for Awol Vision AWALL 135,No Sales,EA,,DVLED,DvLED,,LED  STANDSUBF           
DS-LEDKMT-AWALL-162           ,Kitted+ Mobile Trolley Mount for Awol Vision AWALL 162,No Sales,EA,,DVLED,DvLED,,LED  STANDSUBF           
NTSB150                       ,"Powered Soundbar, 150 watts",Active,EA,True,NEPTUNE-ACC,Neptune Accessories,Active,ET   STANDNEPTN          
DS-LEDUNV610-FP1-11X11        ,"11x11 Universal wall mount for latching dvLED displays up to 610mm wide, Accessory Fast-Pack 1 Hardware",Active,EA,,DVLED,DvLED,,LED  STANDUNV            
DS-LEDUNV610-FP1-8X3          ,"8x3 Universal wall mount for latching dvLED displays up to 610mm wide, Accessory Fast-Pack 1 Hardware",Active,EA,,DVLED,DvLED,,LED  STANDUNV            
DS-LEDTK-22VX13S              ,"Universal DV-LED Trim Kit, 22' Vented x 13' Solid",Active,EA,,DVLED,DvLED,,LED  STANDTK             
DS-LEDTK-5VX15S               ,"Universal DV-LED Trim Kit, 5' Vented x 15' Solid",Active,EA,,DVLED,DvLED,,LED  STANDTK             
PRJ500876                     ,"DS-LEDTK, 3rd Generation",Active,EA,,DVLED,DvLED,,LED  CUSTM               
ACCKV151                      ,SRS Payter Repack,Active,EA,,CUSTM,Custom Sales Price Group,,VLTA STAND               
XHB5541                       ,"55"" XTREME HIGH BRIGHT OUTDOOR DISPLAY GEN 4.1",Active,EA,True,ET,Emerging Technologies & Displays,,ET   STANDXTRME          
DS-LEDUNV610-17X6             ,17X6 Universal wall mount for latching dvLED displays up to 610mm wide,Active,EA,,DVLED,DvLED,,LED  STANDUNV            
DS-LEDTK-35VX8S               ,"Universal DV-LED Trim Kit, 35' Vented x 8' Solid",Active,EA,,DVLED,DvLED,,LED  STANDTK             
DS-LEDUNV1L                   ,"Universal wall mount for latching dvLED displays up to 55"", including 27"" displays in 2x2 configuration",Active,EA,,DVLED,DvLED,Active,LED  STANDUNV            
NTSD55                        ,"55"" 500 Nits Shade, Google OS, No Mount",Inactive,EA,True,NEPTUNE,Neptune TVs,,ET   STANDNEPTN          
NTSD65                        ,"65"" 500 Nits Shade, Google OS, No Mount",Active,EA,True,NEPTUNE,Neptune TVs,Active,ET   STANDNEPTN          
ODSTV55                       ,"55"" NEPTUNE OUTDOOR SMART TV; SHADE",No Sales,EA,,NEPTUNE-OD,Neptune TVs,Active,ET   STANDNEPTN          
ODSTV65                       ,"65"" NEPTUNE OUTDOOR SMART TV; SHADE",Active,EA,,NEPTUNE-OD,Neptune TVs,Active,ET   STANDNEPTN          
CODST55                       ,"55"" NEPTUNE OUTDOOR SMART TV; SHADE",Inactive,EA,,NEPTUNE,Neptune TVs,,ET   STANDNEPTN          
CODST65                       ,"65"" NEPTUNE OUTDOOR SMART TV; SHADE",Inactive,EA,,NEPTUNE,Neptune TVs,,ET   STANDNEPTN          
WPSTV55                       ,"55"" NEPTUNE OUTDOOR SMART TV; SHADE",Active,EA,,NEPTUNE-WP,Neptune TVs,Active,ET   STANDNEPTN          
WPSTV65                       ,"65"" NEPTUNE OUTDOOR SMART TV; SHADE",Active,EA,,NEPTUNE-WP,Neptune TVs,Active,ET   STANDNEPTN          
BWPSTV55                      ,"55"" NEPTUNE OUTDOOR SMART TV; SHADE",Active,EA,True,NEPTUNE-BWP,Neptune TVs,,ET   STANDNEPTN          
BWPSTV65                      ,"65"" NEPTUNE OUTDOOR SMART TV; SHADE",Active,EA,True,NEPTUNE-BWP,Neptune TVs,Active,ET   STANDNEPTN          
MIS501532-VC3                 ,"StoreEase VC3 55"" Indoor Portrait Kiosk",Active,EA,,CUSTM,Custom Sales Price Group,Active,KIOSKSTANDINDOR          
DS-LEDUNV960-3X9              ,3x9 Universal wall mount for latching dvLED displays up to 960mm wide,No Purchases,EA,,DVLED,DvLED,,LED  STANDUNV            
DS-LEDTK-8VX16S               ,"Universal DV-LED Trim Kit, 8' Vented x 16' Solid",Active,EA,,DVLED,DvLED,,LED  STANDTK             
981-1169                      ,"CTN, KIT-UNVLED-LATCH3, CPR",Active,EA,,DVLED,DvLED,,CARTN               BOXES
981-1170                      ,"CTN, KIT-UNVLED-LATCH3 MASTER PACK CARTON, CPR",Active,EA,,DVLED,DvLED,,CARTN               BOXES
PRJ501618                     ,1:1 Mount for Samsung IEC,Active,EA,,DVLED,DvLED,,LED  CUSTMUNV            
DS-LEDUNV610-7X4              ,7X4 Universal wall mount for latching dvLED displays up to 610mm wide,Active,EA,,DVLED,DvLED,,LED  STANDUNV            
KIT-UNVLED-WP3                ,"WALL PLATE KIT, UNIVERSAL LED GEN III",Active,EA,,DVLED,DvLED,,PPA                      
KIT-UNVLED-ADJ1200A           ,"EXPANSION JOINT ASSY 25MM X 80MM X 1200MM, GEN III",No Request,EA,,DVLED,DvLED,,PP                       
KIT-UNVLED-EXT600A            ,"ALUMINUM EXTRUSION AND NUT BAR, 25MM X 80MM X 600MM, UNV GEN III",No Request,EA,,DVLED,DvLED,,PP                       
KIT-UNVLED-EXT960A            ,"ALUMINUM EXTRUSION AND NUT BAR, 25MM X 80MM X 960MM, UNV GEN III",No Request,EA,,DVLED,DvLED,,PP                       
KIT-UNVLED-EXT1200A           ,"ALUMINUM EXTRUSION AND NUT BAR, 25MM X 80MM X 1200MM, UNV GEN III",No Request,EA,,DVLED,DvLED,,PP                       
KIT-EXTCON3                   ,"UNIVERSAL EXTRUSION CONNECTOR ASSY 25MM X 80MM X 200MM, GEN III",No Request,EA,,DVLED,DvLED,,PP                       
KIT-UNVLED-STANDOFF3          ,"STANDOFF, UNIVERSAL LED Gen III",Active,EA,,DVLED,DvLED,,PPA                      
KIT-UNVLED-SPACER3            ,"UNIVERSAL SPACER, GEN III",No Request,EA,,DVLED,DvLED,,PP                       
KIT-UNVLED-HW3                ,"DISPLAY HARDWARE KIT, UNIVERSAL LED GEN III",Active,EA,,DVLED,DvLED,,PPA                      
KIT-UNVLED-WPK                ,"""OEM"" WALL PLATE / KITTED+ EXTRUSION PLATE",No Request,EA,,DVLED,DvLED,,PP                       
10019843                      ,"END CAP, PEERLESS-AV UNIVERSAL DVLED GEN III",Active,EA,,DVLED,DvLED,,PPA                      
981-1171                      ,"CTN, KIT-UNVLED-WP3 CARTON, CPR",Active,EA,,DVLED,DvLED,,CARTN               BOXES
981-1172                      ,"CTN, KIT-UNVLED-WP3 MASTER PACK CARTON, CPR",Active,EA,,DVLED,DvLED,,CARTN               BOXES
KIT-UNVLED-AFP2               ,"Fast-Pack, 0.25"" Spacer and M8x35 Screw",Active,EA,,DVLED,DvLED,,FAST                     
DS-LEDUNVSPACER3              ,Universal Spacer for DS-LEDUNV Gen III,No Request,EA,,DVLED,DvLED,Use Up,LED  STANDUNV            
OCMUA                         ,"Neptune Outdoor Adjustable Ceiling Mount - 43-75"" Displays",Active,EA,True,NEPTUNE-ACC,Neptune Accessories,Active,FPSS STAND               
PRJ500607                     ,"Flat Mount for 6x3 Planar DLP PRO (604 x 680mm), attach to a 48"" column.",No Sales,EA,,DVLED,DvLED,,LED  CUSTM               
DS-LEDLSAB-5X3                ,5x3 Fixed Wall Mount for LG LSAB/LSAP Series,Inactive,EA,,DVLED,DvLED,,LED  STANDDED            
DS-LEDLSAB-10X5               ,10x5 Fixed Wall Mount for LG LSAB/LSAP Series,Inactive,EA,,DVLED,DvLED,,LED  STANDDED            
PRJ500913                     ,"7x2 Pedestal Mount for Planar Matrix G3 55""",Active,EA,,DS,Digital Signage,,DS   CUSTM               
PRJ501459                     ,,Active,EA,,CUSTM,Custom Sales Price Group,,VLTA CUSTM               
PRJ501658                     ,5x5 Gen III Universal Flat Wall Mount,Active,EA,,DVLED,DvLED,,LED  CUSTM               
PRJ501637                     ,Prototype parts for DS-LEDLSAB R&D testing,Active,EA,,DVLED,DvLED,,LED  CUSTM               
KP-VE2-0600                   ,"Kitted+ Vertical Extrusion, 600mm",Active,EA,,DVLED,DvLED,Active,LED  STANDSUBF           
KP-VE2-1200                   ,"Kitted+ Vertical Extrusion, 1200mm",Active,EA,,DVLED,DvLED,Active,LED  STANDSUBF           
KP-VE2-1800                   ,"Kitted+ Vertical Extrusion, 1800mm",Active,EA,,DVLED,DvLED,Active,LED  STANDSUBF           
KP-FBP2                       ,SEAMLESS Connect Fixed Base Plate,Active,EA,,DVLED,DvLED,Active,LED  STANDSUBF           
KP-ACB2                       ,Kitted+ Adjustable Ceiling Bracket,Active,EA,,DVLED,DvLED,Active,LED  STANDSUBF           
KP-LBL2                       ,"SEAMLESS Connect Leg, Black",Active,EA,,DVLED,DvLED,Active,LED  STANDSUBF           
KP-AWB2                       ,Kitted+ Adjustable Wall Bracket,Active,EA,,DVLED,DvLED,Active,LED  STANDSUBF           
KP-WOB2                       ,Kitted+ Wall Offset Bracket,No Request,EA,,DVLED,DvLED,Use Up,LED  STANDSUBF           
PRJ501374-A                   ,5x3 Fixed Wall Mount for LG LSAB/LSAP Series,Active,EA,,DVLED,DvLED,,LED  CUSTMDED            
PRJ501374-B                   ,10x5 Fixed Wall Mount for LG LSAB/LSAP Series,Active,EA,,DVLED,DvLED,,LED  CUSTMDED            
PRJ501734-A                   ,5x3 Fixed Wall Mount for LG LSAB/LSAP Series,Active,EA,,DVLED,DvLED,,LED  CUSTMDED            
PRJ501734-B                   ,10x5 Fixed Wall Mount for LG LSAB/LSAP Series,Active,EA,,DVLED,DvLED,,LED  CUSTMDED            
KP-NB2-0140                   ,"Nut Bar, 140mm",No Request,EA,,DVLED,DvLED,Use Up,LED  STANDSUBF           
KP-WPK2                       ,Kitted+ Extrusion Plate,Active,EA,,DVLED,DvLED,Active,LED  STANDSUBF           
PRJ501734-C                   ,5x3 Fixed Wall Mount for LG LSAB/LSAP Series,Active,EA,,DVLED,DvLED,,LED  CUSTMDED            
PRJ501218                     ,12x6 Flat Wall Mount for LG LSAB/LSAP,Active,EA,,DVLED,DvLED,,LED  CUSTMDED            
DS-LEDTK-C2                   ,"Universal DV-LED Trim Kit, Corner",Inactive,EA,,DVLED,DvLED,,LED  STANDTK             
DS-LEDTK-1220S                ,"Universal DV-LED Trim Kit, 1220mm Solid Trim",No Request,EA,,DVLED,DvLED,Use Up,LED  STANDTK             
DS-LEDTK-1220V                ,"Universal DV-LED Trim Kit, 1220mm Vented Trim",No Request,EA,,DVLED,DvLED,Use Up,LED  STANDTK             
DS-LEDTK-S2                   ,"Universal DV-LED Trim Kit, 1220mm Solid Trim",No Request,EA,,DVLED,DvLED,Use Up,LED  STANDTK             
DS-LEDTK-V2                   ,"Universal DV-LED Trim Kit, 1220mm Vented Trim",No Request,EA,,DVLED,DvLED,Use Up,LED  STANDTK             
PRJ500913-TEMPLATE            ,Floor Template for 7x2 LCD Structure PRJ500913 - Planar Clarity MX55,Active,EA,,DS,Digital Signage,,DS   CUSTM               
COSTV55                       ,"55"" NEPTUNE OUTDOOR SMART TV; SHADE",Active,EA,,NEPTUNE,Neptune TVs,Active,ET   STANDNEPTN          
COSTV65                       ,"65"" NEPTUNE OUTDOOR SMART TV; SHADE",Active,EA,,NEPTUNE,Neptune TVs,Active,ET   STANDNEPTN          
SOSTV55                       ,"55"" NEPTUNE OUTDOOR SMART TV; SHADE",Active,EA,,NEPTUNE-SO,Neptune TVs,Active,ET   STANDNEPTN          
SOSTV65                       ,"65"" NEPTUNE OUTDOOR SMART TV; SHADE",Active,EA,False,NEPTUNE-SO,Neptune TVs,Active,ET   STANDNEPTN          
BWPSTV55-BND                  ,"55"" NEPTUNE OUTDOOR SHADE SMART TV, DUSTCOVER, TILT MOUNT BUNDLE",Active,EA,,NEPTUNE-BWP,Neptune TVs,,ET   STANDNEPTN          
BWPSTV65-BND                  ,"65"" NEPTUNE OUTDOOR SHADE SMART TV, DUSTCOVER, TILT MOUNT BUNDLE",Active,EA,,NEPTUNE-BWP,Neptune TVs,Active,ET   STANDNEPTN          
DS-LEDUNV610-14X7             ,14x7 Universal wall mount for latching dvLED displays up to 610mm wide,Active,EA,,DVLED,DvLED,,LED  STANDUNV            
DS-LEDTK-18VX11S              ,"Universal DV-LED Trim Kit, 18' Vented x 11' Solid",Active,EA,,DVLED,DvLED,,LED  STANDTK             
PRJ500607-F                   ,"Flat Mount for 6x3 Planar DLP PRO (604 x 680mm), attach to a 48"" column.",No Sales,EA,,DVLED,DvLED,,LED  CUSTM               
LEDUNVL-2X2                   ,2X2 Universal wall mount for latching dvLED displays up to 1220 x 686mm,Active,EA,,DVLED,DvLED,Active,LED  STANDUNV            
LEDUNVL-3X3                   ,3X3 Universal wall mount for latching dvLED displays up to 1220 x 686mm,Active,EA,,DVLED,DvLED,Active,LED  STANDUNV            
LEDUNVL-4X4                   ,4X4 Universal wall mount for latching dvLED displays up to 1220 x 686mm,Active,EA,,DVLED,DvLED,Active,LED  STANDUNV            
LEDUNVM-4X4                   ,4X4 Universal wall mount for latching dvLED displays up to 960 x 540mm,Active,EA,,DVLED,DvLED,Active,LED  STANDUNV            
LEDUNVM-5X5                   ,5X5 Universal wall mount for latching dvLED displays up to 960 x 540mm,Active,EA,,DVLED,DvLED,Active,LED  STANDUNV            
LEDUNVS-5X5                   ,5x5 Universal wall mount for latching dvLED displays up to 610 X 343 mm,Active,EA,,DVLED,DvLED,Active,LED  STANDUNV            
LEDUNVS-6X6                   ,6X6 Universal wall mount for latching dvLED displays up to 610 X 343 mm,Active,EA,,DVLED,DvLED,Active,LED  STANDUNV            
LEDUNVS-8X8                   ,8X8 Universal wall mount for latching dvLED displays up to 610 X 343 mm,Active,EA,,DVLED,DvLED,Active,LED  STANDUNV            
LEDUNVSPACER3                 ,Universal Spacer for LEDUNV,Active,EA,,DVLED,DvLED,Active,LED  STANDUNV            
LEDUNVS-4X4                   ,4x4 Universal wall mount for latching dvLED displays up to 610 X 343 mm,Active,EA,,DVLED,DvLED,Active,LED  STANDUNV            
LEDUNVM-3X3                   ,3X3 Universal wall mount for latching dvLED displays up to 960 x 540mm,Active,EA,,DVLED,DvLED,Active,LED  STANDUNV            
DS-LEDKFW-PIM63U12-5X5        ,5x5 Kitted+ Floor-to-Wall Mount for Pensar Immersize,Active,EA,,DVLED,DvLED,Active,LED  CUSTMSUBF           
DS-LEDKFW-PIM63U12-10X5       ,10x5 Kitted+ Floor-to-Wall Mount for Pensar Immersize,No Sales,EA,,DVLED,DvLED,Active,LED  CUSTMSUBF           
LEDUNV1                       ,"Universal wall mount for latching dvLED displays up to 55"", including 27"" displays in 2x2 configuration",Inactive,EA,,DVLED,DvLED,Presale,LED  STANDUNV            
KP-C2                         ,"Casters (1 locking, 1 non-locking)",Active,EA,,DVLED,DvLED,Active,LED  STANDSUBF           
KP-F2                         ,Feet/Leveler (2),Active,EA,,DVLED,DvLED,Active,LED  STANDSUBF           
PRJ501818-25X3                ,Custom One-to-one universal wall mount for latching dvLED displays up to 960mm wide,Active,EA,,DVLED,DvLED,,LED  CUSTMUNV            
PRJ501818-46X3                ,Custom One-to-one universal wall mount for latching dvLED displays up to 960mm wide,Active,EA,,DVLED,DvLED,,LED  CUSTMUNV            
PRJ501790                     ,6x4 DvLED Cart for InfoComm 2025,Inactive,EA,,DVLED,DvLED,,LED  CUSTMSUBF           
PRJ501812                     ,5x4 DvLED Cart for InfoComm 2025 Meeting Room,Inactive,EA,,DVLED,DvLED,,LED  CUSTMSUBF           
DS-LEDKMT-IEA-4X4             ,4X4 Kitted+ Mobile Trolley Mount for Samsung IEA,No Request,EA,,DVLED,DvLED,Use Up,LED  CUSTMUNV            
DS-LEDKMT-LSCB-3X3            ,3x3 Kitted+ Mobile Trolley Mount for LG LSCB,Active,EA,,DVLED,DvLED,Active,LED  CUSTM               
ACCKV152                      ,AOPEN DEX5550 SRS REPACK,Active,EA,,CUSTM,Custom Sales Price Group,,VLTA STAND               
DS-LEDLSAB-8X6                ,8X6 Fixed Wall Mount for LG LSAB Series,Active,EA,,DVLED,DvLED,Presale,LED  STANDDED            
KP-TSP2                       ,Top Solid Plate Extrusion Cover,Inactive,EA,,DVLED,DvLED,Active,LED  STANDLEDFS          
DS-LEDKMT-LA120V07            ,Kitted+ Mobile Trolley Mount for Maxhub LA120V07,No Request,EA,,DVLED,DvLED,Use Up,LED  STANDSUBF           
PRJ501862                     ,Modified DS-LEDKMT-AWALL-135 Mobile Cart ( 5x5 - 600x337.5 ),Active,EA,,DVLED,DvLED,,LED  CUSTMSUBF           
PRJ501827                     ,Replacement cladding for Miami 7x2 LCD - Original order PRJ500913,Active,EA,,DS,Digital Signage,,DS   CUSTM               
PRJ501832                     ,Gen III Kitted + DS-LEDKMT-IEA-4X4 - Demo,Inactive,EA,,DVLED,DvLED,,LED  CUSTMSUBF           
LEDTK-C                       ,"Universal DV-LED Trim Kit, Corner",Active,EA,,DVLED,DvLED,,LED  STANDTK             
LEDTK-S                       ,"Universal DV-LED Trim Kit, 1220mm Solid Trim",Active,EA,,DVLED,DvLED,,LED  STANDTK             
LEDTK-V                       ,"Universal DV-LED Trim Kit, 1220mm Vented Trim",Active,EA,,DVLED,DvLED,,LED  STANDTK             
PRJ501870                     ,LEDTK Sample Order,Active,EA,,DVLED,DvLED,,LED  CUSTMTK             
XHB5541-R                     ,"55"" XTREME HIGH BRIGHT OUTDOOR DISPLAY GEN 4.1; REFURBISHED",Active,EA,,ET,Emerging Technologies & Displays,Active,ET   STANDXTRME          
PRJ501617-P                   ,Bespoke Plexi for InfoComm 2025,Inactive,EA,,DVLED,DvLED,,LED  CUSTM               
PRJ501805                     ,Tool Kit,Active,EA,,DVLED,DvLED,,LED  CUSTMACC            
PRJ501860                     ,Corner LED Mount and Plexi for InfoComm 2025,Inactive,EA,,DVLED,DvLED,,LED  CUSTMUNV            
PRJ501871                     ,"4x4 UNV dvLED flat wall mount, trim kit and plexi, InfoComm 2025",Active,EA,,DVLED,DvLED,,LED  CUSTMUNV            
PRJ501877                     ,"dvLED Media Wall, InfoComm 2025",Inactive,EA,,DVLED,DvLED,,LED  CUSTM               
PRJ501878                     ,"Gym Shark, InfoComm 2025",Inactive,EA,,DVLED,DvLED,,LED  CUSTM               
PRJ501879                     ,Bespoke Assemblies for InfoComm 2025,Active,EA,,DVLED,DvLED,,LED  CUSTM               
PRJ501880                     ,"Base covers for Bespoke, InfoComm 2025",Active,EA,,DVLED,DvLED,,LED  CUSTM               
PRJ501881                     ,2x4 interactive display with UpanelS cabinets (no modules),Inactive,EA,,DVLED,DvLED,,LED  CUSTMUNV            
PRJ501882                     ,"3x4 and 5x5 Meeting Room Mount, InfoComm 2025",Active,EA,,DVLED,DvLED,,LED  CUSTM               
PRJ501883                     ,"S/M/L UNV dvLED display, InfoComm 2025",Active,EA,,DVLED,DvLED,,LED  CUSTMUNV            
PRJ501270-1                   ,Bespoke parts for California testing,No Request,EA,,DVLED,DvLED,,LED  CUSTMSUBF           
PRJ501617-P1                  ,Bespoke Plexi for InfoComm 2025,Active,EA,,DVLED,DvLED,,LED  CUSTM               
LEDTKS-4X4                    ,"Universal dvLED Trim Kit for 27"" Displays, up to 610 x 343mm, in a 4x4 Configuration",Active,EA,,DVLED,DvLED,Active,LED  STANDTK             
LEDTKS-5X5                    ,"Universal dvLED Trim Kit for 27"" Displays, up to 610 x 343mm, in a 5X5 Configuration",Active,EA,,DVLED,DvLED,Active,LED  STANDTK             
LEDTKS-6X6                    ,"Universal dvLED Trim Kit for 27"" Displays, up to 610 x 343mm, in a 6X6 Configuration",Active,EA,,DVLED,DvLED,Active,LED  STANDTK             
LEDTKS-8X8                    ,"Universal dvLED Trim Kit for 27"" Displays, up to 610 x 343mm, in a 8X8 Configuration",Active,EA,,DVLED,DvLED,Active,LED  STANDTK             
LEDTKM-3X3                    ,"Universal dvLED Trim Kit for 43"" Displays, up to 960mm Wide, in a 3X3 Configuration",Active,EA,,DVLED,DvLED,Active,LED  STANDTK             
LEDTKM-4X4                    ,"Universal dvLED Trim Kit for 43"" Displays, up to 960mm Wide, in a 4X4 Configuration",Active,EA,,DVLED,DvLED,Active,LED  STANDTK             
LEDTKM-5X5                    ,"Universal dvLED Trim Kit for 43"" Displays, up to 960mm Wide, in a 5X5 Configuration",Active,EA,,DVLED,DvLED,Active,LED  STANDTK             
LEDTKL-2X2                    ,"Universal dvLED Trim Kit for 55"" Displays, up to 1220mm Wide, in a 2X2 Configuration",Active,EA,,DVLED,DvLED,Active,LED  STANDTK             
LEDTKL-4X4                    ,"Universal dvLED Trim Kit for 55"" Displays, up to 1220mm Wide, in a 4X4 Configuration",Active,EA,,DVLED,DvLED,Active,LED  STANDTK             
LEDTKL-3X3                    ,"Universal dvLED Trim Kit for 55"" Displays, up to 1220mm Wide, in a 3X3 Configuration",Active,EA,,DVLED,DvLED,Active,LED  STANDTK             
LEDMTS-4X4                    ,"Universal dvLED Cart/Trolley for 27"" Displays up to 610x343mm in a 4x4 Configuration",Active,EA,,DVLED,DvLED,Active,LED  STANDSUBF           
LEDMTS-5X5                    ,"Universal dvLED Cart/Trolley for 27"" Displays, up to 610x343mm in a 5x5 Configuration",Active,EA,,DVLED,DvLED,Active,LED  STANDSUBF           
LEDMTS-6X6                    ,"Universal dvLED Cart/Trolley for 27"" Displays, up to 610x343mm in a 6X6 Configuration",Active,EA,,DVLED,DvLED,Active,LED  STANDSUBF           
LEDMTS-8X8                    ,"Universal dvLED Cart/Trolley for 27"" Displays, up to 610x343mm in a 8x8 Configuration",Active,EA,,DVLED,DvLED,Active,LED  STANDSUBF           
LEDMTM-3X3                    ,"Universal dvLED Cart/Trolley for 43"" Displays up to 960x540mm in a 3x3 Configuration",Active,EA,,DVLED,DvLED,Active,LED  STANDSUBF           
LEDMTM-4X4                    ,"Universal dvLED Cart/Trolley for 43"" Displays up to 960x540mm in a 4x4 Configuration",Active,EA,,DVLED,DvLED,Active,LED  STANDSUBF           
LEDMTM-5X5                    ,"Universal dvLED Cart/Trolley for 43"" Displays up to 960x540mm in a 5x5 Configuration",Active,EA,,DVLED,DvLED,Active,LED  STANDSUBF           
LEDMTL-2X2                    ,"Universal dvLED Cart/Trolley for 55"" Displays up to 1220x686mm in a 2x2 Configuration",Active,EA,,DVLED,DvLED,Active,LED  STANDSUBF           
LEDMTL-3X3                    ,"Universal dvLED Cart/Trolley for 55"" Displays up to 1220x686mm in a 3x3 Configuration",Active,EA,,DVLED,DvLED,Active,LED  STANDSUBF           
LEDMTL-4X4                    ,"Universal dvLED Cart/Trolley for 55"" Displays up to 1220x686mm in a 4x4 Configuration",Active,EA,,DVLED,DvLED,Active,LED  STANDSUBF           
LEDFSS-4X4                    ,"Universal dvLED Stand for 27"" Displays up to 610x343mm in a 4x4 Configuration",No Request,EA,,DVLED,DvLED,Active,LED  STANDSUBF           
LEDFSS-5X5                    ,"Universal dvLED Stand for 27"" Displays up to 610x343mm in a 5X5 Configuration",No Request,EA,,DVLED,DvLED,Active,LED  STANDSUBF           
LEDFSS-6X6                    ,"Universal dvLED Stand for 27"" Displays up to 610x343mm in a 6X6 Configuration",No Request,EA,,DVLED,DvLED,Active,LED  STANDSUBF           
LEDFSS-8X8                    ,"Universal dvLED Stand for 27"" Displays up to 610x343mm in a 8x8 Configuration",No Request,EA,,DVLED,DvLED,Active,LED  STANDSUBF           
LEDFSM-3X3                    ,"Universal dvLED Stand for 43"" Displays, up to 960x540mm, in a 3x3 Configuration",No Request,EA,,DVLED,DvLED,Active,LED  STANDSUBF           
LEDFSM-4X4                    ,"Universal dvLED Stand for 43"" Displays, up to 960x540mm, in a 4x4 Configuration",No Request,EA,,DVLED,DvLED,Active,LED  STANDSUBF           
LEDFSM-5X5                    ,"Universal dvLED Stand for 43"" Displays, up to 960x540mm, in a 5x5 Configuration",No Request,EA,,DVLED,DvLED,Active,LED  STANDSUBF           
LEDFSL-2X2                    ,"Universal dvLED Stand for 55"" Displays up to 1220x686mm in a 2x2 Configuration",No Request,EA,,DVLED,DvLED,Active,LED  STANDSUBF           
LEDFSL-3X3                    ,"Universal dvLED Stand for 55"" Displays up to 1220x686mm in a 3x3 Configuration",No Request,EA,,DVLED,DvLED,Active,LED  STANDSUBF           
LEDFSL-4X4                    ,"Universal dvLED Stand for 55"" Displays up to 1220x686mm in a 4x4 Configuration",No Request,EA,,DVLED,DvLED,Active,LED  STANDSUBF           
LEDBDS-4X4                    ,"Universal dvLED Bolt-Down Pedestal for 27"" Displays, up to 610mm Wide, in a 4x4 Configuration",No Request,EA,,DVLED,DvLED,Active,LED  STANDSUBF           
LEDBDS-5X5                    ,"Universal dvLED Bolt-Down Pedestal for 27"" Displays, up to 610mm Wide, in a 5x5 Configuration",No Request,EA,,DVLED,DvLED,Active,LED  STANDSUBF           
LEDBDS-6X6                    ,"Universal dvLED Bolt-Down Pedestal for 27"" Displays, up to 610mm Wide, in a 6x6 Configuration",No Request,EA,,DVLED,DvLED,Active,LED  STANDSUBF           
LEDBDS-8X8                    ,"Universal dvLED Bolt-Down Pedestal for 27"" Displays, up to 610mm Wide, in a 8x8 Configuration",No Request,EA,,DVLED,DvLED,Active,LED  STANDSUBF           
LEDBDM-3X3                    ,"Universal dvLED Bolt-Down Pedestal for 43"" Displays, up to 960mm Wide, in a 3x3 Configuration",No Request,EA,,DVLED,DvLED,Active,LED  STANDSUBF           
LEDBDM-4X4                    ,"Universal dvLED Bolt-Down Pedestal for 43"" Displays, up to 960mm Wide, in a 4x4 Configuration",No Request,EA,,DVLED,DvLED,Active,LED  STANDSUBF           
LEDBDM-5X5                    ,"Universal dvLED Bolt-Down Pedestal for 43"" Displays, up to 960mm Wide, in a 5x5 Configuration",No Request,EA,,DVLED,DvLED,Active,LED  STANDSUBF           
LEDBDL-2X2                    ,"Universal dvLED Bolt-Down Pedestal for 55"" Displays, up to 1220mm Wide, in a 2x2 Configuration",No Request,EA,,DVLED,DvLED,Active,LED  STANDSUBF           
LEDBDL-3X3                    ,"Universal dvLED Bolt-Down Pedestal for 55"" Displays, up to 1220mm Wide, in a 3x3 Configuration",No Request,EA,,DVLED,DvLED,Active,LED  STANDSUBF           
LEDBDL-4X4                    ,"Universal dvLED Bolt-Down Pedestal for 55"" Displays, up to 1220mm Wide, in a 4x4 Configuration",No Request,EA,,DVLED,DvLED,Active,LED  STANDSUBF           
LEDFCS-4X4                    ,"Universal dvLED Floor-to-Ceiling Mount for 27"" Displays, up to 610mm Wide, in a 4x4 Configuration",No Request,EA,,DVLED,DvLED,Active,LED  STANDSUBF           
LEDFCS-5X5                    ,"Universal dvLED Floor-to-Ceiling Mount for 27"" Displays, up to 610mm Wide, in a 5x5 Configuration",No Request,EA,,DVLED,DvLED,Active,LED  STANDSUBF           
LEDFCS-6X6                    ,"Universal dvLED Floor-to-Ceiling Mount for 27"" Displays, up to 610mm Wide, in a 6x6 Configuration",No Request,EA,,DVLED,DvLED,Active,LED  STANDSUBF           
LEDFCS-8X8                    ,"Universal dvLED Floor-to-Ceiling Mount for 27"" Displays, up to 610mm Wide, in a 8x8 Configuration",No Request,EA,,DVLED,DvLED,Active,LED  STANDSUBF           
LEDFCM-3X3                    ,"Universal dvLED Floor-to-Ceiling Mount for 43"" Displays, up to 960mm Wide, in a 3x3 Configuration",No Request,EA,,DVLED,DvLED,Active,LED  STANDSUBF           
LEDFCM-4X4                    ,"Universal dvLED Floor-to-Ceiling Mount for 43"" Displays, up to 960mm Wide, in a 4x4 Configuration",No Request,EA,,DVLED,DvLED,Active,LED  STANDSUBF           
LEDFCM-5X5                    ,"Universal dvLED Floor-to-Ceiling Mount for 43"" Displays, up to 960mm Wide, in a 5x5 Configuration",No Request,EA,,DVLED,DvLED,Active,LED  STANDSUBF           
LEDFCL-2X2                    ,"Universal dvLED Floor-to-Ceiling Mount for 55"" Displays, up to 1220mm Wide, in a 2x2 Configuration",No Request,EA,,DVLED,DvLED,Active,LED  STANDSUBF           
LEDFCL-3X3                    ,"Universal dvLED Floor-to-Ceiling Mount for 55"" Displays, up to 1220mm Wide, in a 3x3 Configuration",No Request,EA,,DVLED,DvLED,Active,LED  STANDSUBF           
LEDFCL-4X4                    ,"Universal dvLED Floor-to-Ceiling Mount for 55"" Displays, up to 1220mm Wide, in a 4x4 Configuration",No Request,EA,,DVLED,DvLED,Active,LED  STANDSUBF           
LEDFWS-4X4                    ,"Universal dvLED Floor-to-Wall Mount for 27"" Displays, up to 610 x 343mm, in a 4x4 Configuration",No Request,EA,,DVLED,DvLED,Active,LED  STANDSUBF           
LEDFWS-5X5                    ,"Universal dvLED Floor-to-Wall Mount for 27"" Displays, up to 610 x 343mm, in a 5x5 Configuration",Active,EA,,DVLED,DvLED,Active,LED  STANDSUBF           
LEDFWS-6X6                    ,"Universal dvLED Floor-to-Wall Mount for 27"" Displays, up to 610 x 343mm, in a 6x6 Configuration",No Request,EA,,DVLED,DvLED,Active,LED  STANDSUBF           
LEDFWS-8X8                    ,"Universal dvLED Floor-to-Wall Mount for 27"" Displays, up to 610 x 343mm, in a 8x8 Configuration",No Request,EA,,DVLED,DvLED,Active,LED  STANDSUBF           
LEDFWM-3X3                    ,"Universal dvLED Floor-to-Wall Mount for 43"" Displays, up to 960mm Wide, in a 3x3 Configuration",No Request,EA,,DVLED,DvLED,Active,LED  STANDSUBF           
LEDFWM-4X4                    ,"Universal dvLED Floor-to-Wall Mount for 43"" Displays, up to 960mm Wide, in a 4x4 Configuration",No Request,EA,,DVLED,DvLED,Active,LED  STANDSUBF           
LEDFWM-5X5                    ,"Universal dvLED Floor-to-Wall Mount for 43"" Displays, up to 960mm Wide, in a 5x5 Configuration",No Request,EA,,DVLED,DvLED,Active,LED  STANDSUBF           
LEDFWL-2X2                    ,"Universal dvLED Floor-to-Wall Mount for 55"" Displays, up to 1220mm Wide, in a 2x2 Configuration",No Request,EA,,DVLED,DvLED,Active,LED  STANDSUBF           
LEDFWL-3X3                    ,"Universal dvLED Floor-to-Wall Mount for 55"" Displays, up to 1220mm Wide, in a 3x3 Configuration",No Request,EA,,DVLED,DvLED,Active,LED  STANDSUBF           
LEDFWL-4X4                    ,"Universal dvLED Floor-to-Wall Mount for 55"" Displays, up to 1220mm Wide, in a 4x4 Configuration",No Request,EA,,DVLED,DvLED,Active,LED  STANDSUBF           
ODTV5503-B                    ,"55"" 500 Nits Partial Sun, Web OS Hub, Includes Outdoor Tilt Mount - B-STOCK",Active,EA,,NEPTUNE-OD,Neptune TVs,,ET   STANDNEPTN          
KIT-UNVLED-CB                 ,DvLED Corner Bracket Kit,Active,EA,,DVLED,DvLED,Active,LED  STANDUNV            
555DNT1S-UA-NM-R              ,NEPTUNE OUTDOOR SMART TV POWERED BY WEBOS HUB; 500NIT; REFURBISHED,Active,EA,,NEPTUNE,Neptune TVs,Active,ET   STANDNEPTN          
KIT-UNVLED-AFP3               ,"Fast-Pack, LEDUNV Washer",Active,EA,,DVLED,DvLED,Active,LED  STANDUNV            
ODSTV55-BND                   ,"55"" NEPTUNE OUTDOOR SHADE SMART TV, DUSTCOVER, TILT MOUNT BUNDLE",No Sales,EA,,NEPTUNE-OD,Neptune TVs,Active,ET   STANDNEPTN          
ODSTV65-BND                   ,"65"" NEPTUNE OUTDOOR SHADE SMART TV, DUSTCOVER, TILT MOUNT BUNDLE",Active,EA,,NEPTUNE-OD,Neptune TVs,Active,ET   STANDNEPTN          
WPSTV55-BND                   ,"55"" NEPTUNE OUTDOOR SHADE SMART TV, DUSTCOVER, TILT MOUNT BUNDLE",Active,EA,,NEPTUNE-WP,Neptune TVs,Active,ET   STANDNEPTN          
WPSTV65-BND                   ,"65"" NEPTUNE OUTDOOR SHADE SMART TV, DUSTCOVER, TILT MOUNT BUNDLE",Active,EA,,NEPTUNE-WP,Neptune TVs,Active,ET   STANDNEPTN          
KP-SSO                        ,Substructure Standoff,Active,EA,,DVLED,DvLED,Active,LED  STANDSUBF           
PRJ501914                     ,Bespoke 4X4 Table Top Mobile Cart - Dakatronics NPN-6600,Active,EA,,DVLED,DvLED,,LED  CUSTMSUBF           
NTSD55-BND                    ,"55"" 500 Nits Shade, Google OS, Includes DC and Outdoor Tilt Mount",Inactive,EA,,NEPTUNE,Neptune TVs,,ET   STANDNEPTN          
NTSD65-BND                    ,"65"" 500 Nits Shade, Google OS, Includes DC and Outdoor Tilt Mount",Active,EA,True,NEPTUNE,Neptune TVs,Active,ET   STANDNEPTN          
DS-LEDUNV610-13X5             ,13x5 Universal wall mount for latching dvLED displays up to 610mm wide,No Purchases,EA,,DVLED,DvLED,,LED  STANDUNV            
DS-LEDTK-26VXS                ,"Universal DV-LED Trim Kit, 26' Vented x 6' Solid",Active,EA,,DVLED,DvLED,,LED  STANDTK             
DS-LEDTK-26VX6S               ,"Universal DV-LED Trim Kit, 26' Vented x 6' Solid",Active,EA,,DVLED,DvLED,,LED  STANDTK             
DS-LEDUNV610-16X4             ,16x4 Universal wall mount for latching dvLED displays up to 610mm wide,Active,EA,,DVLED,DvLED,,LED  STANDUNV            
LEDUNVS-13X13                 ,13x13 Universal wall mount for latching dvLED displays up to 610 X 343 mm,No Request,EA,,DVLED,DvLED,Presale,LED  STANDUNV            
DS-LEDUNV610-4X7              ,4x7 Universal wall mount for latching dvLED displays up to 610mm wide,Active,EA,,DVLED,DvLED,,LED  STANDUNV            
DS-LEDUNV610-7X2              ,7X2 Universal wall mount for latching dvLED displays up to 610mm wide,Active,EA,,DVLED,DvLED,,LED  STANDUNV            
NTSB-DEFWAR-150-3             ,NTSB150 3-YEAR EXTENDED WARRANTY FOR DEFECTS,Active,EA,,ET,Emerging Technologies & Displays,,WRNTY                    
NTSB-DEFWAR-150-5             ,NTSB150 5-YEAR EXTENDED WARRANTY FOR DEFECTS,Active,EA,,ET,Emerging Technologies & Displays,,WRNTY                    
NTSD-DEFWAR-55-3              ,NTSD55 3-YEAR EXTENDED WARRANTY FOR DEFECTS,Active,EA,,ET,Emerging Technologies & Displays,,WRNTY                    
NTSD-DEFWAR-65-3              ,NTSD65 3-YEAR EXTENDED WARRANTY FOR DEFECTS,Active,EA,,ET,Emerging Technologies & Displays,,WRNTY                    
NTPS-DEFWAR-55-3              ,NT553 3-YEAR EXTENDED WARRANTY FOR DEFECTS,Active,EA,,ET,Emerging Technologies & Displays,,WRNTY                    
NTFS-DEFWAR-55-3              ,NT554 3-YEAR EXTENDED WARRANTY FOR DEFECTS,Active,EA,,ET,Emerging Technologies & Displays,,WRNTY                    
NTFS-DEFWAR-65-3              ,NT654 3-YEAR EXTENDED WARRANTY FOR DEFECTS,Active,EA,,ET,Emerging Technologies & Displays,,WRNTY                    
NTPS-DEFWAR-65-3              ,NT653 3-YEAR EXTENDED WARRANTY FOR DEFECTS,Active,EA,,ET,Emerging Technologies & Displays,,WRNTY                    
NTSD-DEFWAR-55-5              ,NTSD55 5-YEAR EXTENDED WARRANTY FOR DEFECTS,Active,EA,,ET,Emerging Technologies & Displays,,WRNTY                    
NTSD-DEFWAR-65-5              ,NTSD65 5-YEAR EXTENDED WARRANTY FOR DEFECTS,Active,EA,,ET,Emerging Technologies & Displays,,WRNTY                    
NTPS-DEFWAR-55-5              ,NT553 5-YEAR EXTENDED WARRANTY FOR DEFECTS,Active,EA,,ET,Emerging Technologies & Displays,,WRNTY                    
NTPS-DEFWAR-65-5              ,NT653 5-YEAR EXTENDED WARRANTY FOR DEFECTS,Active,EA,,ET,Emerging Technologies & Displays,,WRNTY                    
NTFS-DEFWAR-55-5              ,NT554 5-YEAR EXTENDED WARRANTY FOR DEFECTS,Active,EA,,ET,Emerging Technologies & Displays,,WRNTY                    
NTFS-DEFWAR-65-5              ,NT654 5-YEAR EXTENDED WARRANTY FOR DEFECTS,Active,EA,,ET,Emerging Technologies & Displays,,WRNTY                    
DS-LEDTK-21VX10S              ,"Universal DV-LED Trim Kit, 21 Vented x 10' Solid",Active,EA,,DVLED,DvLED,,LED  STANDTK             
DS-LEDTK-12VX10S              ,"Universal DV-LED Trim Kit, 12' Vented x 10' Solid",Active,EA,,DVLED,DvLED,,LED  STANDTK             
PRJ502031-1                   ,V4.5 Payter Blanking Plate Assembly,Active,EA,,CUSTM,Custom Sales Price Group,,VLTA CUSTM               
DS-LEDUNV1220-2X5             ,2x5 Universal wall mount for latching dvLED displays up to 1220mm wide,Active,EA,,DVLED,DvLED,,LED  STANDUNV            
LEDUNVS-5X7                   ,5X7 Universal wall mount for latching dvLED displays up to 610 X 343 mm,Active,EA,,DVLED,DvLED,,LED  STANDUNV            
LEDMT-LAPA163-2400            ,"Cart/Trolley for the LG LAPA 163""",No Request,EA,,DVLED,DvLED,Presale,LED  STANDSUBF           
PRJ502034-M                   ,5x2 Floor to Wall Mount,Active,EA,,DS,Digital Signage,,DS   CUSTM               
PRJ502034-C                   ,Cladding for 5x2 Floor to Wall Mount,Active,EA,,DS,Digital Signage,,DS   CUSTM               
PRJ502068                     ,Custom Kiosk Base Plate to retrofit  (2) MIS-40512-S Kiosks for Back to Back Placement (re-run of ECN#42630),Active,EA,,CUSTM,Custom Sales Price Group,,KIOSKCUSTM               
PRJ502073                     ,Stand with camera shelf and clock mount for Samsung IW008A,Active,EA,,DVLED,DvLED,,LED  CUSTMSUBF           
LEDMT-LAEC136-3000            ,Mobile Cart for LG LAEC136 DVLED - 3m (PRJ502085),Active,EA,,DVLED,DvLED,,LED  CUSTM               
UST650                        ,Ultra Slim Micro-Gap Flat Universal Wall Mount for 40-85” TVs,Active,EA,,RETAIL,TruVue,,FPSS STANDTRVUE          
RTS450                        ,Universal Swivel TV Stand for 40-75” TVs,Active,EA,,TRUVUE+,TruVue+,Active,FPSS STANDTRVUE          
SPKSS                         ,Height Adjustable Speaker Stand for Sonos ERA 100 & 300 Smart Speakers,Active,EA,,TRUVUE+,TruVue+,Active,FPSS STANDTRVUE          
ACC-FASTEN                    ,Universal TV Mounting Hardware Kit for TVs up to 110”,Active,EA,,TRUVUE+,TruVue+,Active,FPSS STANDTRVUE          
RF4X4                         ,"Universal Heavy Duty, Ultra Slim Flat Wall Mount for 32-70”+ TVs",Active,EA,,TRUVUE+,TruVue+,Active,FPSS STANDTRVUE          
RT4X4                         ,"Universal Heavy Duty, Ultra Slim Tilt Wall Mount for 32-70”+ TVs",Active,EA,,TRUVUE+,TruVue+,Active,FPSS STANDTRVUE          
RF8X4                         ,"Universal Heavy Duty, Ultra Slim Flat Wall Mount for 43-100”+ TVs",Active,EA,,TRUVUE+,TruVue+,Active,FPSS STANDTRVUE          
RT8X4                         ,"Universal Heavy Duty, Ultra Slim Tilt Wall Mount for 43-100”+ TVs",Active,EA,,TRUVUE+,TruVue+,Active,FPSS STANDTRVUE          
RA6X4                         ,"Universal Heavy Duty, Full Motion Wall Mount for 43-100”+ TVs",Active,EA,,TRUVUE+,TruVue+,Active,FPSS STANDTRVUE          
SPKSEB                        ,Adjustable Speaker Wall Mount for Sonos ERA 100 & 300 (Pair),Active,EA,,TRUVUE+,TruVue+,Active,FPSS STANDTRVUE          
RRG-UNV                       ,Universal Heavy Duty Project Ceiling Mount for Flat or Pitched Ceilings,Active,EA,,TRUVUE+,TruVue+,Active,FPSS STANDTRVUE          
RTS88                         ,Universal TV Stand Replacement Legs for 24-75” TVs,Active,EA,,TRUVUE+,TruVue+,Active,FPSS STANDTRVUE          
RTS6X4                        ,Universal Heavy Duty Tilting Scissor Mount for 40-100”+ TVs,Active,EA,,TRUVUE+,TruVue+,Active,FPSS STANDTRVUE          
RTS10X6                       ,Universal Heavy Duty Tilting Scissor Mount for 55-110”+ TVs,Active,EA,,TRUVUE+,TruVue+,Active,FPSS STANDTRVUE          
LEDUNVS-1X7                   ,1x7 Universal wall mount for latching dvLED displays up to 610 X 343 mm,Active,EA,,DVLED,DvLED,,LED  STANDUNV            
LEDTKS-1X7                    ,"Universal dvLED Trim Kit for 27"" Displays, up to 610 x 343mm, in a 1x7 Configuration",No Request,EA,,DVLED,DvLED,Presale,LED  STANDTK             
DS-LEDUNV610-6X3              ,6x3 Universal wall mount for latching dvLED displays up to 610mm wide,Active,EA,,DVLED,DvLED,Active,LED  STANDUNV            
EVO10X600T                    ,"Universal Tilt Scissor Wall Mount for 55-110""+ TVs",Active,EA,False,RETAIL,TruVue,Active,FPSS STANDTRVUE          
STS680                        ,"SmartMount Universal Tilt Scissor Mount for 49-120""+ Displays",Active,EA,True,CORE,Mounts,Active,FPSS STANDSMRT           
LEDUNVS-5X9                   ,5x9 Universal wall mount for latching dvLED displays up to 610 X 343 mm,Active,EA,,DVLED,DvLED,,LED  STANDUNV            
SA400                         ,"400mm Horizontal Adaptor Brackets for SA752PU, SA761PU, SA771PU",Marked for Deletion,EA,,CORE,Mounts,Use Up,APNS                     
PRJ502122                     ,LEDUNV Sample Kit,No Purchases,EA,,DVLED,DvLED,,LED  CUSTMUNV            
PRJ502118                     ,8x8 Floor to Wall Mount for Jupiter Zavus XP,Inactive,EA,,DVLED,DvLED,,LED  CUSTMLEDF           
SXN-65-4                      ,"65"" NEPTUNE FULL SUN OUTDOOR SMART TV, 800NIT W/MOUNT",Active,EA,,NEPTUNE,Neptune TVs,Active,ET   STAND               
558DNT1S-UA                   ,"55"" NEPTUNE OUTDOOR SMART TV; FULL SUN; 2026 MODEL",Active,EA,,NEPTUNE,Neptune TVs,,ET   STANDNEPTN          
658DNT1S-UA                   ,"65"" NEPTUNE OUTDOOR SMART TV; FULL SUN; 2026 MODEL",Active,EA,,NEPTUNE,Neptune TVs,,ET   STANDNEPTN          
758DNT1S-UA                   ,"75"" NEPTUNE OUTDOOR SMART TV; FULL SUN; 2026 MODEL",Active,EA,,NEPTUNE,Neptune TVs,Active,ET   STANDNEPTN          
556DNT1S-UA                   ,"55"" NEPTUNE OUTDOOR SMART TV; PARTIAL SUN; 2026 MODEL",No Purchases,EA,,NEPTUNE,Neptune TVs,,ET   STANDNEPTN          
656DNT1S-UA                   ,"65"" NEPTUNE OUTDOOR SMART TV; PARTIAL SUN; 2026 MODEL",No Purchases,EA,,NEPTUNE,Neptune TVs,,ET   STANDNEPTN          
756DNT1S-UA                   ,"75"" NEPTUNE OUTDOOR SMART TV; PARTIAL SUN; 2026 MODEL",Active,EA,,NEPTUNE,Neptune TVs,,ET   STANDNEPTN          
LEDFSM-2X3-2400               ,"Universal dvLED Stand for 43"" Displays, up to 960x540mm, in a 2x3 Configuration",No Request,EA,,DVLED,DvLED,Presale,LED  STANDSUBF           
PRJ502138                     ,2X3 Floor Stand for Vantage VI Series,Inactive,EA,,DVLED,DvLED,,LED  CUSTMSUBF           
LEDUNVS-8X4                   ,8X4 Universal wall mount for latching dvLED displays up to 610 X 343 mm,Active,EA,,DVLED,DvLED,,LED  STANDUNV            
LEDUNVS-14X4                  ,14x4 Universal wall mount for latching dvLED displays up to 610 X 343 mm,Active,EA,,DVLED,DvLED,,LED  STANDUNV            
LEDUNVSS-14X4                 ,14x4 Universal wall mount for latching dvLED displays up to 500x500 mm,No Request,EA,,DVLED,DvLED,Presale,LED  STANDUNV            
LEDTKS-8X4                    ,"Universal dvLED Trim Kit for 27"" Displays, up to 610 x 343mm, in a 8X4 Configuration",Active,EA,,DVLED,DvLED,Presale,LED  STANDTK             
DS-LEDTKS-16VX8S              ,"Trim Kit, Shallow.  16' Vented x 8' Solid",No Request,EA,,DVLED,DvLED,Use Up,LED  STANDTK             
DS-LEDTK-23VX8S               ,"Universal DV-LED Trim Kit, 23' Vented x 8' Solid",Active,EA,,DVLED,DvLED,,LED  STANDTK             
DS-LEDUNV610-14X4             ,14x4 Universal wall mount for latching dvLED displays up to 610mm wide,Active,EA,,DVLED,DvLED,Active,LED  STANDUNV            
DS-LEDTKS-4V                  ,"Universal DV-LED Shallow Trim Kit, 4' Vented",No Request,EA,,DVLED,DvLED,Use Up,LED  STANDTK             
DS-LEDTKS-4S                  ,"Universal DV-LED Shallow Trim Kit, 4' Solid",No Request,EA,,DVLED,DvLED,Use Up,LED  STANDTK             
LEDUNV12                      ,"Universal wall mount for latching dvLED displays up to 55"", including 27"" displays in 2x2 configuration",Active,EA,,DVLED,DvLED,Active,LED  STANDUNV            
LEDUNV6                       ,"Universal wall mount for 27"" latching dvLED displays in configurations up to 1x2",Active,EA,,DVLED,DvLED,Active,LED  STANDUNV            
PRJ501798                     ,PE Stamp for LEDFWS-13x7-3600 Floor to Wall Solution using LG LSCB - Sixt Denver Consultation,Active,EA,,DVLED,DvLED,,LED  CUSTM               
LEDFWS-13X7-3600              ,"Universal dvLED Floor-to-Wall Mount for 27"" Displays, up to 610 x 343mm, in a 13X7 Configuration",No Request,EA,,DVLED,DvLED,Presale,LED  STANDSUBF           
PRJ501798-C                   ,Seamless Installation Consultation for LEDFWS-13x7-3600,Active,EA,,DVLED,DvLED,,LED                      
PRJ502192                     ,Trim Kit for LEDUNVS-5x7,Active,EA,,DVLED,DvLED,,LED  CUSTMTK             
ZP06900401A0                  ,"UICO 18.5"" T6 Touch-Enabled Monitor & PC Assembly",Active,EA,,CUSTM,Custom Sales Price Group,Active,ET   CUSTM               
PRJ502165                     ,"Custom 32"" Adapters for 3x1 Popeyes MB",Active,EA,,CUSTM,Custom Sales Price Group,,DS   CUSTM               
PRJ502200                     ,"5x4 DvLED Cart for 27"" displays, 7.5' Height",Inactive,EA,,DVLED,DvLED,,LED  CUSTM               
ACC-SA800                     ,"800mm Horizontal Adaptor Brackets for SA752PU, SA761PU, SA771PU",Active,EA,,CORE,Mounts,Active,APNS                     
ACC-SAVAB                     ,"Vertical Adaptor Bracket for SA752PU, SA761PU, SA771PU",Active,EA,,CORE,Mounts,Active,APNS                     
ACC-SA600                     ,"600mm Horizontal Adaptor Brackets for SA752PU, SA761PU, SA771PU",Active,EA,,CORE,Mounts,Active,APNS                     
ACC-SA400                     ,"400mm Horizontal Adaptor Brackets for SA752PU, SA761PU, SA771PU",Active,EA,,CORE,Mounts,Active,APNS                     
ACC-SA300                     ,"300mm Horizontal Adaptor Brackets for SA752PU, SA761PU, SA771PU",Active,EA,,CORE,Mounts,Active,APNS                     
ACC-SA200                     ,"200mm Horizontal Adaptor Brackets for SA752PU, SA761PU, SA771PU",Active,EA,,CORE,Mounts,Active,APNS                     
PRJ501719-1                   ,"Prototype; UICO 18.5"" T6 Touch-Enabled Monitor & PC Assembly",Active,EA,,CUSTM,Custom Sales Price Group,,ET   CUSTM               
PRJ502215                     ,Custom 75x75 Adapter for KIP522,Active,EA,,CUSTM,Custom Sales Price Group,,KIOSKCUSTM               
IB14X14-B                     ,"14x14"" In-wall Box - Black",Active,EA,,CORE,Mounts,Active,FPSS STAND               
PRJ502218                     ,Cart for Samsung IAC130,Inactive,EA,,DVLED,DvLED,,LED  CUSTM               
PRJ502221                     ,Custom trim kit for LEDUNVS-6x6,Active,EA,,DVLED,DvLED,,LED  CUSTMTK             
LEDMTS-2X2-1800               ,"Universal dvLED Cart/Trolley for 27"" Displays, up to 610x343mm in a 2x2 Configuration",Active,EA,,DVLED,DvLED,,LED  STANDSUBF           
PRJ502228                     ,Stand for LG LAAA009,Inactive,EA,,DVLED,DvLED,,LED  CUSTM               
LEDUNVS-16X4                  ,16x4 Universal wall mount for latching dvLED displays up to 610 X 343 mm,Active,EA,,DVLED,DvLED,,LED  STANDUNV            
LEDTKS-16X4                   ,"Universal dvLED Trim Kit for 27"" Displays up to 610 x 343mm in a 16x4 Configuration",Active,EA,,DVLED,DvLED,,LED  STANDTK             
PRJ502058                     ,Starbucks - Custom Wall Plate Prototype for WMJ018,Active,EA,,CUSTM,Custom Sales Price Group,,DS   CUSTM               
LEDUNVS-2X7                   ,2X7 Universal wall mount for latching dvLED displays up to 610 X 343 mm,No Request,EA,,DVLED,DvLED,,LED  STANDUNV            
PRJ502239                     ,Trim for LEDUNVS-5x5 and LG LSCC,Active,EA,,DVLED,DvLED,,LED  CUSTMTK             
LEDUNVS-9X7                   ,9X7 Universal wall mount for latching dvLED displays up to 610 X 343 mm,Active,EA,,DVLED,DvLED,,LED  STANDUNV            
KIT-UNVLED-AFP4               ,"Fast-Pack, 10mm spacer and Screws",No Request,EA,,DVLED,DvLED,,LED  STANDUNV            
MT06900401A0                  ,"UICO Door Module for 18.5"" T6 Touch-Enabled Monitor & PC Assembly",Active,EA,,CUSTM,Custom Sales Price Group,,ET   CUSTM               
PRJ501719-2                   ,"Prototype; UICO Door Module for 18.5"" T6 Touch-Enabled Monitor & PC Assembly",Active,EA,,CUSTM,Custom Sales Price Group,,ET   CUSTM               
PRJ501898                     ,Disney Epcot  Ticketing Booth Pull Out Mount,Active,EA,,CUSTM,Custom Sales Price Group,,DS   CUSTM               
PRJ502254                     ,50x11 Flat Wall Mount for Samsung MMF,Active,EA,,DVLED,DvLED,,LED  CUSTMDED            
LEDUNVS-3X3                   ,3x3 Universal wall mount for latching dvLED displays up to 610 X 343 mm,Active,EA,,DVLED,DvLED,,LED  STANDUNV            
LEDUNVMP-3X2                  ,3x2 Universal wall mount for latching dvLED displays up to 540 x 1000mm,No Request,EA,,DVLED,DvLED,,LED  STANDUNV            
LEDUNVMP-7X4                  ,7x4 Universal wall mount for latching dvLED displays up to 540 x 1000mm,Active,EA,,DVLED,DvLED,,LED  STANDUNV            
PRJ502244                     ,Piece Parts,Inactive,EA,,DVLED,DvLED,,LED  CUSTM               
LEDNVS-10X5                   ,10x5 Universal wall mount for latching dvLED displays up to 610 X 343 mm,No Request,EA,,DVLED,DvLED,,LED  STANDUNV            
LEDTKS-10X5                   ,"Universal dvLED Trim Kit for 27"" Displays, up to 610 x 343mm, in a 10X5 Configuration",Active,EA,,DVLED,DvLED,,LED  STANDTK             
PRJ502191-MT                  ,"12x7 Flat Wall Mount for LG LSCC, Top",Inactive,EA,,DVLED,DvLED,,LED  CUSTMUNV            
PRJ502191-ML                  ,"2x12 Flat Wall Mount for LG LSCC, Left Side",Inactive,EA,,DVLED,DvLED,,LED  CUSTMUNV            
PRJ502191-MR                  ,"2x12 Flat Wall Mount for LG LSCC, Right Side",Inactive,EA,,DVLED,DvLED,,LED  CUSTMUNV            
PRJ502191-TT                  ,"Trim Kit, Top",Active,EA,,DVLED,DvLED,,LED  CUSTMTK             
PRJ502191-TL                  ,"Trim Kit, Left Column",Active,EA,,DVLED,DvLED,,LED  CUSTMTK             
LEDTKSTR                      ,"Trim Kit, Right Column",Active,EA,,DVLED,DvLED,,LED  STANDTK             
PRJ502191-TR                  ,"Trim Kit, Right Column",Active,EA,,DVLED,DvLED,,LED  CUSTMTK             
LEDUNVS-10X5                  ,10x5 Universal wall mount for latching dvLED displays up to 610 X 343 mm,No Request,EA,,DVLED,DvLED,,LED  STANDUNV            
LEDUNVS-4X7                   ,4x7 Universal wall mount for latching dvLED displays up to 610 X 343 mm,Active,EA,,DVLED,DvLED,,LED  STANDUNV            
LEDUNVS-7X6                   ,7X6 Universal wall mount for latching dvLED displays up to 610 X 343 mm,Active,EA,,DVLED,DvLED,,LED  STANDUNV            
LEDTKS-7X7                    ,"Universal dvLED Trim Kit for 27"" Displays, up to 610 x 343mm, in a 7x7 Configuration",Active,EA,,DVLED,DvLED,Presale,LED  STANDTK             
LEDUNVS-6X4                   ,6X4 Universal wall mount for latching dvLED displays up to 610 X 343 mm,Active,EA,,DVLED,DvLED,,LED  STANDUNV            
LEDUNVS-9X8                   ,9X8 Universal wall mount for latching dvLED displays up to 610 X 343 mm,Active,EA,,DVLED,DvLED,,LED  STANDUNV            
LEDUNVS-8X7                   ,8X7 Universal wall mount for latching dvLED displays up to 610 X 343 mm,Active,EA,,DVLED,DvLED,,LED  STANDUNV            
LEDUNVL-9X3                   ,9X3 Universal wall mount for latching dvLED displays up to 1220 x 686mm,Active,EA,,DVLED,DvLED,,LED  STANDUNV            
LEDUNVS-18X6                  ,18X6 Universal wall mount for latching dvLED displays up to 610 X 343 mm,Active,EA,,DVLED,DvLED,,LED  STANDUNV            
LEDUNVS-24X6                  ,24X6 Universal wall mount for latching dvLED displays up to 610 X 343 mm,Active,EA,,DVLED,DvLED,,LED  STANDUNV            
PRJ502248                     ,Sony PTZ Lg & Small Camera Mount Prototype,Active,EA,,CUSTM,Custom Sales Price Group,,FPSS CUSTM               
LEDUNVS-9X9                   ,9X9 Universal wall mount for latching dvLED displays up to 610 X 343 mm,No Request,EA,,DVLED,DvLED,,LED  STANDUNV            
PRJ502276                     ,"6x6 Pedestal Mount for Sharp NEC FA, FC, FE",Inactive,EA,,DVLED,DvLED,,LED  CUSTMSUBF           
LEDUNVS-26X10                 ,26x10 Universal wall mount for latching dvLED displays up to 610 X 343 mm,No Request,EA,,DVLED,DvLED,,LED  STANDUNV            
DS-LEDTK-53VX12S              ,"Universal DV-LED Trim Kit, 53 Vented x 12' Solid",No Request,EA,,DVLED,DvLED,,LED  STANDTK             
LEDUNVS-16X2                  ,16x2 Universal wall mount for latching dvLED displays up to 610 X 343 mm,No Request,EA,,DVLED,DvLED,,LED  STANDUNV            
LEDUNVS-24X10                 ,24x10 Universal wall mount for latching dvLED displays up to 610 X 343 mm,Active,EA,,DVLED,DvLED,,LED  STANDUNV            
DS-LEDTK-24VX12S              ,"Universal DV-LED Trim Kit, 24' Vented x 12' Solid",No Request,EA,,DVLED,DvLED,,LED  STANDTK             
LEDTKS-16X2                   ,"Universal dvLED Trim Kit for 27"" Displays up to 610 x 343mm in a 16x2 Configuration",No Request,EA,,DVLED,DvLED,,LED  STANDTK             
DS-LEDTK-49VX12S              ,"Universal DV-LED Trim Kit, 49 Vented x 12' Solid",Active,EA,,DVLED,DvLED,,LED  STANDTK             
LEDTKS-6X4                    ,"Universal dvLED Trim Kit for 27"" Displays, up to 610 x 343mm, in a 6X4 Configuration",Active,EA,,DVLED,DvLED,,LED  STANDTK             
LEDTKL-3X4                    ,"Universal dvLED Trim Kit for 55"" Displays, up to 1220mm Wide, in a 3X4 Configuration",Active,EA,,DVLED,DvLED,,LED  STANDTK             
LEDUNVL-3X4                   ,3X4 Universal wall mount for latching dvLED displays up to 1220 x 686mm,Active,EA,,DVLED,DvLED,,LED  STANDUNV            
ACCD-REM-NTSD25               ,Remote Control for Neptune Shade TV; Voice-Activated; Non-IP Rated,Active,EA,,NEPTUNE-ACC,Neptune Accessories,Active,ET   STANDNEPTN          
ACCD-REM-NTSB150              ,Remote Control for Neptune Outdoor Soundbar; IP65,Active,EA,,NEPTUNE-ACC,Neptune Accessories,Active,ET   STANDNEPTN          
PRJ502282                     ,DvLED Tabletop Display,Inactive,EA,,DVLED,DvLED,,LED  CUSTMSUBF           
LEDMTS-6X6-3000               ,"Universal dvLED Cart/Trolley for 27"" Displays, up to 610x343mm in a 6x6 Configuration",No Request,EA,,DVLED,DvLED,,LED  STANDSUBF           
LEDTKS-8X6                    ,"Universal dvLED Trim Kit for 27"" Displays, up to 610 x 343mm, in a 8X6 Configuration",Active,EA,,DVLED,DvLED,,LED  STANDTK             
LEDUNVL-8X4                   ,8X4 Universal wall mount for latching dvLED displays up to 1220 x 686mm,No Request,EA,,DVLED,DvLED,,LED  STANDUNV            
LEDUNVS-8X3                   ,8X3 Universal wall mount for latching dvLED displays up to 610 X 343 mm,No Request,EA,,DVLED,DvLED,,LED  STANDUNV            
LEDUNVS-4X3                   ,4X3 Universal wall mount for latching dvLED displays up to 610 X 343 mm,No Request,EA,,DVLED,DvLED,,LED  STANDUNV            
PRJ501991                     ,"Nut Bar, Drop In",Active,EA,,DVLED,DvLED,,LED  CUSTMUNV            
FMPF660                       ,"Paramount Flat Wall Mount 39""-100""",Active,EA,,CORE,Mounts,,FPSS STANDPMNT           
PRJ502034-R                   ,Replacement parts,Active,EA,,DS,Digital Signage,,DS   CUSTM               
LEDUNVS-4X4-SP3               ,4x4 Universal wall mount and spacer kit for latching dvLED displays up to 610 X 343 mm,Active,EA,,DVLED,DvLED,,LED  STANDUNV            
LEDUNVS-5X5-SP3               ,5x5 Universal wall mount and spacer kit for latching dvLED displays up to 610 X 343 mm,Active,EA,,DVLED,DvLED,,LED  STANDUNV            
LEDUNVS-6X6-SP3               ,6x6 Universal wall mount and spacer kit for latching dvLED displays up to 610 X 343 mm,Active,EA,,DVLED,DvLED,,LED  STANDUNV            
LEDUNVS-7X7-SP3               ,7x7 Universal wall mount and spacer kit for latching dvLED displays up to 610 X 343 mm,No Request,EA,,DVLED,DvLED,,LED  STANDUNV            
LEDUNVS-8X8-SP3               ,8x8 Universal wall mount and spacer kit for latching dvLED displays up to 610 X 343 mm,Active,EA,,DVLED,DvLED,,LED  STANDUNV            
LEDUNVS-9X9-SP3               ,9x9 Universal wall mount and spacer kit for latching dvLED displays up to 610 X 343 mm,Active,EA,,DVLED,DvLED,,LED  STANDUNV            
LEDUNVS-10X10-SP3             ,10x10 Universal wall mount and spacer kit for latching dvLED displays up to 610 X 343 mm,No Request,EA,,DVLED,DvLED,,LED  STANDUNV            
LEDMTS-4X4-SP3                ,"Universal dvLED Cart/Trolley and Spacer for 27"" Displays up to 610x343mm in a 4x4 Configuration",No Request,EA,,DVLED,DvLED,,LED  STANDSUBF           
LEDMTS-5X5-SP3                ,"Universal dvLED Cart/Trolley and Spacer for 27"" Displays up to 610x343mm in a 5x5 Configuration",Active,EA,,DVLED,DvLED,,LED  STANDSUBF           
LEDMTS-6X6-SP3                ,"Universal dvLED Cart/Trolley and Spacer for 27"" Displays up to 610x343mm in a 6x6 Configuration",Active,EA,,DVLED,DvLED,,LED  STANDSUBF           
LEDMTS-7X7-SP3                ,"Universal dvLED Cart/Trolley and Spacer for 27"" Displays up to 610x343mm in a 7x7 Configuration",No Request,EA,,DVLED,DvLED,,LED  STANDSUBF           
LEDMTS-8X8-SP3                ,"Universal dvLED Cart/Trolley and Spacer for 27"" Displays up to 610x343mm in a 8x8 Configuration",No Request,EA,,DVLED,DvLED,,LED  STANDSUBF           
LEDUNVL-1X5                   ,1x5 Universal wall mount for latching dvLED displays up to 1220 x 686mm,Active,EA,,DVLED,DvLED,,LED  STANDUNV            
LEDTKL-1X5                    ,"Universal dvLED Trim Kit for 55"" Displays, up to 1220mm Wide, in a 1x5 Configuration",Active,EA,,DVLED,DvLED,,LED  STANDTK             
PRJ502273                     ,Top and Bottom Cladding,Active,EA,,DVLED,DvLED,,LED  CUSTM               
PRJ502274                     ,6x7 Stand for Sony B/C Series Display,Inactive,EA,,DVLED,DvLED,,LED  CUSTMSUBF           
LEDMT-LAEC018-2400            ,Cart/Trolley for LG LAEC018,No Request,EA,,DVLED,DvLED,,LED  STANDSUBF           
LEDMT-LAEC018-3000            ,Cart/Trolley for LG LAEC018,No Request,EA,,DVLED,DvLED,,LED  STANDSUBF           
PRJ502306                     ,Trim for LEDUNVS-4x4,Active,EA,,DVLED,DvLED,,LED  CUSTMTK             
PRJ502305                     ,Cart for LG LAEC018,Active,EA,,DVLED,DvLED,,LED  CUSTMSUBF           
LEDUNVS-20X5                  ,20x5 Universal wall mount for latching dvLED displays up to 610 X 343 mm,Active,EA,,DVLED,DvLED,,LED  STANDUNV            
LEDTKS-20X5                   ,"Universal dvLED Trim Kit for 27"" Displays, up to 610 x 343mm, in a 20X5 Configuration",Active,EA,,DVLED,DvLED,,LED  STANDTK             
NT55PS1K                      ,"55"" 1000 Nits Partial Sun, Web OS Hub, No Mount",No Request,EA,,NEPTUNE,Neptune TVs,,ET   STANDNEPTN          
NT65PS1K                      ,"65"" 1000 Nits Partial Sun, Web OS Hub, No Mount",No Request,EA,,NEPTUNE,Neptune TVs,,ET   STANDNEPTN          
NT75PS1K                      ,"75"" 1000 Nits Partial Sun, Web OS Hub, No Mount",Active,EA,,NEPTUNE,Neptune TVs,Active,ET   STANDNEPTN          
ODTV55PS1K                    ,"55"" 1000 Nits Partial Sun, Web OS Hub, No Mount",No Request,EA,,NEPTUNE-OD,Neptune TVs,,ET   STANDNEPTN          
ODTV65PS1K                    ,"65"" 1000 Nits Partial Sun, Web OS Hub, No Mount",No Request,EA,,NEPTUNE-OD,Neptune TVs,,ET   STANDNEPTN          
ODTV75PS1K                    ,"75"" 1000 Nits Partial Sun, Web OS Hub, No Mount",Active,EA,,NEPTUNE-OD,Neptune TVs,Active,ET   STANDNEPTN          
KP-BC                         ,Base Cover,Active,EA,,DVLED,DvLED,,LED  STANDSUBF           
WPTV55PS1K                    ,"55"" 1000 Nits Partial Sun, Web OS Hub, No Mount",Active,EA,,NEPTUNE-WP,Neptune TVs,,ET   STANDNEPTN          
WPTV65PS1K                    ,"65"" 1000 Nits Partial Sun, Web OS Hub, No Mount",No Request,EA,,NEPTUNE-WP,Neptune TVs,,ET   STANDNEPTN          
WPTV75PS1K                    ,"75"" 1000 Nits Partial Sun, Web OS Hub, No Mount",Active,EA,,NEPTUNE-WP,Neptune TVs,Active,ET   STANDNEPTN          
BWPTV55PS1K                   ,"55"" 1000 Nits Partial Sun, Web OS Hub, No Mount",No Request,EA,,NEPTUNE-BWP,Neptune TVs,,ET   STANDNEPTN          
BWPTV65PS1K                   ,"75"" 1000 Nits Partial Sun, Web OS Hub, No Mount",No Request,EA,,NEPTUNE-BWP,Neptune TVs,,ET   STANDNEPTN          
BWPTV75PS1K                   ,"75"" 1000 Nits Partial Sun, Web OS Hub, No Mount",Active,EA,True,NEPTUNE-BWP,Neptune TVs,Active,ET   STANDNEPTN          
SOSB150                       ,"NEPTUNE OUTDOOR SOUNDBAR, IP55, 150W",No Request,EA,,NEPTUNE-SO,Neptune TVs,Active,ET   STANDNEPTN          
SODC553                       ,"55"" Neptune Outdoor TV Dust Cover - Gen3",No Request,EA,,NEPTUNE-SO,Neptune TVs,Active,ET   STANDNEPTN          
SODC653                       ,"65"" Neptune Outdoor TV Dust Cover - Gen3",No Request,EA,,NEPTUNE-SO,Neptune TVs,Active,ET   STANDNEPTN          
SODC753                       ,"75"" Neptune Outdoor TV Dust Cover - Gen3",No Request,EA,,NEPTUNE-SO,Neptune TVs,Active,ET   STANDNEPTN          
SOTV7504                      ,"75"" 1500 Nits Full Sun, Web OS Hub, Includes Outdoor Tilt Mount",No Request,EA,,NEPTUNE-SO,Neptune TVs,Active,ET   STANDNEPTN          
SOMA                          ,"Outdoor Articulating Wall Mount for 42-75"" TVs",No Request,EA,,NEPTUNE-SO,Neptune TVs,Active,FPSS STANDETAIL          
SOMT                          ,"Outdoor Universal Tilt Wall Mount for 32"" to 75"" TVs",No Request,EA,,NEPTUNE-SO,Neptune TVs,Active,FPSS STANDETAIL          
SOCU                          ,"Outdoor Adjustable Ceiling Mount - 43-75"" Displays",No Request,EA,,NEPTUNE-SO,Neptune TVs,Active,FPSS STAND               
PRJ502302-M                   ,7x2 Floor-to-Wall Concave LCD Mount,Active,EA,,DS,Digital Signage,,DS   CUSTM               
PRJ502302-C                   ,7x2 Bottom Cladding,Active,EA,,DS,Digital Signage,,DS   CUSTM               
NT754                         ,"75"" 1500 Nits Full Sun, Web OS Hub, Includes Outdoor Tilt Mount",Active,EA,,NEPTUNE,Neptune TVs,Active,ET   STANDNEPTN          
ODTV7504                      ,"75"" 1500 Nits Full Sun, Web OS Hub, Includes Outdoor Tilt Mount",Active,EA,,NEPTUNE-OD,Neptune TVs,Active,ET   STANDNEPTN          
BWPTV754                      ,"75"" 1500 Nits Full Sun, Web OS Hub, Includes Outdoor Tilt Mount",Active,EA,True,NEPTUNE-BWP,Neptune TVs,Active,ET   STANDNEPTN          
SOTV55PS1K                    ,"55"" 1000 Nits Partial Sun, Web OS Hub, No Mount",No Request,EA,,NEPTUNE-SO,Neptune TVs,,ET   STANDNEPTN          
SOTV65PS1K                    ,"75"" 1000 Nits Partial Sun, Web OS Hub, No Mount",No Request,EA,,NEPTUNE-SO,Neptune TVs,,ET   STANDNEPTN          
SOTV75PS1K                    ,"75"" 1000 Nits Partial Sun, Web OS Hub, No Mount",Active,EA,,NEPTUNE-SO,Neptune TVs,Active,ET   STANDNEPTN          
WPTV754                       ,"75"" 1500 Nits Full Sun, Web OS Hub, Includes Outdoor Tilt Mount",Active,EA,,NEPTUNE-WP,Neptune TVs,Active,ET   STANDNEPTN          
SOCAL CLADDING                ,SoCal Bespoke Cladding,Marked for Deletion,EA,,DVLED,DvLED,,ADJMT                    
SOCAL MOUNT SYSTEM            ,SoCal Bespoke Mount System,Marked for Deletion,EA,,DVLED,DvLED,,ADJMT                    
SOCAL NRE FEE                 ,SoCal Non Refndable Fee for Services,Marked for Deletion,EA,,DVLED,DvLED,,ADJMT                    
SOCAL PERIMETER EDGE TRIM     ,SoCal Perimeter Trim,Marked for Deletion,EA,,DVLED,DvLED,,ADJMT                    
SOCAL PE STAMPED DRAWINGS     ,SoCal PE Stamped Drawings,Marked for Deletion,EA,,DVLED,DvLED,,ADJMT                    
PRJ502313                     ,8x8 Flat wall mount for LG LSAB/LSAP,Active,EA,,DVLED,DvLED,,LED  CUSTMDED            
LEDTKS-6X7                    ,"Universal dvLED Trim Kit for 27"" Displays, up to 610 x 343mm, in a 6X7 Configuration",Active,EA,,DVLED,DvLED,Active,LED  STANDTK             
LEDUNVS-6X7                   ,6X7 Universal wall mount for latching dvLED displays up to 610 X 343 mm,Active,EA,,DVLED,DvLED,,LED  STANDUNV            
NTSB-DEFWAR-150-2             ,NTSB150 2-YEAR EXTENDED WARRANTY FOR DEFECTS,Active,EA,,ET,Emerging Technologies & Displays,,WRNTY                    
NTSD-DEFWAR-55-2              ,NTSD55 2-YEAR EXTENDED WARRANTY FOR DEFECTS,Active,EA,,ET,Emerging Technologies & Displays,,WRNTY                    
NTSD-DEFWAR-65-2              ,NTSD65 2-YEAR EXTENDED WARRANTY FOR DEFECTS,Active,EA,,ET,Emerging Technologies & Displays,,WRNTY                    
NTPS-DEFWAR-55-2              ,NT553 2-YEAR EXTENDED WARRANTY FOR DEFECTS,Active,EA,,ET DD,ET Dealer / Distributor Pricing,,WRNTY                    
NTPS-DEFWAR-65-2              ,NT653 2-YEAR EXTENDED WARRANTY FOR DEFECTS,Active,EA,,ET,Emerging Technologies & Displays,,WRNTY                    
NTFS-DEFWAR-55-2              ,NT554 2-YEAR EXTENDED WARRANTY FOR DEFECTS,Active,EA,,ET,Emerging Technologies & Displays,,WRNTY                    
NTFS-DEFWAR-65-2              ,NT654 2-YEAR EXTENDED WARRANTY FOR DEFECTS,Active,EA,,ET,Emerging Technologies & Displays,,WRNTY                    
LEDUNVS-32X8                  ,32x8 Universal wall mount for latching dvLED displays up to 610 X 343 mm,Active,EA,,DVLED,DvLED,,LED  STANDUNV            
LEDUNVS-12X4                  ,12x4 Universal wall mount for latching dvLED displays up to 610 X 343 mm,Active,EA,,DVLED,DvLED,,LED  STANDUNV            
PRJ502321                     ,Custom trim for LEDUNVS-12x4 and Philips 5000 Series,Active,EA,,DVLED,DvLED,,LED  CUSTMTK             
LEDUNVMP-7X2                  ,7x2 Universal wall mount for latching dvLED displays up to 540 x 1000mm,Active,EA,,DVLED,DvLED,,LED  STANDUNV            
LEDTKMP-7X2                   ,"Universal dvLED Trim Kit for Displays up to 540 x 1000mm, in a 7x2 Configuration",Active,EA,,DVLED,DvLED,,LED  STANDTK             
ACC-UCM3                      ,STS680 Universal Component Mount,Active,EA,,CORE,Mounts,Active,FPSS STANDSMRT           
ACC-STSPTZ                    ,STS680 Pan Tilt Zoom Camera Mount,Active,EA,,CORE,Mounts,Active,FPSS STANDSMRT           
ACC-STSVCB                    ,STS680 Video Conferencing Bar Mount,Active,EA,,CORE,Mounts,Active,FPSS STANDSMRT           
ACC-STSLB                     ,STS680 Cable Management Lacing Bar,Active,EA,,CORE,Mounts,Active,FPSS STANDSMRT           
ACC-STSPDU                    ,STS680 Surge X DisplayPak+ PDU Mounting Bracket,Active,EA,,CORE,Mounts,Active,FPSS STANDSMRT           
ACC-STSCF1                    ,STS680 Creston Flex 260/200 Mounting Bracket,Active,EA,,CORE,Mounts,Active,FPSS STANDSMRT           
PRJ502334                     ,"Pedestal for Viewsonic LDM136-151, 3 meters",Active,EA,,DVLED,DvLED,,LED  CUSTMSUBF           
PRJ502337                     ,Trim Kit for LG LSAB 6x4 Video Wall,Active,EA,,DVLED,DvLED,,LED  CUSTMTK             
LEDUNVS-7X5                   ,7X5 Universal wall mount for latching dvLED displays up to 610 X 343 mm,Active,EA,,DVLED,DvLED,,LED  STANDUNV            
PRJ502034-R2                  ,Replacement parts,Active,EA,,DS,Digital Signage,,DS   CUSTM               
LEDUNVL-3X1                   ,3X1 Universal wall mount for latching dvLED displays up to 1220 x 686mm,Active,EA,,DVLED,DvLED,,LED  STANDUNV            
PRJ502325                     ,KIPC2555-S with non glare acrylic display cover,Active,EA,,CUSTM,Custom Sales Price Group,,KIOSKCUSTM               
LEDUNVS-5X6                   ,5X6 Universal wall mount for latching dvLED displays up to 610 X 343 mm,Active,EA,,DVLED,DvLED,,LED  STANDUNV            
LEDUNVMP-10X5                 ,10x5 Universal wall mount for latching dvLED displays up to 540 x 1000mm,Active,EA,,DVLED,DvLED,,LED  STANDUNV            
PRJ502325-F                   ,KIPC2555-S with non glare acrylic display cover,Active,EA,,CUSTM,Custom Sales Price Group,,KIOSKCUSTM               
STS680-1UCM3                  ,"SmartMount Universal Tilt Scissor Mount for 49-120""+ Displays + (1) ACC-UCM3 Component Plate",Active,EA,True,CORE,Mounts,Active,FPSS STANDSMRT           
STS680-2UCM3                  ,"SmartMount Universal Tilt Scissor Mount for 49-120""+ Displays + (2) ACC-UCM3 Component Plates",Active,EA,True,CORE,Mounts,Active,FPSS STANDSMRT           
PRJ502273-F                   ,Top and Bottom Cladding,Active,EA,,DVLED,DvLED,,LED  CUSTM               
PRJ502353                     ,"Trim, Sharp design",Active,EA,,DVLED,DvLED,,LED  CUSTMTK             
PRJ502358                     ,Custom Trim for a 6x4 LG LSAB Video Wall,Active,EA,,DVLED,DvLED,,LED  CUSTMTK             
ACCD-REM-NTNWP                ,Remote Control for Neptune TV; Non-IP Rated,Active,EA,,NEPTUNE-ACC,Neptune Accessories,Active,ET   STANDNEPTN          
ACCD-REM-MR26                 ,Magic Remote Control for Neptune TV; Non-IP Rated,Active,EA,,NEPTUNE-ACC,Neptune Accessories,Active,ET   STANDNEPTN          
ACCD-REM-NT26                 ,Neptune Outdoor SMART Remote; IP65,Active,EA,,NEPTUNE-ACC,Neptune Accessories,Active,ET   STANDNEPTN          
LEDTKSS-3X3                   ,"Universal dvLED Trim Kit for Displays up to 500 x 500mm, in a 3x3 Configuration",Active,EA,,DVLED,DvLED,,LED  STANDTK             
LEDUNVSS-3X3                  ,3x3 Universal wall mount for latching dvLED displays up to 500x500 mm,Active,EA,,DVLED,DvLED,,LED  STANDUNV            
DS-LEDTK-17VX5S               ,"Universal DV-LED Trim Kit, 17' Vented x 5' Solid",Active,EA,,DVLED,DvLED,,LED  STANDTK             
PRJ502369                     ,"Floor stand for Sharp AiO LD-A1381F, 138""",Active,EA,,DVLED,DvLED,,LED  CUSTM               
LEDUNVS-26X5                  ,26x5 Universal wall mount for latching dvLED displays up to 610 X 343 mm,Active,EA,,DVLED,DvLED,,LED  STANDUNV            
LEDTKS-26X5                   ,"Universal dvLED Trim Kit for 27"" Displays, up to 610 x 343mm, in a 26 x 5 Configuration",Active,EA,,DVLED,DvLED,,LED  STANDTK             
PRJ502380                     ,"Universal dvLED Cart/Trolley for 27"" Displays, up to 610x343mm in a 5x5 Configuration",Active,EA,,DVLED,DvLED,,LED  CUSTM               
LEDUNVS-22X5                  ,22x5 Universal wall mount for latching dvLED displays up to 610 X 343 mm,Active,EA,,DVLED,DvLED,,LED  STANDUNV            
LEDTKS-22X5                   ,"Universal dvLED Trim Kit for 27"" Displays up to 610 x 343mm in a 22x5 Configuration",Active,EA,,DVLED,DvLED,,LED  STANDTK             
LEDUNVS-18X5                  ,18X5 Universal wall mount for latching dvLED displays up to 610 X 343 mm,Active,EA,,DVLED,DvLED,,LED  STANDUNV            
LEDTKS-18X5                   ,"Universal dvLED Trim Kit for 27"" Displays up to 610 x 343mm in a 18x5 Configuration",Active,EA,,DVLED,DvLED,,LED  STANDTK             
LEDUNVS-30X5                  ,30x5 Universal wall mount for latching dvLED displays up to 610 X 343 mm,Active,EA,,DVLED,DvLED,,LED  STANDUNV            
LEDTKS-30X5                   ,"Universal dvLED Trim Kit for 27"" Displays up to 610 x 343mm in a 30x5 Configuration",Active,EA,,DVLED,DvLED,,LED  STANDTK             
LEDTKS-32X5                   ,"Universal dvLED Trim Kit for 27"" Displays up to 610 x 343mm in a 32x5 Configuration",Active,EA,,DVLED,DvLED,,LED  STANDTK             
LEDUNVS-32X5                  ,32x5 Universal wall mount for latching dvLED displays up to 610 X 343 mm,Active,EA,,DVLED,DvLED,,LED  STANDUNV            
LEDUNVS-80X5                  ,80x5 Universal wall mount for latching dvLED displays up to 610 X 343 mm,No Request,EA,,DVLED,DvLED,,LED  STANDUNV            
LEDTKS-80X5                   ,"Universal dvLED Trim Kit for 27"" Displays up to 610 x 343mm in a 80x5 Configuration",No Request,EA,,DVLED,DvLED,,LED  STANDTK             
PRJ502051                     ,5x3 Outdoor Flat Wall Mount for HIKVISION DS-D4239CD-1AAB P3.9,Inactive,EA,,DVLED,DvLED,,LED  CUSTMUNV            
KIT-UNVLED-AFP5               ,"Fast-Pack,",No Request,EA,,DVLED,DvLED,,LED  STANDUNV            
LEDUNVMP-12X3-C               ,12x3 Universal corner wall mount for 6x3 + 6x3 configuration,No Request,EA,,DVLED,DvLED,,LED  STANDUNV            
LEDTKMP-12X3                  ,"Universal dvLED Trim Kit for Displays up to 540 x 1000mm, in a 12x3 Configuration",Active,EA,,DVLED,DvLED,,LED  STANDTK             
LEDUNVS-10X6                  ,10x6 Universal wall mount for latching dvLED displays up to 610 X 343 mm,Active,EA,,DVLED,DvLED,,LED  STANDUNV            
LEDTKS-10X6                   ,"Universal dvLED Trim Kit for 27"" Displays, up to 610 x 343mm, in a 10X6 Configuration",Active,EA,,DVLED,DvLED,,LED  STANDTK             
PRJ502401                     ,"6x4 Floor-to-Wall Mount, 3000mm Height",Active,EA,,DVLED,DvLED,,LED  CUSTM               
DS-LEDLSAB-6X6                ,6x6 Fixed Wall Mount for LG LSAB/LSAP Series,No Request,EA,,DVLED,DvLED,,LED  STANDDED            
LEDTKS-7X6                    ,"Universal dvLED Trim Kit for 27"" Displays, up to 610 x 343mm, in a 7x6 Configuration",Active,EA,,DVLED,DvLED,,LED  STANDTK             
LEDUNV4X4-JVW                 ,XYZ Mounting Bracket V2.0 for 4x4,Active,EA,,DVLED,DvLED,,LED  STANDUNV            
LEDUNV5X5-JVW                 ,XYZ Mounting Bracket V2.0 for 5X5,Active,EA,,DVLED,DvLED,,LED  STANDUNV            
LEDUNV6X6-JVW                 ,XYZ Mounting Bracket V2.0 for 6X6,Active,EA,,DVLED,DvLED,,LED  STANDUNV            
LEDUNV7X7-JVW                 ,XYZ Mounting Bracket V2.0 for 7X7,Active,EA,,DVLED,DvLED,,LED  STANDUNV            
LEDUNV6X4-JVW                 ,XYZ Mounting Bracket V2.0 for 6X4,Active,EA,,DVLED,DvLED,,LED  STANDUNV            
LEDUNV6X5-JVW                 ,XYZ Mounting Bracket V2.0 for 6X5,Active,EA,,DVLED,DvLED,,LED  STANDUNV            
LEDUNV7X5-JVW                 ,XYZ Mounting Bracket V2.0 for 7X5,Active,EA,,DVLED,DvLED,,LED  STANDUNV            
LEDUNV8X6-JVW                 ,XYZ Mounting Bracket V2.0 for 8X6,Active,EA,,DVLED,DvLED,,LED  STANDUNV            
KIT-UNVLED-EC12               ,10019346 Extrusion connectors - 12 pk.,Active,EA,,DVLED,DvLED,,LED  STAND               
PRJ502433                     ,10022210 SCREW M6X1.0X20MM JACKING SS BLK OUTDOOR UNIVERSAL,Active,EA,,DVLED,DvLED,,LED  CUSTM               
LEDUNVS-4X6                   ,4x6 Universal wall mount for latching dvLED displays up to 610 X 343 mm,Active,EA,,DVLED,DvLED,,LED  STANDUNV            
LEDTKS-4X6                    ,"Universal dvLED Trim Kit for 27"" Displays, up to 610 x 343mm, in a 4x6 Configuration",Active,EA,,DVLED,DvLED,,LED  STANDTK             
LEDUNVMP-13X4                 ,13x4 Universal wall mount for latching dvLED displays up to 540 x 1000mm,Active,EA,,DVLED,DvLED,,LED  STANDUNV            
LEDTKMP-13X4                  ,"Universal dvLED Trim Kit for Displays up to 540 x 1000mm, in a 13x4 Configuration",No Request,EA,,DVLED,DvLED,,LED  STANDTK             
KIT-UNVLED-AFP5-M8            ,"Fast-Pack, M8x50 screw and 30mm Spacer",Active,EA,,DVLED,DvLED,,FAST                     
KIT-UNVLED-AFP5-M6            ,"Fast-Pack, M6x50 screw and 30mm spacer",Active,EA,,DVLED,DvLED,,FAST                     
LEDUNVS-8X6                   ,8X6 Universal wall mount for latching dvLED displays up to 610 X 343 mm,Active,EA,,DVLED,DvLED,,LED  STANDUNV            
NTSD65-R                      ,"65"" 500 Nits Shade, Google OS, No Mount - REFURBISHED",Active,EA,,NEPTUNE,Neptune TVs,,ET   STANDNEPTN          
NTSD65-B                      ,"65"" 500 Nits Shade, Google OS, No Mount - B-STOCK",No Request,EA,,NEPTUNE,Neptune TVs,,ET   STANDNEPTN          
NTSD55-B                      ,"55"" 500 Nits Shade, Google OS, No Mount - B-STOCK",Inactive,EA,,NEPTUNE,Neptune TVs,,ET   STANDNEPTN          
NTSD55-R                      ,"55"" 500 Nits Shade, Google OS, No Mount - REFURBISHED",Inactive,EA,,NEPTUNE,Neptune TVs,,ET   STANDNEPTN          
LEDUNVS-15X5                  ,15x5 Universal wall mount for latching dvLED displays up to 610 X 343 mm,Active,EA,,DVLED,DvLED,,LED  STANDUNV            
LEDTKS-15X5                   ,"Universal dvLED Trim Kit for 27"" Displays, up to 610 x 343mm, in a 15X5 Configuration",Active,EA,,DVLED,DvLED,,LED  STANDTK             
LEDTKS-8X3                    ,"Universal dvLED Trim Kit for 27"" Displays, up to 610 x 343mm, in a 8X3 Configuration",Active,EA,,DVLED,DvLED,Presale,LED  STANDTK             
PRJ502405                     ,"Flat Mount for 6x6 Planar DLP PRO 1.5  (604.8 x 340.2mm), attach to a 48"" column.",Active,EA,,DVLED,DvLED,,LED  CUSTM               
PRJ502400M                    ,"In Window DS Kiosk for Michael Kors 43"" Single Sided BlueFin  High Bright display",Active,EA,,CUSTM,Custom Sales Price Group,,KIOSKCUSTM               
LEDUNVS-10X8                  ,10x8 Universal wall mount for latching dvLED displays up to 610 X 343 mm,Active,EA,,DVLED,DvLED,,LED  STANDUNV            
KIT-UNVLED-AFP5-M10           ,"Fast-Pack, M10x40 screw and 20mm Spacer",No Request,EA,,DVLED,DvLED,,FAST                     
LEDTKS-4X3                    ,"Universal dvLED Trim Kit for 27"" Displays, up to 610 x 343mm, in a 4x3 Configuration",No Request,EA,,DVLED,DvLED,,LED  STANDTK             
LEDUNV8X4-JVW                 ,XYZ Mounting Bracket V2.0 for 8X4,Active,EA,,DVLED,DvLED,,LED  STANDUNV            
LEDUNV2X4-JVW                 ,XYZ Mounting Bracket V2.0 for 2X4,Active,EA,,DVLED,DvLED,,LED  STANDUNV            
LEDUNV10X5-JVW                ,XYZ Mounting Bracket V2.0 for 10X5,Active,EA,,DVLED,DvLED,,LED  STANDUNV            
PRJ502477                     ,"Outdoor Portrait Back to Back Column Mt for 32"" Mimo Displays",Active,EA,,CUSTM,Custom Sales Price Group,,DS   CUSTM               
EL-CI12P                      ,"CORE INDOOR DvLED PANEL; 1.2pp, 600nit, 480x270",No Request,EA,,ET DD,ET Dealer / Distributor Pricing,Active,ET   STANDTILE           
EL-CI15P                      ,"CORE INDOOR DvLED PANEL; 1.5pp, 600nit, 384x216",No Request,EA,,ET DD,ET Dealer / Distributor Pricing,Active,ET   STANDTILE           
EL-CI18P                      ,"CORE INDOOR DvLED PANEL; 1.8pp, 600nit, 320x180",No Request,EA,,ET DD,ET Dealer / Distributor Pricing,Active,ET   STANDTILE           
EL-CI07P                      ,"CORE INDOOR DvLED PANEL; 0.7pp, 600nit, 768x432",No Request,EA,,ET DD,ET Dealer / Distributor Pricing,Active,ET   STANDTILE           
EL-CI09P                      ,"CORE INDOOR DvLED PANEL; 0.9pp, 600nit, 640x360",No Request,EA,,ET DD,ET Dealer / Distributor Pricing,Active,ET   STANDTILE           
EL-PI12P                      ,"PROFESSIONAL INDOOR DvLED PANEL; 1.2pp, 600nit, 480x270, TAA Compliant",No Request,EA,,ET DD,ET Dealer / Distributor Pricing,Active,ET   STANDTILE           
EL-PI15P                      ,"PROFESSIONAL INDOOR DvLED PANEL; 1.5pp, 600nit, 384x216, TAA Compliant",No Request,EA,,ET DD,ET Dealer / Distributor Pricing,Active,ET   STANDTILE           
EL-PI09P                      ,"PROFESSIONAL INDOOR DvLED PANEL; 0.9pp, 600nit, 640x360, TAA Compliant",No Request,EA,,ET DD,ET Dealer / Distributor Pricing,Active,ET   STANDTILE           
NTX612P                       ,"NEPTUNE PROFESSIONAL OUTDOOR DvLED; 1.2pp, 3800cd/m2, 480x270",No Request,EA,,NEPTUNE,Neptune TVs,,ET   STANDTILE           
NTX615P                       ,"NEPTUNE PROFESSIONAL OUTDOOR DvLED; 1.5pp, 3800cd/m2, 384x216",No Request,EA,,NEPTUNE,Neptune TVs,,ET   STANDTILE           
NTX512B                       ,"1.2pp, 4500cd/m2, 480x270 Outdoor DvLED Cabinet",No Request,EA,,NEPTUNE,Neptune TVs,,ET   STANDTILE           
NTX518B                       ,"1.8pp, 4500cd/m2, 320x180 Outdoor DvLED Cabinet",No Request,EA,,NEPTUNE,Neptune TVs,,ET   STANDTILE           
NTX515B                       ,"1.5pp, 4500cd/m2, 384x216 Outdoor DvLED Cabinet",No Request,EA,,NEPTUNE,Neptune TVs,,ET   STANDTILE           
LEDTKS-7X4                    ,"Universal dvLED Trim Kit for 27"" Displays, up to 610 x 343mm, in a 7X4 Configuration",Active,EA,,DVLED,DvLED,,LED  STANDTK             
LEDUNVS-7X4                   ,7X4 Universal wall mount for latching dvLED displays up to 610 X 343 mm,Active,EA,,DVLED,DvLED,,LED  STANDUNV            
LEDUNVS-13X7                  ,13x7 Universal wall mount for latching dvLED displays up to 610 X 343 mm,Active,EA,,DVLED,DvLED,,LED  STANDUNV            
LEDTKS-13X7                   ,"Universal dvLED Trim Kit for 27"" Displays, up to 610 x 343mm, in a 13x7 Configuration",Active,EA,,DVLED,DvLED,,LED  STANDTK             
LEDTKS-6X8                    ,"Universal dvLED Trim Kit for 27"" Displays, up to 610 x 343mm, in a 6x8 Configuration",Active,EA,,DVLED,DvLED,,LED  STANDTK             
LEDUNVS-20X4                  ,20x4 Universal wall mount for latching dvLED displays up to 610 X 343 mm,Active,EA,,DVLED,DvLED,,LED  STANDUNV            
LEDTKS-20X4                   ,"Universal dvLED Trim Kit for 27"" Displays, up to 610 x 343mm, in a 20X4 Configuration",Active,EA,,DVLED,DvLED,,LED  STANDTK             
LEDMW-108-2KB                 ,"Refinio Media Wall 108"", FHD, Black Cabinet",No Request,EA,,DVLED,DvLED,Active,ET   STANDTILE           
LEDMW-108-2KW                 ,"Refinio Media Wall 108"", FHD, White Cabinet",No Request,EA,,DVLED,DvLED,Active,ET   STANDTILE           
LEDMW-108-2KG                 ,"Refinio Media Wall 108"", FHD, Grey Cabinet",No Request,EA,,DVLED,DvLED,Active,ET   STANDTILE           
LEDMW-108-2KL                 ,"Refinio Media Wall 108"", FHD, White Casella Oak Cabinet",No Request,EA,,DVLED,DvLED,Active,ET   STANDTILE           
LEDMW-108-2KM                 ,"Refinio Media Wall 108"", FHD, Natural Casella Oak Cabinet",No Request,EA,,DVLED,DvLED,Active,ET   STANDTILE           
LEDMW-108-2KD                 ,"Refinio Media Wall 108"", FHD, Lincoln Walnut Cabinet",No Request,EA,,DVLED,DvLED,Active,ET   STANDTILE           
LEDMW-136-2KB                 ,"Refinio Media Wall 136"", FHD, Black Cabinet",No Request,EA,,DVLED,DvLED,Active,ET   STANDTILE           
LEDMW-136-2KW                 ,"Refinio Media Wall 136"", FHD, White Cabinet",No Request,EA,,DVLED,DvLED,Active,ET   STANDTILE           
LEDMW-136-2KG                 ,"Refinio Media Wall 136"", FHD, Grey Cabinet",No Request,EA,,DVLED,DvLED,Active,ET   STANDTILE           
LEDMW-136-2KL                 ,"Refinio Media Wall 136"", FHD, White Casella Oak Cabinet",No Request,EA,,DVLED,DvLED,Active,ET   STANDTILE           
LEDMW-136-2KM                 ,"Refinio Media Wall 136"", FHD, Natural Casella Oak Cabinet",No Request,EA,,DVLED,DvLED,Active,ET   STANDTILE           
LEDMW-136-2KD                 ,"Refinio Media Wall 136"", FHD, Lincoln Walnut Cabinet",No Request,EA,,DVLED,DvLED,Active,ET   STANDTILE           
LEDMW-136-4KB                 ,"Refinio Media Wall 136"", UHD, Black Cabinet",No Request,EA,,DVLED,DvLED,Active,ET   STANDTILE           
LEDMW-136-4KW                 ,"Refinio Media Wall 136"", UHD, White Cabinet",No Request,EA,,DVLED,DvLED,Active,ET   STANDTILE           
LEDMW-136-4KG                 ,"Refinio Media Wall 136"", UHD, Grey Cabinet",No Request,EA,,DVLED,DvLED,Active,ET   STANDTILE           
LEDMW-136-4KL                 ,"Refinio Media Wall 136"", UHD, White Casella Oak Cabinet",No Request,EA,,DVLED,DvLED,Active,ET   STANDTILE           
LEDMW-136-4KM                 ,"Refinio Media Wall 136"", UHD, Natural Casella Oak Cabinet",No Request,EA,,DVLED,DvLED,Active,ET   STANDTILE           
LEDMW-136-4KD                 ,"Refinio Media Wall 136"", UHD, Lincoln Walnut Cabinet",No Request,EA,,DVLED,DvLED,Active,ET   STANDTILE           
LEDMW-163-2KB                 ,"Refinio Media Wall 163"", FHD, Black Cabinet",No Request,EA,,DVLED,DvLED,Active,ET   STANDTILE           
LEDMW-163-2KW                 ,"Refinio Media Wall 163"", FHD, White Cabinet",No Request,EA,,DVLED,DvLED,Active,ET   STANDTILE           
LEDMW-163-2KG                 ,"Refinio Media Wall 163"", FHD, Grey Cabinet",No Request,EA,,DVLED,DvLED,Active,ET   STANDTILE           
LEDMW-163-2KL                 ,"Refinio Media Wall 163"", FHD, White Casella Oak Cabinet",No Request,EA,,DVLED,DvLED,Active,ET   STANDTILE           
LEDMW-163-2KM                 ,"Refinio Media Wall 163"", FHD, Natural Casella Oak Cabinet",No Request,EA,,DVLED,DvLED,Active,ET   STANDTILE           
LEDMW-163-2KD                 ,"Refinio Media Wall 163"", FHD, Lincoln Walnut Cabinet",No Request,EA,,DVLED,DvLED,Active,ET   STANDTILE           
LEDMW-163-4KD                 ,"Refinio Media Wall 163"", UHD, Lincoln Walnut Cabinet",No Request,EA,,DVLED,DvLED,Active,ET   STANDTILE           
LEDMW-163-4KW                 ,"Refinio Media Wall 163"", UHD, White Cabinet",No Request,EA,,DVLED,DvLED,Active,ET   STANDTILE           
LEDMW-163-4KB                 ,"Refinio Media Wall 163"", UHD, Black Cabinet",No Request,EA,,DVLED,DvLED,Active,ET   STANDTILE           
LEDMW-163-4KG                 ,"Refinio Media Wall 163"", UHD, Grey Cabinet",No Request,EA,,DVLED,DvLED,Active,ET   STANDTILE           
LEDMW-163-4KL                 ,"Refinio Media Wall 163"", UHD, White Casella Oak Cabinet",No Request,EA,,DVLED,DvLED,Active,ET   STANDTILE           
LEDMW-163-4KM                 ,"Refinio Media Wall 163"", UHD, Natural Casella Oak Cabinet",No Request,EA,,DVLED,DvLED,Active,ET   STANDTILE           
LEDMW-108-2KVCBB              ,"Refinio Media Wall 108"" w/ VC, FHD, Black Cabinet, Black Acoustic Fabric",No Request,EA,,DVLED,DvLED,Active,ET   STANDTILE           
LEDMW-108-2KVCWB              ,"Refinio Media Wall 108"" w/ VC, FHD, White Cabinet, Black Acoustic Fabric",No Request,EA,,DVLED,DvLED,Active,ET   STANDTILE           
LEDMW-108-2KVCGB              ,"Refinio Media Wall 108"" w/ VC, FHD, Grey Cabinet, Black Acoustic Fabric",No Request,EA,,DVLED,DvLED,Active,ET   STANDTILE           
LEDMW-108-2KVCLB              ,"Refinio Media Wall 108"" w/ VC, FHD, White Casella Oak Cabinet, Black Acoustic Fabric",No Request,EA,,DVLED,DvLED,Active,ET   STANDTILE           
LEDMW-108-2KVCMB              ,"Refinio Media Wall 108"" w/ VC, FHD, Natural Casella Oak Cabinet, Black Acoustic Fabric",No Request,EA,,DVLED,DvLED,Active,ET   STANDTILE           
LEDMW-108-2KVCDB              ,"Refinio Media Wall 108"" w/ VC, FHD, Lincoln Walnut Cabinet, Black Acoustic Fabric",No Request,EA,,DVLED,DvLED,Active,ET   STANDTILE           
LEDMW-108-2KVCDG              ,"Refinio Media Wall 108"" w/ VC, FHD, Lincoln Walnut Cabinet, Grey Acoustic Fabric",No Request,EA,,DVLED,DvLED,Active,ET   STANDTILE           
LEDMW-108-2KVCBG              ,"Refinio Media Wall 108"" w/ VC, FHD, Black Cabinet, Grey Acoustic Fabric",No Request,EA,,DVLED,DvLED,Active,ET   STANDTILE           
LEDMW-108-2KVCWG              ,"Refinio Media Wall 108"" w/ VC, FHD, White Cabinet, Grey Acoustic Fabric",No Request,EA,,DVLED,DvLED,Active,ET   STANDTILE           
LEDMW-108-2KVCGG              ,"Refinio Media Wall 108"" w/ VC, FHD, Grey Cabinet, Grey Acoustic Fabric",No Request,EA,,DVLED,DvLED,Active,ET   STANDTILE           
LEDMW-108-2KVCLG              ,"Refinio Media Wall 108"" w/ VC, FHD, White Casella Oak Cabinet, Grey Acoustic Fabric",No Request,EA,,DVLED,DvLED,Active,ET   STANDTILE           
LEDMW-108-2KVCMG              ,"Refinio Media Wall 108"" w/ VC, FHD, Natural Casella Oak Cabinet, Grey Acoustic Fabric",No Request,EA,,DVLED,DvLED,Active,ET   STANDTILE           
LEDUNVS-12X6                  ,12X6 Universal wall mount for latching dvLED displays up to 610 X 343 mm,Active,EA,,DVLED,DvLED,,LED  STANDUNV            
CI12K108                      ,"CORE INDOOR DvLED P1.2; 108"", 600nit, FHD KIT",No Sales,EA,,ET DD,ET Dealer / Distributor Pricing,Active,ET   STANDTILE           
LEDUNVS-24X5                  ,24x5 Universal wall mount for latching dvLED displays up to 610 X 343 mm,No Request,EA,,DVLED,DvLED,,LED  STANDUNV            
LEDTKS-24X5                   ,"Universal dvLED Trim Kit for 27"" Displays up to 610 x 343mm in a 24x5 Configuration",No Request,EA,,DVLED,DvLED,,LED  STANDTK             
LEDUNVS-16X5                  ,16x5 Universal wall mount for latching dvLED displays up to 610 X 343 mm,Active,EA,,DVLED,DvLED,,LED  STANDUNV            
LEDTKS-16X5                   ,"Universal dvLED Trim Kit for 27"" Displays up to 610 x 343mm in a 16x5 Configuration",Active,EA,,DVLED,DvLED,,LED  STANDTK             
EL-SI09P                      ,"SLIM PROFESSIONAL INDOOR DvLED PANEL; 0.9pp, 600nit, 640x360",Active,EA,,ET,Emerging Technologies & Displays,Active,ET   STANDTILE           
LEDUNVMP-6X3                  ,6x3 Universal wall mount for latching dvLED displays up to 540 x 1000mm,Active,EA,,DVLED,DvLED,,LED  STANDUNV            
CI15K136                      ,"CORE INDOOR DvLED P1.5; 136"", 600nit, FHD KIT",No Request,EA,,ET DD,ET Dealer / Distributor Pricing,Active,ET   STANDTILE           
CI18K163                      ,"CORE INDOOR DvLED P1.8; 163"", 600nit, FHD KIT",Active,EA,,ET DD,ET Dealer / Distributor Pricing,Active,ET   STANDTILE           
SI09K163                      ,"CORE INDOOR DvLED P0.9; 163"", 600nit, UHD KIT",No Request,EA,,ET DD,ET Dealer / Distributor Pricing,Active,ET   STANDTILE           
CI07K136                      ,"CORE INDOOR DvLED P0.7; 136"", 600nit, UHD KIT",No Request,EA,,ET DD,ET Dealer / Distributor Pricing,Active,ET   STANDTILE           
TEMP-TEMP-001                 ,"CORE INDOOR DvLED PANEL; 0.7pp, 600nit, 768x432",Inactive,EA,,ET DD,ET Dealer / Distributor Pricing,,ET   STANDNEPTN          
NTLED108-2K                   ,"108"", 4500nit, FHD Outdoor DvLED System",Active,EA,,ET DD,ET Dealer / Distributor Pricing,,ET   STANDTILE           
NTLED136-2K                   ,"136"", 4500nit, FHD Outdoor DvLED System",Active,EA,,ET DD,ET Dealer / Distributor Pricing,,ET   STANDTILE           
NTLED163-2K                   ,"163"", 4500nit, FHD Outdoor DvLED System",Active,EA,,ET DD,ET Dealer / Distributor Pricing,,ET   STANDTILE           
LEDOWM-NT108                  ,"Outdoor Flat Wall Mount for Neptune 108""",No Request,EA,,DVLED,DvLED,,LED  STAND               
LEDOWM-NT163                  ,"Outdoor Flat Wall Mount for Neptune 163""",No Request,EA,,DVLED,DvLED,,LED  STAND               
LEDOWM-NT136                  ,"Outdoor Flat Wall Mount for Neptune 136""",No Request,EA,,DVLED,DvLED,,LED  STAND               
LEDOWM-8090-4X2               ,4x2 Outdoor Flat Wall Mount for 800 x 900mm Display,No Request,EA,,DVLED,DvLED,,LED  STAND               
LEDOBD-NT108                  ,"Outdoor Bolt-Down Pedestal Mount for Neptune 108""",No Request,EA,,DVLED,DvLED,,LED  STAND               
LEDOBD-NT136                  ,"Outdoor Bolt-Down Pedestal Mount for Neptune 136""",No Request,EA,,DVLED,DvLED,,LED  STAND               
LEDOBD-NT163                  ,"Outdoor Bolt-Down Pedestal Mount for Neptune 163""",No Request,EA,,DVLED,DvLED,,LED  STAND               
ACC153                        ,Dual Display Video Conferencing Wall Plate Extender for SR898,Inactive,EA,,CORE,Mounts,,FPSS STANDSMRT           
ACC-STSCCC                    ,Crestron Collab Compute 110/120 Mounting Bracket for STS680,Active,EA,,CORE,Mounts,,FPSS STANDSMRT           
LEDUNVS-36X5                  ,36x5 Universal wall mount for latching dvLED displays up to 610 X 343 mm,Active,EA,,DVLED,DvLED,,LED  STANDUNV            
LEDUNVS-45X5                  ,45x5 Universal wall mount for latching dvLED displays up to 610 X 343 mm,Active,EA,,DVLED,DvLED,,LED  STANDUNV            
LEDBDS-AFP2-5X5-2400          ,"Universal dvLED Bolt-Down Pedestal for 27"" Displays, up to 610mm Wide, in a 5x5 Configuration",No Request,EA,,DVLED,DvLED,,LED  STANDSUBF           
LEDOWM-5050-6X4               ,6x4 Outdoor Flat Wall Mount for 500 x 500mm Display,No Request,EA,,DVLED,DvLED,,LED  STAND               
LEDTKS-7X5                    ,"Universal dvLED Trim Kit for 27"" Displays, up to 610 x 343mm, in a 7x5 Configuration",Active,EA,,DVLED,DvLED,,LED  STANDTK             
NTPS1K-DEFWAR-75-4            ,"Neptune 75"" Partial Sun 4-Year Warranty for Defects",Active,EA,,ET DD,ET Dealer / Distributor Pricing,Active,WRNTY                    
NTFS26-DEFWAR-55-4            ,"Neptune 55"" Full Sun 4-Year Warranty for Defects",Active,EA,,ET DD,ET Dealer / Distributor Pricing,Active,WRNTY                    
NTFS26-DEFWAR-65-4            ,"Neptune 65"" Full Sun 4-Year Warranty for Defects",Active,EA,,ET DD,ET Dealer / Distributor Pricing,Active,WRNTY                    
NTFS26-DEFWAR-75-4            ,"Neptune 75"" Full Sun 4-Year Warranty for Defects",Active,EA,,ET DD,ET Dealer / Distributor Pricing,Active,WRNTY                    
NTPS1K-DEFWAR-75-5            ,"Neptune 75"" Partial Sun 5-Year Warranty for Defects",Active,EA,,ET DD,ET Dealer / Distributor Pricing,Active,WRNTY                    
NTFS26-DEFWAR-55-5            ,"Neptune 55"" Full Sun 5-Year Warranty for Defects",Active,EA,,ET DD,ET Dealer / Distributor Pricing,Active,WRNTY                    
NTFS26-DEFWAR-65-5            ,"Neptune 65"" Full Sun 5-Year Warranty for Defects",Active,EA,,ET DD,ET Dealer / Distributor Pricing,Active,WRNTY                    
NTFS26-DEFWAR-75-5            ,"Neptune 75"" Full Sun 5-Year Warranty for Defects",Active,EA,,ET DD,ET Dealer / Distributor Pricing,Active,WRNTY                    
ACC-STSSB                     ,"STS680 Video Conferencing Spacer Bracket for 55-75"" Dual Displays",No Request,EA,,CORE,Mounts,Presale,FPSS STANDSMRT           
STS680-VCKIT2                 ,"STS680 Dual Display Video Conferencing Bundle for 55-75"" Dual Displays",Inactive,EA,,CORE,Mounts,,FPSS STANDSMRT           
LEDUNVSS-15X5                 ,15x5 Universal wall mount for latching dvLED displays up to 500x500 mm,Active,EA,,DVLED,DvLED,,LED  STANDUNV            
XHB555                        ,"55"" XTREME HIGH BRIGHT OUTDOOR DISPLAY GEN 5",Active,EA,,ET,Emerging Technologies & Displays,Active,ET   STANDXTRME          
LEDUNVS-7X7                   ,7X7 Universal wall mount for latching dvLED displays up to 610 X 343 mm,Active,EA,,DVLED,DvLED,,LED  STANDUNV            
PRJ502510                     ,6x4 Curved dvLED Mount for InfoComm 2026,Active,EA,,DVLED,DvLED,,LED  CUSTM               
PRJ502512                     ,Media Wall for InfoComm 2026,Active,EA,,DVLED,DvLED,,LED  CUSTM               
PRJ502513                     ,dvLED Substructure Mount for InfoComm 2026,Active,EA,,DVLED,DvLED,,LED  CUSTM               
PRJ502516                     ,2x2 Outdoor Mount for InfoComm 2026,Active,EA,,DVLED,DvLED,,LED  CUSTM               
VXS-101G2A-W                  ,"Vodxs 10.1"" Gen 2 LCD Ad Display Faucet with WiFi",Active,EA,,ET DD,ET Dealer / Distributor Pricing,Active,ET   STAND               
VXS-101G2A-H                  ,"Vodxs 10.1"" Gen 2 LCD Ad Display Faucet with HDMI",Active,EA,,ET DD,ET Dealer / Distributor Pricing,Active,ET   STAND               
LEDUNVMP-12X4                 ,12x4 Universal wall mount for latching dvLED displays up to 540 x 1000mm,Active,EA,,DVLED,DvLED,,LED  STANDUNV            
LEDTKS-3X3                    ,"Universal dvLED Trim Kit for 27"" Displays up to 610 x 343mm in a 3x3 Configuration",Active,EA,,DVLED,DvLED,,LED  STANDTK             
LEDUNVS-11X11                 ,11x11 Universal wall mount for latching dvLED displays up to 610 X 343 mm,Active,EA,,DVLED,DvLED,,LED  STANDUNV            
LEDTKS-11X11                  ,"Universal dvLED Trim Kit for 27"" Displays, up to 610 x 343mm, in a 11x11 Configuration",Active,EA,,DVLED,DvLED,,LED  STANDTK             
LEDUNVMP-14X3                 ,14x3 Universal wall mount for latching dvLED displays up to 540 x 1000mm,Active,EA,,DVLED,DvLED,,LED  STANDUNV            
LEDTKS-12X6                   ,"Universal dvLED Trim Kit for 27"" Displays, up to 610 x 343mm, in a 12x6 Configuration",Active,EA,,DVLED,DvLED,,LED  STANDTK             
LEDMTS-3X3-2400               ,"Universal dvLED Cart/Trolley for 27"" Displays up to 610x343mm in a 3x3 Configuration",Active,EA,,DVLED,DvLED,,LED  STAND               
LEDUNVS-4X1                   ,4X1 Universal wall mount for latching dvLED displays up to 610 X 343 mm,No Request,EA,,DVLED,DvLED,,LED  STANDUNV            
LEDUNVS-2X6                   ,2x6 Universal wall mount for latching dvLED displays up to 610 X 343 mm,No Request,EA,,DVLED,DvLED,,LED  STANDUNV            
LEDTKS-4X1                    ,"Universal dvLED Trim Kit for 27"" Displays, up to 610 x 343mm, in a 4x1 Configuration",No Request,EA,,DVLED,DvLED,,LED  STANDTK             
LEDTKS-2X6                    ,"Universal dvLED Trim Kit for 27"" Displays, up to 610 x 343mm, in a 2x6 Configuration",No Request,EA,,DVLED,DvLED,,LED  STANDTK             
LEDTKS-15X3                   ,"Universal dvLED Trim Kit for 27"" Displays, up to 610 x 343mm, in a 15x3 Configuration",Active,EA,,DVLED,DvLED,,LED  STANDTK             
LEDUNVS-15X3                  ,15x3 Universal wall mount for latching dvLED displays up to 610 X 343 mm,Active,EA,,DVLED,DvLED,,LED  STANDUNV            
LEDTKS-45X5                   ,"Universal dvLED Trim Kit for 27"" Displays, up to 610 x 343mm, in a 45X5 Configuration",Active,EA,,DVLED,DvLED,,LED  STANDTK             
LEDTKS-36X5                   ,"Universal dvLED Trim Kit for 27"" Displays, up to 610 x 343mm, in a 36X5 Configuration",Active,EA,,DVLED,DvLED,,LED  STANDTK             
XHB555-EUK                    ,"55"" XTREME HIGH BRIGHT OUTDOOR DISPLAY GEN 5",Active,EA,,ET DD,ET Dealer / Distributor Pricing,Active,ET   STANDXTRME          
PRJ502532                     ,Pedestal mount for Samsung MMF-A 136,Active,EA,,DVLED,DvLED,,LED  CUSTMSUBF           
LEDOWM-5050-7X4               ,7x4 Outdoor Flat Wall Mount for 500 x 500mm Display,No Request,EA,,DVLED,DvLED,Active,LED  STAND               
LEDUNVS-12X5                  ,12X5 Universal wall mount for latching dvLED displays up to 610 X 343 mm,Active,EA,,DVLED,DvLED,,LED  STANDUNV            
LEDTKS-12X5                   ,"Universal dvLED Trim Kit for 27"" Displays, up to 610 x 343mm, in a 12x5 Configuration",Active,EA,,DVLED,DvLED,,LED  STANDTK             
PRJ502534                     ,"Cart for LG LAAA 136"" and TSi Touch Frame",Active,EA,,DVLED,DvLED,,LED  CUSTM               
981-1142                      ,"CTN, BROWN BOX FOR SS575K",Active,EA,,PRO,Professional Sales Price Group,,CARTN               BOXES
PRJ502534-F                   ,"Cart for LG LAAA 136"" and TSi Touch Frame, FAB",Active,EA,,DVLED,DvLED,,LED  CUSTM               
LEDOWM-6038-4X4               ,4x4 Outdoor Flat Wall Mount for 600 x 337.5mm Display,No Request,EA,,DVLED,DvLED,,LED  STAND               
LEDOWM-6038-5X5               ,5x5 Outdoor Flat Wall Mount for 600 x 337.5mm Display,No Request,EA,,DVLED,DvLED,,LED  STAND               
LEDOWM-6038-6X6               ,6x6 Outdoor Flat Wall Mount for 600 x 337.5mm Display,No Request,EA,,DVLED,DvLED,,LED  STAND               
CO-FS75                       ,"(Customer Owned) 75"" Neptune Full Sun",No Request,EA,,NEPTUNE,Neptune TVs,Active,ET   STANDNEPTN          
LEDMTS-7X7                    ,"Universal dvLED Cart/Trolley for 27"" Displays, up to 610x343mm in a 7x7 Configuration",No Request,EA,,DVLED,DvLED,,LED  STANDSUBF           
LEDTKS-9X6                    ,"Universal dvLED Trim Kit for 27"" Displays, up to 610 x 343mm, in a 9X6 Configuration",Active,EA,,DVLED,DvLED,,LED  STANDTK             
LEDUNVMP-16X2                 ,16x2 Universal wall mount for latching dvLED displays up to 540 x 1000mm,Active,EA,,DVLED,DvLED,,LED  STANDUNV            
LEDTKMP-16X2                  ,"Universal dvLED Trim Kit for Displays up to 540 x 1000mm, in a 16x2 Configuration",Active,EA,,DVLED,DvLED,,LED  STANDTK             
LEDUNVS-3X10                  ,3x10 Universal wall mount for latching dvLED displays up to 610 X 343 mm,Active,EA,,DVLED,DvLED,,LED  STANDUNV            
LEDUNVS-7X8                   ,7x8 Universal wall mount for latching dvLED displays up to 610 X 343 mm,Active,EA,,DVLED,DvLED,,LED  STANDUNV            
LEDUNVS-11X8                  ,11x8 Universal wall mount for latching dvLED displays up to 610 X 343 mm,Active,EA,,DVLED,DvLED,,LED  STANDUNV            
LEDUNVS-27X8                  ,27x8 Universal wall mount for latching dvLED displays up to 610 X 343 mm,Active,EA,,DVLED,DvLED,,LED  STANDUNV            
LEDUNVS-28X7                  ,28X7 Universal wall mount for latching dvLED displays up to 610 X 343 mm,Active,EA,,DVLED,DvLED,,LED  STANDUNV            
LEDTKS-28X7                   ,"Universal dvLED Trim Kit for 27"" Displays, up to 610 x 343mm, in a 28X7 Configuration",Active,EA,,DVLED,DvLED,,LED  STANDTK             
LEDUNVS-67X6                  ,67x6 Universal wall mount for latching dvLED displays up to 610 X 343 mm,Active,EA,,DVLED,DvLED,,LED  STANDUNV            
LEDTKS-67X6                   ,"Universal dvLED Trim Kit for 27"" Displays, up to 610 x 343mm, in a 67X6 Configuration",Active,EA,,DVLED,DvLED,,LED  STANDTK             
NTLED108-WM                   ,"108"", 4500nit, FHD Outdoor DvLED System with Wall Mount",Active,EA,True,ET DD,ET Dealer / Distributor Pricing,,ET   STANDTILE           
NTLED108-BD                   ,"108"", 4500nit, FHD Outdoor DvLED System with Bolt-Down Pedestal Mount",Active,EA,True,ET DD,ET Dealer / Distributor Pricing,,ET   STANDTILE           
NTLED136-BD                   ,"136"", 4500nit, FHD Outdoor DvLED System with Bolt-Down Pedestal Mount",Active,EA,True,ET DD,ET Dealer / Distributor Pricing,,ET   STANDTILE           
NTLED136-WM                   ,"136"", 4500nit, FHD Outdoor DvLED System with Wall Mount",Active,EA,True,ET DD,ET Dealer / Distributor Pricing,,ET   STANDTILE           
NTLED163-WM                   ,"163"", 4500nit, FHD Outdoor DvLED System with Wall Mount",Active,EA,True,ET DD,ET Dealer / Distributor Pricing,,ET   STANDTILE           
NTLED163-BD                   ,"163"", 4500nit, FHD Outdoor DvLED System with Bolt-Down Pedestal Mount",Active,EA,True,ET DD,ET Dealer / Distributor Pricing,,ET   STANDTILE           
PRJ502513-F                   ,dvLED Substructure Mount for InfoComm 2026,Active,EA,,DVLED,DvLED,,LED  CUSTM               
LEDUNVS-3X6                   ,3x6 Universal wall mount for latching dvLED displays up to 610 X 343 mm,Active,EA,,DVLED,DvLED,,LED  STANDUNV            
10023478                      ,"FAN 80MM X 38MM 120VAC, 30CFM",Active,EA,,KIOSK,Kiosks,,PP                  ELECT
10023477                      ,"SCR M4 X 0.7 X 50MM FLT PHL, ZN",Active,EA,,PRO,Professional Sales Price Group,,FAST                HW   
PRJ502584                     ,"3x1 Menu Board Ceiling Mount, Single Column",Active,EA,,DS,Digital Signage,,DS   CUSTM               
LEDFCS-8X4-3600               ,"Universal dvLED Floor-to-Ceiling Mount for 27"" Displays, up to 610mm Wide, in a 8x4 Configuration",No Request,EA,,DVLED,DvLED,,LED  STANDSUBF           
PRJ502430                     ,Side Cladding,Active,EA,,DVLED,DvLED,,LED  CUSTM               
PRJ502587                     ,Cart / Stand for LG LAPA 136 GF,Active,EA,,DVLED,DvLED,,LED  CUSTM               
PRJ502551                     ,"Media Wall 108"" VC",Active,EA,,DVLED,DvLED,,ET   CUSTM               
PRJ502485                     ,Prototype parts,Active,EA,,DVLED,DvLED,,LED  CUSTM               
PRJ502485-F                   ,"Prototype parts, fab",Active,EA,,DVLED,DvLED,,LED  CUSTM               
LEDUNVS-1X6                   ,1x6 Universal wall mount for latching dvLED displays up to 610 X 343 mm,Active,EA,,DVLED,DvLED,,LED  STANDUNV            
LEDTKS-1X6                    ,"Universal dvLED Trim Kit for 27"" Displays, up to 610 x 343mm, in a 1x6 Configuration",Active,EA,,DVLED,DvLED,,LED  STANDTK             
LEDUNVMP-10X3                 ,10x3 Universal wall mount for latching dvLED displays up to 540 x 1000mm,Active,EA,,DVLED,DvLED,,LED  STANDUNV            
LEDTKMP-10X3                  ,"Universal dvLED Trim Kit for Displays up to 540 x 1000mm, in a 10x3 Configuration",Active,EA,,DVLED,DvLED,,LED  STANDTK             
PRJ502603                     ,"Pedestal Mount that will hold the LG LAPA 136""",Active,EA,,DVLED,DvLED,,LED  STANDSUBF           
LEDUNVS-7X1                   ,7x1 Universal wall mount for latching dvLED displays up to 610 X 343 mm,No Request,EA,,DVLED,DvLED,,LED  STANDUNV            
LEDTKS-7X1                    ,"Universal dvLED Trim Kit for 27"" Displays, up to 610 x 343mm, in a 7x1 Configuration",No Request,EA,,DVLED,DvLED,,LED  STANDTK             
LEDUNVMP-15X1                 ,15x1 Universal wall mount for latching dvLED displays up to 540 x 1000mm,No Request,EA,,DVLED,DvLED,,LED  STANDUNV            
LEDTKMP-15X1                  ,"Universal dvLED Trim Kit for Displays up to 540 x 1000mm, in a 15x1 Configuration",No Request,EA,,DVLED,DvLED,,LED  STANDTK             
PRJ502603-F                   ,"Pedestal Mount that will hold the LG LAPA 136""",Active,EA,,DVLED,DvLED,,LED  CUSTM               
LEDTKS-12X4                   ,"Universal dvLED Trim Kit for 27"" Displays, up to 610 x 343mm, in a 12x4 Configuration",Active,EA,,DVLED,DvLED,,LED  STANDTK             
LEDTKMP-26X1                  ,"Universal dvLED Trim Kit for Displays up to 540 x 1000mm, in a 26x1 Configuration",No Request,EA,,DVLED,DvLED,,LED  STANDTK             
LEDUNVMP-7X1-C                ,"7x1 Universal wall mount for latching dvLED displays up to 540 x 1000mm, with Corner",No Request,EA,,DVLED,DvLED,,LED  STANDUNV            
LEDOWM-5050-10X5              ,10x5 Outdoor Flat Wall Mount for 500 x 500mm Display,No Request,EA,,DVLED,DvLED,,LED  STAND               
