Action,PartNumber,Name,Description,IsActive,ItemStatus,SalesUnit,Authorization,PriceGroup,PLCM,Category,SF_Id
"UPDATE (QuantityUnitOfMeasure, ACU_Item_Status__c, Sales_Part_Status__c, Category__c)",VOLTA55A,VOLTA55A,"55"" VOLTA XTREME HIGH BRIGHT OUTDOOR DISPLAY",True,Active,EA,False,ET DD,,KIOSK,01t6A000002ZbsxQAC
"UPDATE (QuantityUnitOfMeasure, Sales_Part_Status__c)",LCT100S,LCT100S,"Desktop Monitor Mount For up to 38"" Monitors",True,Active,EA,False,CORE,Active,MOUNT,01t6A000000as7kQAA
"UPDATE (IsActive, QuantityUnitOfMeasure, Sales_Part_Status__c, ACU_PMPLCM__c, Category__c)",560-0400,560-0400,"PEM SELFCLNCH M6x1 NUT,  SS  CLS-M6-1 from McMaster Carr",True,Active,EA,False,KIOSK,,,01t2K000006S2ISQA0
"UPDATE (IsActive, QuantityUnitOfMeasure, Sales_Part_Status__c, ACU_PMPLCM__c, Category__c)",561-0066,561-0066,PEM STUD M6X30MM,True,Active,EA,False,KIOSK,,,01t2K000006S2NoQAK
"UPDATE (QuantityUnitOfMeasure, ACU_Item_Status__c, Sales_Part_Status__c, ACU_PMPLCM__c, Category__c)",FMAL,FMAL,FM 600X400 Articulating Wall Mount,True,Active,EA,False,CONS,Active,MOUNT,01t6A000002ZPdHQAW
"UPDATE (QuantityUnitOfMeasure, ACU_Item_Status__c, Sales_Part_Status__c, ACU_PMPLCM__c, Category__c)",FMAM,FMAM,FM 400X400 Articulating Wall Mount,True,Active,EA,False,CONS,Active,MOUNT,01t6A000002ZPaIQAW
"UPDATE (QuantityUnitOfMeasure, ACU_Item_Status__c, Sales_Part_Status__c, ACU_PMPLCM__c, Category__c)",FMAS,FMAS,FM 100x100 Articulating Wall Mount,True,Active,EA,False,CONS,Active,MOUNT,01t6A000002ZPdIQAW
"UPDATE (QuantityUnitOfMeasure, ACU_Item_Status__c, Sales_Part_Status__c, ACU_PMPLCM__c, Category__c)",FMFL,FMFL,FM 600X400 Flat Wall Mount,True,Active,EA,False,CONS,Active,MOUNT,01t6A000002ZPaJQAW
"UPDATE (QuantityUnitOfMeasure, ACU_Item_Status__c, Sales_Part_Status__c, ACU_PMPLCM__c, Category__c)",FMTL,FMTL,FM 600x400 Tilt Mount,True,Active,EA,False,CONS,Active,MOUNT,01t6A000002ZPcqQAG
"UPDATE (QuantityUnitOfMeasure, ACU_Item_Status__c, Sales_Part_Status__c, ACU_PMPLCM__c, Category__c)",FMTM,FMTM,FM 400X400 Tilt Wall Mount,True,Active,EA,False,CONS,Active,MOUNT,01t6A000002ZPcHQAW
"UPDATE (QuantityUnitOfMeasure, Sales_Part_Status__c, ACU_PMPLCM__c, Category__c)",125-1006,125-1006,"ADAPTER BRACKET FOR DMU50SM, BLK",True,Active,EA,False,HOSP,,,01t6A000000as9GQAQ
"UPDATE (Description, US_Description__c, QuantityUnitOfMeasure, ACU_Item_Status__c, Sales_Part_Status__c, US_Price_Group_Name__c)",128-0027,128-0027,"RIGHT SPRT TRAY,14"" W/LOGO HOLES",True,Active,EA,False,XGPREFAB,,,01t6A000000ar6nQAA
"UPDATE (QuantityUnitOfMeasure, ACU_Item_Status__c, Sales_Part_Status__c)",1450-203,1450-203,"TRAY STIFFNER,LRG",True,Active,EA,False,XGPREFAB,,,01t6A000000atXFQAY
"UPDATE (QuantityUnitOfMeasure, ACU_Item_Status__c, Sales_Part_Status__c)",1450-204,1450-204,"TRAY STIFFNER,SMALL",True,Active,EA,False,XGPREFAB,,,01t6A000000atXGQAY
"UPDATE (QuantityUnitOfMeasure, ACU_Item_Status__c, Sales_Part_Status__c)",1455-406,1455-406,FALSE CLNG ADAPTER,True,Active,EA,False,XGPREFAB,,,01t6A000000atXHQAY
"UPDATE (QuantityUnitOfMeasure, ACU_Item_Status__c, Sales_Part_Status__c, US_Price_Group_Name__c)",2245-308,2245-308,"UPPER TRAY 19""",True,Active,EA,False,XGPREFAB,,,01t6A000000ar72QAA
"UPDATE (IsActive, QuantityUnitOfMeasure, Sales_Part_Status__c, ACU_PMPLCM__c, Category__c)",47475234,47475234,"Triple Metal stud wall plate For PLA Series, 16"", 20"", 24"" stud centers",True,Active,EA,False,CORE,Use Up,,01t2K000006XLODQA4
"UPDATE (IsActive, QuantityUnitOfMeasure, ACU_Item_Status__c, Sales_Part_Status__c)",520-2237,520-2237,"SCR BOLT M4 X 8MM PAN PHL, ZC",True,Active,EA,False,ET DD,,,01t2K000006S2KHQA0
"UPDATE (QuantityUnitOfMeasure, Sales_Part_Status__c, ACU_PMPLCM__c, Category__c)",550-0001,550-0001,"POP RIVET STL 3/16X.440, BLK DM HD",True,Active,EA,False,HOSP,,,01t6A000000ar7fQAA
"UPDATE (QuantityUnitOfMeasure, Sales_Part_Status__c, ACU_PMPLCM__c, Category__c)",565-0052,565-0052,LOCK KSK-5,True,Active,EA,False,HOSP,,,01t6A000000aroYQAQ
INSERT,600-0050,600-0050,STUD FINDER,True,No Request,EA,False,CONS,,,
"UPDATE (QuantityUnitOfMeasure, Sales_Part_Status__c)",ACC-FLIP65,ACC-FLIP65,"Accessory Mounting Kit for the 65"" Samsung Flip",True,Active,EA,False,CORE,Active,MOUNT,01t2K000006WSOPQA4
"UPDATE (QuantityUnitOfMeasure, Sales_Part_Status__c)",ACC-HPF650,ACC-HPF650,In Furniture Bracket for HPF650,True,No Purchases,EA,False,HOSP,Use Up,MOUNT,01t6A000000ardlQAA
"UPDATE (QuantityUnitOfMeasure, Sales_Part_Status__c)",ACC-LGOLED,ACC-LGOLED,Adapter Bracket for LG OLED TV's,True,Active,EA,False,CORE,Active,MOUNT,01t6A000000arA7QAI
"UPDATE (QuantityUnitOfMeasure, Sales_Part_Status__c, Category__c)",ACC-M440,ACC-M440,"Security Fastpack, M4x40",True,Active,EA,False,HOSP,Active,,01t6A000000assaQAA
"UPDATE (QuantityUnitOfMeasure, Sales_Part_Status__c)",ACC-M835,ACC-M835,"Security fast-pack, M8x25 & M8x35",True,Active,EA,False,HOSP,Active,MOUNT,01t6A000000aqr7QAA
"UPDATE (QuantityUnitOfMeasure, Sales_Part_Status__c)",ACC-M8X50,ACC-M8X50,"Non-Security Fast Pack, M8 x 50mm (4pcs)",True,Active,EA,False,CORE,Active,MOUNT,01t6A000000asjvQAA
"UPDATE (QuantityUnitOfMeasure, Sales_Part_Status__c)",ACC-MCCM,ACC-MCCM,"Component Mount for SR598ML3, SR598ML3E and SS598ML3",True,Active,EA,False,CORE,Active,MOUNT,01t2K000006RrGJQA0
"UPDATE (QuantityUnitOfMeasure, Sales_Part_Status__c)",ACC-ML3ECW,ACC-ML3ECW,Power Cord Manager for SR598ML3E,True,Active,EA,False,CORE,Active,MOUNT,01t6A000003QGriQAG
"UPDATE (Description, US_Description__c, QuantityUnitOfMeasure, Sales_Part_Status__c)",ACC-ML3ELS,ACC-ML3ELS,KEYBOARD SHELF ACCESSORY,True,Active,EA,False,CORE,Active,MOUNT,01t6A000003QGrnQAG
"UPDATE (QuantityUnitOfMeasure, Sales_Part_Status__c)",ACC-QRL,ACC-QRL,Accessory Quick Release - Landscape,True,Active,EA,False,DS,Active,MOUNT,01t6A000000asWjQAI
"UPDATE (QuantityUnitOfMeasure, Sales_Part_Status__c)",ACC-QRP,ACC-QRP,Accessory Quick Release - Portrait,True,Active,EA,False,DS,Active,MOUNT,01t6A000000aqzLQAQ
"UPDATE (QuantityUnitOfMeasure, Sales_Part_Status__c)",ACC-SPARK55,ACC-SPARK55,"Adaptor Brackets for 55"" Cisco Spark Board",True,Active,EA,False,CORE,Active,MOUNT,01t6A000000atcpQAA
"UPDATE (QuantityUnitOfMeasure, Sales_Part_Status__c)",ACC-SPARK70,ACC-SPARK70,"Adaptor brackets for Cisco Spark 70""",True,Active,EA,False,CORE,Active,MOUNT,01t6A000000asboQAA
"UPDATE (QuantityUnitOfMeasure, Sales_Part_Status__c)",ACC-V600800,ACC-V600800,Adaptor accessory for 800x400mm mounting patterns,True,Active,EA,False,DS,Active,MOUNT,01t6A000000asw3QAA
"UPDATE (QuantityUnitOfMeasure, Sales_Part_Status__c)",ACC-V600X,ACC-V600X,Adaptor accessory for 600x400 mounting patterns,True,Active,EA,False,DS,Active,MOUNT,01t6A000000argdQAA
"UPDATE (QuantityUnitOfMeasure, Sales_Part_Status__c)",ACC-V900X,ACC-V900X,Adaptor accessory for 800x400 and 900x600mm mounting patterns,True,Active,EA,False,DS,Active,MOUNT,01t6A000000ar5BQAQ
"UPDATE (Description, US_Description__c, QuantityUnitOfMeasure, Sales_Part_Status__c, Category__c)",ACC020,ACC020,Armor Lock ™ Plus Secure Cable,True,Active,EA,False,CORE,Active,,01t6A000000aqyTQAQ
"UPDATE (QuantityUnitOfMeasure, Sales_Part_Status__c, Category__c)",ACC050,ACC050,Extension Column Stabilizer Kit,True,Active,EA,False,CORE,Active,,01t6A000000ar20QAA
"UPDATE (QuantityUnitOfMeasure, Sales_Part_Status__c, Category__c)",ACC109,ACC109,Extension Column Connectors,True,Active,EA,False,CORE,Active,,01t6A000000arCAQAY
"UPDATE (QuantityUnitOfMeasure, Sales_Part_Status__c)",ACC120,ACC120,Internal Wood Joist Mount Ceiling Plate,True,Active,EA,False,CORE,Active,MOUNT,01t6A000000at3jQAA
"UPDATE (QuantityUnitOfMeasure, Sales_Part_Status__c)",ACC166,ACC166,LG STB-5500 HOLDER ACCESSORY FOR HPF665,True,No Purchases,EA,False,CORE,Use Up,MOUNT,01t2K000006XREoQAO
"UPDATE (Description, US_Description__c, QuantityUnitOfMeasure, Sales_Part_Status__c)",ACC200,ACC200,Concrete Expansion Anchors 2PK,True,No Purchases,EA,False,CORE,Use Up,MOUNT,01t6A000000ar8xQAA
"UPDATE (QuantityUnitOfMeasure, Sales_Part_Status__c, Category__c)",ACC210,ACC210,Concrete Expansion Anchors 4PK,True,Active,EA,False,CORE,Active,,01t6A000000arCBQAY
"UPDATE (QuantityUnitOfMeasure, Sales_Part_Status__c, Category__c)",ACC215,ACC215,"Metal Stud Fastener kit, 2PK",True,Active,EA,False,CORE,Active,,01t6A000000arCLQAY
"UPDATE (QuantityUnitOfMeasure, Sales_Part_Status__c)",ACC217,ACC217,Extension Column Shelf,True,Active,EA,False,CORE,Active,MOUNT,01t6A000000asz8QAA
"UPDATE (QuantityUnitOfMeasure, Sales_Part_Status__c)",ACC230,ACC230,Concrete Anchors 50PK 8mm,True,Active,EA,False,CORE,Use Up,MOUNT,01t6A000000arGBQAY
"UPDATE (QuantityUnitOfMeasure, Sales_Part_Status__c, Category__c)",ACC234,ACC234,Concrete Anchors 4PK 8mm,True,Active,EA,False,CORE,Active,,01t6A000000asKmQAI
"UPDATE (QuantityUnitOfMeasure, Sales_Part_Status__c, Category__c)",ACC244,ACC244,Concrete Anchors 4 pack 10mm,True,Active,EA,False,CORE,Active,,01t6A000000arGCQAY
"UPDATE (QuantityUnitOfMeasure, Sales_Part_Status__c)",ACC310VWC4,ACC310VWC4,"Accessory feet - 4 pack, Use with DS-C VW Carts",True,Active,EA,False,DS,Active,MOUNT,01t6A000000ar0qQAA
"UPDATE (QuantityUnitOfMeasure, Sales_Part_Status__c)",ACC310VWC6,ACC310VWC6,"Accessory feet - 6 pack, Use with DS-C555-4x2",True,Active,EA,False,DS,Active,MOUNT,01t6A000000arNCQAY
"UPDATE (QuantityUnitOfMeasure, Sales_Part_Status__c)",ACC415,ACC415,"Metal Stud Fastener Kit, 4PK",True,Active,EA,False,CORE,Active,MOUNT,01t6A000000arWtQAI
"UPDATE (QuantityUnitOfMeasure, Sales_Part_Status__c)",ACC515,ACC515,"Metal Stud Fastener Kit, 50PK",True,Active,EA,False,CORE,Active,MOUNT,01t6A000000aqwuQAA
"UPDATE (QuantityUnitOfMeasure, Sales_Part_Status__c)",ACC550,ACC550,Ceiling Plate For Unistrut Adaptor in Truss Ceilings,True,Active,EA,False,CORE,Active,MOUNT,01t6A000000at8rQAA
"UPDATE (QuantityUnitOfMeasure, Sales_Part_Status__c)",ACC556,ACC556,Ceiling Plate For Cathedral Ceiling,True,Active,EA,False,CORE,Active,MOUNT,01t6A000000at4QQAQ
"UPDATE (QuantityUnitOfMeasure, Sales_Part_Status__c)",ACC557,ACC557,Ceiling Plate For Truss Ceiling,True,Active,EA,False,CORE,Active,MOUNT,01t6A000000asNKQAY
"UPDATE (QuantityUnitOfMeasure, Sales_Part_Status__c)",ACC558,ACC558,"Ceiling Plate For I-Beam width of 4""-8""",True,Active,EA,False,CORE,Active,MOUNT,01t6A000000asNLQAY
"UPDATE (QuantityUnitOfMeasure, Sales_Part_Status__c)",ACC559,ACC559,"Ceiling Plate For I-Beam width of 7""-12""",True,Active,EA,False,CORE,Active,MOUNT,01t6A000000asNMQAY
"UPDATE (QuantityUnitOfMeasure, Sales_Part_Status__c)",ACC560,ACC560,Ceiling Plate For Wood Joist and Structural Ceiling,True,Active,EA,False,CORE,Active,MOUNT,01t6A000000atBCQAY
"UPDATE (QuantityUnitOfMeasure, Sales_Part_Status__c)",ACC600,ACC600,Multi-Display Interface Bracket,True,Active,EA,False,CORE,Active,MOUNT,01t6A000000asNOQAY
"UPDATE (QuantityUnitOfMeasure, Sales_Part_Status__c)",ACC615,ACC615,Metal Stud Fastener Kit 6PK,True,Active,EA,False,CORE,Active,MOUNT,01t6A000000arPCQAY
"UPDATE (QuantityUnitOfMeasure, Sales_Part_Status__c)",ACC640,ACC640,"Escutcheon Ring For 1.9"" DIA Pole",True,Active,EA,False,CORE,Active,MOUNT,01t6A000000asNPQAY
"UPDATE (QuantityUnitOfMeasure, Sales_Part_Status__c)",ACC640-B,ACC640-B,"Escutcheon Ring For 1.9"" DIA Pole Black",True,Active,EA,False,CORE,Active,MOUNT,01t6A000000asrmQAA
"UPDATE (QuantityUnitOfMeasure, Sales_Part_Status__c)",ACC640-W,ACC640-W,"Escutcheon Ring For 1.9"" DIA Pole White",True,Active,EA,False,CORE,Active,MOUNT,01t6A000000atEkQAI
"UPDATE (QuantityUnitOfMeasure, Sales_Part_Status__c)",ACC666,ACC666,13' Safety Belt,True,Active,EA,False,CORE,Use Up,MOUNT,01t6A000000asNQQAY
"UPDATE (QuantityUnitOfMeasure, Sales_Part_Status__c)",ACC912,ACC912,Ceiling Plate For Cathedral Ceiling,True,Active,EA,False,CORE,Active,MOUNT,01t6A000000asuPQAQ
"UPDATE (QuantityUnitOfMeasure, Sales_Part_Status__c)",ACC952,ACC952,Above Display SUF Security Lock Accessory,True,Active,EA,False,CORE,Use Up,MOUNT,01t6A000000ataxQAA
"UPDATE (QuantityUnitOfMeasure, Sales_Part_Status__c)",ACC954,ACC954,Security Kit For PTM200 and PTM400 Series,True,Active,EA,False,CORE,Active,MOUNT,01t6A000000aslMQAQ
"UPDATE (IsActive, QuantityUnitOfMeasure, Sales_Part_Status__c, ACU_PMPLCM__c, Category__c)",ACC957,ACC957,Security Fastner Kit - Outdoor,False,Inactive,EA,False,CORE,,,01t6A000000asZBQAY
"UPDATE (QuantityUnitOfMeasure, Sales_Part_Status__c)",ACC964,ACC964,PC/Keyboard Acessory For SC590,True,Active,EA,False,CORE,Active,MOUNT,01t6A000000atExQAI
"UPDATE (US_Description__c, QuantityUnitOfMeasure, Sales_Part_Status__c)",ACC973,ACC973,VESA® 400 x 400mm Adaptor Plates,True,Active,EA,False,CORE,Active,MOUNT,01t6A000000arOOQAY
"UPDATE (Description, US_Description__c, QuantityUnitOfMeasure, Sales_Part_Status__c)",ACCSH100,ACCSH100,"AV WALL SHELF, SNGL (RTBOX)",True,No Purchases,EA,False,CORE,Active,MOUNT,01t6A000000ar3OQAQ
"UPDATE (QuantityUnitOfMeasure, Sales_Part_Status__c)",ACCSH200,ACCSH200,"AV WALL SHELF, SINGLE W/GLASS",True,No Purchases,EA,False,CORE,Active,MOUNT,01t6A000000aqpcQAA
"UPDATE (QuantityUnitOfMeasure, ACU_Item_Status__c, Sales_Part_Status__c, ACU_PMPLCM__c, Category__c)",ACCSH300,ACCSH300,"AV WALL SHELF, DUAL W/GLASS",True,Active,EA,False,CONS,Active,MOUNT,01t6A000000aqpdQAA
"UPDATE (IsActive, QuantityUnitOfMeasure, Sales_Part_Status__c, ACU_PMPLCM__c)",ACCXT400,ACCXT400,SAX IN-WALL ACCESSORY WITH AC SURGE,False,Inactive,EA,False,CORE,,MOUNT,01t6A000000ar16QAA
"UPDATE (QuantityUnitOfMeasure, Sales_Part_Status__c)",ACCXT402,ACCXT402,SFX-STX IN-WALL ACC WITH AC SURGE,True,No Purchases,EA,False,CORE,Use Up,MOUNT,01t6A000000aswlQAA
"UPDATE (QuantityUnitOfMeasure, Sales_Part_Status__c)",ADD012018,ADD012018,"12""-18"" Multi-Display Adjustable Drop Column",True,Active,EA,False,CORE,Active,MOUNT,01t6A000000asNRQAY
"UPDATE (QuantityUnitOfMeasure, Sales_Part_Status__c)",ADD018024,ADD018024,"18""-24"" Multi-Display Adjustable Drop Column",True,Active,EA,False,CORE,Active,MOUNT,01t6A000000ar63QAA
"UPDATE (QuantityUnitOfMeasure, Sales_Part_Status__c)",ADD0203,ADD0203,2'-3' Multi-Display Adjustable Drop Column,True,Active,EA,False,CORE,Active,MOUNT,01t6A000000asNSQAY
"UPDATE (QuantityUnitOfMeasure, Sales_Part_Status__c)",ADD0305,ADD0305,3'-5' Multi-Display Adjustable Drop Column,True,Active,EA,False,CORE,Active,MOUNT,01t6A000000asNTQAY
"UPDATE (QuantityUnitOfMeasure, Sales_Part_Status__c)",ADD0507,ADD0507,5'-7' Multi-Display Adjustable Drop Column,True,Active,EA,False,CORE,Active,MOUNT,01t6A000000asNUQAY
"UPDATE (IsActive, QuantityUnitOfMeasure, Sales_Part_Status__c, ACU_PMPLCM__c)",ADD0608,ADD0608,6'-8' Multi-Display Adjustable Drop Column,False,Inactive,EA,False,CORE,,MOUNT,01t6A000000asNVQAY
"UPDATE (QuantityUnitOfMeasure, Sales_Part_Status__c)",ADD0810,ADD0810,8'-10' Multi-Display Adjustable Drop Column,True,Active,EA,False,CORE,Active,MOUNT,01t6A000000arPZQAY
"UPDATE (QuantityUnitOfMeasure, Sales_Part_Status__c)",ADD1012,ADD1012,10'-12' Multi-Display Adjustable Drop Column,True,No Purchases,EA,False,CORE,Active,MOUNT,01t6A000000atJ4QAI
"UPDATE (QuantityUnitOfMeasure, Sales_Part_Status__c)",ADD102,ADD102,2' Multi-Display Fixed Length Extension Column,True,Active,EA,False,CORE,Active,MOUNT,01t6A000000atJ5QAI
"UPDATE (IsActive, QuantityUnitOfMeasure, Sales_Part_Status__c, ACU_PMPLCM__c)",ADD103,ADD103,3' Multi-Display Fixed Length Extension Column,False,Inactive,EA,False,CORE,,MOUNT,01t6A000000atJ6QAI
"UPDATE (IsActive, QuantityUnitOfMeasure, Sales_Part_Status__c, ACU_PMPLCM__c)",ADD104,ADD104,4' Multi-Display Fixed Length Extension Column,False,Inactive,EA,False,CORE,,MOUNT,01t6A000000aryAQAQ
"UPDATE (QuantityUnitOfMeasure, Sales_Part_Status__c)",ADD105,ADD105,5' Multi-Display Fixed Length Extension Column,True,No Purchases,EA,False,CORE,Use Up,MOUNT,01t6A000000atJ7QAI
"UPDATE (QuantityUnitOfMeasure, Sales_Part_Status__c)",ADD106,ADD106,6' Multi-Display Fixed Length Extension Column,True,No Purchases,EA,False,CORE,Use Up,MOUNT,01t6A000000atJ8QAI
"UPDATE (Description, US_Description__c, QuantityUnitOfMeasure, Sales_Part_Status__c)",ADD107,ADD107,7' Multi-Display Fixed Length Extension Column,True,No Purchases,EA,False,CORE,Use Up,MOUNT,01t6A000000arseQAA
"UPDATE (IsActive, QuantityUnitOfMeasure, Sales_Part_Status__c, ACU_PMPLCM__c)",ADD108,ADD108,8' Multi-Display Fixed Length Extension Column,False,Inactive,EA,False,CORE,,MOUNT,01t6A000000atJ9QAI
"UPDATE (QuantityUnitOfMeasure, Sales_Part_Status__c)",ADD110,ADD110,10' Multi-Display Fixed Length Extension Column,True,No Purchases,EA,False,CORE,Use Up,MOUNT,01t6A000000at45QAA
"UPDATE (QuantityUnitOfMeasure, Sales_Part_Status__c)",AEC006009,AEC006009,"6""-9"" Adjustable Extension Column",True,Active,EA,False,CORE,Active,MOUNT,01t6A000000atAJQAY
"UPDATE (QuantityUnitOfMeasure, Sales_Part_Status__c)",AEC006009-S,AEC006009-S,"6""-9""  Adjustable Extension Column",True,Active,EA,False,CORE,Active,MOUNT,01t6A000000atAKQAY
"UPDATE (QuantityUnitOfMeasure, Sales_Part_Status__c)",AEC006009-W,AEC006009-W,"6""-9""  Adjustable Extension Column",True,Active,EA,False,CORE,Active,MOUNT,01t6A000000atUUQAY
"UPDATE (QuantityUnitOfMeasure, Sales_Part_Status__c)",AEC009012,AEC009012,"9""-12"" Adjustable Extension Column",True,Active,EA,False,CORE,Active,MOUNT,01t6A000000arfMQAQ
"UPDATE (QuantityUnitOfMeasure, Sales_Part_Status__c)",AEC009012-S,AEC009012-S,"9""-12"" Adjustable Extension Column",True,Active,EA,False,CORE,Active,MOUNT,01t6A000000arfNQAQ
"UPDATE (QuantityUnitOfMeasure, Sales_Part_Status__c)",AEC009012-W,AEC009012-W,"9""-12"" Adjustable Extension Column",True,Active,EA,False,CORE,Active,MOUNT,01t6A000000arfOQAQ
"UPDATE (QuantityUnitOfMeasure, Sales_Part_Status__c)",AEC012018,AEC012018,"12""-18"" Adjustable Extension Column",True,Active,EA,False,CORE,Active,MOUNT,01t6A000000aqlMQAQ
"UPDATE (QuantityUnitOfMeasure, Sales_Part_Status__c)",AEC012018-S,AEC012018-S,"12""-18"" Adjustable Extension Column",True,Active,EA,False,CORE,Active,MOUNT,01t6A000000atUVQAY
"UPDATE (QuantityUnitOfMeasure, Sales_Part_Status__c)",AEC012018-W,AEC012018-W,"12""-18""Adjustable Extension Column",True,Active,EA,False,CORE,Active,MOUNT,01t6A000000atUWQAY
"UPDATE (QuantityUnitOfMeasure, Sales_Part_Status__c)",AEC018024,AEC018024,"18""-24"" Adjustable Extension Column",True,Active,EA,False,CORE,Active,MOUNT,01t6A000000atUXQAY
"UPDATE (QuantityUnitOfMeasure, Sales_Part_Status__c)",AEC018024-S,AEC018024-S,"18""-24"" Adjustable Extension Column",True,Active,EA,False,CORE,Active,MOUNT,01t6A000000atUYQAY
"UPDATE (QuantityUnitOfMeasure, Sales_Part_Status__c)",AEC018024-W,AEC018024-W,"18""-24"" Adjustable Extension Column",True,Active,EA,False,CORE,Active,MOUNT,01t6A000000atUZQAY
"UPDATE (QuantityUnitOfMeasure, Sales_Part_Status__c)",AEC0203,AEC0203,2'-3' Adjustable Extension Column,True,Active,EA,False,CORE,Active,MOUNT,01t6A000000ar5UQAQ
"UPDATE (QuantityUnitOfMeasure, Sales_Part_Status__c)",AEC0203-S,AEC0203-S,2'-3' Adjustable Extension Column,True,Active,EA,False,CORE,Active,MOUNT,01t6A000000ar5VQAQ
"UPDATE (QuantityUnitOfMeasure, Sales_Part_Status__c)",AEC0203-W,AEC0203-W,2'-3' Adjustable Extension Column,True,Active,EA,False,CORE,Active,MOUNT,01t6A000000ar5WQAQ
"UPDATE (QuantityUnitOfMeasure, Sales_Part_Status__c)",AEC0305,AEC0305,3'-5' Adjustable Extension Column,True,Active,EA,False,CORE,Active,MOUNT,01t6A000000ar8vQAA
"UPDATE (QuantityUnitOfMeasure, Sales_Part_Status__c)",AEC0305-S,AEC0305-S,3'-5' Adjustable Extension Column,True,Active,EA,False,CORE,Active,MOUNT,01t6A000000asqNQAQ
"UPDATE (QuantityUnitOfMeasure, Sales_Part_Status__c)",AEC0305-W,AEC0305-W,3'-5' Adjustable Extension Column,True,Active,EA,False,CORE,Active,MOUNT,01t6A000000aqhLQAQ
"UPDATE (QuantityUnitOfMeasure, Sales_Part_Status__c)",AEC0406,AEC0406,4'-6' Adjustable Extension Column,True,Active,EA,False,CORE,Active,MOUNT,01t6A000000aqhMQAQ
"UPDATE (QuantityUnitOfMeasure, Sales_Part_Status__c)",AEC0406-S,AEC0406-S,4'-6' Adjustable Extension Column,True,Active,EA,False,CORE,Active,MOUNT,01t6A000000aqhNQAQ
"UPDATE (QuantityUnitOfMeasure, Sales_Part_Status__c)",AEC0406-W,AEC0406-W,4'-6' Adjustable Extension Column,True,Active,EA,False,CORE,Active,MOUNT,01t6A000000aqhOQAQ
"UPDATE (QuantityUnitOfMeasure, Sales_Part_Status__c)",AEC0507,AEC0507,5'-7' Adjustable Extension Column,True,Active,EA,False,CORE,Active,MOUNT,01t6A000000aqyXQAQ
"UPDATE (QuantityUnitOfMeasure, Sales_Part_Status__c)",AEC0507-S,AEC0507-S,5'-7' Adjustable Extension Column,True,Active,EA,False,CORE,Use Up,MOUNT,01t6A000000arTJQAY
"UPDATE (QuantityUnitOfMeasure, Sales_Part_Status__c)",AEC0507-W,AEC0507-W,5'-7' Adjustable Extension Column,True,Active,EA,False,CORE,Active,MOUNT,01t6A000000arTKQAY
"UPDATE (Description, US_Description__c, QuantityUnitOfMeasure, Sales_Part_Status__c)",AEC0608,AEC0608,6’- 8’ Adjustable Extension Column,True,Active,EA,False,CORE,Active,MOUNT,01t6A000000aqhPQAQ
"UPDATE (Description, US_Description__c, QuantityUnitOfMeasure, Sales_Part_Status__c)",AEC0608-S,AEC0608-S,6’- 8’ Adjustable Extension Column,True,Active,EA,False,CORE,Use Up,MOUNT,01t6A000000aqhQQAQ
"UPDATE (Description, US_Description__c, QuantityUnitOfMeasure, Sales_Part_Status__c)",AEC0608-W,AEC0608-W,6’- 8’ Adjustable Extension Column,True,Active,EA,False,CORE,Active,MOUNT,01t6A000000asqSQAQ
"UPDATE (Description, US_Description__c, QuantityUnitOfMeasure, Sales_Part_Status__c)",AEC0810,AEC0810,8’-10’ Adjustable Extension Column,True,Active,EA,False,CORE,Active,MOUNT,01t6A000000aqhRQAQ
"UPDATE (Description, US_Description__c, QuantityUnitOfMeasure, Sales_Part_Status__c)",AEC0810-S,AEC0810-S,8’-10’Adjustable Extension Column,True,Active,EA,False,CORE,Use Up,MOUNT,01t6A000000aqhSQAQ
"UPDATE (Description, US_Description__c, QuantityUnitOfMeasure, Sales_Part_Status__c)",AEC0810-W,AEC0810-W,8’-10’ Adjustable Extension Column,True,Active,EA,False,CORE,Active,MOUNT,01t6A000000aqhTQAQ
"UPDATE (QuantityUnitOfMeasure, Sales_Part_Status__c)",AEC1012,AEC1012,10'-12' Adjustable Extension Column - Blk,True,Active,EA,False,CORE,Active,MOUNT,01t6A000000as66QAA
"UPDATE (QuantityUnitOfMeasure, Sales_Part_Status__c)",AEC1012-S,AEC1012-S,10'-12'  Adjustable Extension Column,True,No Purchases,EA,False,CORE,Use Up,MOUNT,01t6A000000as67QAA
"UPDATE (QuantityUnitOfMeasure, Sales_Part_Status__c)",AEC1012-W,AEC1012-W,10'-12'  Adjustable Extension Column,True,No Purchases,EA,False,CORE,Use Up,MOUNT,01t6A000000as68QAA
"UPDATE (IsActive, QuantityUnitOfMeasure, Sales_Part_Status__c, ACU_PMPLCM__c)",BM-5005A,BM-5005A,"Optoma 12"" -18"" Extension Column",False,No Sales,EA,False,CORE,,MOUNT,01t6A000000asiuQAA
"UPDATE (US_Description__c, QuantityUnitOfMeasure, Sales_Part_Status__c)",CMJ300,CMJ300,"Ceiling Plate For 4""x4"" Unistrut® and Structural Ceiling",True,Active,EA,False,CORE,Active,MOUNT,01t6A000000asgvQAA
"UPDATE (US_Description__c, QuantityUnitOfMeasure, Sales_Part_Status__c)",CMJ310,CMJ310,"Ceiling Plate For 8""x8"" Unistrut® and Structural Ceiling",True,Active,EA,False,CORE,Active,MOUNT,01t6A000000asgwQAA
"UPDATE (QuantityUnitOfMeasure, Sales_Part_Status__c)",CMJ450,CMJ450,Suspended Ceiling Plate,True,Active,EA,False,CORE,Active,MOUNT,01t6A000000asnnQAA
"UPDATE (QuantityUnitOfMeasure, Sales_Part_Status__c)",CMJ453,CMJ453,Suspended Ceiling plate,True,Active,EA,False,CORE,Active,MOUNT,01t6A000000asnoQAA
"UPDATE (QuantityUnitOfMeasure, Sales_Part_Status__c)",CMJ455,CMJ455,Suspended Ceiling plate,True,Active,EA,False,CORE,Active,MOUNT,01t6A000000asnpQAA
"UPDATE (QuantityUnitOfMeasure, Sales_Part_Status__c)",CMJ470,CMJ470,"Ceiling Plate For Wood Joists at 16"" centers and Concrete",True,Active,EA,False,CORE,Active,MOUNT,01t6A000000asnqQAA
"UPDATE (QuantityUnitOfMeasure, Sales_Part_Status__c)",CMJ470W,CMJ470W,"Ceiling Plate For Wood Joists at 16"" centers and Concrete",True,Active,EA,False,CORE,Active,MOUNT,01t6A000000ar0gQAA
"UPDATE (QuantityUnitOfMeasure, Sales_Part_Status__c)",CMJ480,CMJ480,"Ceiling Plate For Wood Joists at 20"" centers and Concrete",True,Active,EA,False,CORE,Active,MOUNT,01t6A000000aryDQAQ
"UPDATE (QuantityUnitOfMeasure, Sales_Part_Status__c)",CMJ490,CMJ490,"Ceiling Plate For Wood Joists at 24"" centers and Concrete",True,Active,EA,False,CORE,Active,MOUNT,01t6A000000asnrQAA
"UPDATE (QuantityUnitOfMeasure, Sales_Part_Status__c)",CMJ500R1,CMJ500R1,Suspended Ceiling Plate,True,Active,EA,False,CORE,Active,MOUNT,01t6A000000aryMQAQ
"UPDATE (QuantityUnitOfMeasure, Sales_Part_Status__c)",DCS200,DCS200,Ceiling Plate For Structural Ceilings w/Stress Decoupler,True,Active,EA,False,CORE,Active,MOUNT,01t6A000000asNBQAY
"UPDATE (QuantityUnitOfMeasure, Sales_Part_Status__c)",DCS400,DCS400,Multi-Display Ceiling Plate w/Stress Decoupler For Concrete,True,Active,EA,False,CORE,Active,MOUNT,01t6A000000asNCQAY
"UPDATE (QuantityUnitOfMeasure, Sales_Part_Status__c)",DCT100,DCT100,Ceiling Plate For Truss and I-Beams w/Stress Decoupler,True,Active,EA,False,CORE,Active,MOUNT,01t6A000000asNDQAY
"UPDATE (QuantityUnitOfMeasure, Sales_Part_Status__c)",DCT300,DCT300,Multi-Display Ceiling Plate w/Stress Decoupler For Truss and I-Beams,True,Active,EA,False,CORE,Active,MOUNT,01t6A000000asNEQAY
"UPDATE (QuantityUnitOfMeasure, Sales_Part_Status__c)",DCT500,DCT500,Multi-Display Ceiling Plate w/Stress Decoupler For I-Beam,True,Active,EA,False,CORE,Active,MOUNT,01t6A000000asNFQAY
"UPDATE (QuantityUnitOfMeasure, Sales_Part_Status__c)",DCT600,DCT600,Multi-Display Ceiling Plate w/Stress Decoupler For I-Beam,True,Active,EA,False,CORE,Active,MOUNT,01t6A000000asNGQAY
"UPDATE (QuantityUnitOfMeasure, Sales_Part_Status__c)",DCT900,DCT900,Multi-Display Ceiling Plate w/Stress Decoupler For I-Beam,True,Active,EA,False,CORE,Active,MOUNT,01t6A000000asWxQAI
"UPDATE (QuantityUnitOfMeasure, Sales_Part_Status__c)",DS-VWRS013,DS-VWRS013,Reusable Video Wall Spacer,True,Active,EA,False,DS,Active,MOUNT,01t6A000000aqfCQAQ
"UPDATE (QuantityUnitOfMeasure, Sales_Part_Status__c)",DS-VWRS029,DS-VWRS029,Reusable Video Wall Spacer,True,Active,EA,False,DS,Active,MOUNT,01t6A000000aqfGQAQ
"UPDATE (QuantityUnitOfMeasure, Sales_Part_Status__c)",DS-VWRS039,DS-VWRS039,Reusable Video Wall Spacer,True,Active,EA,False,DS,Active,MOUNT,01t6A000000aqfHQAQ
"UPDATE (QuantityUnitOfMeasure, Sales_Part_Status__c)",DS-VWRS040,DS-VWRS040,Reusable Video Wall Spacer,True,Active,EA,False,DS,Active,MOUNT,01t6A000000aqfIQAQ
"UPDATE (QuantityUnitOfMeasure, Sales_Part_Status__c)",DS-VWRS045,DS-VWRS045,Reusable Video Wall Spacer,True,Active,EA,False,DS,Active,MOUNT,01t6A000000aqmmQAA
"UPDATE (QuantityUnitOfMeasure, Sales_Part_Status__c)",DS-VWRS052,DS-VWRS052,Reusable Video Wall Spacer,True,Active,EA,False,DS,Active,MOUNT,01t6A000000aqmnQAA
"UPDATE (QuantityUnitOfMeasure, Sales_Part_Status__c)",DS-VWRS053,DS-VWRS053,Reusable Video Wall Spacer,True,Active,EA,False,DS,Active,MOUNT,01t6A000000aqmoQAA
"UPDATE (QuantityUnitOfMeasure, Sales_Part_Status__c)",DS-VWRS086,DS-VWRS086,Reusable Video Wall Spacer,True,Active,EA,False,DS,Active,MOUNT,01t6A000000aqfJQAQ
"UPDATE (QuantityUnitOfMeasure, Sales_Part_Status__c)",DS-VWRS090,DS-VWRS090,Reusable Video Wall Spacer,True,Active,EA,False,DS,Active,MOUNT,01t6A000000arZDQAY
"UPDATE (QuantityUnitOfMeasure, Sales_Part_Status__c)",DS-VWRS091,DS-VWRS091,Reusable Video Wall Spacer,True,Active,EA,False,DS,Active,MOUNT,01t6A000002iG1rQAE
"UPDATE (QuantityUnitOfMeasure, Sales_Part_Status__c)",DS-VWRS092,DS-VWRS092,Reusable Video Wall Spacer,True,Active,EA,False,DS,Active,MOUNT,01t6A000000aqulQAA
"UPDATE (Description, US_Description__c, QuantityUnitOfMeasure, Sales_Part_Status__c)",DS-VWS013,DS-VWS013,DS-VW WALL SPACERS,True,Active,EA,False,DS,Active,MOUNT,01t6A000000arDbQAI
"UPDATE (QuantityUnitOfMeasure, Sales_Part_Status__c)",DS-VWS040,DS-VWS040,DS-VW WALL SPACERS,True,Active,EA,False,DS,Active,MOUNT,01t6A000000asfiQAA
"UPDATE (QuantityUnitOfMeasure, Sales_Part_Status__c)",DS-VWS040-P,DS-VWS040-P,DS-VW WALL SPACERS - PORTRAIT,True,Active,EA,False,DS,Active,MOUNT,01t6A000000atFOQAY
"UPDATE (QuantityUnitOfMeasure, Sales_Part_Status__c)",DS-VWS079,DS-VWS079,DS-VW Wall Spacers,True,Active,EA,False,DS,Active,MOUNT,01t6A000000arF6QAI
"UPDATE (QuantityUnitOfMeasure, Sales_Part_Status__c)",DS-VWS090,DS-VWS090,DS-VW WALL SPACERS,True,Active,EA,False,DS,Active,MOUNT,01t6A000000aqmGQAQ
"UPDATE (QuantityUnitOfMeasure, ACU_Item_Status__c, Sales_Part_Status__c, ACU_PMPLCM__c, Category__c)",DS-VWS091,DS-VWS091,DS-VW WALL SPACERS,True,Active,EA,False,FGMT,Active,MOUNT,01t6A000000atbDQAQ
"UPDATE (Description, US_Description__c, QuantityUnitOfMeasure, ACU_Item_Status__c, Sales_Part_Status__c, ACU_PMPLCM__c, Category__c)",DS-VWS091-P,DS-VWS091-P,DS-VW WALL SPACERS,True,Active,EA,False,FGMT,Active,MOUNT,01t6A000000atH5QAI
"UPDATE (QuantityUnitOfMeasure, Sales_Part_Status__c)",DS25,DS25,DVD/DVR/VCR  Clamp Mount,True,No Purchases,EA,False,CORE,Use Up,MOUNT,01t6A000000arqQQAQ
"UPDATE (QuantityUnitOfMeasure, Sales_Part_Status__c)",DS45,DS45,DVD/DVR/VCR  Clamp Mount,True,No Purchases,EA,False,CORE,Use Up,MOUNT,01t6A000000aqkkQAA
"UPDATE (QuantityUnitOfMeasure, Sales_Part_Status__c)",DSX200,DSX200,Media Device Shelf - Attaches to a standard wall plate,True,No Purchases,EA,False,DS,Use Up,MOUNT,01t6A000000arGHQAY
"UPDATE (QuantityUnitOfMeasure, ACU_Item_Status__c, Sales_Part_Status__c, ACU_PMPLCM__c, Category__c)",EC-HD15F,EC-HD15F,"ECONOMY, 15FT HDMI 1.4 W/ETHR",True,No Purchases,EA,False,ET WIRE,Use Up,MOUNT,01t6A000000arTxQAI
"UPDATE (QuantityUnitOfMeasure, ACU_Item_Status__c, Sales_Part_Status__c, ACU_PMPLCM__c, Category__c)",EC-HD25F,EC-HD25F,"ECONOMY, 25FT HDMI 1.4 W/ETHR",True,No Purchases,EA,False,ET WIRE,Use Up,MOUNT,01t6A000000arTyQAI
"UPDATE (IsActive, QuantityUnitOfMeasure, ACU_Item_Status__c, Sales_Part_Status__c)",ESHV10,ESHV10,Single AV Wall Shelf w/o Glass,False,Inactive,EA,False,CORE,Use Up,MOUNT,01t6A000000aqpeQAA
"UPDATE (Description, US_Description__c, IsActive, QuantityUnitOfMeasure, ACU_Item_Status__c, Sales_Part_Status__c)",ESHV10-S1,ESHV10-S1,"SNGL AV WLL SHLF, SINGLE UNIT IN BO",False,Inactive,EA,False,CORE,Use Up,MOUNT,01t6A000000arxkQAA
"UPDATE (IsActive, QuantityUnitOfMeasure, ACU_Item_Status__c, Sales_Part_Status__c)",ESHV20,ESHV20,Single AV Wall Shelf with Glass,False,Inactive,EA,False,CORE,Use Up,MOUNT,01t6A000000aqpfQAA
"UPDATE (IsActive, QuantityUnitOfMeasure, ACU_Item_Status__c, Sales_Part_Status__c)",ESHV20-S1,ESHV20-S1,"SGL AV GLS  SHF, SINGLE UNIT IN BOX",False,Inactive,EA,False,CORE,Use Up,MOUNT,01t6A000000arxlQAA
"UPDATE (QuantityUnitOfMeasure, Sales_Part_Status__c)",ESHV30,ESHV30,Dual AV Wall Shelf with Glass,True,Active,EA,False,CORE,Use Up,MOUNT,01t6A000000aqpgQAA
"UPDATE (QuantityUnitOfMeasure, Sales_Part_Status__c)",ESHV30-S1,ESHV30-S1,"DUL AV GLS  SHF, SINGLE UNIT IN BOX",True,Active,EA,False,CORE,Use Up,MOUNT,01t6A000000asIvQAI
"UPDATE (QuantityUnitOfMeasure, Sales_Part_Status__c)",EXT006,EXT006,"6"" Fixed Extension Column",True,Active,EA,False,CORE,Active,MOUNT,01t6A000000aqklQAA
"UPDATE (QuantityUnitOfMeasure, Sales_Part_Status__c)",EXT101,EXT101,1' Fixed Extension Column,True,Active,EA,False,CORE,Active,MOUNT,01t6A000000asNAQAY
"UPDATE (QuantityUnitOfMeasure, Sales_Part_Status__c)",EXT102,EXT102,2' Fixed Extension Column,True,Active,EA,False,CORE,Active,MOUNT,01t6A000000arB2QAI
"UPDATE (QuantityUnitOfMeasure, Sales_Part_Status__c)",EXT106,EXT106,6' Fixed Extension Column,True,No Purchases,EA,False,CORE,Use Up,MOUNT,01t6A000000arB5QAI
"UPDATE (QuantityUnitOfMeasure, Sales_Part_Status__c)",EXT107,EXT107,7' Fixed Extension Column,True,No Purchases,EA,False,CORE,Use Up,MOUNT,01t6A000000arB6QAI
"UPDATE (IsActive, QuantityUnitOfMeasure, Sales_Part_Status__c)",HX655-TAL,HX655-TAL,TA-3360D Jack Pack Mt  for LG 55UT570/770/347H,True,Active,EA,False,HOSP,Use Up,MOUNT,01t2K000006S2JGQA0
"UPDATE (Description, US_Description__c, QuantityUnitOfMeasure, Sales_Part_Status__c)",IB14X14-W,IB14X14-W,"14x14"" In-wall Box - White",True,Active,EA,True,CORE,Active,MOUNT,01t2K000006MDPiQAO
"UPDATE (Description, US_Description__c, QuantityUnitOfMeasure, Sales_Part_Status__c)",IB14X9-W,IB14X9-W,"14x9"" In-wall Box - White",True,Active,EA,True,CORE,Active,MOUNT,01t2K000006NaLuQAK
"UPDATE (QuantityUnitOfMeasure, Sales_Part_Status__c)",IBMP,IBMP,In-wall Box Media Plate Accessory,True,Active,EA,False,CORE,Active,MOUNT,01t2K000006VpINQA0
"UPDATE (QuantityUnitOfMeasure, Sales_Part_Status__c)",MIS213,MIS213,Cathedral Ceiling Adapter - Used with CMJ455 or CMJ500R1 on a sloped ceiling,True,No Purchases,EA,False,DS,Use Up,MOUNT,01t6A000000aqs6QAA
"UPDATE (QuantityUnitOfMeasure, Sales_Part_Status__c)",MIS35178,MIS35178,10 Pack Custom Desktop Cover Plate for HP455,True,Active,EA,False,HOSP,Active,MOUNT,01t6A000000aswkQAA
"UPDATE (QuantityUnitOfMeasure, Sales_Part_Status__c)",MIS773,MIS773,Hyatt Laptop Stand- Textured Black,True,Active,EA,False,HOSP,Active,MOUNT,01t6A000000armjQAA
"UPDATE (QuantityUnitOfMeasure, Sales_Part_Status__c)",MIS779,MIS779,Hyatt Keyboard Stand - Textured Black,True,Active,EA,False,HOSP,Active,MOUNT,01t6A000000armkQAA
"UPDATE (QuantityUnitOfMeasure, Sales_Part_Status__c)",MIS953,MIS953,Adptr for FPS-1000 to  Samsung HG39NA578 /  & HG40NA577,True,Active,EA,False,HOSP,Active,MOUNT,01t6A000000asQVQAY
"UPDATE (Description, US_Description__c, QuantityUnitOfMeasure, Sales_Part_Status__c)",MIS963,MIS963,CUSTOM WALL PLATE FOR HPF650,True,Active,EA,False,HOSP,Use Up,MOUNT,01t6A000000asyGQAQ
"UPDATE (QuantityUnitOfMeasure, Sales_Part_Status__c)",MIS967,MIS967,Speaker Lock Down Bracket for Bose Solo 5,True,Active,EA,False,HOSP,Active,MOUNT,01t6A000000aqnjQAA
"UPDATE (QuantityUnitOfMeasure, Sales_Part_Status__c)",MIS982,MIS982,"Cover Plate 28"" x 18"" (5 Pk)",True,Active,EA,False,HOSP,Active,MOUNT,01t6A000000aqokQAA
"UPDATE (QuantityUnitOfMeasure, Sales_Part_Status__c)",MIS995,MIS995,Horizontal Rails Extended up to 800mm for SR560M/SR575E,True,Active,EA,False,CORE,Active,MOUNT,01t6A000000arAJQAY
"UPDATE (QuantityUnitOfMeasure, Sales_Part_Status__c)",MOD-ACAP,MOD-ACAP,Modular Accessory Caps For MOD Poles,True,Active,EA,False,CORE,Active,MOUNT,01t6A000000ascFQAQ
"UPDATE (QuantityUnitOfMeasure, Sales_Part_Status__c)",MOD-ACF,MOD-ACF,Accessory Cover For MOD-CPF,True,Active,EA,False,CORE,Active,MOUNT,01t6A000000asyZQAQ
"UPDATE (QuantityUnitOfMeasure, Sales_Part_Status__c)",MOD-ACF-W,MOD-ACF-W,Accessory Cover For MOD-CPF,True,Active,EA,False,CORE,Active,MOUNT,01t6A000000atMnQAI
"UPDATE (QuantityUnitOfMeasure, Sales_Part_Status__c)",MOD-ADF,MOD-ADF,Pole Drill Fixture,True,Active,EA,False,CORE,Active,MOUNT,01t6A000000at68QAA
"UPDATE (QuantityUnitOfMeasure, Sales_Part_Status__c)",MOD-APC,MOD-APC,Pole Coupler,True,Active,EA,False,CORE,Active,MOUNT,01t6A000000arIwQAI
"UPDATE (QuantityUnitOfMeasure, Sales_Part_Status__c)",MOD-ASC,MOD-ASC,Display Stacking Clamp,True,Active,EA,False,CORE,Active,MOUNT,01t6A000000atFwQAI
"UPDATE (Description, US_Description__c, QuantityUnitOfMeasure, Sales_Part_Status__c)",MOD-ASC-W,MOD-ASC-W,"ACCY SCREEN-STACKING CLAMP, WHITE",True,Active,EA,False,CORE,Use Up,MOUNT,01t6A000000at1fQAA
"UPDATE (QuantityUnitOfMeasure, Sales_Part_Status__c)",MOD-ATA,MOD-ATA,Projector Adaptor,True,Active,EA,False,CORE,Active,MOUNT,01t6A000000atZBQAY
"UPDATE (QuantityUnitOfMeasure, Sales_Part_Status__c)",MOD-ATA-W,MOD-ATA-W,Projector Adaptor,True,Active,EA,False,CORE,Use Up,MOUNT,01t6A000000aqwfQAA
"UPDATE (QuantityUnitOfMeasure, Sales_Part_Status__c)",MOD-ATD-W,MOD-ATD-W,Trim Disc,True,Active,EA,False,CORE,Active,MOUNT,01t6A000000armVQAQ
"UPDATE (QuantityUnitOfMeasure, Sales_Part_Status__c)",MOD-AUB,MOD-AUB,U-Bolt Adaptor Accessory,True,Active,EA,False,CORE,Active,MOUNT,01t6A000000at1gQAA
"UPDATE (QuantityUnitOfMeasure, Sales_Part_Status__c)",MOD-CPC,MOD-CPC,Cathedral Ceiling Plate,True,Active,EA,False,CORE,Active,MOUNT,01t6A000000at1hQAA
"UPDATE (QuantityUnitOfMeasure, Sales_Part_Status__c)",MOD-CPC-W,MOD-CPC-W,Cathedral Ceiling Plate,True,Active,EA,False,CORE,Active,MOUNT,01t6A000000at1iQAA
"UPDATE (QuantityUnitOfMeasure, Sales_Part_Status__c)",MOD-CPF,MOD-CPF,Ceiling / Floor Plate,True,Active,EA,False,CORE,Active,MOUNT,01t6A000000at1jQAA
"UPDATE (Description, US_Description__c, QuantityUnitOfMeasure, Sales_Part_Status__c)",MOD-CPF-W,MOD-CPF-W,"CEILING PLATE, FLAT, WHITE",True,Active,EA,False,CORE,Use Up,MOUNT,01t6A000000at1kQAA
"UPDATE (QuantityUnitOfMeasure, Sales_Part_Status__c)",MOD-CPI,MOD-CPI,Ceiling Plate For I-Beam,True,Active,EA,False,CORE,Active,MOUNT,01t6A000000at1lQAA
"UPDATE (QuantityUnitOfMeasure, Sales_Part_Status__c)",MOD-FPMD,MOD-FPMD,Tilt Box For Back-To-Back,True,Active,EA,False,CORE,Active,MOUNT,01t6A000000at1mQAA
"UPDATE (QuantityUnitOfMeasure, Sales_Part_Status__c)",MOD-FPMS,MOD-FPMS,Tilt Box,True,Active,EA,False,CORE,Active,MOUNT,01t6A000000at1nQAA
"UPDATE (Description, US_Description__c, QuantityUnitOfMeasure, Sales_Part_Status__c)",MOD-FPMS-W,MOD-FPMS-W,"FLAT PANEL MOUNT, SINGLE, WHITE",True,Active,EA,False,CORE,Active,MOUNT,01t6A000000at1oQAA
"UPDATE (Description, US_Description__c, QuantityUnitOfMeasure, Sales_Part_Status__c)",MOD-P100,MOD-P100,"1M (39"") Extension Pole - Bright Zinc",True,Active,EA,False,CORE,Active,MOUNT,01t6A000000arLGQAY
"UPDATE (QuantityUnitOfMeasure, Sales_Part_Status__c)",MOD-P100-B,MOD-P100-B,"1M (39"") Extension Pole",True,Active,EA,False,CORE,Active,MOUNT,01t6A000000arUHQAY
"UPDATE (Description, US_Description__c, QuantityUnitOfMeasure, Sales_Part_Status__c)",MOD-P100-S,MOD-P100-S,50MM EXTENSION POLE - 1.0M SILVER (DEV),True,Active,EA,False,CORE,Active,MOUNT,01t6A000000atbHQAQ
"UPDATE (QuantityUnitOfMeasure, Sales_Part_Status__c)",MOD-P100-W,MOD-P100-W,50MM EXTENSION POLE - 1.0M WHITE,True,Active,EA,False,CORE,Active,MOUNT,01t6A000000arvZQAQ
"UPDATE (Description, US_Description__c, QuantityUnitOfMeasure, Sales_Part_Status__c)",MOD-P150,MOD-P150,"1.5M (59"") Extension Pole - Bright Zinc",True,Active,EA,False,CORE,Active,MOUNT,01t6A000000ar7CQAQ
"UPDATE (QuantityUnitOfMeasure, Sales_Part_Status__c)",MOD-P150-B,MOD-P150-B,"1.5M  (59"") Extension Pole",True,Active,EA,False,CORE,Active,MOUNT,01t6A000000arp1QAA
"UPDATE (QuantityUnitOfMeasure, Sales_Part_Status__c)",MOD-P150-W,MOD-P150-W,150MM EXTENSION POLE - 1.5M WHITE,True,Active,EA,False,CORE,Active,MOUNT,01t6A000000arvaQAA
"UPDATE (Description, US_Description__c, QuantityUnitOfMeasure, Sales_Part_Status__c)",MOD-P200,MOD-P200,"2M (78"") Extension Pole -  Bright Zinc",True,Active,EA,False,CORE,Active,MOUNT,01t6A000000armUQAQ
"UPDATE (QuantityUnitOfMeasure, Sales_Part_Status__c)",MOD-P200-B,MOD-P200-B,"2M (78"") Extension Pole",True,Active,EA,False,CORE,Active,MOUNT,01t6A000000arp2QAA
"UPDATE (QuantityUnitOfMeasure, Sales_Part_Status__c)",MOD-P200-W,MOD-P200-W,200MM EXTENSION POLE - 2.0M WHITE,True,Active,EA,False,CORE,Active,MOUNT,01t6A000000arvbQAA
"UPDATE (Description, US_Description__c, QuantityUnitOfMeasure, Sales_Part_Status__c)",MOD-P300,MOD-P300,"3M (118"") Extension Pole - Bright Zinc Plated",True,Active,EA,False,CORE,Active,MOUNT,01t6A000000ar2pQAA
"UPDATE (QuantityUnitOfMeasure, Sales_Part_Status__c)",MOD-P300-B,MOD-P300-B,"3M (118"") Extension Pole",True,Active,EA,False,CORE,Active,MOUNT,01t6A000000arp3QAA
"UPDATE (QuantityUnitOfMeasure, Sales_Part_Status__c)",MOD-P300-W,MOD-P300-W,300MM EXTENSION POLE - 3.0M WHITE,True,Active,EA,False,CORE,Active,MOUNT,01t6A000000arkMQAQ
"UPDATE (QuantityUnitOfMeasure, Sales_Part_Status__c)",MOD-UNL,MOD-UNL,"Large Unv. Adaptor For 39"" to 75"" TV's",True,Active,EA,False,CORE,Active,MOUNT,01t6A000000ar2qQAA
"UPDATE (QuantityUnitOfMeasure, Sales_Part_Status__c)",MOD-UNM,MOD-UNM,"Medium Unv. Adaptor For 32"" to 50"" TV's",True,Active,EA,False,CORE,Active,MOUNT,01t6A000000arOYQAY
"UPDATE (QuantityUnitOfMeasure, Sales_Part_Status__c)",PAP250-EPSON1,PAP250-EPSON1,PJR250 Dedicated Adaptor Plate for Epson,True,Active,EA,False,CORE,Active,MOUNT,01t6A000002ZPcJQAW
"UPDATE (QuantityUnitOfMeasure, Sales_Part_Status__c)",PB-1,PB-1,"Plenum Box For CMJ450, 453, 455 and 500",True,Active,EA,False,CORE,Active,MOUNT,01t6A000000arESQAY
"UPDATE (QuantityUnitOfMeasure, Sales_Part_Status__c)",PCC,PCC,Paramount Cable Management Channels,True,Active,EA,False,CORE,Active,MOUNT,01t6A000000ar5hQAA
"UPDATE (QuantityUnitOfMeasure, Sales_Part_Status__c)",PLP-V8X4,PLP-V8X4,Dedicated Adaptor Plate For VESA 800x400,True,Active,EA,False,CORE,Active,MOUNT,01t6A000000ar39QAA
"UPDATE (QuantityUnitOfMeasure, Sales_Part_Status__c)",PLP-V9X6,PLP-V9X6,Dedicated Adaptor Plate For VESA 900x600,True,Active,EA,False,CORE,Active,MOUNT,01t6A000002iNHjQAM
"UPDATE (QuantityUnitOfMeasure, Sales_Part_Status__c)",PVP1200-CPL6,PVP1200-CPL6,"SURGE PROTECTOR, 6 OUTLET X 15' CORD",True,Active,EA,False,CORE,Active,MOUNT,01t2K000006W062QAC
"UPDATE (Description, US_Description__c, QuantityUnitOfMeasure, Sales_Part_Status__c, ACU_Authorization_Required__c, US_Price_Group_Name__c, Category__c)",SPK26,SPK26,Universal Adjustable Speaker Wall Mount for Bookshelf Speakers (Pair),True,Active,EA,False,TRUVUE+,Active,,01t6A000000aqv5QAA
"UPDATE (US_Description__c, QuantityUnitOfMeasure, Sales_Part_Status__c, Category__c)",WMJ018,WMJ018,"18"" Jumbo 2000® TV Mount Wall Arm, Single Arm",True,Active,EA,False,CORE,Active,,01t6A000000arazQAA
"UPDATE (US_Description__c, QuantityUnitOfMeasure, Sales_Part_Status__c, Category__c)",WMJ022,WMJ022,"22"" Jumbo 2000® TV Mount Wall Arm, Single Arm",True,Active,EA,False,CORE,Active,,01t6A000000arb0QAA
"UPDATE (QuantityUnitOfMeasure, Sales_Part_Status__c, Category__c)",WSP700,WSP700,"Double Metal stud wall plate 16"" centers",True,Active,EA,False,CORE,Active,,01t6A000000aseZQAQ
"UPDATE (QuantityUnitOfMeasure, Sales_Part_Status__c, Category__c)",WSP701,WSP701,"Double Metal stud wall plate 20"" and 24"" centers",True,Active,EA,False,CORE,Active,,01t6A000000aseaQAA
"UPDATE (QuantityUnitOfMeasure, Sales_Part_Status__c)",WSP716,WSP716,"Triple Metal stud wall plate For PLA Series, 16"" stud centers",True,Active,EA,False,CORE,Use Up,MOUNT,01t6A000000asIhQAI
"UPDATE (QuantityUnitOfMeasure, Sales_Part_Status__c)",WSP716-S,WSP716-S,"Triple Metal stud wall plate For PLA Series, 16"" stud centers",True,Active,EA,False,CORE,Use Up,MOUNT,01t6A000000asIiQAI
"UPDATE (QuantityUnitOfMeasure, Sales_Part_Status__c)",WSP716-W,WSP716-W,"Triple Metal stud wall plate For PLA Series, 16"" stud centers",True,Active,EA,False,CORE,Use Up,MOUNT,01t6A000000atEbQAI
"UPDATE (QuantityUnitOfMeasure, Sales_Part_Status__c)",WSP724,WSP724,"Triple Metal stud wall plate For PLA Series, 16"", 20"", 24"" stud centers",True,Active,EA,False,CORE,Use Up,MOUNT,01t6A000000asBBQAY
"UPDATE (QuantityUnitOfMeasure, Sales_Part_Status__c)",WSP756,WSP756,"Metal Stud Wall Plate For SA752P(U),SA761P(U),SA763PU & SA771P(U)",True,Active,EA,False,CORE,Active,MOUNT,01t6A000000ar7BQAQ
"UPDATE (IsActive, QuantityUnitOfMeasure, Sales_Part_Status__c, ACU_PMPLCM__c)",WSP756-V,WSP756-V,"Metal Stud Wall Plate for SA752PU, SA761PU and SA771PU",False,Inactive,EA,False,CORE,,MOUNT,01t6A000000atDrQAI
"UPDATE (QuantityUnitOfMeasure, Sales_Part_Status__c, ACU_PMPLCM__c)",ACCD-DC49,ACCD-DC49,"Dust Cover for 49"" UV49%",True,No Purchases,EA,False,ET,,TV,01t6A000002i8O6QAI
"UPDATE (Description, US_Description__c, QuantityUnitOfMeasure, Sales_Part_Status__c, ACU_PMPLCM__c)",ACCD-DC55,ACCD-DC55,"Dust Cover for 55"" UV55%",True,No Purchases,EA,False,ET,,TV,01t6A000002i8OBQAY
"UPDATE (Description, US_Description__c, QuantityUnitOfMeasure, Sales_Part_Status__c, ACU_PMPLCM__c)",ACCD-DC65,ACCD-DC65,"Dust Cover for 65"" UV65%",True,No Purchases,EA,False,ET,,TV,01t6A000002i8NwQAI
"UPDATE (IsActive, QuantityUnitOfMeasure, Sales_Part_Status__c, US_Price_Group_Name__c, ACU_PMPLCM__c)",ACCD-DC86,ACCD-DC86,"Dust Cover for 86"" UV86%",True,No Purchases,EA,False,ET,,TV,01t2K000006S2eZQAS
"UPDATE (Description, US_Description__c, QuantityUnitOfMeasure, Sales_Part_Status__c)",ACCD-IREX,ACCD-IREX,IR Extender for TVs and Displays,True,Active,EA,False,ET,Active,TV,01t6A000002i8NxQAI
"UPDATE (IsActive, QuantityUnitOfMeasure, Sales_Part_Status__c, ACU_PMPLCM__c)",ACCD-IRREP,ACCD-IRREP,IR Repeater for Peerless-AV TV's and Displays,True,No Purchases,EA,False,ET,,TV,01t2K000006XS4EQAW
"UPDATE (QuantityUnitOfMeasure, ACU_Item_Status__c, Sales_Part_Status__c, ACU_PMPLCM__c, Category__c)",CL-42PLC68-OB-B,CL-42PLC68-OB-B,"42"" XTREME SEALED LCD DISPLAY - IP68 -BLK - B STOCK",True,Active,EA,False,ET DD,Active,TV,01t6A000000aqg2QAA
"UPDATE (QuantityUnitOfMeasure, ACU_Item_Status__c, Sales_Part_Status__c, ACU_PMPLCM__c, Category__c)",CL-47PLC68-OB-B,CL-47PLC68-OB-B,"47"" XTREME SEALED LCD DISPLAY - IP68 - BLK - B STOCK",True,Active,EA,False,ET DD,Active,TV,01t6A000000aqg4QAA
"UPDATE (QuantityUnitOfMeasure, ACU_Item_Status__c, Sales_Part_Status__c, ACU_PMPLCM__c, Category__c)",CL-47PLC68-OB-W-B,CL-47PLC68-OB-W-B,"47"" SEALED DISPLAY -WHITE FRAME - OPTICALLY ENHANCED - B STOCK",True,Active,EA,False,ET DD,Active,TV,01t6A000000atPxQAI
"UPDATE (QuantityUnitOfMeasure, ACU_Item_Status__c, Sales_Part_Status__c, ACU_PMPLCM__c, Category__c)",CL-49PLC68-OB-B,CL-49PLC68-OB-B,"49""  Xtreme LCD DISPLAY - IP68 - BLK - B STOCK",True,No Request,EA,False,ET DD,Use Up,TV,01t6A000000aqg5QAA
"UPDATE (QuantityUnitOfMeasure, ACU_Item_Status__c, Sales_Part_Status__c, ACU_PMPLCM__c, Category__c)",CL-49PLC68-OB-R,CL-49PLC68-OB-R,"49""  Xtreme LCD DISPLAY - IP68 - BLK - REFURBISHED",True,No Request,EA,False,ET DD,Use Up,TV,01t6A000000aqfxQAA
"UPDATE (QuantityUnitOfMeasure, ACU_Item_Status__c, Sales_Part_Status__c, ACU_PMPLCM__c, Category__c)",CL-55PLC68-OB-B,CL-55PLC68-OB-B,"55""  XTREME SEALED LCD DISPLAY, OPTICALLY ENHANCED - BLK - B STOCK",True,Active,EA,False,ET DD,Active,TV,01t6A000000arjxQAA
"UPDATE (QuantityUnitOfMeasure, ACU_Item_Status__c, Sales_Part_Status__c, ACU_PMPLCM__c, Category__c)",CLP-42PLC68-OB-B,CLP-42PLC68-OB-B,"42"" XTREME PORTRAIT DISPLAY -PRO-BLK-OB - B STOCK",True,Active,EA,False,ET DD,Active,TV,01t6A000000aqg3QAA
"UPDATE (QuantityUnitOfMeasure, ACU_Item_Status__c, Sales_Part_Status__c, ACU_PMPLCM__c, Category__c)",CLP-47PLC68-OB-B,CLP-47PLC68-OB-B,"47"" XTREME PORTRAIT DISPLAY -PRO-BLK-OB - B STOCK",True,Active,EA,False,ET DD,Active,TV,01t6A000000aqg6QAA
"UPDATE (QuantityUnitOfMeasure, ACU_Item_Status__c, Sales_Part_Status__c, ACU_PMPLCM__c, Category__c)",CLP-49PLC68-OB-B,CLP-49PLC68-OB-B,"49"" SEALED PORTRAIT DISPLAY -PRO-BLK-OB - B STOCK",True,No Request,EA,False,ET DD,Use Up,TV,01t6A000000aqg7QAA
"UPDATE (QuantityUnitOfMeasure, ACU_Item_Status__c, Sales_Part_Status__c, ACU_PMPLCM__c, Category__c)",CLP-49PLC68-OB-R,CLP-49PLC68-OB-R,"49"" SEALED PORTRAIT DISPLAY -PRO-BLK-OB - REFURB",True,No Request,EA,False,ET DD,Use Up,TV,01t6A000000aqfyQAA
"UPDATE (QuantityUnitOfMeasure, ACU_Item_Status__c, Sales_Part_Status__c, ACU_PMPLCM__c, Category__c)",CLP-55PLC68-OB-B,CLP-55PLC68-OB-B,"55"" XTREME PORTRAIT DISPLAY -PRO-BLK-OB - B STOCK",True,Active,EA,False,ET DD,Active,TV,01t6A000000arr9QAA
"UPDATE (Description, US_Description__c, IsActive, QuantityUnitOfMeasure, Sales_Part_Status__c, ACU_Authorization_Required__c, US_Price_Group_Name__c)",CO-UV49,CO-UV49,"(Customer Owned) 49"" ULTRAVIEW",True,Active,EA,False,ET,Active,TV,01t2K000006X9nXQAS
"UPDATE (Description, US_Description__c, IsActive, QuantityUnitOfMeasure, Sales_Part_Status__c, ACU_Authorization_Required__c, US_Price_Group_Name__c)",CO-UV55,CO-UV55,"(Customer Owned) 55"" ULTRAVIEW",True,Active,EA,False,ET,Active,TV,01t2K000006X9nYQAS
"UPDATE (Description, US_Description__c, IsActive, QuantityUnitOfMeasure, Sales_Part_Status__c, ACU_Authorization_Required__c, US_Price_Group_Name__c)",CO-UV65,CO-UV65,"(Customer Owned) 65"" ULTRAVIEW",True,Active,EA,False,ET,Active,TV,01t2K000006X9nhQAC
"UPDATE (Description, US_Description__c, IsActive, QuantityUnitOfMeasure, Sales_Part_Status__c, ACU_Authorization_Required__c, US_Price_Group_Name__c)",CO-UV86,CO-UV86,"(Customer Owned) 86"" ULTRAVIEW",True,Active,EA,False,ET,Active,TV,01t2K000006X9nZQAS
"UPDATE (Description, US_Description__c, IsActive, QuantityUnitOfMeasure, Sales_Part_Status__c, ACU_Authorization_Required__c, US_Price_Group_Name__c)",CO-XHB43,CO-XHB43,"(Customer Owned) 43"" XHB",True,Active,EA,False,ET,Active,TV,01t2K000006X9naQAC
"UPDATE (Description, US_Description__c, IsActive, QuantityUnitOfMeasure, Sales_Part_Status__c, ACU_Authorization_Required__c, US_Price_Group_Name__c)",CO-XHB49,CO-XHB49,"(Customer Owned) 49"" XHB",True,Active,EA,False,ET,Active,TV,01t2K000006X9nrQAC
"UPDATE (Description, US_Description__c, IsActive, QuantityUnitOfMeasure, Sales_Part_Status__c, ACU_Authorization_Required__c, US_Price_Group_Name__c)",CO-XHB55,CO-XHB55,"(Customer Owned) 55"" XHB",True,Active,EA,False,ET,Active,TV,01t2K000006X9nsQAC
"UPDATE (Description, US_Description__c, IsActive, QuantityUnitOfMeasure, Sales_Part_Status__c, ACU_Authorization_Required__c, US_Price_Group_Name__c)",CO-XHB65,CO-XHB65,"(Customer Owned) 65"" XHB",True,Active,EA,False,ET,Active,TV,01t2K000006X9n8QAC
"UPDATE (IsActive, QuantityUnitOfMeasure, Sales_Part_Status__c, ACU_Authorization_Required__c, US_Price_Group_Name__c)",SXOBH-43XTR,SXOBH-43XTR,"43"" XTREME HIGH BRIGHT OUTDOOR DISPLAY",True,Active,EA,False,ET,Active,TV,01t2K000006S2JrQAK
"UPDATE (IsActive, QuantityUnitOfMeasure, Sales_Part_Status__c, ACU_Authorization_Required__c, US_Price_Group_Name__c)",SXOBH-49XTR,SXOBH-49XTR,"49"" XTREME HIGH BRIGHT OUTDOOR DISPLAY",True,Active,EA,False,ET,Active,TV,01t2K000006S2ELQA0
"UPDATE (IsActive, QuantityUnitOfMeasure, Sales_Part_Status__c, ACU_Authorization_Required__c, US_Price_Group_Name__c)",SXOBH-55XTR,SXOBH-55XTR,"55"" XTREME HIGH BRIGHT OUTDOOR DISPLAY",True,Active,EA,False,ET,Active,TV,01t2K000006S2HrQAK
"UPDATE (IsActive, QuantityUnitOfMeasure, Sales_Part_Status__c, ACU_Authorization_Required__c, US_Price_Group_Name__c)",SXOBH-65XTR,SXOBH-65XTR,"65"" XTREME HIGH BRIGHT OUTDOOR DISPLAY",True,Active,EA,False,ET,Active,TV,01t2K000006XKmWQAW
"UPDATE (IsActive, QuantityUnitOfMeasure, Sales_Part_Status__c, ACU_Authorization_Required__c, US_Price_Group_Name__c)",SXUHD-49,SXUHD-49,"49"" ULTRAVIEW 4K UHD DISPLAY - BLK",True,Active,EA,False,ET,Active,TV,01t2K000006S2HsQAK
"UPDATE (IsActive, QuantityUnitOfMeasure, Sales_Part_Status__c, ACU_Authorization_Required__c, US_Price_Group_Name__c)",SXUHD-55,SXUHD-55,"55"" ULTRAVIEW 4K UHD DISPLAY - BLK",True,Active,EA,False,ET,Active,TV,01t2K000006S2GDQA0
"UPDATE (IsActive, QuantityUnitOfMeasure, Sales_Part_Status__c, ACU_Authorization_Required__c, US_Price_Group_Name__c)",SXUHD-65,SXUHD-65,"65"" ULTRAVIEW 4K UHD DISPLAY - BLK",True,Active,EA,False,ET,Active,TV,01t2K000006S2JsQAK
"UPDATE (QuantityUnitOfMeasure, Sales_Part_Status__c)",UV492,UV492,"49"" ULTRAVIEW 4K UHD DISPLAY - BLK",True,No Purchases,EA,False,ET,Use Up,TV,01t6A000000asIYQAY
"UPDATE (QuantityUnitOfMeasure, ACU_Item_Status__c, Sales_Part_Status__c, ACU_PMPLCM__c, Category__c)",UV492-B,UV492-B,"49"" ULTRAVIEW 4K UHD DISPLAY- B STOCK",True,Active,EA,False,ET DD,Active,TV,01t2K000006KESLQA4
"UPDATE (QuantityUnitOfMeasure, ACU_Item_Status__c, Sales_Part_Status__c, ACU_PMPLCM__c, Category__c)",UV492-R,UV492-R,"49"" ULTRAVIEW 4K UHD DISPLAY - (Refurbished)",True,Active,EA,False,ET DD,Active,TV,01t6A000002hinSQAQ
"UPDATE (QuantityUnitOfMeasure, ACU_Item_Status__c, Sales_Part_Status__c, ACU_PMPLCM__c, Category__c)",UV492-SD,UV492-SD,"(NOT FOR SALE) 49"" ULTRAVIEW 4K UHD DISPLAY - BLK - SAMPLE/DEMO",True,No Purchases,EA,False,ET DD,Use Up,TV,01t6A000000asA4QAI
"UPDATE (QuantityUnitOfMeasure, ACU_Item_Status__c, Sales_Part_Status__c, ACU_PMPLCM__c, Category__c)",UV551-R,UV551-R,"55"" ULTRAVIEW DISPLAY - BLK - REFURBISHED",True,Active,EA,False,ET DD,Active,TV,01t6A000000aqfvQAA
"UPDATE (QuantityUnitOfMeasure, Sales_Part_Status__c)",UV552,UV552,"55"" ULTRAVIEW 4K UHD DISPLAY - BLK",True,No Purchases,EA,False,ET,Use Up,TV,01t6A000000arSGQAY
"UPDATE (QuantityUnitOfMeasure, ACU_Item_Status__c, Sales_Part_Status__c, ACU_PMPLCM__c, Category__c)",UV552-B,UV552-B,"55"" ULTRAVIEW 4K UHD DISPLAY- B STOCK",True,Active,EA,False,ET DD,Active,TV,01t6A000002ZiJVQA0
"UPDATE (IsActive, QuantityUnitOfMeasure, Sales_Part_Status__c, ACU_Authorization_Required__c, US_Price_Group_Name__c, ACU_PMPLCM__c)",UV652,UV652,"65"" ULTRAVIEW 4K UHD DISPLAY - BLK",False,Inactive,EA,False,ET,,TV,01t6A000000arJ2QAI
"UPDATE (QuantityUnitOfMeasure, ACU_Item_Status__c, Sales_Part_Status__c, ACU_PMPLCM__c, Category__c)",UV652-B,UV652-B,"65"" ULTRAVIEW 4K UHD DISPLAY- B STOCK",True,Active,EA,False,ET DD,Active,TV,01t6A000002gX6wQAE
"UPDATE (QuantityUnitOfMeasure, ACU_Item_Status__c, Sales_Part_Status__c, ACU_PMPLCM__c, Category__c)",UV652-R,UV652-R,"65"" ULTRAVIEW 4K UHD DISPLAY - (Refurbished)",True,Active,EA,False,ET DD,Active,TV,01t6A000002ZPdKQAW
"UPDATE (IsActive, QuantityUnitOfMeasure, Sales_Part_Status__c, ACU_Authorization_Required__c, US_Price_Group_Name__c, ACU_PMPLCM__c)",XHB432,XHB432,"43"" XTREME HIGH BRIGHT OUTDOOR DISPLAY",False,Inactive,EA,False,ET,,TV,01t6A000000bVzoQAE
"UPDATE (QuantityUnitOfMeasure, ACU_Item_Status__c, Sales_Part_Status__c, Category__c)",XHB432-B,XHB432-B,"43"" XTREME HIGH BRIGHT OUTDOOR DISPLAY, B STOCK",False,Inactive,EA,False,ET DD,,TV,01t2K000006X9nNQAS
"UPDATE (QuantityUnitOfMeasure, Sales_Part_Status__c, ACU_PMPLCM__c)",XHB492,XHB492,"49"" XTREME HIGH BRIGHT OUTDOOR DISPLAY",True,No Purchases,EA,False,ET,,TV,01t6A000000bVzjQAE
"UPDATE (IsActive, QuantityUnitOfMeasure, ACU_Item_Status__c, Sales_Part_Status__c, Category__c)",XHB492-B,XHB492-B,"49"" XTREME HIGH BRIGHT OUTDOOR DISPLAY, B STOCK",True,Active,EA,False,ET DD,,TV,01t2K000006S2CWQA0
"UPDATE (IsActive, QuantityUnitOfMeasure, ACU_Item_Status__c, Sales_Part_Status__c, Category__c)",XHB551-B,XHB551-B,"55"" XTREME HIGH BRIGHT OUTDOOR DISPLAY, - B-STOCK",True,No Purchases,EA,False,ET DD,,TV,01t2K00000Cg4r3QAB
"UPDATE (QuantityUnitOfMeasure, ACU_Item_Status__c, Sales_Part_Status__c, Category__c)",XHB551-SD,XHB551-SD,"(NOT FOR SALE) 55"" XTREME HIGH BRIGHT OUTDOOR DISPLAY - BLK - SAMPLE/DEMO",True,No Purchases,EA,False,ET DD,,TV,01t6A000002gBKDQA2
"UPDATE (QuantityUnitOfMeasure, Sales_Part_Status__c, ACU_PMPLCM__c)",XHB552,XHB552,"55"" XTREME HIGH BRIGHT OUTDOOR DISPLAY",True,No Purchases,EA,False,ET,,TV,01t6A000000bVzeQAE
"UPDATE (IsActive, QuantityUnitOfMeasure, Sales_Part_Status__c, ACU_Authorization_Required__c, US_Price_Group_Name__c, ACU_PMPLCM__c)",XHB553,XHB553,"55"" XTREME HIGH BRIGHT OUTDOOR DISPLAY",False,Inactive,EA,False,ET,,TV,01t2K000006T0OGQA0
"UPDATE (QuantityUnitOfMeasure, Sales_Part_Status__c, ACU_PMPLCM__c)",XHB652,XHB652,"65"" XTREME HIGH BRIGHT OUTDOOR DISPLAY WITH OUTDOOR MOUNT",True,No Purchases,EA,False,ET,,TV,01t6A000000bVzyQAE
"UPDATE (US_Description__c, QuantityUnitOfMeasure, Sales_Part_Status__c, Category__c)",ACC-FV,ACC-FV,Ventilation Maximizing Risers and Velcro® Accessory Kit,True,No Purchases,EA,False,CORE,Use Up,,01t6A000000atFUQAY
"UPDATE (US_Description__c, QuantityUnitOfMeasure, Sales_Part_Status__c, Category__c)",ACC-V,ACC-V,Velcro® Accessory Kit,True,No Purchases,EA,False,CORE,Use Up,,01t6A000000at0wQAA
"UPDATE (QuantityUnitOfMeasure, Sales_Part_Status__c)",PS200,PS200,Adjustable Shelf For A/V Components,True,Active,EA,False,CORE,Active,MOUNT,01t6A000000arR5QAI
"UPDATE (QuantityUnitOfMeasure, Sales_Part_Status__c)",PSP2,PSP2,Speaker Mount For up to 8lb Speakers (Pair),True,Active,EA,False,CORE,Active,MOUNT,01t6A000000assFQAQ
"UPDATE (IsActive, QuantityUnitOfMeasure, Sales_Part_Status__c, ACU_PMPLCM__c)",PSP5,PSP5,Speaker Mount For up to 8lb Speakers (5-Pack),False,Inactive,EA,False,CORE,,MOUNT,01t6A000000arI0QAI
"UPDATE (QuantityUnitOfMeasure, ACU_Item_Status__c, Sales_Part_Status__c, US_Price_Group_Name__c)",128-0039,128-0039,"TAPERED CEILING BRACKET ASSY, WLD",True,Active,EA,False,XGPREFAB,,,01t6A000000aqvvQAA
"UPDATE (QuantityUnitOfMeasure, ACU_Item_Status__c, Sales_Part_Status__c, US_Price_Group_Name__c)",2PT-22CA01B,2PT-22CA01B,CLNG PLATE END CAP,True,Active,EA,False,XGPREFAB,,,01t6A000000atZDQAY
"UPDATE (US_Description__c, QuantityUnitOfMeasure, Sales_Part_Status__c)",452Y75,452Y75,"SmartMount® Ultra Thin Flat Video Wall Mount For Ultra-thin Displays 40"" or larger, up to 75lb (34kg)",True,Active,EA,False,DS,Active,MOUNT,01t2K000006NXh5QAG
"UPDATE (US_Description__c, QuantityUnitOfMeasure, Sales_Part_Status__c)",452Y76,452Y76,"SmartMount® Flat Video Wall Mount For 40"" to 65"" Displays",True,Active,EA,False,DS,Active,MOUNT,01t2K000006NXhWQAW
"UPDATE (US_Description__c, QuantityUnitOfMeasure, Sales_Part_Status__c)",452Y77,452Y77,"SmartMount® Flat Video Wall Mount, 2x2 Kit For 46""-55"" Display",True,Active,EA,False,DS,Use Up,MOUNT,01t2K000006NXh0QAG
"UPDATE (US_Description__c, QuantityUnitOfMeasure, Sales_Part_Status__c)",452Y78,452Y78,"SmartMount® Full Service Thin Video Wall Mount with Quick Release For 46"" to 65"" Displays.",True,Active,EA,False,DS,Active,MOUNT,01t2K000006NXhHQAW
"UPDATE (US_Description__c, IsActive, QuantityUnitOfMeasure, Sales_Part_Status__c, ACU_Authorization_Required__c, US_Price_Group_Name__c)",452Y79,452Y79,"SmartMount® Full Service Video Wall Mount - Landscape For 40"" to 65"" Displays",True,Active,EA,False,DS,Use Up,MOUNT,01t2K000006SvAKQA0
"UPDATE (US_Description__c, QuantityUnitOfMeasure, Sales_Part_Status__c)",452Y81,452Y81,"SmartMount® Full Service Video Wall Mount with Quick Release - Landscape For 46"" to 65"" Displays",True,Active,EA,False,DS,Active,MOUNT,01t2K000006NXduQAG
"UPDATE (US_Description__c, QuantityUnitOfMeasure, Sales_Part_Status__c)",452Y83,452Y83,"SmartMount® Full Service Video Wall Mount - For 46"" to 60"" Displays",True,Active,EA,False,DS,Active,MOUNT,01t2K000006NXhLQAW
"UPDATE (US_Description__c, QuantityUnitOfMeasure, Sales_Part_Status__c)",452Y84,452Y84,"SmartMount® Full Service Video Wall Mt w Quick Release for 65"" to 98"" Displays",True,Active,EA,False,DS,Active,MOUNT,01t2K000006NXh1QAG
"UPDATE (US_Description__c, QuantityUnitOfMeasure, Sales_Part_Status__c)",452Y85,452Y85,"SmartMount® Special Purpose Video Wall Mount For 46"" to 70"" Displays",True,Active,EA,False,DS,Use Up,MOUNT,01t2K000006NXhfQAG
"UPDATE (US_Description__c, QuantityUnitOfMeasure, Sales_Part_Status__c)",452Y86,452Y86,"SmartMount® Portable 1x3 Video Wall Cart For 46"" to 60"" Displays up to 5"" Deep",True,Active,EA,False,DS,Active,MOUNT,01t2K000006NXhgQAG
"UPDATE (US_Description__c, QuantityUnitOfMeasure, Sales_Part_Status__c)",452Y87,452Y87,"SmartMount® Portable 2x2 Video Wall Cart For 46"" to 60"" Displays up to 5"" Deep",True,Active,EA,False,DS,Active,MOUNT,01t2K000006NXh2QAG
"UPDATE (US_Description__c, QuantityUnitOfMeasure, Sales_Part_Status__c)",452Y88,452Y88,"SmartMount® Portable 3x2 Video Wall Cart For 46"" to 55"" Displays up to 5"" Deep",True,Active,EA,False,DS,Active,MOUNT,01t2K000006NXhlQAG
"UPDATE (US_Description__c, QuantityUnitOfMeasure, Sales_Part_Status__c)",452Y89,452Y89,"SmartMount® Portable 3x3 Video Wall Cart For 46"" to 55"" Displays up to 5"" Deep",True,Active,EA,False,DS,Active,MOUNT,01t2K000006NXhmQAG
"UPDATE (US_Description__c, QuantityUnitOfMeasure, Sales_Part_Status__c)",452Y90,452Y90,"SmartMount® Portable 4x2 Video Wall Cart For 46"" to 55"" Displays up to 5"" Deep",True,Active,EA,False,DS,Active,MOUNT,01t2K000006NXh6QAG
"UPDATE (US_Description__c, QuantityUnitOfMeasure, Sales_Part_Status__c)",452Y91,452Y91,"SmartMount® Portable 4x3 Video Wall Cart For 46"" to 55"" Displays up to 5"" Deep",True,Active,EA,False,DS,Active,MOUNT,01t2K000006NXh7QAG
"UPDATE (US_Description__c, QuantityUnitOfMeasure, Sales_Part_Status__c)",452Y92,452Y92,"SmartMount® Modular 1x3 Video Wall Pedestal Mount For 46"" to 60"" Displays up to 5"" Deep",True,Active,EA,False,DS,Active,MOUNT,01t2K000006NXhIQAW
"UPDATE (US_Description__c, QuantityUnitOfMeasure, Sales_Part_Status__c)",452Y93,452Y93,"SmartMount® Modular 2x2 Video Wall Pedestal Mount For 46"" to 60"" Displays up to 5"" Deep",True,Active,EA,False,DS,Active,MOUNT,01t2K000006NXhXQAW
"UPDATE (US_Description__c, QuantityUnitOfMeasure, Sales_Part_Status__c)",452Y94,452Y94,"SmartMount® Modular 3x3 Video Wall Pedestal Mount For 46"" to 55"" Displays up to 5"" Deep",True,Active,EA,False,DS,Active,MOUNT,01t2K000006NXhhQAG
"UPDATE (US_Description__c, QuantityUnitOfMeasure, Sales_Part_Status__c)",452Y95,452Y95,"SmartMount® Modular 4x2 Video Wall Pedestal Mount For 46"" to 55"" Displays up to 5"" Deep",True,Active,EA,False,DS,Active,MOUNT,01t2K000006NXhMQAW
"UPDATE (US_Description__c, QuantityUnitOfMeasure, Sales_Part_Status__c)",452Y96,452Y96,"SmartMount® Modular 4x3 Video Wall Pedestal Mount For 46"" to 55"" Displays up to 5"" Deep",True,Active,EA,False,DS,Active,MOUNT,01t2K000006NXhJQAW
"UPDATE (QuantityUnitOfMeasure, Sales_Part_Status__c)",452Y97,452Y97,"2x2 Back-to-Back Pedestal Video Wall Mount for 46"" to 60"" Displays up to 5"" Deep",True,Active,EA,False,DS,Active,MOUNT,01t2K000006NXhnQAG
"UPDATE (US_Description__c, QuantityUnitOfMeasure, Sales_Part_Status__c)",452Y98,452Y98,"SmartMount® 2x2 Video Wall Ceiling Mount For 40"" to 55"" Displays 2x2 Configuration",True,Active,EA,False,DS,Use Up,MOUNT,01t2K000006NXhKQAW
"UPDATE (QuantityUnitOfMeasure, ACU_Item_Status__c, Sales_Part_Status__c)",510-9150,510-9150,SCR BOLT M6 X 6MM SET HEX BLK,True,Active,EA,False,CONS,,,01t6A000000araqQAA
"UPDATE (QuantityUnitOfMeasure, Sales_Part_Status__c, ACU_PMPLCM__c, Category__c)",520-2250,520-2250,"THREADED ROD,1/4-20 x 1.5 L,,ZINC",True,No Request,EA,False,HOSP,,,01t6A000000asBhQAI
"UPDATE (QuantityUnitOfMeasure, ACU_Item_Status__c, Sales_Part_Status__c)",530-2022,530-2022,"NUT 1/4-20 SQUARE, ZC",True,Active,EA,False,CONS,,,01t6A000000arGOQAY
"UPDATE (QuantityUnitOfMeasure, Sales_Part_Status__c)",ACC-BPR,ACC-BPR,CART BUMPER ACCESSORY,True,Active,EA,False,CORE,Active,MOUNT,01t6A000000asvDQAQ
"UPDATE (QuantityUnitOfMeasure, Sales_Part_Status__c)",ACC-CARTGH,ACC-CARTGH,Accessory Grab Handle for SmartMount SR Carts,True,Active,EA,False,CORE,Active,MOUNT,01t6A000000arvAQAQ
"UPDATE (Description, US_Description__c, QuantityUnitOfMeasure, Sales_Part_Status__c)",ACC-CCP,ACC-CCP,Ceiling Plate for Cathedral Ceiling,True,Active,EA,False,CORE,Active,MOUNT,01t6A000000as4mQAA
"UPDATE (Description, US_Description__c, QuantityUnitOfMeasure, Sales_Part_Status__c)",ACC-CCPHD,ACC-CCPHD,HEAVY DUTY CEILING PLATE FOR CATHERDRAL CEILING,True,Active,EA,False,CORE,Active,MOUNT,01t6A000000aqgiQAA
"UPDATE (QuantityUnitOfMeasure, Sales_Part_Status__c)",ACC-DHP6,ACC-DHP6,Display handling replacement pads - 6pk,True,No Purchases,EA,False,DS,Use Up,MOUNT,01t6A000000arUtQAI
"UPDATE (QuantityUnitOfMeasure, Sales_Part_Status__c)",ACC-FT,ACC-FT,SmartMount(R) SS Stand Feet Accessory,True,Active,EA,False,CORE,Active,MOUNT,01t6A000000askWQAQ
"UPDATE (QuantityUnitOfMeasure, Sales_Part_Status__c)",ACC-GBASE,ACC-GBASE,Grommet base for LCT620A(D),True,Active,EA,False,CORE,Use Up,MOUNT,01t6A000000asM6QAI
"UPDATE (QuantityUnitOfMeasure, Sales_Part_Status__c)",ACC-GS1,ACC-GS1,GLASS SHELF FOR CART AND STAND,True,Active,EA,False,CORE,Use Up,MOUNT,01t6A000000atC0QAI
"UPDATE (QuantityUnitOfMeasure, Sales_Part_Status__c)",ACC-GS1E,ACC-GS1E,GLASS SHELF FOR VIDEO CONF ENCLOSURE CART,True,No Purchases,EA,False,CORE,Use Up,MOUNT,01t6A000000as9QQAQ
"UPDATE (QuantityUnitOfMeasure, Sales_Part_Status__c)",ACC-LA,ACC-LA,LAPTOP TRAY AND ARM FOR CARTS AND STANDS,True,Active,EA,False,CORE,Active,MOUNT,01t6A000000atBzQAI
"UPDATE (QuantityUnitOfMeasure, Sales_Part_Status__c)",ACC-M820,ACC-M820,"Security Fast-Pack, M8x20",True,No Purchases,EA,False,HOSP,Use Up,MOUNT,01t6A000000ariLQAQ
"UPDATE (QuantityUnitOfMeasure, Sales_Part_Status__c)",ACC-MB0800,ACC-MB0800,"Menu Board Wall Plate - 8.0""",True,Active,EA,False,DS,Active,MOUNT,01t6A000000asUWQAY
"UPDATE (QuantityUnitOfMeasure, Sales_Part_Status__c)",ACC-MB2200,ACC-MB2200,"Menu Board Wall Plate - 22.0""",True,Active,EA,False,DS,Active,MOUNT,01t6A000000asUXQAY
"UPDATE (QuantityUnitOfMeasure, Sales_Part_Status__c)",ACC-MB3500,ACC-MB3500,"Menu Board Wall Plate - 35.0""",True,Active,EA,False,DS,Active,MOUNT,01t6A000000asUYQAY
"UPDATE (QuantityUnitOfMeasure, Sales_Part_Status__c)",ACC-MB3875,ACC-MB3875,"Menu Board Wall Plate - 38.75""",True,Active,EA,False,DS,Active,MOUNT,01t6A000000asUZQAY
"UPDATE (IsActive, QuantityUnitOfMeasure, Sales_Part_Status__c)",ACC-MBC,ACC-MBC,"Menu Board Connector, Connects Ceiling Mounts",False,Inactive,EA,False,DS,Use Up,MOUNT,01t6A000000asMIQAY
"UPDATE (QuantityUnitOfMeasure, Sales_Part_Status__c)",ACC-MBF,ACC-MBF,Menu Board Mount Ceiling Attachment Accessory For converting wall mounts to ceiling,True,Active,EA,False,DS,Active,MOUNT,01t6A000000arVWQAY
"UPDATE (QuantityUnitOfMeasure, Sales_Part_Status__c)",ACC-MCH,ACC-MCH,Media Component Holder for NEC,True,Active,EA,False,CORE,Active,MOUNT,01t6A000000asZyQAI
"UPDATE (QuantityUnitOfMeasure, Sales_Part_Status__c)",ACC-MS,ACC-MS,METAL SHELF FOR CARTS AND STANDS,True,Active,EA,False,CORE,Active,MOUNT,01t6A000000arYjQAI
"UPDATE (QuantityUnitOfMeasure, Sales_Part_Status__c)",ACC-MSF-W,ACC-MSF-W,METAL SHELF FOR SR560-FLIP,True,Active,EA,False,CORE,Active,MOUNT,01t6A000003QCU0QAO
"UPDATE (QuantityUnitOfMeasure, Sales_Part_Status__c)",ACC-UCM,ACC-UCM,Universal Component Mount,True,Active,EA,False,CORE,Active,MOUNT,01t6A000000ard2QAA
"UPDATE (QuantityUnitOfMeasure, Sales_Part_Status__c)",ACC-VCS,ACC-VCS,VIDEO CONFERENCE CAMERA SHELF FOR CART AND STAND,True,Active,EA,False,CORE,Active,MOUNT,01t6A000000askUQAQ
"UPDATE (QuantityUnitOfMeasure, Sales_Part_Status__c)",ACC-WMVCS,ACC-WMVCS,SmartMount Video Conferencing Shelf,True,Active,EA,False,CORE,Active,MOUNT,01t6A000000aqrcQAA
"UPDATE (Description, US_Description__c, QuantityUnitOfMeasure, Sales_Part_Status__c)",ACC002,ACC002,"ESCUTCHEON RING FOR 2"" POLE",True,Active,EA,False,CORE,Active,MOUNT,01t6A000000arCVQAY
"UPDATE (QuantityUnitOfMeasure, Sales_Part_Status__c)",ACC114,ACC114,SS598ML3 STANDOFF PLATE,True,Active,EA,False,CORE,Active,MOUNT,01t2K000006W0RAQA0
"UPDATE (QuantityUnitOfMeasure, Sales_Part_Status__c)",ACC116,ACC116,Rear Metal Shelf for SR560-HUB2 Cart,True,Active,EA,False,CORE,Use Up,MOUNT,01t2K000006XQRbQAO
"UPDATE (QuantityUnitOfMeasure, Sales_Part_Status__c)",ACC170,ACC170,Cart and Stand Adaptor Plate,True,Active,EA,False,CORE,,MOUNT,01t6A000000at8pQAA
"UPDATE (QuantityUnitOfMeasure, Sales_Part_Status__c)",ACC2X1,ACC2X1,VESA 200 x 100 Adaptor Plate,True,Active,EA,False,CORE,,MOUNT,01t6A000000argCQAQ
"UPDATE (Description, US_Description__c, QuantityUnitOfMeasure, Sales_Part_Status__c)",ACC309,ACC309,Video Conferencing Shelf Wall Mount,True,Active,EA,False,CORE,Active,MOUNT,01t6A000000arX1QAI
"UPDATE (QuantityUnitOfMeasure, Sales_Part_Status__c)",ACC310,ACC310,Leveler Feet,True,Active,EA,False,CORE,Active,MOUNT,01t6A000000ar3JQAQ
"UPDATE (US_Description__c, QuantityUnitOfMeasure, Sales_Part_Status__c)",ACC315,ACC315,Base Shelf For SmartMount® Cart,True,Active,EA,False,CORE,Active,MOUNT,01t6A000000ar1ZQAQ
"UPDATE (QuantityUnitOfMeasure, Sales_Part_Status__c)",ACC316,ACC316,Safety Belt For Component Shelves,True,Active,EA,False,CORE,Use Up,MOUNT,01t6A000000ar1aQAA
"UPDATE (QuantityUnitOfMeasure, Sales_Part_Status__c)",ACC320,ACC320,20' Electrical Outlet Strip with Cord Wrap,True,Active,EA,False,CORE,Active,MOUNT,01t6A000000ar38QAA
"UPDATE (QuantityUnitOfMeasure, Sales_Part_Status__c)",ACC322,ACC322,Safety Belt For Component Shelves,True,Active,EA,False,CORE,Active,MOUNT,01t6A000000aru4QAA
"UPDATE (QuantityUnitOfMeasure, Sales_Part_Status__c)",ACC324,ACC324,Corner Mount Shelf,True,Active,EA,False,CORE,Active,MOUNT,01t6A000000atF8QAI
"UPDATE (QuantityUnitOfMeasure, Sales_Part_Status__c)",ACC409-B,ACC409-B,"WALL PLT ADPT: SA/SP(730/740), BLK",True,Active,EA,False,CORE,Active,MOUNT,01t6A000000atVQQAY
"UPDATE (QuantityUnitOfMeasure, Sales_Part_Status__c)",ACC450,ACC450,200 X 200 ACCESORY PLT FOR FPS-1000,True,Active,EA,False,CORE,Active,MOUNT,01t6A000000arPxQAI
"UPDATE (QuantityUnitOfMeasure, Sales_Part_Status__c)",ACC4X4,ACC4X4,VESA 400 x 400mm Adaptor Plate,True,Active,EA,False,CORE,Active,MOUNT,01t6A000000arY5QAI
"UPDATE (QuantityUnitOfMeasure, Sales_Part_Status__c)",ACC517,ACC517,DVD/VCR MOUNT CONNECTOR,True,Active,EA,False,CORE,Active,MOUNT,01t6A000000atT3QAI
"UPDATE (QuantityUnitOfMeasure, Sales_Part_Status__c)",ACC604,ACC604,Dual-Stack Cartridge For FPZ600,True,Active,EA,False,CORE,Active,MOUNT,01t6A000000aqocQAA
"UPDATE (QuantityUnitOfMeasure, Sales_Part_Status__c)",ACC830,ACC830,Side to Side Adjuster For Projector Mounts,True,Active,EA,False,CORE,Active,MOUNT,01t6A000000arxyQAA
"UPDATE (QuantityUnitOfMeasure, Sales_Part_Status__c)",ACC918,ACC918,"Security Fastener Pack For V75, V100 & V200x100 Mounts",True,Active,EA,False,CORE,Active,MOUNT,01t6A000000arJiQAI
"UPDATE (QuantityUnitOfMeasure, Sales_Part_Status__c)",ACC925,ACC925,Security Fasteners For V200x200 to V800x400 Mounts,True,Active,EA,False,CORE,Active,MOUNT,01t6A000000arwQQAQ
"UPDATE (IsActive, QuantityUnitOfMeasure, Sales_Part_Status__c, ACU_PMPLCM__c)",ACC951,ACC951,A/V Component Shelf Accessory Bracket For SA Mounts,False,Inactive,EA,False,CORE,,MOUNT,01t6A000000aswaQAA
"UPDATE (QuantityUnitOfMeasure, Sales_Part_Status__c)",ACC979,ACC979,SmartMount SR Cart Caster Accessory Kit,True,Active,EA,False,CORE,Active,MOUNT,01t6A000000at9KQAQ
"UPDATE (QuantityUnitOfMeasure, Sales_Part_Status__c)",ACSBR1,ACSBR1,Universal Sound Bar Mounting Kit,True,Active,EA,False,CORE,Active,MOUNT,01t6A000000arfTQAQ
"UPDATE (QuantityUnitOfMeasure, Sales_Part_Status__c)",B-MIS38426,B-MIS38426,1x2 Bolted  Desktop Mt -for 43/49 Curved Samsungs,True,No Purchases,EA,False,CORE,Use Up,MOUNT,01t2K000006KEEXQA4
"UPDATE (Description, US_Description__c, QuantityUnitOfMeasure, Sales_Part_Status__c)",CMAL,CMAL,Round Column Mount for Digital Signage Displays,True,Active,EA,False,CORE,Active,MOUNT,01t2K000006S2MBQA0
"UPDATE (IsActive, QuantityUnitOfMeasure, ACU_Item_Status__c, Sales_Part_Status__c)",DEV-DS-OM46ND-CEIL,DEV-DS-OM46ND-CEIL,"Samsung OM46N-D Ceiling Mount, Harvest Gold",True,No Purchases,EA,False,DS,Use Up,MOUNT,01t2K000006XHfpQAG
"UPDATE (QuantityUnitOfMeasure, Sales_Part_Status__c)",DMU50SM-02,DMU50SM-02,Wall mount with slide-out computer access,True,No Purchases,EA,False,DS,Use Up,MOUNT,01t6A000000ar2nQAA
"UPDATE (IsActive, QuantityUnitOfMeasure, Sales_Part_Status__c, ACU_PMPLCM__c)",DS-ACC765,DS-ACC765,Cable Release Kit for recessed wall applications,False,Inactive,EA,False,DS,,MOUNT,01t6A000000arI9QAI
"UPDATE (QuantityUnitOfMeasure, Sales_Part_Status__c)",DS-ACC770,DS-ACC770,Media Player Mounting Bracket,True,No Purchases,EA,False,DS,Use Up,MOUNT,01t6A000000at8yQAA
"UPDATE (US_Description__c, QuantityUnitOfMeasure, Sales_Part_Status__c)",DS-C555-3X2,DS-C555-3X2,"SmartMount® Portable 3x2 Video Wall Cart For 46"" to 55"" Displays up to 5"" Deep",True,Active,EA,False,DS,Active,MOUNT,01t6A000000arVYQAY
"UPDATE (US_Description__c, QuantityUnitOfMeasure, Sales_Part_Status__c)",DS-C555-3X3,DS-C555-3X3,"SmartMount® Portable 3x3 Video Wall Cart For 46"" to 55"" Displays up to 5"" Deep",True,Active,EA,False,DS,Active,MOUNT,01t6A000000asHHQAY
"UPDATE (US_Description__c, QuantityUnitOfMeasure, Sales_Part_Status__c)",DS-C555-4X2,DS-C555-4X2,"SmartMount® Portable 4x2 Video Wall Cart For 46"" to 55"" Displays up to 5"" Deep",True,Active,EA,False,DS,Active,MOUNT,01t6A000000asHIQAY
"UPDATE (US_Description__c, QuantityUnitOfMeasure, Sales_Part_Status__c)",DS-C555-4X3,DS-C555-4X3,"SmartMount® Portable 4x3 Video Wall Cart For 46"" to 55"" Displays up to 5"" Deep",True,Active,EA,False,DS,Active,MOUNT,01t6A000000arjNQAQ
"UPDATE (US_Description__c, QuantityUnitOfMeasure, Sales_Part_Status__c)",DS-C560-1X3,DS-C560-1X3,"SmartMount® Portable 1x3 Video Wall Cart For 46"" to 60"" Displays up to 5"" Deep",True,Active,EA,False,DS,Active,MOUNT,01t6A000000arjOQAQ
"UPDATE (US_Description__c, QuantityUnitOfMeasure, Sales_Part_Status__c)",DS-C560-2X2,DS-C560-2X2,"SmartMount® Portable 2x2 Video Wall Cart For 46"" to 60"" Displays up to 5"" Deep",True,Active,EA,False,DS,Active,MOUNT,01t6A000000as9SQAQ
"UPDATE (Description, US_Description__c, QuantityUnitOfMeasure, Sales_Part_Status__c)",DS-MBZ642L,DS-MBZ642L,"SmartMount® Digital Menu Board Mount for 40"" to 42"" Displays - Landscape",True,Active,EA,True,DS,Active,MOUNT,01t6A000000asjHQAQ
"UPDATE (Description, US_Description__c, QuantityUnitOfMeasure, Sales_Part_Status__c)",DS-MBZ647L,DS-MBZ647L,"SmartMount® Digital Menu Board Mount for 46"" to 65"" Displays - Landscape",True,Active,EA,True,DS,Active,MOUNT,01t6A000000asjIQAQ
"UPDATE (Description, US_Description__c, QuantityUnitOfMeasure, Sales_Part_Status__c)",DS-MBZ647P,DS-MBZ647P,"SmartMount® Digital Menu Board Mount for 42"" to 65"" Displays with VESA Patterns up to 400x400",True,Active,EA,True,DS,Active,MOUNT,01t6A000000asjJQAQ
"UPDATE (US_Description__c, QuantityUnitOfMeasure, Sales_Part_Status__c)",DS-MBZ942L-2X1,DS-MBZ942L-2X1,"SmartMount® Digital Menu Board Ceiling Mount with 8pt Adjustment - Landscape 2x1 Configuration for 40"" to 42"" Displays",True,Active,EA,True,DS,Active,MOUNT,01t6A000000arczQAA
"UPDATE (US_Description__c, QuantityUnitOfMeasure, Sales_Part_Status__c)",DS-MBZ942L-3X1,DS-MBZ942L-3X1,"SmartMount® Digital Menu Board Ceiling Mount with 8pt Adjustment - Landscape 3x1 Configuration for 40"" to 42"" Displays",True,Active,EA,True,DS,Active,MOUNT,01t6A000000ard0QAA
"UPDATE (US_Description__c, QuantityUnitOfMeasure, Sales_Part_Status__c)",DS-MBZ947L-2X1,DS-MBZ947L-2X1,"SmartMount® Digital Menu Board Ceiling Mount with 8pt Adjustment - Landscape 2x1 Configuration for 46"" to 48"" Displays",True,Active,EA,True,DS,Active,MOUNT,01t6A000000atOYQAY
"UPDATE (US_Description__c, QuantityUnitOfMeasure, Sales_Part_Status__c)",DS-MBZ947L-3X1,DS-MBZ947L-3X1,"SmartMount® Digital Menu Board Ceiling Mount with 8pt Adjustment - Landscape 3x1 Configuration for 46"" to 48"" Displays",True,Active,EA,True,DS,Active,MOUNT,01t6A000000ard1QAA
"UPDATE (QuantityUnitOfMeasure, Sales_Part_Status__c)",DS-MBZA,DS-MBZA,DS-MBZ adaptors with additional hardware,True,Active,EA,False,DS,Active,MOUNT,01t6A000000aqmtQAA
"UPDATE (IsActive, QuantityUnitOfMeasure, Sales_Part_Status__c, ACU_PMPLCM__c)",DS-OM46ND-CEIL,DS-OM46ND-CEIL,Samsung OM46N-D Ceiling Mount,False,No Sales,EA,False,DS,,MOUNT,01t6A000003QSWsQAO
"UPDATE (IsActive, QuantityUnitOfMeasure, Sales_Part_Status__c, ACU_PMPLCM__c)",DS-OM46ND-FLOOR,DS-OM46ND-FLOOR,Samsung OM46N-D Floor Mount,False,No Sales,EA,False,DS,,MOUNT,01t6A000003QSWtQAO
"UPDATE (QuantityUnitOfMeasure, Sales_Part_Status__c)",DS-OM55ND-CEIL,DS-OM55ND-CEIL,Samsung OM55N-D Ceiling Mount,True,Active,EA,False,DS,Active,MOUNT,01t6A000003QSWuQAO
"UPDATE (QuantityUnitOfMeasure, Sales_Part_Status__c)",DS-OM55ND-FLOOR,DS-OM55ND-FLOOR,Samsung OM55N-D Floor Mount,True,Active,EA,False,DS,Active,MOUNT,01t6A000003QSWnQAO
"UPDATE (US_Description__c, QuantityUnitOfMeasure, Sales_Part_Status__c)",DS-S555-3X2,DS-S555-3X2,"SmartMount® Modular 3x2 Video Wall Pedestal Mount For 46"" to 55"" Displays up to 5"" Deep",True,Active,EA,False,DS,Active,MOUNT,01t6A000000asMBQAY
"UPDATE (US_Description__c, QuantityUnitOfMeasure, Sales_Part_Status__c)",DS-S555-3X3,DS-S555-3X3,"SmartMount® Modular 3x3 Video Wall Pedestal Mount For 46"" to 55"" Displays up to 5"" Deep",True,Active,EA,False,DS,Active,MOUNT,01t6A000000asMCQAY
"UPDATE (US_Description__c, QuantityUnitOfMeasure, Sales_Part_Status__c)",DS-S555-4X2,DS-S555-4X2,"SmartMount® Modular 4x2 Video Wall Pedestal Mount For 46"" to 55"" Displays up to 5"" Deep",True,Active,EA,False,DS,Active,MOUNT,01t6A000000aqqPQAQ
"UPDATE (US_Description__c, QuantityUnitOfMeasure, Sales_Part_Status__c)",DS-S555-4X3,DS-S555-4X3,"SmartMount® Modular 4x3 Video Wall Pedestal Mount For 46"" to 55"" Displays up to 5"" Deep",True,Active,EA,False,DS,Active,MOUNT,01t6A000000arjMQAQ
"UPDATE (US_Description__c, QuantityUnitOfMeasure, Sales_Part_Status__c)",DS-S560-1X3,DS-S560-1X3,"SmartMount® Modular 1x3 Video Wall Pedestal Mount For 46"" to 60"" Displays up to 5"" Deep",True,Active,EA,False,DS,Active,MOUNT,01t6A000000arjLQAQ
"UPDATE (US_Description__c, QuantityUnitOfMeasure, Sales_Part_Status__c)",DS-S560-2X2,DS-S560-2X2,"SmartMount® Modular 2x2 Video Wall Pedestal Mount For 46"" to 60"" Displays up to 5"" Deep",True,Active,EA,False,DS,Active,MOUNT,01t6A000000atbXQAQ
"UPDATE (QuantityUnitOfMeasure, Sales_Part_Status__c)",DS-S560-B2X2,DS-S560-B2X2,"2x2 Back-to-Back Pedestal Video Wall Mount for 46"" to 60"" Displays up to 5"" Deep",True,Active,EA,False,DS,Active,MOUNT,01t6A000000arfUQAQ
"UPDATE (US_Description__c, QuantityUnitOfMeasure, Sales_Part_Status__c)",DS-VW650,DS-VW650,"SmartMount® Ultra Thin Flat Video Wall Mount For Ultra-thin Displays 40"" or larger, up to 75lb (34kg)",True,Active,EA,False,DS,Active,MOUNT,01t6A000000aswYQAQ
"UPDATE (US_Description__c, QuantityUnitOfMeasure, Sales_Part_Status__c)",DS-VW655-2X2,DS-VW655-2X2,"SmartMount® Flat Video Wall Mount, 2x2 Kit For 46""-55"" Display",True,Active,EA,False,DS,Active,MOUNT,01t6A000000aqjCQAQ
"UPDATE (US_Description__c, IsActive, QuantityUnitOfMeasure, Sales_Part_Status__c)",DS-VW665,DS-VW665,"SmartMount® Flat Video Wall Mount For 40"" to 65"" Displays",False,No Sales,EA,False,DS,Use Up,MOUNT,01t6A000000arhYQAQ
"UPDATE (US_Description__c, QuantityUnitOfMeasure, Sales_Part_Status__c)",DS-VW755S,DS-VW755S,"SmartMount® Full Service Thin Video Wall Mount with Quick Release For 46"" to 65"" Displays.",True,Active,EA,True,DS,Active,MOUNT,01t6A000000asNjQAI
"UPDATE (US_Description__c, QuantityUnitOfMeasure, Sales_Part_Status__c)",DS-VW765-LAND,DS-VW765-LAND,"SmartMount® Full Service Video Wall Mount - Landscape For 40"" to 65"" Displays",True,Active,EA,True,DS,Active,MOUNT,01t6A000000atQOQAY
"UPDATE (US_Description__c, QuantityUnitOfMeasure, Sales_Part_Status__c)",DS-VW765-LQR,DS-VW765-LQR,"SmartMount® Full Service Video Wall Mount with Quick Release - Landscape For 46"" to 65"" Displays",True,Active,EA,True,DS,Active,MOUNT,01t6A000000asTuQAI
"UPDATE (US_Description__c, QuantityUnitOfMeasure, Sales_Part_Status__c)",DS-VW775,DS-VW775,"SmartMount® Full Service Video Wall Mount - For 46"" to 60"" Displays",True,Active,EA,True,DS,Active,MOUNT,01t6A000000ardRQAQ
"UPDATE (US_Description__c, QuantityUnitOfMeasure, ACU_Item_Status__c, Sales_Part_Status__c, US_Price_Group_Name__c)",083-0016,083-0016,"SUPPORT ARM ASS'Y, GLS-BLK",True,Active,EA,False,XGPREFAB,,,01t6A000000asLfQAI
"UPDATE (QuantityUnitOfMeasure, Sales_Part_Status__c, ACU_PMPLCM__c, Category__c)",090-8614,090-8614,FASTPACK SPACER KIT FOR SAMSUNG NJ690 SERIES,True,Active,EA,False,HOSP,,,01t2K000006NXhuQAG
"UPDATE (QuantityUnitOfMeasure, Sales_Part_Status__c, ACU_PMPLCM__c, Category__c)",095-8823,095-8823,FAST PACK FOR DST995,True,Active,EA,False,DS,,,01t6A000000bltUQAQ
"UPDATE (IsActive, QuantityUnitOfMeasure, Sales_Part_Status__c, ACU_PMPLCM__c, Category__c)",145-8029-2,145-8029-2,FAST PACK FOR VIDEO WALL,True,Active,EA,False,DS,,,01t2K000006S2CbQAK
"UPDATE (QuantityUnitOfMeasure, Sales_Part_Status__c, ACU_PMPLCM__c, Category__c)",145-8093-1,145-8093-1,FAST PACK FOR DS-S555-3X3,True,Active,EA,False,DS,,,01t2K000006W4edQAC
"UPDATE (IsActive, QuantityUnitOfMeasure, Sales_Part_Status__c, ACU_PMPLCM__c, Category__c)",145-8109,145-8109,FASTPACK FOR DS-C560-1X3,True,Active,EA,False,DS,,,01t2K000006SmorQAC
"UPDATE (IsActive, QuantityUnitOfMeasure, Sales_Part_Status__c, ACU_PMPLCM__c, Category__c)",145-8120,145-8120,"FASTPACK, SCREEN SIDE FOR VIDEO WALL",True,Active,EA,False,DS,,,01t2K000006S2CdQAK
"UPDATE (IsActive, QuantityUnitOfMeasure, Sales_Part_Status__c, ACU_PMPLCM__c, Category__c)",146-1889,146-1889,"WALL PLATE WELDMENT, LARGE FOR SAMSUMG IF MOUNT, BLK",True,Active,EA,False,DS,,,01t2K000006Sq66QAC
"UPDATE (IsActive, QuantityUnitOfMeasure, Sales_Part_Status__c, ACU_PMPLCM__c, Category__c)",146-1891,146-1891,"WALL PLATE WELDMENT, SMALL FOR SAMSUNG IF MOUNT, BLK",True,Active,EA,False,DS,,,01t2K000006Sq6BQAS
"UPDATE (QuantityUnitOfMeasure, Sales_Part_Status__c, ACU_PMPLCM__c, Category__c)",146-8005,146-8005,"FASTPACK, DS-VWRS",True,Active,EA,False,DS,,,01t2K000006VoTZQA0
"UPDATE (QuantityUnitOfMeasure, Sales_Part_Status__c, ACU_PMPLCM__c, Category__c)",146-T1802,146-T1802,"600mm DISPLAY ADAPTER FOR DSF265L, TBLK",True,Active,EA,False,DS,,,01t2K000004ZgQdQAK
"UPDATE (QuantityUnitOfMeasure, ACU_Item_Status__c, Sales_Part_Status__c)",180-0642,180-0642,EDGE LIT THERMAL BAR 49 XHB DISPLAY,True,No Purchases,EA,False,ET DD,,,01t6A000002hGbbQAE
"UPDATE (QuantityUnitOfMeasure, ACU_Item_Status__c, Sales_Part_Status__c)",180-W1608,180-W1608,"43 XHB SHELL PEM ASY, WRINKLE BLACK",True,Active,EA,False,ET DD,,,01t6A000002gZVbQAM
"UPDATE (QuantityUnitOfMeasure, ACU_Item_Status__c, Sales_Part_Status__c)",180-W1610L,180-W1610L,"43 XHB FRONT ASY, WRINKLE BLACK, Landscape",True,Active,EA,False,ET DD,,,01t6A000002hTrWQAU
"UPDATE (QuantityUnitOfMeasure, ACU_Item_Status__c, Sales_Part_Status__c)",180-W1615-1,180-W1615-1,"49 XHB SHELL PEM ASY, WRINKLE BLACK",True,Active,EA,False,ET DD,,,01t6A000002ZPaaQAG
"UPDATE (QuantityUnitOfMeasure, ACU_Item_Status__c, Sales_Part_Status__c)",180-W1622,180-W1622,"55 XHB SHELL PEM ASY, WRINKLE BLACK",True,No Purchases,EA,False,ET DD,,,01t6A000002gZVhQAM
"UPDATE (QuantityUnitOfMeasure, ACU_Item_Status__c, Sales_Part_Status__c)",180-W1661-1,180-W1661-1,49 XHB BACKPACK ASSEMBLY,True,Active,EA,False,ET DD,,,01t6A000002ZPa4QAG
"UPDATE (IsActive, QuantityUnitOfMeasure, ACU_Item_Status__c, Sales_Part_Status__c)",180-W1662-1,180-W1662-1,55 XHB BACKPACK ASSEMBLY,True,No Purchases,EA,False,ET DD,,,01t2K000006S2LjQAK
"UPDATE (IsActive, QuantityUnitOfMeasure, ACU_Item_Status__c, Sales_Part_Status__c)",180-W1666,180-W1666,"XHB2 BACKPACK LONG STIFFENER, WRINKLE BLACK",True,No Purchases,EA,False,ET DD,,,01t2K000006S2KAQA0
"UPDATE (Description, US_Description__c, IsActive, QuantityUnitOfMeasure, ACU_Item_Status__c, Sales_Part_Status__c)",180-W1667,180-W1667,"XHB2 BACKPACK SHORT STIFFENER, WRINKLE BLACK",True,No Purchases,EA,False,ET DD,,,01t2K000006S2I9QAK
"UPDATE (QuantityUnitOfMeasure, Sales_Part_Status__c, ACU_PMPLCM__c, Category__c)",202-T1854,202-T1854,WALL ADAPTER - RIGHT SIDE - MIS978-55P TBLK,True,No Purchases,EA,False,DS,,,01t6A000002gkzxQAA
"UPDATE (IsActive, QuantityUnitOfMeasure, ACU_Item_Status__c, Sales_Part_Status__c)",410-0034,410-0034,"DESSICANT, 6""X4"" CLAY TYVEK - 4 OZ",True,No Purchases,EA,False,ET DD,,,01t2K000006S2BEQA0
"UPDATE (QuantityUnitOfMeasure, ACU_Item_Status__c, Sales_Part_Status__c)",410-0151,410-0151,WIRE HARNESS - XHB2 - LVDS (MAIN TO T-CONN),True,No Purchases,EA,False,ET DD,,,01t6A000002ZPd2QAG
"UPDATE (QuantityUnitOfMeasure, ACU_Item_Status__c, Sales_Part_Status__c)",410-0158,410-0158,SENTINEL -24 MONITORING PCB,True,No Purchases,EA,False,ET DD,,,01t6A000003QCF4QAO
"UPDATE (IsActive, QuantityUnitOfMeasure, ACU_Item_Status__c, Sales_Part_Status__c)",520-9501,520-9501,"M6 X 1.0 THREAD X 20MM LONG, SHCS, SS BLK OX",True,No Purchases,EA,False,ET DD,,,01t2K000006S2NjQAK
"UPDATE (IsActive, QuantityUnitOfMeasure, ACU_Item_Status__c, Sales_Part_Status__c)",540-0714,540-0714,"WSHR, 6.4MM ID X 12MM OD X 1.4-1.8MM THICK, STAINLESS STEEL",True,Active,EA,False,ET DD,,,01t2K000006S2EsQAK
"UPDATE (QuantityUnitOfMeasure, Sales_Part_Status__c, ACU_PMPLCM__c, Category__c)",560-0926,560-0926,RIZE KWIK LOCK KL150,True,Active,EA,False,DS,,,01t2K000004ZgQiQAK
"UPDATE (IsActive, QuantityUnitOfMeasure, Sales_Part_Status__c, ACU_PMPLCM__c, Category__c)",560-1861,560-1861,"COMPRESSION SPRING, .42 OD X 1.00 LONG BLACK",True,No Request,EA,False,DS,,,01t2K000006XE9lQAG
"UPDATE (IsActive, QuantityUnitOfMeasure, ACU_Item_Status__c, Sales_Part_Status__c)",561-0063,561-0063,"M4 X 8MM PH FH, SS, BLK",True,No Purchases,EA,False,ET DD,,,01t2K000006S2GZQA0
"UPDATE (Description, US_Description__c, QuantityUnitOfMeasure, Sales_Part_Status__c, ACU_PMPLCM__c, Category__c)",565-0049A,565-0049A,KEY KSK-2 Key Num 0201 single key,True,Active,EA,False,HOSP,,,01t6A000000atOFQAY
"UPDATE (Description, US_Description__c, QuantityUnitOfMeasure, Sales_Part_Status__c, ACU_PMPLCM__c, Category__c)",565-0053A,565-0053A,KEY KSK-6 Key Num 0205,True,Active,EA,False,HOSP,,,01t6A000000arMaQAI
"UPDATE (Description, US_Description__c, QuantityUnitOfMeasure, Sales_Part_Status__c, ACU_PMPLCM__c, Category__c)",565-0056A,565-0056A,KEY KSK-9 Key Num 0208,True,Active,EA,False,HOSP,,,01t6A000000atAIQAY
"UPDATE (Description, US_Description__c, QuantityUnitOfMeasure, Sales_Part_Status__c, ACU_PMPLCM__c, Category__c)",565-0059A,565-0059A,KEY FDS-3250-K59 Key Num 2350,True,Active,EA,False,HOSP,,,01t6A000000atF4QAI
"UPDATE (IsActive, QuantityUnitOfMeasure, ACU_Item_Status__c, Sales_Part_Status__c)",570-1135,570-1135,MAIN BACKPACK SHORT GASKET XHB2 DISPLAY,True,No Purchases,EA,False,ET DD,,,01t2K000006S2EuQAK
"UPDATE (IsActive, QuantityUnitOfMeasure, ACU_Item_Status__c, Sales_Part_Status__c)",570-1137,570-1137,MAIN BACKPACK LONG GASKET XHB2 DISPLAY,True,No Purchases,EA,False,ET DD,,,01t2K000006S2LxQAK
"UPDATE (IsActive, QuantityUnitOfMeasure, ACU_Item_Status__c, Sales_Part_Status__c)",580-1520,580-1520,"HANDLE, ALUMINUM, XHB DISPLAYS",True,No Purchases,EA,False,ET DD,,,01t2K000006S2LyQAK
"UPDATE (IsActive, QuantityUnitOfMeasure, ACU_Item_Status__c, Sales_Part_Status__c)",591-1027,591-1027,"TUBE CAP, 3/4 X 1-1/2 X 14GA, FIN TYPE, BLK",True,Active,EA,False,FGMT,,,01t2K000006S2EvQAK
"UPDATE (IsActive, QuantityUnitOfMeasure, Sales_Part_Status__c, ACU_PMPLCM__c, Category__c)",981-0800,981-0800,"TUBE, FIBRE WND, 2.0"" DIA X 130"" LG",True,Active,EA,False,CORE,,,01t2K000006S2NqQAK
"UPDATE (IsActive, QuantityUnitOfMeasure, ACU_Item_Status__c, Sales_Part_Status__c)",981-0914,981-0914,"CTN, BROWN BOX FOR DS-VW765-LQR (CPR)",True,Active,EA,False,FGMT,,,01t2K000006S2BOQA0
"UPDATE (IsActive, QuantityUnitOfMeasure, Sales_Part_Status__c, ACU_PMPLCM__c, Category__c)",981-1001,981-1001,"CTN, FOR DS-VW775, BROWN BOX WITH PEERLESS LOGO",True,Active,EA,False,DS,,,01t2K000006S2ExQAK
"UPDATE (QuantityUnitOfMeasure, ACU_Item_Status__c, Sales_Part_Status__c)",981-2708,981-2708,CTN for CMJ PRODUCTS PLAIN (epson),True,Active,EA,False,XGPREFAB,,,01t6A000000atXIQAY
"UPDATE (IsActive, QuantityUnitOfMeasure, ACU_Item_Status__c, Sales_Part_Status__c)",981-3003,981-3003,CTN FOR DS-VW775-QR,True,Active,EA,False,FGMT,,,01t2K000006S2M4QAK
"UPDATE (IsActive, QuantityUnitOfMeasure, Sales_Part_Status__c, ACU_PMPLCM__c, Category__c)",982-0673,982-0673,INSERT FOR SF650(P),True,Active,EA,False,CORE,,,01t2K000006S2NvQAK
"UPDATE (IsActive, QuantityUnitOfMeasure, Sales_Part_Status__c, ACU_PMPLCM__c, Category__c)",982-0674,982-0674,INSERT FOR SF660(P),True,Active,EA,False,CORE,,,01t2K000006S2M5QAK
"UPDATE (IsActive, QuantityUnitOfMeasure, Sales_Part_Status__c, ACU_PMPLCM__c, Category__c)",982-0690,982-0690,INSERT FOR PA762,True,Active,EA,False,KIOSK,,,01t2K000006S2M6QAK
"UPDATE (QuantityUnitOfMeasure, ACU_Item_Status__c, Sales_Part_Status__c)",982-2411,982-2411,"INSERT, 8X6"" DIE CUT EC48 W/ 2X2"" CTR CUTOUT",True,Active,EA,False,XGPREFAB,,,01t6A000000atXJQAY
"UPDATE (IsActive, QuantityUnitOfMeasure, ACU_Item_Status__c, Sales_Part_Status__c)",983-1754-1,983-1754-1,XHB INPUT PANEL LABEL - POLYCARB/300LSE ADHESIVE,True,No Purchases,EA,False,ET DD,,,01t2K000006S2GfQAK
"UPDATE (QuantityUnitOfMeasure, Sales_Part_Status__c)",ACC-M850H,ACC-M850H,"Security Fast Pack, M8 x 50mm (4pcs)",True,Active,EA,False,HOSP,Active,MOUNT,01t6A000002ZfjKQAS
"UPDATE (QuantityUnitOfMeasure, Sales_Part_Status__c)",ACC-V2X2,ACC-V2X2,VESA 200X200 ADAPTOR KIT,True,No Purchases,EA,False,CORE,Use Up,MOUNT,01t6A000000aqyiQAA
"UPDATE (QuantityUnitOfMeasure, Sales_Part_Status__c)",ACC-VDK,ACC-VDK,Vibration Dampening Kit,True,Active,EA,False,HOSP,Use Up,MOUNT,01t6A000000asIPQAY
"UPDATE (Description, US_Description__c, QuantityUnitOfMeasure, ACU_Item_Status__c, Sales_Part_Status__c, US_Price_Group_Name__c)",CL-DVL200,CL-DVL200,clean,True,Active,EA,False,FGMT,,,01t6A000000arpwQAA
"UPDATE (QuantityUnitOfMeasure, Sales_Part_Status__c)",IB14X14C-W,IB14X14C-W,In-wall Box Cover for the IB14X14-W,True,Active,EA,False,CORE,Active,MOUNT,01t2K00000CgLZkQAN
"UPDATE (QuantityUnitOfMeasure, Sales_Part_Status__c)",IB14X9C-W,IB14X9C-W,In-wall Box Cover for the IB14X9-W,True,Active,EA,False,CORE,Active,MOUNT,01t2K00000AoGhDQAV
"UPDATE (Description, US_Description__c, QuantityUnitOfMeasure, ACU_Item_Status__c, Sales_Part_Status__c)",JELCO CASE,JELCO CASE,(NOT FOR SALE) JELCO ROLLING CASE (MP INTERNAL USE ONLY),True,Active,EA,False,ET DD,,,01t6A000000asRUQAY
INSERT,180-W1635,180-W1635,"XHB2 TOP GLAND BRACKET, WRINKLE BLACK",True,No Purchases,EA,False,ET WIRE,,,
"UPDATE (IsActive, QuantityUnitOfMeasure, ACU_Item_Status__c, Sales_Part_Status__c)",180-W1673-5,180-W1673-5,"ELECTRONIC CHASSIS ASSEMBLY XHB2 DISPLAY; (5V/12V Funtionality, IR EXT CONTROL), 49 , 55",True,No Purchases,EA,False,ET WIRE,,,01t2K000006S2GMQA0
"UPDATE (IsActive, QuantityUnitOfMeasure, ACU_Item_Status__c, Sales_Part_Status__c)",210-9050,210-9050,FASTPACK FOR XHB2,True,Active,EA,False,ET DD,,,01t2K000006S2KCQA0
"UPDATE (QuantityUnitOfMeasure, ACU_Item_Status__c, Sales_Part_Status__c)",410-0058,410-0058,IR & LIGHT SENSOR WIRE HARNESS,True,Active,EA,False,ET DD,,,01t6A000000ar6eQAA
"UPDATE (IsActive, QuantityUnitOfMeasure, ACU_Item_Status__c, Sales_Part_Status__c)",410-0145-1,410-0145-1,WIRE HARNESS – XHB2 - MONITOR (RIMS) TO LED DRIVER – 43 (4 WIRE),False,Inactive,EA,False,ET DD,,,01t6A000002ZgmEQAS
"UPDATE (QuantityUnitOfMeasure, ACU_Item_Status__c, Sales_Part_Status__c)",410-0146,410-0146,WIRE HARNESS – XHB2 - MONITOR (RIMS) TO LED DRIVER – 49/55,True,Active,EA,False,ET DD,,,01t6A000002ZlnwQAC
"UPDATE (IsActive, QuantityUnitOfMeasure, ACU_Item_Status__c, Sales_Part_Status__c)",410-0155-UL,410-0155-UL,"BRK-4500 SMPS PCB, UL",True,Active,EA,False,ET DD,,,01t2K000006S2GRQA0
"UPDATE (Description, US_Description__c, QuantityUnitOfMeasure, ACU_Item_Status__c, Sales_Part_Status__c)",410-1032,410-1032,"Waterproof Universal remote, X",True,No Purchases,EA,False,ET DD,,,01t6A000000aqfUQAQ
"UPDATE (IsActive, QuantityUnitOfMeasure, Sales_Part_Status__c, ACU_PMPLCM__c, Category__c)",410-1088-R,410-1088-R,"GRAY CABLE GROMMET 6MM, (KT6), RED MARKED",True,Active,EA,False,ET,,,01t2K000006S2CuQAK
"UPDATE (IsActive, QuantityUnitOfMeasure, Sales_Part_Status__c, ACU_PMPLCM__c, Category__c)",410-1090-R,410-1090-R,"GRAY CABLE GROMMET 8MM, (KT8), RED MARKED",True,Active,EA,False,ET,,,01t2K000006S2IKQA0
"UPDATE (IsActive, QuantityUnitOfMeasure, Sales_Part_Status__c, ACU_PMPLCM__c, Category__c)",410-1096-R,410-1096-R,"GRAY CABLE GROMMET 2-6MM, (KT2-6), RED MARKED",True,Active,EA,False,ET,,,01t2K000006S2NiQAK
"UPDATE (QuantityUnitOfMeasure, ACU_Item_Status__c, Sales_Part_Status__c)",410-1098,410-1098,"GRAY CABLE GROMMET 7MM, (KT7)",True,No Purchases,EA,False,ET DD,,,01t2K000004Zk2TQAS
"UPDATE (IsActive, QuantityUnitOfMeasure, Sales_Part_Status__c, ACU_PMPLCM__c, Category__c)",410-1100-R,410-1100-R,"GRAY CABLE GROMMET 2-4MM, (KT2-4), RED MARKED",True,Active,EA,False,ET,,,01t2K000006S2EnQAK
"UPDATE (QuantityUnitOfMeasure, ACU_Item_Status__c, Sales_Part_Status__c)",410-1101,410-1101,"GRAY CABLE GROMMET 2-7MM, (KT2-7)",True,No Purchases,EA,False,ET DD,,,01t2K000004Zk2OQAS
"UPDATE (QuantityUnitOfMeasure, ACU_Item_Status__c, Sales_Part_Status__c)",410-1102,410-1102,"GRAY CABLE GROMMET 2-8MM, (KT2-8)",True,No Purchases,EA,False,ET DD,,,01t2K000004Zk2YQAS
"UPDATE (QuantityUnitOfMeasure, ACU_Item_Status__c, Sales_Part_Status__c)",410-1202,410-1202,8FT OUTDOOR POWER CORD -  IEC TO EU (BLK),True,Active,EA,False,ET DD,,,01t6A000002ZQy3QAG
"UPDATE (QuantityUnitOfMeasure, ACU_Item_Status__c, Sales_Part_Status__c)",410-1203,410-1203,8FT OUTDOOR POWER CORD -  IEC TO UK (BLK),True,Active,EA,False,ET DD,,,01t6A000002ZQy8QAG
"UPDATE (IsActive, QuantityUnitOfMeasure, ACU_Item_Status__c, Sales_Part_Status__c)",560-0931,560-0931,"VELCRO STRAP W/ BUCKLE, BLACK, 36"" X 1""",True,Active,EA,False,ET DD,,,01t2K000006S2NmQAK
"UPDATE (QuantityUnitOfMeasure, ACU_Item_Status__c, Sales_Part_Status__c)",591-1019,591-1019,"49"" ULTRAVIEW DUST COVER",True,No Purchases,EA,False,ET WIRE,,,01t6A000002ZPb5QAG
"UPDATE (QuantityUnitOfMeasure, ACU_Item_Status__c, Sales_Part_Status__c)",591-1020,591-1020,"55"" ULTRAVIEW DUST COVER",True,No Purchases,EA,False,ET DD,,,01t6A000002ZPa6QAG
"UPDATE (IsActive, QuantityUnitOfMeasure, ACU_Item_Status__c, Sales_Part_Status__c)",981-3019,981-3019,"CTN, BROWN PLAIN FOR XHB432 BOTTOM TRAY",False,Inactive,EA,False,ET DD,,,01t2K000006KBnqQAG
"UPDATE (IsActive, QuantityUnitOfMeasure, ACU_Item_Status__c, Sales_Part_Status__c)",981-3020,981-3020,"CTN, BROWN PLAIN FOR XHB432 TOP/OUTER",False,Inactive,EA,False,ET DD,,,01t2K000006KBnlQAG
"UPDATE (QuantityUnitOfMeasure, ACU_Item_Status__c, Sales_Part_Status__c)",981-3021,981-3021,"CTN, BROWN PLAIN FOR XHB492 TOP/OUTER",True,No Purchases,EA,False,ET DD,,,01t6A000002Znh0QAC
"UPDATE (QuantityUnitOfMeasure, ACU_Item_Status__c, Sales_Part_Status__c)",981-3022,981-3022,"CTN, BROWN PLAIN FOR XHB552 TOP/OUTER",True,No Purchases,EA,False,ET DD,,,01t2K000006KX4EQAW
"UPDATE (QuantityUnitOfMeasure, ACU_Item_Status__c, Sales_Part_Status__c)",981-3023,981-3023,"CTN, BROWN PLAIN FOR XHB492 BOTTOM TRAY",True,No Purchases,EA,False,ET DD,,,01t6A000002ZnhKQAS
"UPDATE (QuantityUnitOfMeasure, ACU_Item_Status__c, Sales_Part_Status__c)",981-3024,981-3024,"CTN, BROWN PLAIN FOR XHB552 BOTTOM TRAY",True,No Purchases,EA,False,ET DD,,,01t2K000006KX49QAG
"UPDATE (QuantityUnitOfMeasure, ACU_Item_Status__c, Sales_Part_Status__c)",982-1986,982-1986,INSERT FOR XHB2 BOTTOM CENTER SUPPORT,True,No Purchases,EA,False,ET DD,,,01t6A000002ZnhAQAS
"UPDATE (QuantityUnitOfMeasure, ACU_Item_Status__c, Sales_Part_Status__c)",982-1987,982-1987,INSERT FOR XHB2 BOTTOM  FOAM LEFT,True,No Purchases,EA,False,ET DD,,,01t6A000002Znh5QAC
"UPDATE (QuantityUnitOfMeasure, ACU_Item_Status__c, Sales_Part_Status__c)",982-1988,982-1988,INSERT FOR XHB2 TOP RIGHT FOAM CORNER,True,No Purchases,EA,False,ET DD,,,01t6A000002Znh6QAC
"UPDATE (QuantityUnitOfMeasure, ACU_Item_Status__c, Sales_Part_Status__c)",982-1989,982-1989,INSERT FOR XHB2 TOP LEFT FOAM CORNER,True,No Purchases,EA,False,ET DD,,,01t6A000002ZnhBQAS
"UPDATE (QuantityUnitOfMeasure, ACU_Item_Status__c, Sales_Part_Status__c)",982-1990,982-1990,INSERT FOR XHB2 BOTTOM RIGHT FOAM CORNER,True,No Purchases,EA,False,ET DD,,,01t6A000002ZnhFQAS
"UPDATE (QuantityUnitOfMeasure, Sales_Part_Status__c)",ACCD-05K,ACCD-05K,UltraView 5V Accessory Kit,True,Active,EA,False,ET,Active,TV,01t6A000000arzFQAQ
"UPDATE (QuantityUnitOfMeasure, Sales_Part_Status__c)",ACCD-12K,ACCD-12K,UltraView 12V Accessory Kit,True,Active,EA,False,ET,Active,TV,01t6A000000asDaQAI
"UPDATE (QuantityUnitOfMeasure, Sales_Part_Status__c)",ACCD-ALG,ACCD-ALG,UltraView Analog Accessory Kit,True,Active,EA,False,ET,Active,TV,01t6A000000aqmzQAA
"UPDATE (Description, US_Description__c, QuantityUnitOfMeasure, Sales_Part_Status__c)",ACCD-ALS,ACCD-ALS,AMBIENT LIGHT SENSOR EXTENDER,True,Active,EA,False,ET,Active,TV,01t6A000002ZjV9QAK
"UPDATE (QuantityUnitOfMeasure, Sales_Part_Status__c)",ACCD-PCB,ACCD-PCB,XHB Power Cable - 8' - BLK - Outdoor Rated,True,Active,EA,False,ET,Active,TV,01t6A000000arghQAA
"UPDATE (QuantityUnitOfMeasure, ACU_Item_Status__c, Sales_Part_Status__c, US_Price_Group_Name__c, Category__c)",ACCD-REM01,ACCD-REM01,Accessory Box for410-0049,True,Active,EA,False,ET DD,,TV,01t2K000004ZhghQAC
"UPDATE (QuantityUnitOfMeasure, Sales_Part_Status__c)",ACCD-REM02,ACCD-REM02,Peerless-AV Outdoor Rated Learning Remote,True,Active,EA,False,ET,Active,TV,01t2K000006XHu1QAG
"UPDATE (QuantityUnitOfMeasure, ACU_Item_Status__c, Sales_Part_Status__c, ACU_PMPLCM__c, Category__c)",CL-42PLC68-B,CL-42PLC68-B,"42"" CIIL XTREME SEALED LCD DISPLAY - IP68 B STOCK",True,Active,EA,False,ET DD,Active,TV,01t6A000000arrCQAQ
"UPDATE (QuantityUnitOfMeasure, ACU_Item_Status__c, Sales_Part_Status__c, ACU_PMPLCM__c, Category__c)",CL-47PLC68-B,CL-47PLC68-B,"47"" XTREME SEALED LCD DISPLAY - IP68 - BLK B STOCK",True,Active,EA,False,ET DD,Active,TV,01t6A000000arrDQAQ
"UPDATE (QuantityUnitOfMeasure, ACU_Item_Status__c, Sales_Part_Status__c, ACU_PMPLCM__c, Category__c)",CL-PWR-AUS,CL-PWR-AUS,Xtreme Power Cord for Australia,True,Active,EA,False,ET DD,Active,TV,01t6A000000aspJQAQ
"UPDATE (IsActive, QuantityUnitOfMeasure, ACU_Item_Status__c, Sales_Part_Status__c, ACU_PMPLCM__c)",ECN38039,ECN38039,FG XHB652,False,Inactive,EA,False,ET DD,Active,,01t6A000003QCWhQAO
"UPDATE (IsActive, QuantityUnitOfMeasure, Sales_Part_Status__c, ACU_PMPLCM__c)",XHB553-EUK,XHB553-EUK,"55"" XTREME HIGH BRIGHT OUTDOOR DISPLAY FOR EMEA",False,Inactive,EA,False,ET,,TV,01t2K000006SvGNQA0
"UPDATE (Description, US_Description__c, IsActive, QuantityUnitOfMeasure, ACU_Item_Status__c, Sales_Part_Status__c, Category__c)",XHB652-EUK,XHB652-EUK,"65"" XTREME HIGH BRIGHT SEALED LCD DISPLAY - IP66 - BLK, Optically Bonded 2500Cd/m2",False,Inactive,EA,False,ET DD,,TV,01t6A000000bVzzQAE
"UPDATE (QuantityUnitOfMeasure, Sales_Part_Status__c, ACU_PMPLCM__c, Category__c)",091-1036,091-1036,"SUPPORT TUBE HP447/HP455 ASSY, BLK",True,Active,EA,False,HOSP,,,01t6A000002Zg0dQAC
"UPDATE (QuantityUnitOfMeasure, Sales_Part_Status__c, ACU_PMPLCM__c, Category__c)",125-1545,125-1545,"WALL PLATE FOR DST940, BLK",True,Active,EA,False,DS,,,01t2K000006NXiEQAW
"UPDATE (IsActive, QuantityUnitOfMeasure, Sales_Part_Status__c, ACU_PMPLCM__c, Category__c)",146-4806,146-4806,"DECORATIVE PLATE, CEILING, 2 PIECE FOR DSF265, SLV",True,Active,EA,False,DS,,,01t2K000006S2B7QAK
"UPDATE (QuantityUnitOfMeasure, Sales_Part_Status__c, ACU_PMPLCM__c, Category__c)",146-T1321,146-T1321,"BRACKET, CORD MGT, DS-VWC, TBLK",True,Active,EA,False,DS,,,01t2K000006KBsbQAG
"UPDATE (IsActive, QuantityUnitOfMeasure, Sales_Part_Status__c, ACU_PMPLCM__c, Category__c)",201-P1090,201-P1090,"SWIVEL BOX - PLA50/60 WLD, PBLK",True,Active,EA,False,CORE,,,01t2K000006X7fLQAS
INSERT,201-T1945,201-T1945,"650 OPEN WALL PLT, ASSY, TBLK",True,No Request,EA,False,CORE,,,
"UPDATE (QuantityUnitOfMeasure, Sales_Part_Status__c, ACU_PMPLCM__c, Category__c)",202-1532,202-1532,"HOOK ADAPTER BRACKET ASM, DSF290, BLK",True,Active,EA,False,DS,,,01t2K000006NXmbQAG
"UPDATE (Description, US_Description__c, QuantityUnitOfMeasure, Sales_Part_Status__c, ACU_PMPLCM__c, Category__c)",565-0058A,565-0058A,KEY FDS-3250-K58 Key Num 2327,True,Active,EA,False,HOSP,,,01t6A000000aqhJQAQ
"UPDATE (IsActive, QuantityUnitOfMeasure, Sales_Part_Status__c, ACU_PMPLCM__c, Category__c)",981-0913,981-0913,"CTN, BROWN BOX FOR DS-VW765-LAND (CPR)",True,Active,EA,False,DS,,,01t2K00000ChphEQAR
"UPDATE (IsActive, QuantityUnitOfMeasure, Sales_Part_Status__c, US_Price_Group_Name__c, ACU_PMPLCM__c, Category__c)",981-2905,981-2905,"CTN, RETAIL TVT665",True,Active,EA,False,CORE,,,01tPW00000EtlflYAB
"UPDATE (QuantityUnitOfMeasure, Sales_Part_Status__c)",ACC-MBCR1,ACC-MBCR1,"Menu Board Connector, Connects Ceiling Mounts",True,Active,EA,False,DS,Active,MOUNT,01t2K00000ApChsQAF
"UPDATE (Description, US_Description__c, IsActive, QuantityUnitOfMeasure, ACU_Item_Status__c, Sales_Part_Status__c)",981-1019,981-1019,"CARTON, BROWN BOX, ULINE (S-14280) 26 X 20 X 4",True,Active,EA,False,FGMT,,,01t2K000006S2D5QAK
"UPDATE (Description, US_Description__c, QuantityUnitOfMeasure, Sales_Part_Status__c)",DS-VW775-QR,DS-VW775-QR,"SMARTMOUNT® FULL SERVICE WALL MOUNT FOR 46"" TO 60"" DISPLAYS, PUSH TO RELEASE VERSION",True,Active,EA,True,DS,Active,MOUNT,01t6A000000aqqDQAQ
"UPDATE (Description, US_Description__c, QuantityUnitOfMeasure, Sales_Part_Status__c)",DS-VW795-QR,DS-VW795-QR,"SmartMount® Full Service Video Wall Mt w Quick Release
 for 65"" to 98"" Displays",True,Active,EA,True,DS,Active,MOUNT,01t6A000000arUqQAI
"UPDATE (US_Description__c, QuantityUnitOfMeasure, Sales_Part_Status__c)",DS-VWM770,DS-VWM770,"SmartMount® Special Purpose Video Wall Mount For 46"" to 70"" Displays",True,Active,EA,False,DS,Active,MOUNT,01t6A000000at18QAA
"UPDATE (US_Description__c, QuantityUnitOfMeasure, ACU_Item_Status__c, Sales_Part_Status__c, ACU_PMPLCM__c)",DS-VWT955-2X2,DS-VWT955-2X2,"SmartMount® 2x2 Video Wall Ceiling Mount For 40"" to 55"" Displays 2x2 Configuration",True,No Purchases,EA,False,DS,,MOUNT,01t6A000000asYUQAY
"UPDATE (QuantityUnitOfMeasure, Sales_Part_Status__c)",DS334,DS334,Media Player Mounting Bracket,True,No Purchases,EA,False,DS,Use Up,MOUNT,01t6A000000arGYQAY
"UPDATE (QuantityUnitOfMeasure, Sales_Part_Status__c)",DS496,DS496,Media Player Mounting Plate for Apple Mac Mini Computer,True,No Purchases,EA,False,DS,Use Up,MOUNT,01t6A000000arQUQAY
"UPDATE (QuantityUnitOfMeasure, Sales_Part_Status__c)",DS508,DS508,"Univ Tilt Wall Mount with Media Storage (fits up to 14.9"" x 13.3"" x 3.95"")",True,No Purchases,EA,False,DS,Use Up,MOUNT,01t6A000000asynQAA
"UPDATE (QuantityUnitOfMeasure, Sales_Part_Status__c)",DS509,DS509,"Univ Tilt Wall Mount with Media Storage (fits up to 14.9"" x 9.0"" x 2.0"")",True,No Purchases,EA,False,DS,Use Up,MOUNT,01t6A000000as1JQAQ
"UPDATE (QuantityUnitOfMeasure, Sales_Part_Status__c)",DSF210-GHC,DSF210-GHC,"Gondola Mount with Half Cover, for Samsung DB10D",True,No Purchases,EA,False,DS,Use Up,MOUNT,01t6A000000arjmQAA
"UPDATE (QuantityUnitOfMeasure, Sales_Part_Status__c)",DSF210-SFC,DSF210-SFC,"Shelf Mount with Full Cover, for Samsung DB10D",True,Active,EA,False,DS,Use Up,MOUNT,01t6A000000areVQAQ
"UPDATE (QuantityUnitOfMeasure, Sales_Part_Status__c)",DSF210-SHC,DSF210-SHC,"Shelf Mount with Half Cover, for Samsung DB10D",True,Active,EA,False,DS,Use Up,MOUNT,01t6A000000arjoQAA
"UPDATE (IsActive, QuantityUnitOfMeasure, Sales_Part_Status__c, ACU_PMPLCM__c)",DSF265L,DSF265L,"Cable Mount, Landscape",False,Inactive,EA,False,DS,,MOUNT,01t6A000000arCdQAI
"UPDATE (IsActive, QuantityUnitOfMeasure, Sales_Part_Status__c, ACU_PMPLCM__c)",DSF265P,DSF265P,"Cable Mount, Portrait",False,Inactive,EA,False,DS,,MOUNT,01t6A000000arCcQAI
"UPDATE (QuantityUnitOfMeasure, Sales_Part_Status__c)",DSF290,DSF290,"Truss Mount for 12"" truss with 2"" Outer Diameter Tubing For 40"" to 90"" Displays",True,Active,EA,False,DS,Active,MOUNT,01t6A000000asQsQAI
"UPDATE (QuantityUnitOfMeasure, Sales_Part_Status__c)",DST360,DST360,"Flat/Tilt Wall or Ceiling Mount with Media Device Storage for 26"" to 60"" Displays (single sided, mounts one display)",True,Active,EA,False,DS,Active,MOUNT,01t6A000000asAEQAY
"UPDATE (US_Description__c, QuantityUnitOfMeasure, Sales_Part_Status__c)",DST660,DST660,"SmartMount® Flat/Tilt Wall Mount with Media Device Storage for 40"" to 60"" Displays",True,Active,EA,False,DS,Active,MOUNT,01t6A000000aqy2QAA
"UPDATE (QuantityUnitOfMeasure, Sales_Part_Status__c)",DST940,DST940,"Dual Display Ceiling Mount System (for 37""-46"" Flat Panel Displays)",True,Active,EA,False,DS,Active,MOUNT,01t6A000000aryKQAQ
"UPDATE (QuantityUnitOfMeasure, Sales_Part_Status__c)",DST940-BTB,DST940-BTB,Back to Back Dual Display Ceiling Mount System,True,No Purchases,EA,False,DS,Use Up,MOUNT,01t6A000000arfiQAA
"UPDATE (QuantityUnitOfMeasure, Sales_Part_Status__c)",DST942-6,DST942-6,"Multi-Display Ceiling Mount with Six Telescoping Arms For 37"" to 42"" Displays",True,Active,EA,False,DS,Active,MOUNT,01t6A000000arNtQAI
"UPDATE (US_Description__c, QuantityUnitOfMeasure, Sales_Part_Status__c)",DST965,DST965,"SmartMount® Back-to-Back Ceiling Mount with Media Device Storage For 40"" to 65"" Displays",True,Active,EA,False,DS,Active,MOUNT,01t6A000000as4uQAA
"UPDATE (QuantityUnitOfMeasure, Sales_Part_Status__c)",DST970X2,DST970X2,"Dual-Display Ceiling Mount for 40"" to 70"" Displays (Display size depends on positioning)",True,Active,EA,False,DS,Active,MOUNT,01t6A000000atc5QAA
"UPDATE (QuantityUnitOfMeasure, Sales_Part_Status__c)",DST975-4,DST975-4,"Multi-Display Ceiling Mount with Four Telescoping Arms For 37"" to 75"" Displays",True,Active,EA,False,DS,Active,MOUNT,01t6A000000arNuQAI
"UPDATE (QuantityUnitOfMeasure, Sales_Part_Status__c)",DST980-3,DST980-3,"Multi-Display Ceiling Mount with Three Telescoping Arms For 37"" to 80"" Displays",True,Active,EA,False,DS,Active,MOUNT,01t6A000000at33QAA
"UPDATE (US_Description__c, QuantityUnitOfMeasure, Sales_Part_Status__c)",DST995,DST995,"SmartMount® Flat/Tilt Universal Ceiling Mount with Media Device Storage For 40"" to 95"" Displays",True,Active,EA,False,DS,Active,MOUNT,01t6A000000arneQAA
"UPDATE (QuantityUnitOfMeasure, Sales_Part_Status__c)",DSX750,DSX750,MEDIA PLAYER HOLDER ACCESSORY,True,Active,EA,False,DS,Active,MOUNT,01t6A000000atLlQAI
"UPDATE (Description, US_Description__c, QuantityUnitOfMeasure, Sales_Part_Status__c)",EDS-VW765-LAND,EDS-VW765-LAND,"20 MOQ, OUTDOOR VIDEO WALL MOUNT- LANDSCAPE",True,Active,EA,False,DS,Active,MOUNT,01t6A000000asbTQAQ
"UPDATE (QuantityUnitOfMeasure, Sales_Part_Status__c)",EPA762PU,EPA762PU,"Outdoor Wall Mount for 42-75"" TV's",True,Active,EA,True,CORE,Active,MOUNT,01t6A000000arABQAY
"UPDATE (QuantityUnitOfMeasure, Sales_Part_Status__c, ACU_Authorization_Required__c, US_Price_Group_Name__c)",EPA762PU-CC,EPA762PU-CC,"Outdoor Wall Mount for 42-75"" TV's",True,Active,EA,False,CORE,Active,MOUNT,01t6A000000bQNuQAM
"UPDATE (QuantityUnitOfMeasure, Sales_Part_Status__c)",EPT630,EPT630,"Outdoor Tilt Wall Mount for 22"" to 40"" TV's",True,Active,EA,False,CORE,Active,MOUNT,01t6A000000arACQAY
"UPDATE (QuantityUnitOfMeasure, Sales_Part_Status__c)",EPT650,EPT650,"Outdoor Universal Tilt Wall Mount For 32"" to 75"" TV's",True,Active,EA,True,CORE,Active,MOUNT,01t6A000000aryTQAQ
"UPDATE (QuantityUnitOfMeasure, Sales_Part_Status__c, ACU_Authorization_Required__c, US_Price_Group_Name__c)",EPT650-CC,EPT650-CC,"Outdoor Universal Tilt Wall Mount For 32"" to 75"" TV's",True,Active,EA,False,CORE,Active,MOUNT,01t6A000000atTAQAY
"UPDATE (Description, US_Description__c, QuantityUnitOfMeasure, Sales_Part_Status__c)",ESA763PU,ESA763PU,"Outdoor Universal Articulating Wall Mount For 32"" to 86"" TV's",True,Active,EA,True,CORE,Active,MOUNT,01t6A000000aqy1QAA
"UPDATE (QuantityUnitOfMeasure, Sales_Part_Status__c)",ESF655P,ESF655P,"Outdoor Universal Flat Wall Mount for 42"" to 80"" - Portrait",True,Active,EA,True,CORE,Active,MOUNT,01t6A000000ascPQAQ
"UPDATE (QuantityUnitOfMeasure, Sales_Part_Status__c)",ESF686,ESF686,Outdoor Flat Wall Mount for XHB652 and UV862,True,Active,EA,True,CORE,Active,MOUNT,01t2K000006S1F8QAK
"UPDATE (QuantityUnitOfMeasure, Sales_Part_Status__c)",EST655P,EST655P,Outdoor Universal Tilting Mount - Portrait,True,Active,EA,False,CORE,Active,MOUNT,01t6A000000asLUQAY
"UPDATE (QuantityUnitOfMeasure, Sales_Part_Status__c)",EWL-49XE4F,EWL-49XE4F,"Outdoor Tilt Wall Mount for LG 49XE4F, Landscape",True,Active,EA,False,CORE,Active,MOUNT,01t2K000006SlCRQA0
"UPDATE (QuantityUnitOfMeasure, Sales_Part_Status__c)",EWL-55XE4F,EWL-55XE4F,"Outdoor Tilt Wall Mount for LG 55XE4F, Landscape",True,Active,EA,False,CORE,Active,MOUNT,01t2K000006XFEIQA4
"UPDATE (QuantityUnitOfMeasure, Sales_Part_Status__c)",EWMU,EWMU,"Wind Rated Tilt Wall Mount For 32"" to 65"" Outdoor TV's",True,Active,EA,False,CORE,Active,MOUNT,01t6A000000asuDQAQ
"UPDATE (QuantityUnitOfMeasure, Sales_Part_Status__c)",EWP-49XE4F,EWP-49XE4F,"Outdoor Tilt Wall Mount for LG 49XE4F, Portrait",True,Active,EA,False,CORE,Active,MOUNT,01t2K000006SlCSQA0
"UPDATE (QuantityUnitOfMeasure, Sales_Part_Status__c)",EWP-55XE4F,EWP-55XE4F,"Outdoor Tilt Wall Mount for LG 55XE4F, Portrait",True,Active,EA,False,CORE,Active,MOUNT,01t2K000006XFEJQA4
"UPDATE (QuantityUnitOfMeasure, Sales_Part_Status__c)",FLD-UNV,FLD-UNV,"UNIV FLAT PANEL LOCKDOWN KIT, BLK",True,No Purchases,EA,False,HOSP,Use Up,MOUNT,01t6A000000arPbQAI
"UPDATE (QuantityUnitOfMeasure, ACU_Item_Status__c, Sales_Part_Status__c, ACU_PMPLCM__c, Category__c)",FMFM,FMFM,FM 400X400 Flat Wall Mount,True,Active,EA,False,CONS,Active,MOUNT,01t6A000002ZPbDQAW
"UPDATE (QuantityUnitOfMeasure, Sales_Part_Status__c)",FPS-1000,FPS-1000,"FLAT PANEL PULLOUT SWIVEL MNT, BLK",True,Active,EA,False,HOSP,Use Up,MOUNT,01t6A000000as2SQAQ
"UPDATE (Description, US_Description__c, QuantityUnitOfMeasure, Sales_Part_Status__c)",FPZ-600,FPZ-600,"Flat Panel Stand For 50"" to 90"" Displays",True,Active,EA,False,CORE,Active,MOUNT,01t6A000000aqgHQAQ
"UPDATE (QuantityUnitOfMeasure, Sales_Part_Status__c)",FS-MIS38426,FS-MIS38426,1x2 Free Standing   Desktop Mt -for 43/49 Curved Samsungs,True,No Purchases,EA,False,CORE,Use Up,MOUNT,01t2K000006WSOJQA4
"UPDATE (Description, US_Description__c, QuantityUnitOfMeasure, Sales_Part_Status__c)",H-RWMB,H-RWMB,"Rotational W Mt Bundle- PLPV6x4,SF16D,RM12W",True,No Purchases,EA,False,HOSP,Use Up,MOUNT,01t6A000000atT9QAI
"UPDATE (QuantityUnitOfMeasure, Sales_Part_Status__c)",HA746-STB,HA746-STB,Artic.Wall Mount with Set Top Box Cover,True,Active,EA,True,HOSP,Active,MOUNT,01t6A000000atTdQAI
"UPDATE (QuantityUnitOfMeasure, Sales_Part_Status__c)",HA747PU,HA747PU,HOSPITALITY ARTIC  WALL MT- NO TILT,True,Active,EA,False,HOSP,Use Up,MOUNT,01t6A000000asp2QAA
"UPDATE (QuantityUnitOfMeasure, Sales_Part_Status__c)",HL4UN-002,HL4UN-002,SAMSUNG SECURITY HARDWARE KIT,True,No Purchases,EA,False,HOSP,Use Up,MOUNT,01t6A000000atVbQAI
"UPDATE (QuantityUnitOfMeasure, Sales_Part_Status__c)",HL4UN-002-Q10,HL4UN-002-Q10,SAMSUNG SECURITY HARDWARE KIT- 10PK,True,No Purchases,EA,False,HOSP,Use Up,MOUNT,01t6A000000atVcQAI
"UPDATE (QuantityUnitOfMeasure, Sales_Part_Status__c)",HLC-KIT,HLC-KIT,SAFETY AND SECURITY CABLE KIT,True,Active,EA,False,HOSP,Use Up,MOUNT,01t6A000000aqpaQAA
"UPDATE (Description, US_Description__c, QuantityUnitOfMeasure, Sales_Part_Status__c)",HLC-KIT-Q10,HLC-KIT-Q10,SAFETY AND SECURITY CABLE KIT QUANTITY 10,True,Active,EA,False,HOSP,Active,MOUNT,01t6A000000aqpbQAA
"UPDATE (QuantityUnitOfMeasure, Sales_Part_Status__c)",HP432-002,HP432-002,"Desktop Swivel Mount, BLK",True,Active,EA,False,HOSP,Use Up,MOUNT,01t6A000000arT8QAI
"UPDATE (QuantityUnitOfMeasure, Sales_Part_Status__c)",HP432-002-S,HP432-002-S,"Desktop Swivel Mount, SLV",True,No Purchases,EA,False,HOSP,Use Up,MOUNT,01t6A000000arEhQAI
"UPDATE (QuantityUnitOfMeasure, Sales_Part_Status__c)",HP447,HP447,"DESKTOP SWIVEL ADJUSTABLE 2X1, 2X2",True,Active,EA,False,HOSP,Use Up,MOUNT,01t6A000000ar00QAA
"UPDATE (QuantityUnitOfMeasure, Sales_Part_Status__c, ACU_PMPLCM__c)",HP450,HP450,DESKTOP SWIVEL UNV WITH PLP-UNL,True,No Purchases,EA,False,HOSP,,MOUNT,01t6A000000ar1XQAQ
"UPDATE (QuantityUnitOfMeasure, Sales_Part_Status__c)",HP455,HP455,DESKTOP SWIVEL UNV,True,Active,EA,False,HOSP,Active,MOUNT,01t6A000000aqzzQAA
"UPDATE (QuantityUnitOfMeasure, Sales_Part_Status__c)",HPF-OLED,HPF-OLED,Pull Out Pivot Wall Mount for LG OLED 55/65EW960H,True,No Purchases,EA,False,CORE,Use Up,MOUNT,01t6A000000arEBQAY
"UPDATE (QuantityUnitOfMeasure, Sales_Part_Status__c)",HPF650,HPF650,"FLAT PANEL PULLOUT PIVOT MNT, BLK",True,Active,EA,True,HOSP,Active,MOUNT,01t6A000000asY2QAI
"UPDATE (IsActive, QuantityUnitOfMeasure, ACU_Item_Status__c, Sales_Part_Status__c)",HPF665,HPF665,"HOSPITALITY UNIVERSAL SWING OUT MOUNT 55-75"" DISPLAYS",False,Inactive,EA,False,CORE,Use Up,MOUNT,01t2K000006XLOcQAO
"UPDATE (IsActive, QuantityUnitOfMeasure, Sales_Part_Status__c, US_Price_Group_Name__c)",HSAL,HSAL,"Hospitality UNIV ART MOUNT 50-75""+ NONSEC",True,Active,EA,False,HOSP,Active,MOUNT,01tPW00000EtlhQYAR
"UPDATE (IsActive, QuantityUnitOfMeasure, Sales_Part_Status__c, US_Price_Group_Name__c)",HSAM,HSAM,"TruVue UNIV ART MOUNT 32-50""+ NONSEC",True,Active,EA,False,HOSP,Active,MOUNT,01tPW00000EtlhRYAR
"UPDATE (IsActive, QuantityUnitOfMeasure, Sales_Part_Status__c, US_Price_Group_Name__c)",HSTL,HSTL,"Hospitality UNIV FLAT/TILT MOUNT 50-65""+ NONSEC",True,Active,EA,False,HOSP,Active,MOUNT,01tPW00000EtlhSYAR
"UPDATE (IsActive, QuantityUnitOfMeasure, Sales_Part_Status__c, US_Price_Group_Name__c)",HSTM,HSTM,"Hospitality UNIV FLAT/TILT MOUNT 32-50""+ NONSEC",True,Active,EA,False,HOSP,Active,MOUNT,01tPW00000EtlhTYAR
"UPDATE (IsActive, QuantityUnitOfMeasure, Sales_Part_Status__c, US_Price_Group_Name__c)",HSTXL,HSTXL,"Hospitality UNIV FLAT/TILT MOUNT 65-90""+ NONSEC",True,Active,EA,False,HOSP,Active,MOUNT,01tPW00000EtlhUYAR
"UPDATE (QuantityUnitOfMeasure, Sales_Part_Status__c)",HX643-TAMM,HX643-TAMM,Teleadapt Mini (TA-3350D) Mt for LG43LX570H,True,Active,EA,False,HOSP,Active,MOUNT,01t6A000000asMEQAY
"UPDATE (Description, US_Description__c, QuantityUnitOfMeasure, Sales_Part_Status__c)",IB14X14-AC-W,IB14X14-AC-W,"14x14"" In-wall Box with Duplex Surge Suppressor",True,Active,EA,True,CORE,Active,MOUNT,01t2K000006MDPhQAO
"UPDATE (Description, US_Description__c, QuantityUnitOfMeasure, Sales_Part_Status__c)",IB14X9-AC-W,IB14X9-AC-W,"14x9"" In-wall Box with Duplex Surge Suppressor",True,Active,EA,True,CORE,Active,MOUNT,01t2K000006MDPcQAO
"UPDATE (QuantityUnitOfMeasure, Sales_Part_Status__c)",IBA2,IBA2,In-Wall Accessories Box,True,Active,EA,False,CORE,Active,MOUNT,01t6A000000artJQAQ
"UPDATE (QuantityUnitOfMeasure, Sales_Part_Status__c)",IBA2-M,IBA2-M,"IBA2-M IN-WALL ACC BOX LG, GBLK",True,Active,EA,False,CORE,Active,MOUNT,01t6A000000atSIQAY
"UPDATE (QuantityUnitOfMeasure, Sales_Part_Status__c)",IBA2-W,IBA2-W,In-Wall Accessories Box,True,Active,EA,False,CORE,Active,MOUNT,01t6A000000artKQAQ
"UPDATE (QuantityUnitOfMeasure, Sales_Part_Status__c)",IBA2-W-M,IBA2-W-M,"IBA2-W-M IN-WALL ACC BOX LG, WHT",True,Active,EA,False,CORE,Active,MOUNT,01t6A000000atSHQAY
"UPDATE (QuantityUnitOfMeasure, Sales_Part_Status__c)",IBA2AC,IBA2AC,In-Wall Accessories Box with 125V Duplex,True,Active,EA,False,CORE,Active,MOUNT,01t6A000000asYRQAY
"UPDATE (QuantityUnitOfMeasure, Sales_Part_Status__c)",IBA2AC-W,IBA2AC-W,In-Wall Accessories Box with 125V Duplex,True,Active,EA,False,CORE,Active,MOUNT,01t6A000000as14QAA
"UPDATE (QuantityUnitOfMeasure, Sales_Part_Status__c)",IBA3,IBA3,In-Wall Accessories Box,True,Active,EA,False,CORE,Active,MOUNT,01t6A000000artLQAQ
"UPDATE (QuantityUnitOfMeasure, Sales_Part_Status__c)",IBA3-M,IBA3-M,"IBA3-M IN-WALL ACC BOX MED, GBLK",True,Active,EA,False,CORE,Active,MOUNT,01t6A000000atSJQAY
"UPDATE (QuantityUnitOfMeasure, Sales_Part_Status__c)",IBA3-W,IBA3-W,In-Wall Accessories Box,True,Active,EA,False,CORE,Active,MOUNT,01t6A000000as13QAA
"UPDATE (QuantityUnitOfMeasure, Sales_Part_Status__c)",IBA3-W-M,IBA3-W-M,"IBA3-M IN-WALL ACC BOX MED, WHT",True,Active,EA,False,CORE,Active,MOUNT,01t6A000000atSKQAY
"UPDATE (QuantityUnitOfMeasure, Sales_Part_Status__c)",IBA3AC,IBA3AC,In-Wall Accessories Box with 125V Duplex,True,Active,EA,False,CORE,Active,MOUNT,01t6A000000as15QAA
"UPDATE (QuantityUnitOfMeasure, Sales_Part_Status__c)",IBA3AC-W,IBA3AC-W,In-Wall Accessories Box with 125V Duplex,True,Active,EA,False,CORE,Active,MOUNT,01t6A000000atUSQAY
"UPDATE (QuantityUnitOfMeasure, Sales_Part_Status__c)",IBA4-W,IBA4-W,Easy Mount Recessed Low Voltage Cable Plate,True,Active,EA,False,CORE,Active,MOUNT,01t6A000000ariFQAQ
"UPDATE (Description, US_Description__c, QuantityUnitOfMeasure, Sales_Part_Status__c)",IBA5-W-M,IBA5-W-M,"M RECESSED MEDIAPLATE W/SURGE, WHT",True,Active,EA,False,CORE,Active,MOUNT,01t6A000000arLFQAY
"UPDATE (QuantityUnitOfMeasure, Sales_Part_Status__c)",IM746P,IM746P,"In-Wall Articulating Mount For 22"" to 47"" TV's require PLP",True,Active,EA,False,CORE,Active,MOUNT,01t6A000000atRzQAI
"UPDATE (QuantityUnitOfMeasure, Sales_Part_Status__c)",IM747PU,IM747PU,"Articulating Mount w/ In-wall Box -37-65"" Displays",True,Active,EA,True,CORE,Active,MOUNT,01t2K000004ZjUdQAK
"UPDATE (QuantityUnitOfMeasure, Sales_Part_Status__c)",IM760PU,IM760PU,"Universal In-Wall Articulating Mount For 32"" to 71"" TV's",True,Active,EA,False,CORE,Active,MOUNT,01t6A000000asAaQAI
"UPDATE (QuantityUnitOfMeasure, Sales_Part_Status__c)",IM771PU,IM771PU,"Dual Arm Articulating Mount w/ In-wall Box - 42-90"" Displays",True,Active,EA,True,CORE,Active,MOUNT,01t2K000006XDxuQAG
"UPDATE (QuantityUnitOfMeasure, Sales_Part_Status__c)",IWB680-W,IWB680-W,"Touch Panel Mount for 32-80"" LCD Displays",True,Active,EA,False,CORE,Active,MOUNT,01t6A000000aqjDQAQ
"UPDATE (QuantityUnitOfMeasure, Sales_Part_Status__c)",LC-100,LC-100,"LCD ADPR PLATE KIT, VESA 75/100",True,Active,EA,False,CORE,Active,MOUNT,01t6A000000asuuQAA
"UPDATE (QuantityUnitOfMeasure, Sales_Part_Status__c)",LC-V400,LC-V400,LCD Screen Adaptor plate For VESA 200 x 200,True,Active,EA,False,CORE,Active,MOUNT,01t6A000000aruUQAQ
"UPDATE (QuantityUnitOfMeasure, Sales_Part_Status__c)",LCC-18,LCC-18,"Ceiling Mount w/18"" to 30"" Adj. Drop",True,Active,EA,False,CORE,Active,MOUNT,01t6A000000aqsqQAA
"UPDATE (QuantityUnitOfMeasure, Sales_Part_Status__c)",LCC-18-C,LCC-18-C,"Ceiling Mount w/18"" to 30"" Adj. Drop",True,No Purchases,EA,False,CORE,Use Up,MOUNT,01t6A000000aqt3QAA
"UPDATE (QuantityUnitOfMeasure, Sales_Part_Status__c)",LCC-36,LCC-36,"Ceiling Mount w/36"" to 48"" Adj. Drop",True,Active,EA,False,CORE,Active,MOUNT,01t6A000000aruWQAQ
"UPDATE (QuantityUnitOfMeasure, Sales_Part_Status__c)",LCC-36-C,LCC-36-C,"Ceiling Mount w/36"" to 48"" Adj. Drop",True,No Purchases,EA,False,CORE,Use Up,MOUNT,01t6A000000aqt5QAA
"UPDATE (QuantityUnitOfMeasure, Sales_Part_Status__c)",LCT620A,LCT620A,"Desktop Mount For up to 38"" Monitors w/Clamp base",True,Active,EA,False,CORE,Active,MOUNT,01t6A000000as7UQAQ
"UPDATE (QuantityUnitOfMeasure, Sales_Part_Status__c)",LCT620A-G,LCT620A-G,"Desktop Mount For up to 38"" Monitors w/Grommet base",True,Active,EA,False,CORE,Active,MOUNT,01t6A000000arqiQAA
"UPDATE (QuantityUnitOfMeasure, Sales_Part_Status__c)",LCT620AD,LCT620AD,"Dual Desktop Mount For up to 38"" Monitors w/Clamp Base",True,Active,EA,False,CORE,Active,MOUNT,01t6A000000ar6GQAQ
"UPDATE (QuantityUnitOfMeasure, Sales_Part_Status__c)",LCT620AD-G,LCT620AD-G,"Dual Desktop Mount For up to 38"" Monitors w/Grommet Base",True,Active,EA,False,CORE,Active,MOUNT,01t6A000000aqqMQAQ
"UPDATE (QuantityUnitOfMeasure, Sales_Part_Status__c)",LCW620A,LCW620A,"Articulating Wall Mount For up to 38"" Monitors",True,Active,EA,False,CORE,Active,MOUNT,01t6A000000aqxzQAA
"UPDATE (QuantityUnitOfMeasure, Sales_Part_Status__c)",LG-WMF86BH,LG-WMF86BH,Flat Wall Mount for LG 86BH5C,True,Active,EA,False,DS,Active,MOUNT,01t6A000000aqv0QAA
INSERT,MA4X4,MA4X4,"MENARDS, V400 ART BLK 22-46"" NONSEC",True,Active,EA,False,CONS,Active,MOUNT,
"UPDATE (QuantityUnitOfMeasure, Sales_Part_Status__c)",MIS-PLCM2,MIS-PLCM2,"Original Ceiling Mt Tilt Box 10.24""W x 5.71""Hx 3.25""D",True,Active,EA,False,CORE,Active,MOUNT,01t6A000000arAVQAY
"UPDATE (QuantityUnitOfMeasure, Sales_Part_Status__c)",MIS-UNL,MIS-UNL,Original Universal Adapter Plate,True,Active,EA,False,CORE,Active,MOUNT,01t6A000000arg1QAA
"UPDATE (QuantityUnitOfMeasure, Sales_Part_Status__c)",MIS169,MIS169,HPF650 with Custom Lockout Acc Preinstalled,True,Active,EA,False,HOSP,Active,MOUNT,01t6A000000armAQAQ
"UPDATE (QuantityUnitOfMeasure, Sales_Part_Status__c)",MIS173-A,MIS173-A,MIS173 Dresser Mt for HG40ND677 (no grommet),True,Active,EA,False,HOSP,Active,MOUNT,01t6A000000arD3QAI
"UPDATE (QuantityUnitOfMeasure, Sales_Part_Status__c)",MIS35795,MIS35795,"Rotational Wall Mt 32""-65"" Displays  2x2,3x3,4x4",True,Active,EA,False,HOSP,Active,MOUNT,01t6A000000buqQQAQ
"UPDATE (IsActive, QuantityUnitOfMeasure, Sales_Part_Status__c, US_Price_Group_Name__c)",MIS38320,MIS38320,"ADA Wall Mount Brackets for 65""",True,Active,EA,False,DS,Active,MOUNT,01tPW00000EtlfnYAB
"UPDATE (QuantityUnitOfMeasure, Sales_Part_Status__c)",MIS556,MIS556,"Proj Mt for Sony VPL-GTZ270/GTZ280,VPL-VW5000ES",True,Active,EA,False,CORE,Active,MOUNT,01t6A000000aqrIQAQ
"UPDATE (QuantityUnitOfMeasure, Sales_Part_Status__c)",MIS745-A,MIS745-A,POD Hotel Bunk Bed Mt for HG24NE470ADX,True,Active,EA,False,HOSP,Active,MOUNT,01t6A000000atLUQAY
"UPDATE (QuantityUnitOfMeasure, Sales_Part_Status__c)",MOD-ACF2,MOD-ACF2,Accessory Cover For MOD-CPF2,True,Active,EA,False,CORE,Active,MOUNT,01t6A000000asPqQAI
"UPDATE (QuantityUnitOfMeasure, Sales_Part_Status__c)",MOD-ASC2,MOD-ASC2,Dual Pole Display Stacking Clamp,True,Active,EA,False,CORE,Active,MOUNT,01t6A000000arv8QAA
"UPDATE (QuantityUnitOfMeasure, Sales_Part_Status__c)",MOD-AWM2,MOD-AWM2,Dual Pole Fixed Display Mount / Wall Mount Interface,True,Active,EA,False,CORE,Active,MOUNT,01t6A000000arlhQAA
"UPDATE (QuantityUnitOfMeasure, Sales_Part_Status__c)",MOD-CPF2,MOD-CPF2,Dual Pole Ceiling / Floor Plate,True,Active,EA,False,CORE,Active,MOUNT,01t6A000000asJWQAY
"UPDATE (QuantityUnitOfMeasure, Sales_Part_Status__c)",MOD-CPI2,MOD-CPI2,Dual Pole I-beam Ceiling Plate,True,Active,EA,False,CORE,Active,MOUNT,01t6A000000asJXQAY
"UPDATE (Description, US_Description__c, QuantityUnitOfMeasure, Sales_Part_Status__c)",MOD-FCS2KIT300,MOD-FCS2KIT300,"Dual Pole Floor to Ceiling Mount  For 46"" to 90"" TV's w/ Bright Zinc Plated Poles",True,Active,EA,False,CORE,Active,MOUNT,01t6A000000arOdQAI
"UPDATE (QuantityUnitOfMeasure, Sales_Part_Status__c)",MOD-FCS2KIT300-B,MOD-FCS2KIT300-B,"Dual Pole Floor to Ceiling Mount For 46"" to 90"" TV's w/Black Poles",True,Active,EA,False,CORE,Active,MOUNT,01t6A000000arOeQAI
"UPDATE (Description, US_Description__c, QuantityUnitOfMeasure, Sales_Part_Status__c)",MOD-FCSKIT300,MOD-FCSKIT300,"Floor-to-Ceiling Mount For 39"" to 75"" TV's w/Zinc Plated Poles",True,Active,EA,False,CORE,Active,MOUNT,01t6A000000atQQQAY
"UPDATE (QuantityUnitOfMeasure, Sales_Part_Status__c)",MOD-FCSKIT300-B,MOD-FCSKIT300-B,"Floor-to-Ceiling Mount For 39"" to 75"" TV's w/Black Poles",True,Active,EA,False,CORE,Active,MOUNT,01t6A000000atEyQAI
"UPDATE (QuantityUnitOfMeasure, Sales_Part_Status__c)",MOD-FPMD2,MOD-FPMD2,Dual Pole tilt Box For Back-To-Back,True,Active,EA,False,CORE,Active,MOUNT,01t6A000000asPpQAI
"UPDATE (QuantityUnitOfMeasure, Sales_Part_Status__c)",MOD-FPMS2,MOD-FPMS2,Dual Pole Tilt Box,True,Active,EA,False,CORE,Active,MOUNT,01t6A000000asJYQAY
"UPDATE (QuantityUnitOfMeasure, Sales_Part_Status__c)",MOD-FPP2,MOD-FPP2,Dual-Pole Free Standing Floor Plate,True,Active,EA,False,CORE,Active,MOUNT,01t6A000000arwwQAA
"UPDATE (Description, US_Description__c, QuantityUnitOfMeasure, Sales_Part_Status__c)",MOD-FPP2KIT200,MOD-FPP2KIT200,"Dual Pole Free Standing Mount For 46"" to 90"" TV's w/Bright Zinc Plated Poles",True,Active,EA,False,CORE,Active,MOUNT,01t6A000000arOhQAI
"UPDATE (QuantityUnitOfMeasure, Sales_Part_Status__c)",MOD-FPP2KIT200-B,MOD-FPP2KIT200-B,"Dual Pole Free Standing Mount For 46"" to 90"" TV's w/Black Poles",True,Active,EA,False,CORE,Active,MOUNT,01t6A000000arOiQAI
"UPDATE (Description, US_Description__c, QuantityUnitOfMeasure, Sales_Part_Status__c)",MOD-FPS2KIT150,MOD-FPS2KIT150,"Ceiling Mount For 39"" to 75"" TV's w/1.5M (59"") Bright Zinc Plated Poles",True,Active,EA,False,CORE,Active,MOUNT,01t6A000000arObQAI
"UPDATE (QuantityUnitOfMeasure, Sales_Part_Status__c)",MOD-FPS2KIT150-B,MOD-FPS2KIT150-B,Modular Dual-Pole Ceiling Mount  with 1.5m (4.9') Black Extension Columns,True,Active,EA,False,CORE,Active,MOUNT,01t6A000000arjTQAQ
"UPDATE (Description, US_Description__c, QuantityUnitOfMeasure, Sales_Part_Status__c)",MOD-FPSKIT100,MOD-FPSKIT100,"Ceiling Mount For 39"" to 75"" TV's w/1M (39"") Zinc Plated Poles",True,Active,EA,False,CORE,Active,MOUNT,01t6A000000at0mQAA
"UPDATE (QuantityUnitOfMeasure, Sales_Part_Status__c)",MOD-FPSKIT100-B,MOD-FPSKIT100-B,"Ceiling Mount For 39"" to 75"" TV's w/1M (39"") Black Poles",True,Active,EA,False,CORE,Active,MOUNT,01t6A000000ar6fQAA
"UPDATE (QuantityUnitOfMeasure, Sales_Part_Status__c)",MOD-FPSKIT100-CPF,MOD-FPSKIT100-CPF,"FLAT PANEL SINGLE SCREEN KIT, 1.0M with MOD-CPF",True,Active,EA,False,CORE,Active,MOUNT,01t6A000000arboQAA
"UPDATE (Description, US_Description__c, QuantityUnitOfMeasure, Sales_Part_Status__c)",MOD-FPSKIT150,MOD-FPSKIT150,"Ceiling Mount For 39"" to 75"" TV's w/1.5M (59"") Bright Zinc Plated Poles",True,Active,EA,False,CORE,Active,MOUNT,01t6A000000at1pQAA
"UPDATE (QuantityUnitOfMeasure, Sales_Part_Status__c)",MOD-FPSKIT150-B,MOD-FPSKIT150-B,"Ceiling Mount For 39"" to 75"" TV's w/1.5M (59"") Black Poles",True,Active,EA,False,CORE,Active,MOUNT,01t6A000000atEzQAI
"UPDATE (QuantityUnitOfMeasure, Sales_Part_Status__c)",MOD-FPSKIT150-CPF,MOD-FPSKIT150-CPF,"FLAT PANEL SINGLE SCREEN KIT, 1.5M with MOD-CPF",True,Active,EA,False,CORE,Active,MOUNT,01t6A000000arbpQAA
"UPDATE (QuantityUnitOfMeasure, Sales_Part_Status__c)",MOD-FPSKIT200-CPF,MOD-FPSKIT200-CPF,"FLAT PANEL SINGLE SCREEN KIT, 2.0M with MOD-CPF",True,Active,EA,False,CORE,Active,MOUNT,01t6A000000arbqQAA
"UPDATE (Description, US_Description__c, QuantityUnitOfMeasure, Sales_Part_Status__c)",MOD-FW2KIT300,MOD-FW2KIT300,"Dual Pole Floor-to-Wall Mount For 46"" to 90"" TV's w/Bright Zinc Plated Poles",True,Active,EA,False,CORE,Active,MOUNT,01t6A000000arOfQAI
"UPDATE (QuantityUnitOfMeasure, Sales_Part_Status__c)",MOD-FW2KIT300-B,MOD-FW2KIT300-B,"Dual Pole Floor-to-Wall Mount For 46"" to 90"" TV's w/Black Poles",True,Active,EA,False,CORE,Active,MOUNT,01t6A000000arOgQAI
"UPDATE (QuantityUnitOfMeasure, Sales_Part_Status__c)",MOD-MBL,MOD-MBL,Large Media Storge Accessory,True,Active,EA,False,CORE,Active,MOUNT,01t6A000000aqiKQAQ
"UPDATE (QuantityUnitOfMeasure, Sales_Part_Status__c)",MOD-MBM,MOD-MBM,Mac Mini Mount,True,No Purchases,EA,False,CORE,Use Up,MOUNT,01t6A000000atPYQAY
"UPDATE (QuantityUnitOfMeasure, Sales_Part_Status__c)",MOD-PJF2KIT150-B,MOD-PJF2KIT150-B,"PJF2-UNV Ceiling Mount w/1.5M (59"") Black Pole",True,Active,EA,False,CORE,Active,MOUNT,01t2K000006NZtVQAW
"UPDATE (Description, US_Description__c, QuantityUnitOfMeasure, Sales_Part_Status__c)",MOD-UNL2,MOD-UNL2,Dual-Pole Large Unv. Adaptor For 46” to 90” TV's,True,Active,EA,False,CORE,Active,MOUNT,01t6A000000atNaQAI
"UPDATE (QuantityUnitOfMeasure, Sales_Part_Status__c)",MOD-WP2,MOD-WP2,Dual-Pole Wall Plate,True,Active,EA,False,CORE,Active,MOUNT,01t6A000000asPrQAI
"UPDATE (QuantityUnitOfMeasure, Sales_Part_Status__c)",MSA-101,MSA-101,Multi-Channel Speaker Mount For Flat Panel TV's,True,Active,EA,False,CORE,Active,MOUNT,01t6A000000aquWQAQ
INSERT,MTLU,MTLU,"MENARDS,UNIV TILT BLK 32-70"" NONSEC",True,Active,EA,False,CONS,Active,MOUNT,
"UPDATE (QuantityUnitOfMeasure, Sales_Part_Status__c)",OSUA771PU,OSUA771PU,"OLED Articulating Wall Mount for 55-77"" Displays",True,Active,EA,True,CORE,Active,MOUNT,01t2K000006XRCnQAO
"UPDATE (QuantityUnitOfMeasure, Sales_Part_Status__c)",PA730,PA730,"Paramount Articulating Wall Mount For 10"" to 29"" TV's",True,Active,EA,True,CORE,Active,MOUNT,01t6A000000asAKQAY
"UPDATE (QuantityUnitOfMeasure, Sales_Part_Status__c)",PA740,PA740,"Paramount Articulating Wall Mount For 22"" to 43"" TV's",True,Active,EA,True,CORE,Active,MOUNT,01t6A000000asALQAY
"UPDATE (QuantityUnitOfMeasure, Sales_Part_Status__c)",PA746,PA746,Universal Articulating Wall Mount,True,Active,EA,True,CORE,Active,MOUNT,01t6A000000atWDQAY
"UPDATE (QuantityUnitOfMeasure, Sales_Part_Status__c)",PA750,PA750,"ARTICULATING WALL MOUNT 39"" - 75""",True,Active,EA,True,CORE,Active,MOUNT,01t6A000000aqjUQAQ
"UPDATE (Description, US_Description__c, QuantityUnitOfMeasure, Sales_Part_Status__c)",PA762,PA762,"ARTICULATING WALL MOUNT 39"" - 90""",True,Active,EA,True,CORE,Active,MOUNT,01t6A000000arUhQAI
"UPDATE (QuantityUnitOfMeasure, Sales_Part_Status__c)",PA762-UNMH,PA762-UNMH,HOSPITALITY ARTIC WALL MOUNT,True,Active,EA,True,HOSP,Active,MOUNT,01t6A000000aqoEQAQ
"UPDATE (QuantityUnitOfMeasure, Sales_Part_Status__c)",PANA-103MTV,PANA-103MTV,Tilting Wall Mount For Panasonic 103,True,Active,EA,False,CORE,Active,MOUNT,01t6A000000atQxQAI
"UPDATE (QuantityUnitOfMeasure, Sales_Part_Status__c)",PANA-85CEIL,PANA-85CEIL,Ceiling Mount For Panasonic TH-85PF12U/ TH-85PF12E TV's,True,Active,EA,False,CORE,Active,MOUNT,01t6A000000aqfcQAA
"UPDATE (QuantityUnitOfMeasure, Sales_Part_Status__c)",PANA-85WM,PANA-85WM,Wall Mount For Panasonic TH-85PF12U Flat Panel TV,True,No Purchases,EA,False,CORE,Use Up,MOUNT,01t6A000000asckQAA
"UPDATE (QuantityUnitOfMeasure, Sales_Part_Status__c)",PANA-C84103,PANA-C84103,Flat Panel Floor Cart,True,No Purchases,EA,False,CORE,Use Up,MOUNT,01t6A000000aqtwQAA
"UPDATE (QuantityUnitOfMeasure, Sales_Part_Status__c)",PAP-JVC-DLA,PAP-JVC-DLA,"PRJ ADPR, JVC DLA-RS40/50/60",True,Active,EA,False,CORE,Active,MOUNT,01t6A000000asqIQAQ
"UPDATE (Description, US_Description__c, QuantityUnitOfMeasure, Sales_Part_Status__c)",PF630,PF630,"FLAT MOUNT 10""-29""",True,Active,EA,True,CORE,Active,MOUNT,01t6A000000arvwQAA
"UPDATE (Description, US_Description__c, QuantityUnitOfMeasure, Sales_Part_Status__c)",PF632,PF632,"FLAT MOUNT 22""-43""",True,Active,EA,True,CORE,Active,MOUNT,01t6A000000asXQQAY
"UPDATE (Description, US_Description__c, QuantityUnitOfMeasure, Sales_Part_Status__c)",PF640,PF640,"Paramount™ Universal Flat Wall Mount For 32"" to 46"" TV's",True,Active,EA,True,CORE,Active,MOUNT,01t6A000000atQzQAI
"UPDATE (Description, US_Description__c, QuantityUnitOfMeasure, Sales_Part_Status__c)",PF650,PF650,"FLAT MOUNT 39"" - 75""",True,Active,EA,True,CORE,Active,MOUNT,01t6A000000asXRQAY
"UPDATE (Description, US_Description__c, QuantityUnitOfMeasure, Sales_Part_Status__c)",PF660,PF660,"FLAT MOUNT 39 - 90""",True,Active,EA,True,CORE,Active,MOUNT,01t6A000000asAMQAY
"UPDATE (QuantityUnitOfMeasure, Sales_Part_Status__c)",PLA50,PLA50,"Dedicated Articulating Wall Arm For 37"" to 80"" TV's security",True,No Purchases,EA,False,CORE,Use Up,MOUNT,01t6A000000arNHQAY
"UPDATE (QuantityUnitOfMeasure, Sales_Part_Status__c)",PLA50-UNL,PLA50-UNL,"Universal Articulating Wall Arm For 37"" to 80"" TV's security",True,No Purchases,EA,False,CORE,Use Up,MOUNT,01t6A000000atR2QAI
"UPDATE (QuantityUnitOfMeasure, Sales_Part_Status__c)",PLA50-UNLP,PLA50-UNLP,"Universal Articulating Wall Arm For 37"" to 80"" TV's",True,No Purchases,EA,False,CORE,Use Up,MOUNT,01t6A000000asCXQAY
"UPDATE (QuantityUnitOfMeasure, Sales_Part_Status__c)",PLA50-UNLP-GB,PLA50-UNLP-GB,"Universal Articulating Wall Arm For 37"" to 80"" TV's",True,No Purchases,EA,False,CORE,Use Up,MOUNT,01t6A000000aqmdQAA
"UPDATE (Description, US_Description__c, QuantityUnitOfMeasure, Sales_Part_Status__c)",PLA60,PLA60,"Dedicated Articulating Wall Arm For 37"" to 95"" TV's security",True,No Purchases,EA,False,CORE,Use Up,MOUNT,01t6A000000as8OQAQ
"UPDATE (QuantityUnitOfMeasure, Sales_Part_Status__c)",PLA60-UNL,PLA60-UNL,"Universal Articulating Wall Arm For 37"" to 95"" TV's security",True,No Purchases,EA,False,CORE,Use Up,MOUNT,01t6A000000asZaQAI
"UPDATE (QuantityUnitOfMeasure, Sales_Part_Status__c)",PLA60-UNLP,PLA60-UNLP,"Universal Articulating Wall Arm For 37"" to 95"" TV's",True,No Purchases,EA,False,CORE,Use Up,MOUNT,01t6A000000arKjQAI
"UPDATE (QuantityUnitOfMeasure, Sales_Part_Status__c)",PLA60-UNLP-GB,PLA60-UNLP-GB,"Universal Articulating Wall Arm For 37"" to 95"" TV's",True,No Purchases,EA,False,CORE,Use Up,MOUNT,01t6A000000as3nQAA
"UPDATE (QuantityUnitOfMeasure, Sales_Part_Status__c)",PLAV60,PLAV60,"Dedicated* Articulating Wall Arm For 37"" to 95"" TV's security",True,No Purchases,EA,False,CORE,Use Up,MOUNT,01t6A000000ar0SQAQ
"UPDATE (QuantityUnitOfMeasure, Sales_Part_Status__c)",PLAV60-UNL,PLAV60-UNL,"Universal Articulating Wall Arm For 37"" to 95"" TV's security",True,No Purchases,EA,False,CORE,Use Up,MOUNT,01t6A000000aruZQAQ
"UPDATE (QuantityUnitOfMeasure, Sales_Part_Status__c)",PLAV60-UNLP,PLAV60-UNLP,"Universal Articulating Wall Arm For 37"" to 95"" TV's",True,No Purchases,EA,False,CORE,Use Up,MOUNT,01t6A000000arKkQAI
"UPDATE (QuantityUnitOfMeasure, Sales_Part_Status__c)",PLAV60-UNLP-GB,PLAV60-UNLP-GB,"Universal Articulating Wall Arm For 37"" to 95"" TV's gloss black",True,No Purchases,EA,False,CORE,Use Up,MOUNT,01t6A000000atK8QAI
"UPDATE (IsActive, QuantityUnitOfMeasure, Sales_Part_Status__c, ACU_PMPLCM__c)",PLAV70,PLAV70,"Dedicated* Ariculating Dual Wall Arm For 42"" to 95"" TV's security",False,Inactive,EA,False,CORE,,MOUNT,01t6A000000aruYQAQ
"UPDATE (IsActive, QuantityUnitOfMeasure, Sales_Part_Status__c, ACU_PMPLCM__c)",PLAV70-UNL,PLAV70-UNL,"Universal Ariculating Dual Wall Arm For 42"" to 95"" TV's security",False,Inactive,EA,False,CORE,,MOUNT,01t6A000000atR3QAI
"UPDATE (QuantityUnitOfMeasure, Sales_Part_Status__c)",PLAV70-UNLP,PLAV70-UNLP,"Universal Articulating Dual Wall Arm For 42"" to 95"" TV's",True,No Purchases,EA,False,CORE,,MOUNT,01t6A000000arKlQAI
"UPDATE (IsActive, QuantityUnitOfMeasure, Sales_Part_Status__c, ACU_PMPLCM__c)",PLAV70-UNLP-GB,PLAV70-UNLP-GB,"Universal Ariculating Dual Wall Arm For 42"" to 95"" TV's",False,Inactive,EA,False,CORE,,MOUNT,01t6A000000arvnQAA
"UPDATE (US_Description__c, QuantityUnitOfMeasure, Sales_Part_Status__c)",PLB-1,PLB-1,SmartMount® Tilt Box For Back-to-Back,True,Active,EA,False,CORE,Active,MOUNT,01t6A000000aqpKQAQ
"UPDATE (US_Description__c, QuantityUnitOfMeasure, Sales_Part_Status__c)",PLCK-1,PLCK-1,"SmartMount® Ceiling Mount For up to 90"" TV's w/o Adaptor",True,Active,EA,False,CORE,Active,MOUNT,01t6A000000aqoXQAQ
"UPDATE (US_Description__c, QuantityUnitOfMeasure, Sales_Part_Status__c)",PLCK-UNL,PLCK-UNL,"SmartMount® Ceiling Mount For 32' to 90"" TV's w/o Adaptor",True,Active,EA,False,CORE,Active,MOUNT,01t6A000000aqoYQAQ
"UPDATE (US_Description__c, QuantityUnitOfMeasure, Sales_Part_Status__c)",PLCM-1,PLCM-1,"SmartMount® Ceiling Mount For up to 90"" TV's w/o Adaptor & Ceiling Plate",True,Active,EA,False,CORE,Active,MOUNT,01t6A000000atXTQAY
"UPDATE (US_Description__c, QuantityUnitOfMeasure, Sales_Part_Status__c)",PLCM-1CP,PLCM-1CP,"SmartMount® Ceiling Mount For up to 90"" TV's w/o Adaptor",True,Active,EA,False,CORE,Active,MOUNT,01t6A000000ar9EQAQ
"UPDATE (US_Description__c, QuantityUnitOfMeasure, Sales_Part_Status__c)",PLCM-2,PLCM-2,"SmartMount® Tilt Box For up to 90"" TV's",True,Active,EA,False,CORE,Active,MOUNT,01t6A000000aruaQAA
"UPDATE (Description, US_Description__c, QuantityUnitOfMeasure, Sales_Part_Status__c)",PLCM-2-UNL,PLCM-2-UNL,"SmartMount® Universal Tilt Box and Adaptor For 32"" to 90” TV's",True,Active,EA,False,CORE,Active,MOUNT,01t6A000000arMCQAY
"UPDATE (US_Description__c, QuantityUnitOfMeasure, Sales_Part_Status__c)",PLCM-4,PLCM-4,"SmartMount® Tilt Box - Stackable For up to 90"" TV's",True,Active,EA,False,CORE,Active,MOUNT,01t6A000000arWIQAY
"UPDATE (US_Description__c, QuantityUnitOfMeasure, Sales_Part_Status__c)",PLCM-UNL,PLCM-UNL,"SmartMount® Ceiling Mount For 32"" to 90"" TV's w/o Ceiling Plate",True,Active,EA,False,CORE,Active,MOUNT,01t6A000000arGqQAI
"UPDATE (US_Description__c, QuantityUnitOfMeasure, Sales_Part_Status__c)",PLCM-UNL-CP,PLCM-UNL-CP,"SmartMount® Ceiling Mount For 32"" to 90"" TV's",True,Active,EA,True,CORE,Active,MOUNT,01t6A000000arGrQAI
"UPDATE (QuantityUnitOfMeasure, Sales_Part_Status__c)",PLP-NEC61,PLP-NEC61,"PLASMA ADAPTER PLATE, NEC61",True,Active,EA,False,CORE,Active,MOUNT,01t6A000000asxWQAQ
"UPDATE (Description, US_Description__c, QuantityUnitOfMeasure, Sales_Part_Status__c)",PLP-PAN42,PLP-PAN42,PLASMA ADAPTER PLATE FOR PANA42,True,Active,EA,False,CORE,Active,MOUNT,01t6A000000asbFQAQ
"UPDATE (Description, US_Description__c, QuantityUnitOfMeasure, Sales_Part_Status__c)",PLP-PION50,PLP-PION50,PLASMA ADAPTER PLATE FOR PIONEER 50,True,Active,EA,False,CORE,Active,MOUNT,01t6A000000asbGQAQ
"UPDATE (QuantityUnitOfMeasure, Sales_Part_Status__c)",PLP-UNL,PLP-UNL,"Universal Adaptor Bracket For 32"" to 90"" TV's",True,Active,EA,False,CORE,Active,MOUNT,01t6A000000aseYQAQ
"UPDATE (QuantityUnitOfMeasure, Sales_Part_Status__c)",PLP-UNM,PLP-UNM,"Universal Adaptor Bracket For 22"" to 50"" TV's",True,Active,EA,False,CORE,Active,MOUNT,01t6A000000at7PQAQ
"UPDATE (QuantityUnitOfMeasure, Sales_Part_Status__c)",PLP-V100,PLP-V100,PLASMA ADPR PLATE - VESA 100mm,True,Active,EA,False,CORE,Active,MOUNT,01t6A000000aqp3QAA
"UPDATE (QuantityUnitOfMeasure, Sales_Part_Status__c)",PLP-V2X1,PLP-V2X1,PLASMA ADPR PLATE - VESA 200x100,True,Active,EA,False,CORE,Active,MOUNT,01t6A000000as8KQAQ
"UPDATE (QuantityUnitOfMeasure, Sales_Part_Status__c)",PLP-V2X2,PLP-V2X2,"PLASMA ADAPTER PLATE, VESA 200x200",True,Active,EA,False,CORE,Active,MOUNT,01t6A000000arl0QAA
"UPDATE (QuantityUnitOfMeasure, Sales_Part_Status__c)",PLP-V3X2,PLP-V3X2,"PLASMA ADPR PLT, VESA 300x200",True,Active,EA,False,CORE,Active,MOUNT,01t6A000000arexQAA
"UPDATE (QuantityUnitOfMeasure, Sales_Part_Status__c)",PLP-V3X3,PLP-V3X3,"PLASMA ADPR PLT, VESA 300x300",True,Active,EA,False,CORE,Active,MOUNT,01t6A000000asD2QAI
"UPDATE (QuantityUnitOfMeasure, Sales_Part_Status__c)",PLP-V4X2,PLP-V4X2,"PLASMA ADPR PLT, VESA 400x200",True,Active,EA,False,CORE,Active,MOUNT,01t6A000000as8LQAQ
"UPDATE (QuantityUnitOfMeasure, Sales_Part_Status__c)",PLP-V4X3,PLP-V4X3,"PLASMA ADPR PLT, VESA 400x300",True,Active,EA,False,CORE,Active,MOUNT,01t6A000000areyQAA
"UPDATE (QuantityUnitOfMeasure, Sales_Part_Status__c)",PLP-V4X4,PLP-V4X4,"PLASMA ADPR PLT, VESA 400X400",True,Active,EA,False,CORE,Active,MOUNT,01t6A000000asD3QAI
"UPDATE (QuantityUnitOfMeasure, Sales_Part_Status__c)",PLP-V6X2,PLP-V6X2,"PLASMA ADPR PLT, VESA 600x200",True,Active,EA,False,CORE,Active,MOUNT,01t6A000000as8MQAQ
"UPDATE (QuantityUnitOfMeasure, Sales_Part_Status__c)",PLP-V6X4,PLP-V6X4,"PLASMA ADPR PLT, VESA 600x400",True,No Purchases,EA,False,CORE,Use Up,MOUNT,01t6A000000as8NQAQ
"UPDATE (QuantityUnitOfMeasure, Sales_Part_Status__c)",PLP-V6X5,PLP-V6X5,Dedicated Adaptor Plate for VESA 600x500,True,Active,EA,False,CORE,Active,MOUNT,01t6A000000ar6jQAA
"UPDATE (QuantityUnitOfMeasure, Sales_Part_Status__c)",PLP-V6X6,PLP-V6X6,Dedicated Adaptor Plate For VESA 600x600,True,Active,EA,False,CORE,Active,MOUNT,01t6A000000arcaQAA
"UPDATE (QuantityUnitOfMeasure, Sales_Part_Status__c)",PP730,PP730,"Paramount Pivot Mount For 10"" to 29"" TV's",True,Active,EA,True,CORE,Active,MOUNT,01t6A000000aswhQAA
"UPDATE (QuantityUnitOfMeasure, Sales_Part_Status__c)",PP740,PP740,"Paramount Pivot Mount For 22"" to 43"" TV's",True,Active,EA,True,CORE,Active,MOUNT,01t6A000000atC7QAI
"UPDATE (IsActive, QuantityUnitOfMeasure, Sales_Part_Status__c, ACU_PMPLCM__c)",PR560M,PR560M,"Paramount Universal Cart for 55-86"" Displays w/Shelf",False,Inactive,EA,False,CORE,,MOUNT,01t2K000006XQXAQA4
"UPDATE (Description, US_Description__c, QuantityUnitOfMeasure, ACU_Item_Status__c, Sales_Part_Status__c, ACU_PMPLCM__c, Category__c)",PRMA2X2,PRMA2X2,"ARTICULATING MOUNT 22""-40"" for Visions",True,Active,EA,False,CONS,Active,MOUNT,01t6A000000atSdQAI
"UPDATE (Description, US_Description__c, QuantityUnitOfMeasure, ACU_Item_Status__c, Sales_Part_Status__c, ACU_PMPLCM__c, Category__c)",PRMA4X4,PRMA4X4,"ARTICULATING MOUNT 32""-50"" for Visions",True,Active,EA,False,CONS,Active,MOUNT,01t6A000000ar9CQAQ
"UPDATE (Description, US_Description__c, QuantityUnitOfMeasure, ACU_Item_Status__c, Sales_Part_Status__c, ACU_PMPLCM__c, Category__c)",PRMF2X2,PRMF2X2,"FLAT MOUNT 22""-40"" for Visions",True,Active,EA,False,CONS,Active,MOUNT,01t6A000000ar9DQAQ
"UPDATE (Description, US_Description__c, QuantityUnitOfMeasure, ACU_Item_Status__c, Sales_Part_Status__c, ACU_PMPLCM__c, Category__c)",PRMP2X2,PRMP2X2,"Paramount Pivot Mount For 22"" to 40"" TV's",True,Active,EA,False,CONS,Active,MOUNT,01t6A000000cLymQAE
"UPDATE (QuantityUnitOfMeasure, Sales_Part_Status__c)",PT630,PT630,"Paramount Tilting Wall Mount For 10"" to 29"" TV's",True,Active,EA,True,CORE,Active,MOUNT,01t6A000000aqhEQAQ
"UPDATE (QuantityUnitOfMeasure, Sales_Part_Status__c)",PT632,PT632,PARAMOUNT TILT MOUNT VESA 100/200,True,Active,EA,True,CORE,Active,MOUNT,01t6A000000aqgBQAQ
"UPDATE (QuantityUnitOfMeasure, Sales_Part_Status__c)",PT640,PT640,"Paramount  Universal Tilt Wall Mount For 32"" to 46"" TV's",True,Active,EA,True,CORE,Active,MOUNT,01t6A000000arTbQAI
"UPDATE (QuantityUnitOfMeasure, Sales_Part_Status__c)",PT650,PT650,"Paramount Universal Tilt Wall Mount For 39"" to 75"" TV's",True,Active,EA,True,CORE,Active,MOUNT,01t6A000000asAJQAY
"UPDATE (Description, US_Description__c, QuantityUnitOfMeasure, Sales_Part_Status__c)",PT660,PT660,"TILT MOUNT 39""-90""",True,Active,EA,True,CORE,Active,MOUNT,01t6A000000arTcQAI
"UPDATE (QuantityUnitOfMeasure, Sales_Part_Status__c)",PTM200,PTM200,Universal Tablet Cradle For Tablets Less Than 0.75? (19mm),True,Active,EA,False,CORE,Active,MOUNT,01t6A000000aslNQAQ
"UPDATE (QuantityUnitOfMeasure, Sales_Part_Status__c)",PTM400,PTM400,"Universal Desktop Tablet Mount For Tablets less than 0.75""",True,Active,EA,False,CORE,Active,MOUNT,01t6A000000aslLQAQ
"UPDATE (QuantityUnitOfMeasure, Sales_Part_Status__c)",PTM400S,PTM400S,"Universal Desktop Tablet Mount For Tablets less than 0.75""",True,Active,EA,False,CORE,Active,MOUNT,01t6A000000arq4QAA
"UPDATE (QuantityUnitOfMeasure, Sales_Part_Status__c)",PTS4X4,PTS4X4,Table Top TV Stand - 400 x 400,True,Active,EA,True,CORE,Active,MOUNT,01t2K000004Zh6UQAS
"UPDATE (QuantityUnitOfMeasure, Sales_Part_Status__c)",QP-DST9803,QP-DST9803,"Multi-Display Ceiling Mount with Three Telescoping Arms For 37"" to 80"" Displays",True,Active,EA,False,DS,Active,MOUNT,01t2K000006NXhAQAW
"UPDATE (QuantityUnitOfMeasure, Sales_Part_Status__c)",RMI2C,RMI2C,ROTATIONAL MOUNT INTERFACE FOR CARTS AND STANDS,True,Active,EA,False,CORE,Active,MOUNT,01t6A000000as76QAA
"UPDATE (QuantityUnitOfMeasure, Sales_Part_Status__c)",RMI2W,RMI2W,ROTATIONAL MOUNT INTERFACE FOR WALL MOUNTS,True,No Purchases,EA,False,CORE,Use Up,MOUNT,01t6A000000as78QAA
"UPDATE (QuantityUnitOfMeasure, Sales_Part_Status__c)",RMI3-FLIP2,RMI3-FLIP2,ROTATIONAL WALL MT FOR SAMSUNG FLIP WM55H/WM55R/WM65R,True,Active,EA,False,CORE,Active,MOUNT,01t2K000006S2JqQAK
"UPDATE (US_Description__c, QuantityUnitOfMeasure, Sales_Part_Status__c)",SA730P,SA730P,"SmartMount® Articulating Wall Mount For 10"" to 29"" TV's",True,Active,EA,True,CORE,Active,MOUNT,01t6A000000arv2QAA
"UPDATE (US_Description__c, QuantityUnitOfMeasure, Sales_Part_Status__c)",SA740P,SA740P,"SmartMount® Articulating Wall Mount  For 22"" to 43"" TV's",True,Active,EA,True,CORE,Active,MOUNT,01t6A000000aqxJQAQ
"UPDATE (US_Description__c, QuantityUnitOfMeasure, Sales_Part_Status__c)",SA746PU,SA746PU,"SmartMount® Universal Articulating Mount For 32"" to 50"" TV's",True,Active,EA,True,CORE,Active,MOUNT,01t6A000000arTeQAI
"UPDATE (Description, US_Description__c, QuantityUnitOfMeasure, Sales_Part_Status__c, ACU_Authorization_Required__c, US_Price_Group_Name__c)",SA746PU-M,SA746PU-M,"ARTICULATING MOUNT 32""-50""",True,Active,EA,False,CORE,Active,MOUNT,01t6A000000atFyQAI
"UPDATE (Description, US_Description__c, QuantityUnitOfMeasure, Sales_Part_Status__c)",SA752PU,SA752PU,"SmartMount® Universal Articulating Arm Wall Mount For 43"" to 65""+ TV's",True,Active,EA,True,CORE,Active,MOUNT,01t6A000000atCCQAY
"UPDATE (Description, US_Description__c, QuantityUnitOfMeasure, Sales_Part_Status__c, ACU_Authorization_Required__c, US_Price_Group_Name__c)",SA752PU-M,SA752PU-M,"ARTICULATING MOUNT 37""-55""",True,Active,EA,False,CORE,Active,MOUNT,01t6A000000asHrQAI
"UPDATE (Description, US_Description__c, QuantityUnitOfMeasure, Sales_Part_Status__c)",SA761PU,SA761PU,"SmartMount® Universal Articulating Arm Wall Mount For 43"" to 75""+ TV's",True,Active,EA,True,CORE,Active,MOUNT,01t6A000000aqx3QAA
"UPDATE (Description, US_Description__c, QuantityUnitOfMeasure, Sales_Part_Status__c)",SA771PU,SA771PU,"SmartMount® Universal Articulating Arm Wall Mount For 50""-90"" TV's",True,Active,EA,True,CORE,Active,MOUNT,01t6A000000atGJQAY
"UPDATE (Description, US_Description__c, QuantityUnitOfMeasure, Sales_Part_Status__c, ACU_Authorization_Required__c, US_Price_Group_Name__c)",SA771PU-M,SA771PU-M,"ARTICULATING MOUNT 46""-90""",True,Active,EA,False,CORE,Active,MOUNT,01t6A000000asYuQAI
"UPDATE (QuantityUnitOfMeasure, Sales_Part_Status__c)",SF16D,SF16D,"Display-Specific Flat Wall Mount For up to 71"" TV's up to 16"" studs",True,No Purchases,EA,False,CORE,Use Up,MOUNT,01t6A000000arFvQAI
"UPDATE (Description, US_Description__c, QuantityUnitOfMeasure, Sales_Part_Status__c)",SF630,SF630,"FLAT MOUNT 10""-29"" SEC",True,Active,EA,True,CORE,Active,MOUNT,01t6A000000asenQAA
"UPDATE (Description, US_Description__c, QuantityUnitOfMeasure, Sales_Part_Status__c)",SF630P,SF630P,"FLAT MOUNT 10""-29""",True,Active,EA,True,CORE,Active,MOUNT,01t6A000000ar5OQAQ
"UPDATE (Description, US_Description__c, QuantityUnitOfMeasure, Sales_Part_Status__c)",SF632,SF632,"FLAT MOUNT 22""-43"" SEC",True,Active,EA,True,CORE,Active,MOUNT,01t6A000000aruzQAA
"UPDATE (Description, US_Description__c, QuantityUnitOfMeasure, Sales_Part_Status__c)",SF632P,SF632P,"FLAT MOUNT 22""-43""",True,Active,EA,True,CORE,Active,MOUNT,01t6A000000arv0QAA
"UPDATE (US_Description__c, QuantityUnitOfMeasure, Sales_Part_Status__c)",SF640,SF640,"Security SmartMount® Universal Flat Wall Mount For 32"" to 50"" TV's",True,Active,EA,True,CORE,Active,MOUNT,01t6A000000aseoQAA
"UPDATE (QuantityUnitOfMeasure, Sales_Part_Status__c)",SF640-HUB2,SF640-HUB2,"Flat Wall Mount for the 50"" Microsoft Surface Hub 2S / 2X",True,Active,EA,True,CORE,Active,MOUNT,01t2K000006X7hWQAS
"UPDATE (US_Description__c, QuantityUnitOfMeasure, Sales_Part_Status__c)",SF640P,SF640P,"SmartMount® Universal Flat Wall Mount For 32"" to 50"" TV's",True,Active,EA,True,CORE,Active,MOUNT,01t6A000000at1zQAA
"UPDATE (Description, US_Description__c, QuantityUnitOfMeasure, Sales_Part_Status__c)",SF650,SF650,"Security SmartMount® Universal Flat Mount For 39"" to 75"" TV'S",True,Active,EA,True,CORE,Active,MOUNT,01t6A000000aqgAQAQ
"UPDATE (Description, US_Description__c, QuantityUnitOfMeasure, Sales_Part_Status__c)",SF650P,SF650P,"FLAT MOUNT 39""-75""",True,Active,EA,True,CORE,Active,MOUNT,01t6A000000arf6QAA
"UPDATE (US_Description__c, QuantityUnitOfMeasure, Sales_Part_Status__c)",SF660,SF660,"Security SmartMount® Universal Flat Mount For 39"" to 80"" TV's",True,Active,EA,True,CORE,Active,MOUNT,01t6A000000asXAQAY
"UPDATE (US_Description__c, QuantityUnitOfMeasure, Sales_Part_Status__c)",SF660P,SF660P,"SmartMount® Universal Flat Mount For 39"" to 80"" TV's",True,Active,EA,True,CORE,Active,MOUNT,01t6A000000astJQAQ
"UPDATE (US_Description__c, QuantityUnitOfMeasure, Sales_Part_Status__c)",SF670,SF670,"Security SmartMount® Universal Flat Mount For 46"" to 90"" TV's",True,Active,EA,True,CORE,Active,MOUNT,01t6A000000arivQAA
"UPDATE (US_Description__c, QuantityUnitOfMeasure, Sales_Part_Status__c)",SF670P,SF670P,"SmartMount® Universal Flat Mount For 46"" to 90"" TV's",True,Active,EA,True,CORE,Active,MOUNT,01t6A000000arTXQAY
"UPDATE (US_Description__c, QuantityUnitOfMeasure, Sales_Part_Status__c)",SF680,SF680,"Security SmartMount® Universal Flat Mount For 60"" to 98"" TV's",True,Active,EA,True,CORE,Active,MOUNT,01t6A000000ariwQAA
"UPDATE (QuantityUnitOfMeasure, Sales_Part_Status__c)",SF680-HUB,SF680-HUB,"Universal Flat Wall Mount for 84"" Microsoft Surface Hub",True,Active,EA,True,CORE,Active,MOUNT,01t6A000000as8UQAQ
"UPDATE (US_Description__c, QuantityUnitOfMeasure, Sales_Part_Status__c)",SF680P,SF680P,"SmartMount® Universal Flat Mount For 60"" to 98"" TV's",True,Active,EA,True,CORE,Active,MOUNT,01t6A000000arixQAA
"UPDATE (US_Description__c, QuantityUnitOfMeasure, Sales_Part_Status__c)",SFP680,SFP680,SmartMount® Universal Flat Wall Mount for Portrait Orientation,True,Active,EA,True,CORE,Active,MOUNT,01t6A000000asIIQAY
"UPDATE (US_Description__c, QuantityUnitOfMeasure, Sales_Part_Status__c)",SP730P,SP730P,"SmartMount® Pivot Wall Mount For 10"" to 29"" TV's",True,No Purchases,EA,False,CORE,Use Up,MOUNT,01t6A000000arylQAA
"UPDATE (US_Description__c, IsActive, QuantityUnitOfMeasure, Sales_Part_Status__c, ACU_Authorization_Required__c, US_Price_Group_Name__c, ACU_PMPLCM__c)",SP740P,SP740P,"SmartMount® Pivot Wall Mount For 22"" to 43"" TV's",False,Inactive,EA,False,CORE,,MOUNT,01t6A000000asX8QAI
"UPDATE (Description, US_Description__c, IsActive, QuantityUnitOfMeasure, ACU_Item_Status__c, Sales_Part_Status__c, ACU_Authorization_Required__c, US_Price_Group_Name__c)",SP746PU,SP746PU,"SmartMount® Pivot Wall Mount For 32"" to 50"" TV's",False,Inactive,EA,False,CORE,Use Up,MOUNT,01t6A000000as8CQAQ
"UPDATE (QuantityUnitOfMeasure, Sales_Part_Status__c)",SP840,SP840,"32""-55"" SmartMount Pull-Out Pivot Wall Mount with Tilt",True,Active,EA,True,CORE,Active,MOUNT,01t6A000000aqiRQAQ
"UPDATE (US_Description__c, QuantityUnitOfMeasure, Sales_Part_Status__c)",SP850,SP850,"Security SmartMount® Pull-Out Swivel Mount For 32"" to 80"" TV's",True,Active,EA,True,CORE,Active,MOUNT,01t6A000000ar0fQAA
"UPDATE (US_Description__c, QuantityUnitOfMeasure, Sales_Part_Status__c)",SP850-UNL,SP850-UNL,"Security SmartMount® Universal Pull-Out Swivel Mount For 32"" to 80""TV's",True,Active,EA,True,CORE,Active,MOUNT,01t6A000000aqxkQAA
"UPDATE (US_Description__c, QuantityUnitOfMeasure, Sales_Part_Status__c)",SP850-UNLP,SP850-UNLP,"SmartMount® Universal Pull-Out Swivel Mount For 32"" to 80"" TV's",True,Active,EA,True,CORE,Active,MOUNT,01t6A000000arNFQAY
"UPDATE (US_Description__c, QuantityUnitOfMeasure, Sales_Part_Status__c)",SP850-UNM,SP850-UNM,"Security SmartMount® Universal Pull-Out Swivel Mount For 49 to 65"" TVs",True,Active,EA,True,CORE,Active,MOUNT,01t2K000006S2NHQA0
"UPDATE (QuantityUnitOfMeasure, Sales_Part_Status__c)",SP850-V2X2,SP850-V2X2,"HOSP V2X2 TILT ARTIC 32-80"" BLK SEC",True,No Purchases,EA,False,HOSP,Use Up,MOUNT,01t6A000000at19QAA
"UPDATE (Description, US_Description__c, QuantityUnitOfMeasure, Sales_Part_Status__c)",SP850P,SP850P,SmartMount® Pull-out Pivot Wall Mount For 32” to 80” TV's,True,Active,EA,True,CORE,Active,MOUNT,01t6A000000aqsiQAA
"UPDATE (Description, US_Description__c, IsActive, QuantityUnitOfMeasure, Sales_Part_Status__c, ACU_Authorization_Required__c, US_Price_Group_Name__c, ACU_PMPLCM__c)",SR555M,SR555M,"VIDEO CONF CART FOR TWO 40-65"" DISPLAYS - VERSION B",False,Inactive,EA,False,CORE,,MOUNT,01t6A000000asvyQAA
"UPDATE (Description, US_Description__c, QuantityUnitOfMeasure, Sales_Part_Status__c)",SR560-FLIP2,SR560-FLIP2,ROTATIONAL CART FOR SAMSUNG FLIP WM55B/WM55H/WM55R/WM65B/WM65R,True,Active,EA,True,CORE,Active,MOUNT,01t2K000006S2P6QAK
"UPDATE (QuantityUnitOfMeasure, Sales_Part_Status__c)",SR560-HUB2,SR560-HUB2,"Mobile Cart for the 50"" Microsoft Surface Hub 2S/2X",True,Active,EA,True,CORE,Active,MOUNT,01t2K000006XG7fQAG
"UPDATE (QuantityUnitOfMeasure, ACU_Item_Status__c, Sales_Part_Status__c, US_Price_Group_Name__c, ACU_PMPLCM__c, Category__c)",SR560G,SR560G,"FLAT PANEL FLOOR CART FOR UP TO 75"" DISPLAY W/GLASS SHELF",True,No Purchases,EA,False,31,Use Up,MOUNT,01t6A000000ardfQAA
"UPDATE (Description, US_Description__c, QuantityUnitOfMeasure, Sales_Part_Status__c)",SR560M,SR560M,"SmartMount®  Universal Cart For 32"" to 75"" TV's",True,Active,EA,True,CORE,Active,MOUNT,01t6A000000arf5QAA
"UPDATE (US_Description__c, QuantityUnitOfMeasure, Sales_Part_Status__c)",SR575M,SR575M,"SmartMount®  Full Features Universal Cart For 32"" to 75"" TV's",True,Active,EA,True,CORE,Active,MOUNT,01t6A000000asHCQAY
"UPDATE (US_Description__c, QuantityUnitOfMeasure, Sales_Part_Status__c)",SR598,SR598,"SmartMount® Universal Cart For 55"" to 98""+ TV's",True,Active,EA,True,CORE,Active,MOUNT,01t6A000000arqhQAA
"UPDATE (IsActive, QuantityUnitOfMeasure, Sales_Part_Status__c, ACU_Authorization_Required__c, US_Price_Group_Name__c, ACU_PMPLCM__c)",SR598-HUB,SR598-HUB,"SmartMount Universal Cart for Microsoft Surface Hub - 55"" and 84""",False,Inactive,EA,False,CORE,,MOUNT,01t6A000000as8TQAQ
"UPDATE (QuantityUnitOfMeasure, Sales_Part_Status__c)",SR598ML3,SR598ML3,"Motorized Height Adjustable Cart - 42-86"" Displays",True,Active,EA,True,CORE,Active,MOUNT,01t6A000000brlUQAQ
"UPDATE (Description, US_Description__c, QuantityUnitOfMeasure, Sales_Part_Status__c)",SR598ML3E,SR598ML3E,"Motorized Height Adjustable Cart - 55-86"" Displays",True,Active,EA,True,CORE,Active,MOUNT,01t6A000002ZtlmQAC
"UPDATE (QuantityUnitOfMeasure, Sales_Part_Status__c)",SR598ML3E-TROX,SR598ML3E-TROX,"Motorized Height Adjustable Cart - 42-86"" Displays",True,Active,EA,False,CORE,Active,MOUNT,01t6A000002Zuw7QAC
"UPDATE (Description, US_Description__c, QuantityUnitOfMeasure, Sales_Part_Status__c)",SR598ML3T,SR598ML3T,"Motorized Height and Tilt Adjustable Cart - 42-80"" Displays",True,Active,EA,True,CORE,Active,MOUNT,01t6A000003QQD8QAO
"UPDATE (US_Description__c, QuantityUnitOfMeasure, Sales_Part_Status__c)",SS560F,SS560F,"SmartMount®  Universal Stand For 32"" to 75"" TV's w/o Shelf",True,No Purchases,EA,False,CORE,Use Up,MOUNT,01t6A000000art7QAA
"UPDATE (QuantityUnitOfMeasure, Sales_Part_Status__c)",SS575K,SS575K,"Universal Kiosk Stand for 32"" to 75"" displays",True,Active,EA,True,CORE,Active,MOUNT,01t6A000000arckQAA
"UPDATE (QuantityUnitOfMeasure, Sales_Part_Status__c)",SS598ML3,SS598ML3,"Motorized Stand / Wall Mount for 42-86"" Displays",True,Active,EA,True,CORE,Active,MOUNT,01t6A000003QPzhQAG
"UPDATE (US_Description__c, QuantityUnitOfMeasure, Sales_Part_Status__c)",ST16D,ST16D,"SmartMount® Dedicated Tilt Wall Mount 16"" Stud Adaptor plate sold separately",True,No Purchases,EA,False,CORE,Use Up,MOUNT,01t6A000000arOZQAY
"UPDATE (US_Description__c, QuantityUnitOfMeasure, Sales_Part_Status__c)",ST630,ST630,"SmartMount® Universal Tilt Mount For 10"" to 29"" TV's",True,Active,EA,True,CORE,Active,MOUNT,01t6A000000ar9kQAA
"UPDATE (Description, US_Description__c, QuantityUnitOfMeasure, Sales_Part_Status__c)",ST630P,ST630P,"TILT MOUNT 10""-29""",True,Active,EA,True,CORE,Active,MOUNT,01t6A000000ar9lQAA
"UPDATE (Description, US_Description__c, QuantityUnitOfMeasure, Sales_Part_Status__c)",ST632,ST632,"TILT MOUNT 22""-43"" SEC",True,Active,EA,True,CORE,Active,MOUNT,01t6A000000arPzQAI
"UPDATE (Description, US_Description__c, QuantityUnitOfMeasure, Sales_Part_Status__c)",ST632P,ST632P,"TILT MOUNT 22""-43""",True,Active,EA,True,CORE,Active,MOUNT,01t6A000000as2cQAA
"UPDATE (US_Description__c, QuantityUnitOfMeasure, Sales_Part_Status__c)",ST635,ST635,"SmartMount® Universal Tilt Wall Mount For 13"" to 37"" TV's",True,Active,EA,True,CORE,Active,MOUNT,01t6A000000aqmcQAA
"UPDATE (US_Description__c, QuantityUnitOfMeasure, Sales_Part_Status__c)",ST635P,ST635P,"SmartMount® Universal Tilt Wall Mount For 13"" to 37"" TV's",True,Active,EA,True,CORE,Active,MOUNT,01t6A000000ar9mQAA
"UPDATE (Description, US_Description__c, QuantityUnitOfMeasure, Sales_Part_Status__c)",ST640,ST640,SmartMount® Universal Tilt Wall Mount For 32” to 50” TV's,True,Active,EA,True,CORE,Active,MOUNT,01t6A000000ar9nQAA
"UPDATE (Description, US_Description__c, QuantityUnitOfMeasure, Sales_Part_Status__c)",ST640P,ST640P,SmartMount® Universal Tilt Wall Mount For 32” to 50” TV's Non-Sec,True,Active,EA,True,CORE,Active,MOUNT,01t6A000000ar9oQAA
"UPDATE (Description, US_Description__c, QuantityUnitOfMeasure, Sales_Part_Status__c)",ST650,ST650,SmartMount® Universal Tilt Wall Mount For 39” to 75” TV's,True,Active,EA,True,CORE,Active,MOUNT,01t6A000000ar9pQAA
"UPDATE (Description, US_Description__c, QuantityUnitOfMeasure, Sales_Part_Status__c)",ST650P,ST650P,"TILT MOUNT 39""-75""",True,Active,EA,True,CORE,Active,MOUNT,01t6A000000arD9QAI
"UPDATE (Description, US_Description__c, QuantityUnitOfMeasure, Sales_Part_Status__c, ACU_Authorization_Required__c, US_Price_Group_Name__c)",ST650P-M,ST650P-M,"TILT MOUNT 39""-75""",True,Active,EA,False,CORE,Active,MOUNT,01t6A000000asd2QAA
"UPDATE (US_Description__c, QuantityUnitOfMeasure, Sales_Part_Status__c)",ST660,ST660,"Security SmartMount® Universal Tilt Mount For 39"" to 80"" TV's",True,Active,EA,True,CORE,Active,MOUNT,01t6A000000ar9qQAA
"UPDATE (US_Description__c, QuantityUnitOfMeasure, Sales_Part_Status__c)",ST660P,ST660P,"SmartMount® Universal Tilt Mount For 39"" to 80"" TV's",True,Active,EA,True,CORE,Active,MOUNT,01t6A000000ar9rQAA
"UPDATE (Description, US_Description__c, QuantityUnitOfMeasure, Sales_Part_Status__c, ACU_Authorization_Required__c, US_Price_Group_Name__c)",ST660P-M,ST660P-M,"TILT MOUNT 39""-80""",True,Active,EA,False,CORE,Active,MOUNT,01t6A000000askpQAA
"UPDATE (US_Description__c, QuantityUnitOfMeasure, Sales_Part_Status__c)",ST670,ST670,"Security SmartMount® Universal Tilt Mount For 46"" to 90"" TV's",True,Active,EA,True,CORE,Active,MOUNT,01t6A000000ast7QAA
"UPDATE (US_Description__c, QuantityUnitOfMeasure, Sales_Part_Status__c)",ST670P,ST670P,"SmartMount® Universal Tilt Mount For 46"" to 90"" TV's",True,Active,EA,True,CORE,Active,MOUNT,01t6A000000ast8QAA
"UPDATE (QuantityUnitOfMeasure, Sales_Part_Status__c, ACU_Authorization_Required__c, US_Price_Group_Name__c)",ST670P-M,ST670P-M,PEERLESS ST670P-M UNIV TILT 46-90,True,Active,EA,False,CORE,Active,MOUNT,01t6A000000atTyQAI
"UPDATE (US_Description__c, QuantityUnitOfMeasure, Sales_Part_Status__c)",ST680,ST680,"Security SmartMount® Universal Tilt Mount For 60"" to 98"" TV's",True,Active,EA,True,CORE,Active,MOUNT,01t6A000000ast9QAA
"UPDATE (Description, US_Description__c, QuantityUnitOfMeasure, Sales_Part_Status__c)",ST680P,ST680P,UNIV TILT WALL MNT XXL NON-SEC BLK 60-98,True,Active,EA,True,CORE,Active,MOUNT,01t6A000000ariuQAA
"UPDATE (QuantityUnitOfMeasure, Sales_Part_Status__c, ACU_Authorization_Required__c, US_Price_Group_Name__c)",ST680P-M,ST680P-M,PEERLESS ST680P-M UNIV TILT 60-95,True,Active,EA,False,CORE,Active,MOUNT,01t6A000000atTzQAI
"UPDATE (US_Description__c, QuantityUnitOfMeasure, Sales_Part_Status__c)",STP680,STP680,SmartMount® Universal Tilt Wall Mount for Portrait Orientation,True,Active,EA,True,CORE,Active,MOUNT,01t6A000000asIJQAY
"UPDATE (QuantityUnitOfMeasure, Sales_Part_Status__c)",SUA740P,SUA740P,"Designer Series Articulating Wall Mount - 32-43""",True,Active,EA,True,CORE,Active,MOUNT,01t6A000000ar7sQAA
"UPDATE (QuantityUnitOfMeasure, Sales_Part_Status__c)",SUA747PU,SUA747PU,"Designer Series Articulating Wall Mount - 32-50""",True,Active,EA,True,CORE,Active,MOUNT,01t6A000000asfUQAQ
"UPDATE (QuantityUnitOfMeasure, Sales_Part_Status__c)",SUA761PU,SUA761PU,"Designer Series Articulating Wall Mount - 37-65""",True,Active,EA,True,CORE,Active,MOUNT,01t6A000000ar4gQAA
"UPDATE (QuantityUnitOfMeasure, Sales_Part_Status__c)",SUA771PU,SUA771PU,"Designer Series Articulating Wall Mount - 42-90""",True,Active,EA,True,CORE,Active,MOUNT,01t6A000000asfVQAQ
"UPDATE (QuantityUnitOfMeasure, Sales_Part_Status__c)",SUF640P,SUF640P,"Universal Ultra Slim Flat Wall Mount For 37"" to 50"" Ultra-thin TV's",True,Active,EA,True,CORE,Active,MOUNT,01t6A000000asCLQAY
"UPDATE (QuantityUnitOfMeasure, Sales_Part_Status__c, ACU_Authorization_Required__c, US_Price_Group_Name__c)",SUF640P-CUS762,SUF640P-CUS762,"Flat Wall Mt For 37"" to 50"" TVs (ECN 35461)",True,Active,EA,False,CORE,Active,MOUNT,01t6A000000bMFOQA2
"UPDATE (Description, US_Description__c, QuantityUnitOfMeasure, Sales_Part_Status__c, ACU_Authorization_Required__c, US_Price_Group_Name__c)",SUF640P-M,SUF640P-M,PEERLESS SUF640P-M SLIM FLAT 37-50,True,Active,EA,False,CORE,Active,MOUNT,01t6A000000asczQAA
"UPDATE (QuantityUnitOfMeasure, Sales_Part_Status__c)",SUF641,SUF641,"Universal Ultra Slim Flat Wall Mount For 24"" to 50"" Ultra-thin TV's",True,Active,EA,True,CORE,Active,MOUNT,01t6A000000armZQAQ
"UPDATE (QuantityUnitOfMeasure, Sales_Part_Status__c)",SUF650P,SUF650P,"Universal Ultra Slim Flat Wall Mount For 37"" to 75"" Ultra-thin TV's",True,Active,EA,True,CORE,Active,MOUNT,01t6A000000arKXQAY
"UPDATE (QuantityUnitOfMeasure, Sales_Part_Status__c, ACU_Authorization_Required__c, US_Price_Group_Name__c)",SUF650P-M,SUF650P-M,PEERLESS SUF650P-M SLIM FLAT 37-75,True,Active,EA,False,CORE,Active,MOUNT,01t6A000000asd0QAA
"UPDATE (QuantityUnitOfMeasure, Sales_Part_Status__c)",SUF651,SUF651,"Universal Ultra Slim Flat Wall Mount For 37"" to 75"" Ultra-thin TV's",True,Active,EA,True,CORE,Active,MOUNT,01t6A000000armaQAA
"UPDATE (QuantityUnitOfMeasure, Sales_Part_Status__c)",SUF660P,SUF660P,"Universal Ultra Slim Flat Wall Mount For 40"" to 80"" Ultra-thin TV's",True,Active,EA,True,CORE,Active,MOUNT,01t6A000000atErQAI
"UPDATE (QuantityUnitOfMeasure, Sales_Part_Status__c, ACU_Authorization_Required__c, US_Price_Group_Name__c)",SUF660P-M,SUF660P-M,PEERLESS SUF660P-M SLIM FLAT 40-80,True,Active,EA,False,CORE,Active,MOUNT,01t6A000000asd1QAA
"UPDATE (QuantityUnitOfMeasure, Sales_Part_Status__c)",SUF661,SUF661,"Universal Ultra Slim Flat Wall Mount For 40"" to 80"" Ultra-thin TV's",True,Active,EA,True,CORE,Active,MOUNT,01t6A000000asldQAA
"UPDATE (QuantityUnitOfMeasure, Sales_Part_Status__c)",TTS4X4,TTS4X4,Table Top TV Stand - 400 x 400,True,Active,EA,True,RETAIL,Active,MOUNT,01t2K000004ZdRwQAK
"UPDATE (QuantityUnitOfMeasure, Sales_Part_Status__c)",TTS6X4,TTS6X4,Table Top TV Stand - 600 x 400,True,Active,EA,True,RETAIL,Active,MOUNT,01t2K000006XLSZQA4
"UPDATE (QuantityUnitOfMeasure, Sales_Part_Status__c)",TVA724,TVA724,"TVX V100 FMPLUS 10-29"" NONSEC",True,No Request,EA,False,RETAIL,Use Up,MOUNT,01t6A000000ar9HQAQ
"UPDATE (Description, US_Description__c, QuantityUnitOfMeasure, Sales_Part_Status__c)",TVA737,TVA737,"ARTICULATING MOUNT 22""-43""",True,No Request,EA,False,RETAIL,Use Up,MOUNT,01t6A000000atWkQAI
"UPDATE (Description, US_Description__c, QuantityUnitOfMeasure, Sales_Part_Status__c)",TVA746,TVA746,"ARTICULATING MOUNT 32""-50""",True,No Request,EA,False,RETAIL,Use Up,MOUNT,01t6A000000atY4QAI
"UPDATE (QuantityUnitOfMeasure, Sales_Part_Status__c)",TVA750,TVA750,"TruVue UNIV ART MOUNT 32-50""+ NONSEC",True,Active,EA,True,RETAIL,Active,MOUNT,01t2K00000AoidSQAR
"UPDATE (QuantityUnitOfMeasure, Sales_Part_Status__c)",TVA765,TVA765,"TVX UNIV FMPLUS 42-75"" NONSEC",True,No Request,EA,False,RETAIL,Use Up,MOUNT,01t6A000000ar9IQAQ
"UPDATE (QuantityUnitOfMeasure, Sales_Part_Status__c)",TVA775,TVA775,"TruVue UNIV ART MOUNT 50-75""+ NONSEC",True,Active,EA,True,RETAIL,Active,MOUNT,01t2K00000AoidmQAB
"UPDATE (Description, US_Description__c, QuantityUnitOfMeasure, Sales_Part_Status__c)",TVF624,TVF624,"FLAT MOUNT 10""-29""",True,No Request,EA,False,RETAIL,Use Up,MOUNT,01t6A000000arHCQAY
"UPDATE (Description, US_Description__c, QuantityUnitOfMeasure, Sales_Part_Status__c)",TVF637,TVF637,"FLAT MOUNT 22-43""",True,No Request,EA,False,RETAIL,Use Up,MOUNT,01t6A000000atWcQAI
"UPDATE (Description, US_Description__c, QuantityUnitOfMeasure, Sales_Part_Status__c)",TVF646,TVF646,"FLAT MOUNT 32""-50""",True,No Request,EA,False,RETAIL,Use Up,MOUNT,01t6A000000at8PQAQ
"UPDATE (Description, US_Description__c, QuantityUnitOfMeasure, Sales_Part_Status__c)",TVF665,TVF665,"FLAT MOUNT 42""-75""",True,No Request,EA,False,RETAIL,Use Up,MOUNT,01t6A000000atDCQAY
"UPDATE (IsActive, QuantityUnitOfMeasure, Sales_Part_Status__c, ACU_Authorization_Required__c, US_Price_Group_Name__c)",TVF665B,TVF665B,"TVX UNIV FLAT BLK 42-75"" NONSEC with 3m HDMI Cable",True,Active,EA,False,CORE,Active,MOUNT,01t2K000006S2EPQA0
"UPDATE (QuantityUnitOfMeasure, Sales_Part_Status__c)",TVFT650,TVFT650,"TruVue UNIV FLAT/TILT MOUNT 32-50""+ NONSEC",True,Active,EA,True,RETAIL,Active,MOUNT,01t2K00000AoidXQAR
"UPDATE (QuantityUnitOfMeasure, Sales_Part_Status__c)",TVFT665,TVFT665,"TruVue UNIV FLAT/TILT MOUNT 50-65""+ NONSEC",True,Active,EA,True,RETAIL,Active,MOUNT,01t2K00000AoidcQAB
"UPDATE (QuantityUnitOfMeasure, Sales_Part_Status__c)",TVFT690,TVFT690,"TruVue UNIV FLAT/TILT MOUNT 65-90""+ NONSEC",True,Active,EA,True,RETAIL,Active,MOUNT,01t2K00000AoidNQAR
"UPDATE (Description, US_Description__c, QuantityUnitOfMeasure, Sales_Part_Status__c)",TVP724,TVP724,"PIVOT MOUNT 10""-29""",True,No Request,EA,False,RETAIL,Use Up,MOUNT,01t6A000000arHDQAY
"UPDATE (Description, US_Description__c, QuantityUnitOfMeasure, Sales_Part_Status__c)",TVP737,TVP737,"PIVOT MOUNT 22""-43""",True,No Request,EA,False,RETAIL,Use Up,MOUNT,01t6A000000asEKQAY
"UPDATE (Description, US_Description__c, QuantityUnitOfMeasure, Sales_Part_Status__c)",TVT624,TVT624,"TILT MOUNT 10""-29""",True,No Request,EA,False,RETAIL,Use Up,MOUNT,01t6A000000arHEQAY
"UPDATE (Description, US_Description__c, QuantityUnitOfMeasure, Sales_Part_Status__c)",TVT637,TVT637,"TVX V200 TILT BLK 22-40"" NONSEC",True,No Request,EA,False,RETAIL,Use Up,MOUNT,01t6A000000ar9JQAQ
"UPDATE (Description, US_Description__c, QuantityUnitOfMeasure, Sales_Part_Status__c)",TVT646,TVT646,"TILT MOUNT 32""-50""",True,No Request,EA,False,RETAIL,Use Up,MOUNT,01t6A000000ar9KQAQ
"UPDATE (Description, US_Description__c, QuantityUnitOfMeasure, Sales_Part_Status__c)",TVT665,TVT665,"TILT MOUNT 42""-75""",True,No Request,EA,False,RETAIL,Use Up,MOUNT,01t6A000000asEJQAY
"UPDATE (QuantityUnitOfMeasure, Sales_Part_Status__c)",VCM580,VCM580,"Video Conferencing Solution for 55"" to 80"" Displays",True,Active,EA,False,CORE,Active,MOUNT,01t6A000000aqnxQAA
"UPDATE (Description, US_Description__c, QuantityUnitOfMeasure, Sales_Part_Status__c)",VCM580S-4RU,VCM580S-4RU,Single Display Floor to Wall VC Stand inc x1 2RU Rack,True,No Purchases,EA,False,CORE,Use Up,MOUNT,01t6A000000boI5QAI
"UPDATE (QuantityUnitOfMeasure, Sales_Part_Status__c)",WSP716-GB,WSP716-GB,"Triple Metal stud wall plate For PLA Series, 16"" stud centers",True,Active,EA,False,CORE,Use Up,MOUNT,01t6A000000arwMQAQ
"UPDATE (QuantityUnitOfMeasure, Sales_Part_Status__c)",WSP724-GB,WSP724-GB,"Triple Metal stud wall plate For PLA Series, 16"", 20"", 24"" stud centers",True,Active,EA,False,CORE,Use Up,MOUNT,01t6A000000arwNQAQ
"UPDATE (QuantityUnitOfMeasure, Sales_Part_Status__c)",WSP816,WSP816,Metal Stud Wall Plate For SP-850 and FPS-1000 Wall Mounts,True,Active,EA,False,CORE,Active,MOUNT,01t6A000000arEQQAY
"UPDATE (QuantityUnitOfMeasure, Sales_Part_Status__c)",WSP820,WSP820,Metal Stud Wall Plate For SP-850 and FPS-1000 Wall Mounts,True,Active,EA,False,CORE,Active,MOUNT,01t6A000000asHVQAY
"UPDATE (IsActive, QuantityUnitOfMeasure, Sales_Part_Status__c, ACU_PMPLCM__c, Category__c)",125-0611,125-0611,SPEAKER MICROPHONE WX-CS560 (SET OF 1),True,Active,EA,False,KIOSK,,,01t2K000006SsWVQA0
"UPDATE (QuantityUnitOfMeasure, ACU_Item_Status__c, Sales_Part_Status__c)",150-0016,150-0016,"BASE, PORTRAIT, 46/47/55 KIOSK",True,Active,EA,False,ET DD,,,01t6A000000arV8QAI
"UPDATE (Description, US_Description__c, QuantityUnitOfMeasure, ACU_Item_Status__c, Sales_Part_Status__c)",150-0029,150-0029,"DOOR, PORTRAIT, FRONT 55 KIOSK",True,No Request,EA,False,ET DD,,,01t6A000000aqjZQAQ
"UPDATE (Description, US_Description__c, QuantityUnitOfMeasure, ACU_Item_Status__c, Sales_Part_Status__c)",150-0040,150-0040,"LEG WELDMENT, PORTRAIT, 55 KIOSK",True,Active,EA,False,ET DD,,,01t6A000000ar7nQAA
"UPDATE (QuantityUnitOfMeasure, Sales_Part_Status__c, ACU_PMPLCM__c, Category__c)",150-0105,150-0105,"DOOR LATCH, RIGHT, LAND. FOR KIL5XX KIOSKS",True,Active,EA,False,KIOSK,,,01t6A000000aqolQAA
"UPDATE (QuantityUnitOfMeasure, Sales_Part_Status__c, ACU_PMPLCM__c, Category__c)",150-0106,150-0106,"DOOR LATCH, LEFT, LAND. FOR KIL5XX KIOSKS",True,Active,EA,False,KIOSK,,,01t6A000000aqomQAA
"UPDATE (Description, US_Description__c, QuantityUnitOfMeasure, Sales_Part_Status__c, US_Price_Group_Name__c, ACU_PMPLCM__c, Category__c)",150-0113,150-0113,"PROP BAR, CATCH FOR KIL5XX, KIL6XX, KIP6XX KIOSKS",True,Active,EA,False,KIOSK,,,01t6A000000asi2QAA
"UPDATE (Description, US_Description__c, QuantityUnitOfMeasure, ACU_Item_Status__c, Sales_Part_Status__c)",150-0190,150-0190,"TOP SUPPORT, DUAL FAN FOR KIL555 KIOSK",True,Active,EA,False,ET DD,,,01t6A000000aqjaQAA
"UPDATE (QuantityUnitOfMeasure, ACU_Item_Status__c, Sales_Part_Status__c)",150-0379,150-0379,"DOOR, PORTRAIT, FRONT 42 KIOSK, 3"" DEEP",True,No Request,EA,False,ET DD,,,01t6A000000ascYQAQ
"UPDATE (Description, US_Description__c, QuantityUnitOfMeasure, ACU_Item_Status__c, Sales_Part_Status__c, US_Price_Group_Name__c)",150-4019,150-4019,"DOOR, PORTRAIT,FRONT 46 KIOSK, SLV",True,Active,EA,False,ET DD,,,01t6A000000asi4QAA
"UPDATE (QuantityUnitOfMeasure, ACU_Item_Status__c, Sales_Part_Status__c)",150-4032,150-4032,"BASE, PORTRAIT, 40/42 KIOSK, SLV",True,Active,EA,False,ET DD,,,01t6A000000asBLQAY
"UPDATE (QuantityUnitOfMeasure, ACU_Item_Status__c, Sales_Part_Status__c)",150-4038,150-4038,"DOOR, PORTRAIT, REAR 40/42 KIOSK, SLV",True,Active,EA,False,ET DD,,,01t6A000000arfGQAQ
"UPDATE (Description, US_Description__c, QuantityUnitOfMeasure, ACU_Item_Status__c, Sales_Part_Status__c)",150-4039,150-4039,"DOOR, PORTRAIT, FRONT 42 KIOSK, SLV",True,Active,EA,False,ET DD,,,01t6A000000arfFQAQ
"UPDATE (QuantityUnitOfMeasure, Sales_Part_Status__c, ACU_PMPLCM__c, Category__c)",150-4125,150-4125,"COVER, TOP, WELDMENT FOR KIL542 KIOSK, SLV",True,Active,EA,False,KIOSK,,,01t6A000000atbQQAQ
"UPDATE (QuantityUnitOfMeasure, ACU_Item_Status__c, Sales_Part_Status__c)",150-4378,150-4378,"DOOR, PORTRAIT, FRONT 46 KIOSK, 3"" DEEP  SLV",True,Active,EA,False,ET DD,,,01t6A000000asyVQAQ
"UPDATE (QuantityUnitOfMeasure, ACU_Item_Status__c, Sales_Part_Status__c)",150-4580P,150-4580P,"COVER, FRONT FOR KIL755,SLV",True,Active,EA,False,ET DD,,,01t2K000006NZcIQAW
"UPDATE (IsActive, QuantityUnitOfMeasure, Sales_Part_Status__c, ACU_PMPLCM__c, Category__c)",150-4934,150-4934,"DOOR, PORTRAIT, FRONT 48 KIOSK, SLV",True,Active,EA,False,KIOSK,,,01t2K000006S2LeQAK
"UPDATE (QuantityUnitOfMeasure, ACU_Item_Status__c, Sales_Part_Status__c)",150-6316,150-6316,"22"" SHROUD FOR THE 22"" KIOSK WALL MART GREEN",True,Active,EA,False,ET DD,,,01t6A000000aqoMQAQ
"UPDATE (QuantityUnitOfMeasure, ACU_Item_Status__c, Sales_Part_Status__c)",150-P1030,150-P1030,"DOOR, PORTRAIT, REAR 55 KIOSK, GBLK",True,Active,EA,False,ET DD,,,01t6A000000arl8QAA
"UPDATE (QuantityUnitOfMeasure, ACU_Item_Status__c, Sales_Part_Status__c)",150-P1038,150-P1038,"DOOR, PORTRAIT, REAR 40/42 KIOSK, GBLK",True,Active,EA,False,ET DD,,,01t6A000000arY6QAI
"UPDATE (QuantityUnitOfMeasure, ACU_Item_Status__c, Sales_Part_Status__c)",150-P1039,150-P1039,"DOOR, PORTRAIT, FRONT 42 KIOSK, GBLK",True,Active,EA,False,ET DD,,,01t6A000000arfEQAQ
"UPDATE (IsActive, QuantityUnitOfMeasure, Sales_Part_Status__c, US_Price_Group_Name__c, ACU_PMPLCM__c, Category__c)",150-P1379,150-P1379,"DOOR, PORTRAIT, FRONT 42 KIOSK, 3"" DEEP  BLK",True,Active,EA,False,KIOSK,,,01tPW00000EtlhVYAR
"UPDATE (QuantityUnitOfMeasure, ACU_Item_Status__c, Sales_Part_Status__c)",150-P1580P,150-P1580P,"COVER, FRONT FOR KIL755,BLK",True,Active,EA,False,ET DD,,,01t2K000006NZcDQAW
"UPDATE (QuantityUnitOfMeasure, ACU_Item_Status__c, Sales_Part_Status__c)",150-T1005,150-T1005,"BRACKET, PORTRAIT, SCREEN SUPPORT, SIDE, TBLK",True,Active,EA,False,ET DD,,,01t2K000006NaTbQAK
"UPDATE (IsActive, QuantityUnitOfMeasure, Sales_Part_Status__c, ACU_Authorization_Required__c, US_Price_Group_Name__c, ACU_PMPLCM__c, Category__c)",150-T1013,150-T1013,"LOCK CATCH, KIOSKS, PORTRAIT, TBLK",True,Active,EA,False,KIOSK,,,01t2K000006SsnqQAC
"UPDATE (QuantityUnitOfMeasure, Sales_Part_Status__c, ACU_PMPLCM__c, Category__c)",150-T1105,150-T1105,"DOOR LATCH, RIGHT, LAND. FOR KIL5XX KIOSKS, BLK",True,Active,EA,False,KIOSK,,,01t6A000000aqr5QAA
"UPDATE (QuantityUnitOfMeasure, Sales_Part_Status__c, ACU_PMPLCM__c, Category__c)",150-T1106,150-T1106,"DOOR LATCH, LEFT, LAND. FOR KIL5XX KIOSKS, BLK",True,Active,EA,False,KIOSK,,,01t6A000000aqr6QAA
"UPDATE (QuantityUnitOfMeasure, Sales_Part_Status__c, ACU_PMPLCM__c, Category__c)",150-T1113,150-T1113,PROP CATCH BAR FOR LANDSCAPE KIOSK,True,Active,EA,False,KIOSK,,,01t6A000000aqonQAA
"UPDATE (QuantityUnitOfMeasure, Sales_Part_Status__c, ACU_PMPLCM__c, Category__c)",151-0498,151-0498,CHARGING CUP VOLTA CHARGING STATION,True,Active,EA,False,KIOSK,,,01t6A000000arEJQAY
"UPDATE (QuantityUnitOfMeasure, ACU_Item_Status__c, Sales_Part_Status__c)",151-0693P,151-0693P,"KIPC2 65"" MEDIA TRAY",True,Active,EA,False,ET DD,,,01t6A000000arRBQAY
"UPDATE (Description, US_Description__c, QuantityUnitOfMeasure, ACU_Item_Status__c, Sales_Part_Status__c)",151-0715P,151-0715P,"KIPC2 40-43"" 3.375"" BOTTOM DOOR",True,Active,EA,False,ET DD,,,01t2K000006KDjPQAW
"UPDATE (QuantityUnitOfMeasure, ACU_Item_Status__c, Sales_Part_Status__c)",151-4553,151-4553,"KIPC2 55"" FRONT UPPER DOOR, SLV",True,Active,EA,False,ET DD,,,01t6A000002ZPa3QAG
"UPDATE (QuantityUnitOfMeasure, ACU_Item_Status__c, Sales_Part_Status__c)",151-4554,151-4554,"KIPC2 49-55"" FRONT LOWER DOOR, SLV",True,Active,EA,False,ET DD,,,01t6A000002ZPdVQAW
"UPDATE (QuantityUnitOfMeasure, ACU_Item_Status__c, Sales_Part_Status__c)",151-4555,151-4555,"KIPC2 49-55"" REAR UPPER DOOR, SLV",True,Active,EA,False,ET DD,,,01t6A000002ZPcTQAW
"UPDATE (QuantityUnitOfMeasure, ACU_Item_Status__c, Sales_Part_Status__c)",151-4556,151-4556,"KIPC2 49-55"" REAR LOWER DOOR, SLV",True,Active,EA,False,ET DD,,,01t6A000002ZPbRQAW
"UPDATE (IsActive, QuantityUnitOfMeasure, Sales_Part_Status__c, US_Price_Group_Name__c, ACU_PMPLCM__c, Category__c)",151-4559,151-4559,"KIPC2 50"" FRONT UPPER DOOR, SLV",True,Active,EA,False,KIOSK,,,01tPW00000EtlhWYAR
"UPDATE (IsActive, QuantityUnitOfMeasure, Sales_Part_Status__c, ACU_PMPLCM__c, Category__c)",151-4573,151-4573,"KIPC2 46-48"" REAR LOWER DOOR, SLV",True,Active,EA,False,KIOSK,,,01t2K000006S2LgQAK
"UPDATE (QuantityUnitOfMeasure, ACU_Item_Status__c, Sales_Part_Status__c)",151-6713P,151-6713P,"KIPC2 40"" 3.375"" FRONT DOOR-WHITE",True,Active,EA,False,ET DD,,,01t2K000006KDjUQAW
"UPDATE (QuantityUnitOfMeasure, ACU_Item_Status__c, Sales_Part_Status__c)",151-6715P,151-6715P,"KIPC2 40-43"" 3.375"" BOTTOM DOOR -WHITE",True,Active,EA,False,ET DD,,,01t2K000006KDjVQAW
"UPDATE (QuantityUnitOfMeasure, Sales_Part_Status__c, ACU_PMPLCM__c, Category__c)",151-P1268,151-P1268,"BASE COVER WELDMENT, FOR KIP586-2LG/1LG, GBLK",True,Active,EA,False,KIOSK,,,01t6A000000atbVQAQ
"UPDATE (QuantityUnitOfMeasure, Sales_Part_Status__c, ACU_PMPLCM__c, Category__c)",151-P1274,151-P1274,"TOP PANEL, FOR KIP586-2LG/1LG  BLK",True,Active,EA,False,KIOSK,,,01t6A000000atbWQAQ
"UPDATE (QuantityUnitOfMeasure, Sales_Part_Status__c, ACU_PMPLCM__c, Category__c)",151-P1275,151-P1275,"SIDE PANEL WELDMENT, FOR KIP586-2LG/1LG  BLK",True,Active,EA,False,KIOSK,,,01t6A000000asAlQAI
"UPDATE (Description, US_Description__c, QuantityUnitOfMeasure, ACU_Item_Status__c, Sales_Part_Status__c)",151-P1280P,151-P1280P,"BACK PANEL, FOR KIP586-1LG  GBLK",True,Active,EA,False,ET DD,,,01t6A000000at2ZQAQ
"UPDATE (QuantityUnitOfMeasure, ACU_Item_Status__c, Sales_Part_Status__c)",151-P1553,151-P1553,"KIPC2 55"" FRONT UPPER DOOR, GBLK",True,Active,EA,False,ET DD,,,01t6A000002ZvELQA0
"UPDATE (QuantityUnitOfMeasure, ACU_Item_Status__c, Sales_Part_Status__c)",151-P1554,151-P1554,"KIPC2 49-55"" FRONT LOWER DOOR, GBLK",True,Active,EA,False,ET DD,,,01t6A000002hRAgQAM
"UPDATE (QuantityUnitOfMeasure, ACU_Item_Status__c, Sales_Part_Status__c)",151-P1555,151-P1555,"KIPC2 49-55"" REAR UPPER DOOR, GBLK",True,Active,EA,False,ET DD,,,01t2K000006NWtaQAG
"UPDATE (IsActive, QuantityUnitOfMeasure, Sales_Part_Status__c, ACU_PMPLCM__c, Category__c)",151-P1556,151-P1556,"KIPC2 49-55"" REAR LOWER DOOR, GBLK",True,Active,EA,False,KIOSK,,,01t2K000006S2GKQA0
"UPDATE (QuantityUnitOfMeasure, ACU_Item_Status__c, Sales_Part_Status__c)",151-P1565,151-P1565,"KIPC2 40-43"" REAR LOWER DOOR, GBLK",True,Active,EA,False,ET DD,,,01t2K000006W31jQAC
"UPDATE (QuantityUnitOfMeasure, Sales_Part_Status__c, ACU_PMPLCM__c, Category__c)",151-P1568,151-P1568,"KIPC2 43"" FRONT UPPER DOOR, GBLK",True,Active,EA,False,KIOSK,,,01t6A000002ZPbsQAG
"UPDATE (IsActive, QuantityUnitOfMeasure, Sales_Part_Status__c, ACU_PMPLCM__c, Category__c)",151-P1572,151-P1572,"KIPC2 46-48"" FRONT LOWER DOOR, GBLK",True,Active,EA,False,KIOSK,,,01t2K000006S2B9QAK
"UPDATE (QuantityUnitOfMeasure, ACU_Item_Status__c, Sales_Part_Status__c)",151-P1574,151-P1574,"KIPC2 46"" FRONT UPPER DOOR, GBLK",True,Active,EA,False,ET DD,,,01t6A000003QSWTQA4
"UPDATE (IsActive, QuantityUnitOfMeasure, Sales_Part_Status__c, ACU_PMPLCM__c, Category__c)",151-P1577,151-P1577,"KIPC2 48"" FRONT UPPER DOOR, GBLK",True,Active,EA,False,KIOSK,,,01t2K000006S2I5QAK
"UPDATE (IsActive, QuantityUnitOfMeasure, Sales_Part_Status__c, ACU_PMPLCM__c, Category__c)",151-P1694,151-P1694,"KIPC2 65"" LOWER FRONT DOOR, GBLK",True,Active,EA,False,KIOSK,,,01t2K000006S2LhQAK
"UPDATE (QuantityUnitOfMeasure, Sales_Part_Status__c, ACU_PMPLCM__c, Category__c)",151-P1704,151-P1704,"KIPC2 55"" 3.375"" FRONT DOOR,  GBLK",True,Active,EA,False,KIOSK,,,01t2K000006W4CAQA0
"UPDATE (QuantityUnitOfMeasure, Sales_Part_Status__c, ACU_PMPLCM__c, Category__c)",151-P1707,151-P1707,"KIPC2 49-55"" 3.375 BOTTOM DOOR,  GBLK",True,Active,EA,False,KIOSK,,,01t6A000000atctQAA
"UPDATE (QuantityUnitOfMeasure, ACU_Item_Status__c, Sales_Part_Status__c)",151-T1213,151-T1213,"DISPLAY HOOK BRACKET, TBLK",True,Active,EA,False,ET DD,,,01t6A000000asjsQAA
"UPDATE (QuantityUnitOfMeasure, ACU_Item_Status__c, Sales_Part_Status__c)",151-T1557,151-T1557,"KIPC2 49-55"" REINFORCED DISPLAY BRACKET, TXTBLK",True,Active,EA,False,ET DD,,,01t2K000006NaTlQAK
"UPDATE (IsActive, QuantityUnitOfMeasure, Sales_Part_Status__c, ACU_PMPLCM__c, Category__c)",151-T1562,151-T1562,"KIPC2 40-48"" REINFORCED DISPLAY BRACKET, TXTBLK",True,Active,EA,False,KIOSK,,,01t2K000006S2I6QAK
"UPDATE (QuantityUnitOfMeasure, ACU_Item_Status__c, Sales_Part_Status__c)",151-T1616,151-T1616,"KIPC2 49-55"" SLOTTED CROSS BRACKET, TXTBLK",True,Active,EA,False,ET DD,,,01t2K000006NaTgQAK
"UPDATE (QuantityUnitOfMeasure, ACU_Item_Status__c, Sales_Part_Status__c)",151-T1791,151-T1791,"ENCLOSURE VERT. GLASS BRACKET 42/55, TXTBLK",True,Active,EA,False,ET DD,,,01t6A000003QDLLQA4
"UPDATE (QuantityUnitOfMeasure, ACU_Item_Status__c, Sales_Part_Status__c)",151-T1792,151-T1792,"ENCLOSURE HORIZ. GLASS BRACKET 42/55, TXTBLK",True,Active,EA,False,ET DD,,,01t6A000003QDLMQA4
"UPDATE (QuantityUnitOfMeasure, ACU_Item_Status__c, Sales_Part_Status__c)",151-T1951,151-T1951,"TAB, BOLTING, KILH, TXTBLK",True,Active,EA,False,ET DD,,,01t2K000006VxKVQA0
"UPDATE (QuantityUnitOfMeasure, ACU_Item_Status__c, Sales_Part_Status__c)",151-T1955,151-T1955,"SUPPORT, VERTICAL, KILH540-43, TXTBLK",True,Active,EA,False,ET DD,,,01t6A000002ZcsKQAS
"UPDATE (QuantityUnitOfMeasure, ACU_Item_Status__c, Sales_Part_Status__c)",152-0053,152-0053,KOP2555 BASE BOLT TEMPLATE,True,Active,EA,False,ET DD,,,01t2K000006MSKMQA4
"UPDATE (IsActive, QuantityUnitOfMeasure, Sales_Part_Status__c, US_Price_Group_Name__c, ACU_PMPLCM__c, Category__c)",152-0163,152-0163,"CONCRETE ANCHOR TEMPLATE, KOF%",True,Active,EA,False,KIOSK,,,01t2K000006XM61QAG
"UPDATE (IsActive, QuantityUnitOfMeasure, Sales_Part_Status__c, ACU_PMPLCM__c, Category__c)",152-0480,152-0480,"KOF5% 63% OPEN 304 SS PERF, INTAKE",True,Active,EA,False,KIOSK,,,01t2K000006XDCKQA4
"UPDATE (IsActive, QuantityUnitOfMeasure, Sales_Part_Status__c, ACU_PMPLCM__c, Category__c)",152-0481,152-0481,"KOF5% 63% OPEN 304 SS PERF, EXHAUST",True,Active,EA,False,KIOSK,,,01t2K000006XDCUQA4
"UPDATE (IsActive, QuantityUnitOfMeasure, ACU_Item_Status__c, Sales_Part_Status__c)",152-0542T,152-0542T,"KOP2555 DISPLAY BRACKET,  XHB552 & OH55F, V2",False,Inactive,EA,False,ET DD,,,01t2K000004ZicCQAS
"UPDATE (Description, US_Description__c, QuantityUnitOfMeasure, ACU_Item_Status__c, Sales_Part_Status__c)",152-1042,152-1042,"KOP2555 REAR DOOR ASY, BLK",True,Active,EA,False,ET DD,,,01t2K000006NXjWQAW
"UPDATE (Description, US_Description__c, QuantityUnitOfMeasure, Sales_Part_Status__c, US_Price_Group_Name__c, ACU_PMPLCM__c, Category__c)",152-1053,152-1053,"KOP2555 BASE BOLT TEMPLATE, BLK",False,Inactive,EA,False,KIOSK,,,01t2K000006S2I7QAK
"UPDATE (QuantityUnitOfMeasure, ACU_Item_Status__c, Sales_Part_Status__c)",152-6101,152-6101,"CBL MALL FRONT DOOR WELDMENT, RAL7045",True,Active,EA,False,ET DD,,,01t6A000002ZPaZQAW
"UPDATE (IsActive, QuantityUnitOfMeasure, Sales_Part_Status__c, ACU_Authorization_Required__c, US_Price_Group_Name__c, ACU_PMPLCM__c, Category__c)",152-6116,152-6116,"CBL MALL LOWER DOOR WELDMENT, RAL7045",True,Active,EA,False,KIOSK,,,01t2K000006S2NXQA0
"UPDATE (Description, US_Description__c, IsActive, QuantityUnitOfMeasure, Sales_Part_Status__c, US_Price_Group_Name__c, ACU_PMPLCM__c, Category__c)",152-T1163,152-T1163,"CONCRETE ANCHOR TEMPLATE, KOF%, TBLK",True,Active,EA,False,KIOSK,,,01t2K000006S2K9QAK
"UPDATE (QuantityUnitOfMeasure, Sales_Part_Status__c, ACU_PMPLCM__c, Category__c)",152-T1480,152-T1480,"KOF5% 63% OPEN 304 SS PERF, INTAKE, TBLK",False,Inactive,EA,False,KIOSK,,,01t2K000006S2EfQAK
"UPDATE (QuantityUnitOfMeasure, Sales_Part_Status__c, ACU_PMPLCM__c, Category__c)",152-T1481,152-T1481,"KOF5% 63% OPEN 304 SS PERF, EXHAUST, TBLK",False,Inactive,EA,False,KIOSK,,,01t2K000006S2NZQA0
"UPDATE (IsActive, QuantityUnitOfMeasure, ACU_Item_Status__c, Sales_Part_Status__c)",180-0620,180-0620,PYLE PFA200 AMPLIFIER 60-WATT,False,Inactive,EA,False,ET DD,,,01t6A000002Zd4HQAS
"UPDATE (QuantityUnitOfMeasure, Sales_Part_Status__c, ACU_PMPLCM__c, Category__c)",202-1893,202-1893,DISPLAY-MEDIA BOX ASSEMBLY BLACK,True,Active,EA,False,KIOSK,,,01t2K000004ZlpzQAC
"UPDATE (QuantityUnitOfMeasure, Sales_Part_Status__c, ACU_PMPLCM__c, Category__c)",210-8025,210-8025,Fastpack KIP586 LG,True,Active,EA,False,KIOSK,,,01t6A000000asAmQAI
"UPDATE (IsActive, QuantityUnitOfMeasure, Sales_Part_Status__c, ACU_PMPLCM__c)",38490,38490,KIP586-2LG for Synect Media Ready See Go,True,Active,EA,False,KIOSK,Active,KIOSK,01t2K000006S2IGQA0
"UPDATE (QuantityUnitOfMeasure, Sales_Part_Status__c, ACU_PMPLCM__c, Category__c)",410-0012,410-0012,"30MMX120MM OVAL 80HM WATERPROOF, same as PUR-0023",True,Active,EA,False,KIOSK,,,01t6A000000asvMQAQ
"UPDATE (IsActive, QuantityUnitOfMeasure, Sales_Part_Status__c, US_Price_Group_Name__c, ACU_PMPLCM__c, Category__c)",410-0322,410-0322,"FAN GUARD, 80MM, 304SS",True,Active,EA,False,KIOSK,,,01tPW00000EtlhXYAR
"UPDATE (IsActive, QuantityUnitOfMeasure, Sales_Part_Status__c, ACU_PMPLCM__c)",41031,41031,KIPC2555-S w/ Wheeled Base,True,Active,EA,False,KIOSK,Active,KIOSK,01t2K000006XR4tQAG
INSERT,48X40 SKID W-PLATEFORM,48X40 SKID W-PLATEFORM,"48"" X 40"" SKID WITH PLATFORM (HT)",True,Active,EA,False,ET DD,,,
"UPDATE (QuantityUnitOfMeasure, ACU_Item_Status__c, Sales_Part_Status__c)",500-1104,500-1104,"SCR, 1/4-20 X 4.25"" FHCS FULL THREAD, HEX, BLK",True,Active,EA,False,ET DD,,,01t6A000000aqpsQAA
"UPDATE (QuantityUnitOfMeasure, ACU_Item_Status__c, Sales_Part_Status__c)",500-2104,500-2104,"SCREW 1/2"" STANDOFF BLK PLASTIC BASE ZN",True,Active,EA,False,ET DD,,,01t6A000000arLvQAI
"UPDATE (QuantityUnitOfMeasure, ACU_Item_Status__c, Sales_Part_Status__c)",520-0034,520-0034,"CAP SCREW, 3/8-16, 2.5 LG HEX",True,Active,EA,False,ET DD,,,01t6A000000arrMQAQ
"UPDATE (QuantityUnitOfMeasure, ACU_Item_Status__c, Sales_Part_Status__c)",520-0661,520-0661,SCR BOLT M6 X1X12MM PAN PHL ST. STL,True,Active,EA,False,ET DD,,,01t2K000006NXaGQAW
"UPDATE (QuantityUnitOfMeasure, Sales_Part_Status__c, ACU_PMPLCM__c, Category__c)",520-0881,520-0881,SCREW 10-32X0.500IN SKT FLT SS,True,Active,EA,False,KIOSK,,,01t6A000000arEHQAY
"UPDATE (QuantityUnitOfMeasure, ACU_Item_Status__c, Sales_Part_Status__c)",520-2653,520-2653,"8-32 x 2""LG. PHL,PAN,ZINC",True,Active,EA,False,ET DD,,,01t6A000000arTQQAY
"UPDATE (QuantityUnitOfMeasure, Sales_Part_Status__c, ACU_PMPLCM__c, Category__c)",520-9708,520-9708,"WOOD LAG SCREW, DIA 3/8"", 4"" LENGTH",True,Active,EA,False,KIOSK,,,01t6A000000arF7QAI
"UPDATE (QuantityUnitOfMeasure, ACU_Item_Status__c, Sales_Part_Status__c)",521-0046,521-0046,SCR BOLT M8 X20MM PAN PHL 18-8 SS,True,Active,EA,False,ET DD,,,01t2K000006NXaBQAW
"UPDATE (IsActive, QuantityUnitOfMeasure, Sales_Part_Status__c, ACU_PMPLCM__c, Category__c)",521-0683,521-0683,"M6 X 30MM SKT PIN 18-8 SS, Blk Ox",True,Active,EA,False,KIOSK,,,01t2K000006S2LtQAK
"UPDATE (IsActive, QuantityUnitOfMeasure, Sales_Part_Status__c, ACU_PMPLCM__c, Category__c)",530-0037,530-0037,TEE NUT FOR WOOD 1/2-13,True,Active,EA,False,KIOSK,,,01t2K000006S2GYQA0
"UPDATE (QuantityUnitOfMeasure, ACU_Item_Status__c, Sales_Part_Status__c)",530-0058,530-0058,"NUT, HEX, 10-32, WITH TOOTH WASHER",True,Active,EA,False,ET DD,,,01t6A000000arTMQAY
"UPDATE (QuantityUnitOfMeasure, ACU_Item_Status__c, Sales_Part_Status__c)",530-1017,530-1017,"5/16-18 X .19"" JAM NUT, BLK",True,Active,EA,False,ET DD,,,01t6A000000atWFQAY
"UPDATE (IsActive, QuantityUnitOfMeasure, Sales_Part_Status__c, ACU_PMPLCM__c, Category__c)",530-1056,530-1056,"NUT M6 NYLOCK, ZINC",True,Active,EA,False,KIOSK,,,01t2K000006S2IOQA0
"UPDATE (QuantityUnitOfMeasure, Sales_Part_Status__c, ACU_PMPLCM__c, Category__c)",540-0683,540-0683,SPACER .38ID X 0.75OD X 0.25L ALUM,True,Active,EA,False,KIOSK,,,01t6A000000arFdQAI
"UPDATE (IsActive, QuantityUnitOfMeasure, Sales_Part_Status__c, ACU_PMPLCM__c, Category__c)",540-0723,540-0723,"Acetal M6 washer 6.4 mm ID, 12 mm OD, blk",True,Active,EA,False,KIOSK,,,01t2K000006S2BHQA0
"UPDATE (IsActive, QuantityUnitOfMeasure, Sales_Part_Status__c, ACU_PMPLCM__c, Category__c)",540-0725,540-0725,"M10 washer 10.5 mm ID, 20 mm OD 18-8 SS",True,Active,EA,False,KIOSK,,,01t2K000006S2IPQA0
"UPDATE (Description, US_Description__c, QuantityUnitOfMeasure, Sales_Part_Status__c)",54XL74,54XL74,"Ligature Resistant TV Enclosure For Use With 42"" to 55"" Flat Panel Screens",True,Active,EA,False,KIOSK,Active,KIOSK,01t2K000006NZt6QAG
"UPDATE (Description, US_Description__c, QuantityUnitOfMeasure, Sales_Part_Status__c)",54XL75,54XL75,"Ligature Resistant TV Enclosure For Use With 22"" to 32"" Flat Panel Screens",True,Active,EA,False,KIOSK,Active,KIOSK,01t2K000006NZtLQAW
"UPDATE (IsActive, QuantityUnitOfMeasure, Sales_Part_Status__c, ACU_PMPLCM__c, Category__c)",550-0051,550-0051,"POP RIVET STL 3/16X.440, DM HD, 18-8 SS",True,Active,EA,False,KIOSK,,,01t2K000006XFk4QAG
"UPDATE (IsActive, QuantityUnitOfMeasure, Sales_Part_Status__c, ACU_PMPLCM__c, Category__c)",550-0067,550-0067,"BLIND RIVET, DOME HEAD, 1/4"" SS, FOR 0.2510""-0.375"" MAT THK",True,Active,EA,False,KIOSK,,,01t2K000006S2CxQAK
"UPDATE (Description, US_Description__c, IsActive, QuantityUnitOfMeasure, Sales_Part_Status__c, ACU_PMPLCM__c, Category__c)",550-1056,550-1056,POP RIVET 3/16 X .550 DOME SS BLK OX,True,Active,EA,False,KIOSK,,,01t2K000006XFk5QAG
"UPDATE (QuantityUnitOfMeasure, Sales_Part_Status__c, ACU_PMPLCM__c, Category__c)",550-1057,550-1057,"RIVET BLIND, DOME HEAD, STL, 1/8"" DIA, .26"" L,    .062""-.125"" MAT THK BLK",True,Active,EA,False,KIOSK,,,01t6A000000atH1QAI
"UPDATE (IsActive, QuantityUnitOfMeasure, Sales_Part_Status__c, ACU_PMPLCM__c, Category__c)",550-5052,550-5052,"BLIND RIVET, DOME HEAD, 1/8"" SS, FOR 0.126""-0.187"" MAT THK, BLACK OXIDE",True,Active,EA,False,KIOSK,,,01t2K000006S2LwQAK
"UPDATE (IsActive, QuantityUnitOfMeasure, Sales_Part_Status__c, ACU_PMPLCM__c, Category__c)",550-5067,550-5067,"BLIND RIVET, DOME HEAD, 1/4"" SS, FOR 0.2510""-0.375"" MAT THK, BLACK OXIDE",True,Active,EA,False,KIOSK,,,01t2K000006S2CyQAK
"UPDATE (QuantityUnitOfMeasure, ACU_Item_Status__c, Sales_Part_Status__c)",560-0884,560-0884,DELL OPTIPLEX 7020 SFF BTX,True,Active,EA,False,ET DD,,,01t6A000000asP1QAI
"UPDATE (Description, US_Description__c, QuantityUnitOfMeasure, ACU_Item_Status__c, Sales_Part_Status__c)",560-0887,560-0887,LEPAI DIGITAL AUDIO AMPLIFIER TA2020,True,No Request,EA,False,ET DD,,,01t6A000000armoQAA
"UPDATE (QuantityUnitOfMeasure, ACU_Item_Status__c, Sales_Part_Status__c)",560-0888,560-0888,METRALOGIC IS3480 QUANTAM E SCANNER (USB VERSION),True,Active,EA,False,ET DD,,,01t6A000000asBSQAY
"UPDATE (QuantityUnitOfMeasure, ACU_Item_Status__c, Sales_Part_Status__c)",560-0910,560-0910,"Low-Strength Zinc-Plated Steel Cap Screw, 1/4""-20 Fully Threaded, 5/8"" Long",True,Active,EA,False,ET DD,,,01t6A000000aqpoQAA
"UPDATE (QuantityUnitOfMeasure, Sales_Part_Status__c, ACU_PMPLCM__c, Category__c)",560-1756,560-1756,"CABLE TIE .14 X .05X7-9/16""LG, BLK",True,Active,EA,False,KIOSK,,,01t6A000000asUPQAY
"UPDATE (QuantityUnitOfMeasure, Sales_Part_Status__c, ACU_PMPLCM__c, Category__c)",561-0065,561-0065,"LEVELING LEG W/SWIVEL, 10-32 X 1""",True,Active,EA,False,KIOSK,,,01t6A000002ZPafQAG
"UPDATE (QuantityUnitOfMeasure, Sales_Part_Status__c, ACU_PMPLCM__c, Category__c)",565-0068,565-0068,"CAM LOCK, KEYED, IP65 SS SOUTHCO E5-5-405-UU1-12",True,Active,EA,False,KIOSK,,,01t6A000002ZPdXQAW
"UPDATE (IsActive, QuantityUnitOfMeasure, Sales_Part_Status__c, ACU_Authorization_Required__c, US_Price_Group_Name__c, ACU_PMPLCM__c, Category__c)",565-0306,565-0306,LOCK CORE WITH KEY SOUTHCO PK-116-13 FOR 565-0305,True,No Purchases,EA,False,KIOSK,,,01t2K000006S2KJQA0
"UPDATE (IsActive, QuantityUnitOfMeasure, Sales_Part_Status__c, ACU_PMPLCM__c, Category__c)",565-0307,565-0307,KEYS ONLY FROM 565-0306,True,Active,EA,False,KIOSK,,,01t2K000006S2GaQAK
"UPDATE (IsActive, QuantityUnitOfMeasure, Sales_Part_Status__c, ACU_PMPLCM__c, Category__c)",570-0029,570-0029,"FOAM NATURAL GUM .50"" X .063"" THK X 50' BLACK",True,Active,FT,False,KIOSK,,,01t2K000006S2GbQAK
"UPDATE (Description, US_Description__c, QuantityUnitOfMeasure, ACU_Item_Status__c, Sales_Part_Status__c)",570-0075B,570-0075B,"ADH FOAM .5""W X .125""T X 100' BLACK",True,Active,EA,False,ET DD,,,01t6A000000as9zQAA
"UPDATE (QuantityUnitOfMeasure, Sales_Part_Status__c, ACU_PMPLCM__c, Category__c)",570-0104,570-0104,"ADH FOAM 1/4""W X 1/8""T ROLL EPDM BLEND OUTDOOR",True,Active,FT,False,KIOSK,,,01t6A000000atH2QAI
"UPDATE (QuantityUnitOfMeasure, Sales_Part_Status__c, ACU_PMPLCM__c, Category__c)",570-0107,570-0107,"RUBBER EDGE TRIM, 1/16 ID, 7/32"" GRIP HT",True,Active,FT,False,KIOSK,,,01t6A000000asReQAI
"UPDATE (QuantityUnitOfMeasure, Sales_Part_Status__c, ACU_PMPLCM__c, Category__c)",590-0994,590-0994,"LIGHT CAP, 3/16"" ACRYLIC 2447,  THERMO-FORMED",True,Active,EA,False,KIOSK,,,01t6A000000asPEQAY
INSERT,590-9470,590-9470,"CLEAR ACRYLIC, SQUARE EDGED 40/42” -- 23” x 39” x 0.125”",True,Active,EA,False,ET DD,,,
"UPDATE (QuantityUnitOfMeasure, ACU_Item_Status__c, Sales_Part_Status__c)",591-0021,591-0021,SOUND BOX SPEAKER GRILL,True,Active,EA,False,ET DD,,,01t2K000006KCZiQAO
"UPDATE (IsActive, QuantityUnitOfMeasure, Sales_Part_Status__c, ACU_PMPLCM__c, Category__c)",591-0025,591-0025,"WEB CAM TINTED 2064  ACRYLIC 1/8"" THK. X 3.375 SQ",True,Active,EA,False,KIOSK,,,01t2K000006X7mqQAC
"UPDATE (Description, US_Description__c, QuantityUnitOfMeasure, ACU_Item_Status__c, Sales_Part_Status__c)",600-0106,600-0106,"FAN, AXIAL (FILTER INCLUDED",True,Active,EA,False,ET DD,,,01t6A000000atcHQAQ
"UPDATE (Description, US_Description__c, QuantityUnitOfMeasure, Sales_Part_Status__c, ACU_PMPLCM__c, Category__c)",600-0216,600-0216,"FAN,4606N, (115V~50Hz 235mA 20W)/(115~60Hz 230mA)",True,Active,EA,False,KIOSK,,,01t6A000000arTOQAY
"UPDATE (QuantityUnitOfMeasure, ACU_Item_Status__c, Sales_Part_Status__c)",600-0319,600-0319,"FAN KIT, 80MM 120V, THERM/CORD, 2 GUARDS",True,Active,EA,False,ET DD,,,01t6A000000arg9QAA
"UPDATE (QuantityUnitOfMeasure, Sales_Part_Status__c, ACU_PMPLCM__c, Category__c)",600-0330,600-0330,"FAN CORD W/THERMOSTAT - 96"", 115V W/45 DEG PLUG",True,Active,EA,False,KIOSK,,,01t6A000000aqjdQAA
"UPDATE (Description, US_Description__c, QuantityUnitOfMeasure, Sales_Part_Status__c, ACU_PMPLCM__c, Category__c)",600-0332,600-0332,"FAN, AXIAL, 80MM X 25MM, 120V 25 CFM",True,Active,EA,False,KIOSK,,,01t6A000000aszRQAQ
"UPDATE (QuantityUnitOfMeasure, ACU_Item_Status__c, Sales_Part_Status__c)",600-0348,600-0348,"FAN GUARD, FOR 5'X5"" FANS CHROME",True,Active,EA,False,ET DD,,,01t6A000000atPJQAY
"UPDATE (QuantityUnitOfMeasure, ACU_Item_Status__c, Sales_Part_Status__c)",600-0359,600-0359,"Stainless Steel Fan Guard for 4.69"" & 4.72"" Fans",True,Active,EA,False,ET DD,,,01t2K000006KBnbQAG
"UPDATE (QuantityUnitOfMeasure, Sales_Part_Status__c, ACU_PMPLCM__c, Category__c)",600-0383,600-0383,24 WATT 12 VDC POWER SUPPLY,True,Active,EA,False,KIOSK,,,01t6A000000arCyQAI
"UPDATE (QuantityUnitOfMeasure, Sales_Part_Status__c, ACU_PMPLCM__c, Category__c)",600-0384,600-0384,TRIPP INTL SURGE STRIP 230V 6 OUTLET,True,No Request,EA,False,KIOSK,,,01t6A000000arEKQAY
"UPDATE (QuantityUnitOfMeasure, Sales_Part_Status__c, ACU_PMPLCM__c, Category__c)",600-0399,600-0399,"CLEAR ACRYLIC, 22"" X 38"" X 1/8""",True,Active,EA,False,KIOSK,,,01t6A000000aspOQAQ
"UPDATE (QuantityUnitOfMeasure, ACU_Item_Status__c, Sales_Part_Status__c)",600-0407,600-0407,"NON GLARE ANTI-REFLECTIVE, 1/8"" X 28"" X 49"", SEAMED EDGES, TEMPERED, NO LOGO",True,Active,EA,False,ET DD,,,01t6A000000asbwQAA
"UPDATE (QuantityUnitOfMeasure, Sales_Part_Status__c, ACU_PMPLCM__c, Category__c)",600-0427,600-0427,"FAN CORD W/THERMOSTAT DAISY CHAIN - 84"", 24"", 115V W/45 DEG PLUGS",True,Active,EA,False,KIOSK,,,01t6A000000atHUQAY
"UPDATE (QuantityUnitOfMeasure, Sales_Part_Status__c, ACU_PMPLCM__c, Category__c)",600-0505,600-0505,"MEDIA PLAYER, AOPEN DE3250 (NO COST)",True,Active,EA,False,KIOSK,,,01t6A000000asPDQAY
"UPDATE (Description, US_Description__c, QuantityUnitOfMeasure, ACU_Item_Status__c, Sales_Part_Status__c)",600-0661,600-0661,"POLYCARBONATE 50.0"" X 29.0"" X 250""",True,Active,EA,False,ET DD,,,01t6A000003QDLGQA4
"UPDATE (IsActive, QuantityUnitOfMeasure, ACU_Item_Status__c, Sales_Part_Status__c)",600-0701,600-0701,2025 BLACK ACRYLIC TOP FOR KOP2555 37.805 X 9.0 X 0.25,False,Inactive,EA,False,ET DD,,,01t6A000003QCT2QAO
"UPDATE (QuantityUnitOfMeasure, ACU_Item_Status__c, Sales_Part_Status__c)",600-0717,600-0717,"WEATHERPROOF 2 GANG BOX FOR 1/2"" CONDUIT",True,Active,EA,False,ET DD,,,01t2K000006NXafQAG
"UPDATE (QuantityUnitOfMeasure, ACU_Item_Status__c, Sales_Part_Status__c)",600-0718,600-0718,"WEATHERPROOF BOX COVER, WHILE-IN-USE 2 GANG, CLEAR",True,Active,EA,False,ET DD,,,01t2K000006NXagQAG
"UPDATE (IsActive, QuantityUnitOfMeasure, Sales_Part_Status__c, ACU_PMPLCM__c, Category__c)",600-0737,600-0737,"HINGE, SLIP JOINT HALF, PIN SIDE SS, Cut Pin",True,Active,EA,False,KIOSK,,,01t2K000006S2NpQAK
"UPDATE (IsActive, QuantityUnitOfMeasure, Sales_Part_Status__c, ACU_PMPLCM__c, Category__c)",600-5657,600-5657,"HINGE, SLIP JOINT HALF, HOLE SIDE SS, BLACK OXIDE",True,Active,EA,False,KIOSK,,,01t2K000006S2BMQA0
"UPDATE (IsActive, QuantityUnitOfMeasure, Sales_Part_Status__c, ACU_PMPLCM__c, Category__c)",600-5658,600-5658,"HINGE, SLIP JOINT HALF, PIN SIDE SS, Black Ox",True,Active,EA,False,KIOSK,,,01t2K000006S2D4QAK
"UPDATE (IsActive, QuantityUnitOfMeasure, Sales_Part_Status__c, ACU_PMPLCM__c, Category__c)",600-5737,600-5737,"HINGE, SLIP JOINT HALF, PIN SIDE SS, Cut Pin Black Ox",True,No Purchases,EA,False,KIOSK,,,01t2K000006S2BNQA0
"UPDATE (QuantityUnitOfMeasure, ACU_Item_Status__c, Sales_Part_Status__c)",600-9035,600-9035,Tripp Lite 550VA 300W UPS Battery Back Up Tower,True,No Request,EA,False,ET DD,,,01t6A000000cF5jQAE
"UPDATE (Description, US_Description__c, QuantityUnitOfMeasure, ACU_Item_Status__c, Sales_Part_Status__c)",60X40-SD-SKID,60X40-SD-SKID,"60""x40"" SOLID DECK SKID (HT)",True,No Purchases,EA,False,ET DD,,,01t6A000000aqtNQAQ
"UPDATE (Description, US_Description__c, QuantityUnitOfMeasure, ACU_Item_Status__c, Sales_Part_Status__c)",65X44-SD-SKID,65X44-SD-SKID,"65""x44"" SOLID DECK SKID (HT)",True,Active,EA,False,ET DD,,,01t6A000000arIDQAY
"UPDATE (Description, US_Description__c, QuantityUnitOfMeasure, ACU_Item_Status__c, Sales_Part_Status__c)",981-0581,981-0581,"CARTON, BROWN BOX, ULINE (S-10664) 75 X 39 X 8",True,Active,EA,False,ET DD,,,01t6A000000aqpqQAA
"UPDATE (QuantityUnitOfMeasure, ACU_Item_Status__c, Sales_Part_Status__c)",981-0756,981-0756,"CTN FOR CABINET FOR DMB & PRE-SELL, TOP",True,No Request,EA,False,ET DD,,,01t6A000000aqtJQAQ
"UPDATE (Description, US_Description__c, QuantityUnitOfMeasure, ACU_Item_Status__c, Sales_Part_Status__c)",981-0757,981-0757,"CTN FOR CABINET FOR DMB & PRE-SELL, BOTTOM",True,No Request,EA,False,ET DD,,,01t6A000000aqtKQAQ
"UPDATE (Description, US_Description__c, QuantityUnitOfMeasure, ACU_Item_Status__c, Sales_Part_Status__c)",981-0761,981-0761,CTN FOR SMALL RAIN CAP,True,Active,EA,False,ET DD,,,01t6A000000aqtMQAQ
INSERT,981-0895,981-0895,"CTN, TOP COVER, KIL640,64,740,742 & KIP640,642,740,742",True,Active,EA,False,ET DD,,,
INSERT,981-0896,981-0896,"CTN, BOTTOM COVER, KIL640,64,740,742 & KIP640,642,740,742",True,Active,EA,False,ET DD,,,
INSERT,981-0902,981-0902,"CTN, FOR BRACKET LANDSCAPE",True,Active,EA,False,ET DD,,,
"UPDATE (IsActive, QuantityUnitOfMeasure, Sales_Part_Status__c, ACU_PMPLCM__c, Category__c)",981-0958,981-0958,"CTN, BROWN BOX FOR 3"" COVER KIOSKS",True,Active,EA,False,KIOSK,,,01t2K000006S2NsQAK
INSERT,982-0743,982-0743,"INSERT, TOP AND BOTTOM INSERT FOR KIL640,642,740,742 & KIP640,642,740,742",True,Active,EA,False,ET DD,,,
"UPDATE (QuantityUnitOfMeasure, ACU_Item_Status__c, Sales_Part_Status__c, US_Price_Group_Name__c)",982-0750,982-0750,"INSERT, CORNER FOR KIP6%, KIL6%, KIP7% AND KIP7%",True,Active,EA,False,ET DD,,,01t2K000006RrCbQAK
"UPDATE (QuantityUnitOfMeasure, ACU_Item_Status__c, Sales_Part_Status__c)",984-0043,984-0043,"PLST BAG, 39"" X 9"" X 90"", 3 MIL",True,Active,EA,False,ET DD,,,01t6A000000aqppQAA
"UPDATE (QuantityUnitOfMeasure, ACU_Item_Status__c, Sales_Part_Status__c, ACU_PMPLCM__c, Category__c)",ACC-47PKC,ACC-47PKC,Weatherproof Kiosk Cover for KIP54%,True,Active,EA,False,ET DD,Active,MOUNT,01t6A000000asFiQAI
"UPDATE (QuantityUnitOfMeasure, ACU_Item_Status__c, Sales_Part_Status__c, ACU_PMPLCM__c, Category__c)",ACC-55PKC,ACC-55PKC,Weatherproof Kiosk Cover for KIP555,True,Active,EA,False,ET DD,Active,MOUNT,01t6A000000asFhQAI
"UPDATE (QuantityUnitOfMeasure, ACU_Item_Status__c, Sales_Part_Status__c, ACU_PMPLCM__c, Category__c)",ACCK107-BL,ACCK107-BL,"22"" Shroud for Concierge",True,Active,EA,False,ET DD,Active,MOUNT,01t6A000000arOwQAI
"UPDATE (QuantityUnitOfMeasure, ACU_Item_Status__c, Sales_Part_Status__c, ACU_PMPLCM__c, Category__c)",ACCK107-GR,ACCK107-GR,"22"" Shroud for Concierge",True,Active,EA,False,ET DD,Active,MOUNT,01t6A000000ar6CQAQ
"UPDATE (QuantityUnitOfMeasure, ACU_Item_Status__c, Sales_Part_Status__c, ACU_PMPLCM__c, Category__c)",ACCK108-BL,ACCK108-BL,"27"" Shroud for Concierge",True,Active,EA,False,ET DD,Active,MOUNT,01t6A000000ar6AQAQ
"UPDATE (QuantityUnitOfMeasure, ACU_Item_Status__c, Sales_Part_Status__c, ACU_PMPLCM__c, Category__c)",ACCK108-GR,ACCK108-GR,"27"" Shroud for Concierge",True,Active,EA,False,ET DD,Active,MOUNT,01t6A000000ar6BQAQ
"UPDATE (Description, US_Description__c, QuantityUnitOfMeasure, Sales_Part_Status__c)",ACCK119,ACCK119,KOF Speaker Microphone Accessory,True,No Purchases,EA,False,KIOSK,Use Up,KIOSK,01t6A000000atcPQAQ
"UPDATE (QuantityUnitOfMeasure, Sales_Part_Status__c)",ACCK120,ACCK120,KOP2555 Base Bolt Template,True,Active,EA,False,KIOSK,Use Up,KIOSK,01t2K000006S2GgQAK
"UPDATE (QuantityUnitOfMeasure, Sales_Part_Status__c)",ACCK121,ACCK121,KOF Kiosk Base Bolt Template,True,Active,EA,False,KIOSK,Active,KIOSK,01t2K000006S2KNQA0
"UPDATE (IsActive, QuantityUnitOfMeasure, Sales_Part_Status__c)",ACCK123,ACCK123,KIOSK KEY SET 565-0307,True,Active,EA,False,KIOSK,Active,KIOSK,01t2K000006S2D8QAK
"UPDATE (IsActive, QuantityUnitOfMeasure, Sales_Part_Status__c)",ACCK124,ACCK124,LOCK CORE WITH KEY (565-0306),True,No Request,EA,False,KIOSK,Use Up,KIOSK,01t2K000006S2GhQAK
"UPDATE (QuantityUnitOfMeasure, ACU_Item_Status__c, Sales_Part_Status__c)",AS222-NC,AS222-NC,"Tech Global 22"" IO-AA41 Surface Capacitive Touch Display",True,No Request,EA,False,ET DD,,,01t6A000000atBeQAI
"UPDATE (QuantityUnitOfMeasure, ACU_Item_Status__c, Sales_Part_Status__c, ACU_PMPLCM__c, Category__c)",CUS883-B2B,CUS883-B2B,"65"" Back to Back Indoor Kiosk",True,Active,EA,False,ET DD,Active,KIOSK,01t6A000002ZsNeQAK
"UPDATE (QuantityUnitOfMeasure, ACU_Item_Status__c, Sales_Part_Status__c, ACU_PMPLCM__c, Category__c)",CUS883-B2B-02,CUS883-B2B-02,"65"" Back to back kiosk Sohar Mall",True,Active,EA,False,ET DD,Active,KIOSK,01t6A000002ZtH9QAK
INSERT,CUS883-LED-CONTROLLER,CUS883-LED-CONTROLLER,LED CONTROLLER,True,Active,EA,False,ET DD,Active,MOUNT,
INSERT,DEV-KIPC2555B-3-MATTE,DEV-KIPC2555B-3-MATTE,KIPC2555B-3 in Matte Black for ECN42521,True,Active,EA,False,KIOSK,Active,KIOSK,
INSERT,DEV-MIS683-POL CLEAR,DEV-MIS683-POL CLEAR,"42"" Pedestal Kiosk-Pol Clear-PTC 10117",True,Active,EA,False,ET DD,Active,KIOSK,
INSERT,DEV-MIS708-POL CLEAR,DEV-MIS708-POL CLEAR,"32"" Pedestal Kiosk-Pol Clear-PTC 10117",True,Active,EA,False,ET DD,Active,KIOSK,
"UPDATE (Description, US_Description__c, QuantityUnitOfMeasure, ACU_Item_Status__c, Sales_Part_Status__c, ACU_PMPLCM__c, Category__c)",E611101,E611101,"ELO I-Series 2.0 for Android 10"" AiO All-In-One Touchscreen for JP Morgan Chase (ECN 36581)",True,Active,EA,False,ET DD,Active,MOUNT,01t6A000002Zr8JQAS
"UPDATE (QuantityUnitOfMeasure, ACU_Item_Status__c, Sales_Part_Status__c, ACU_PMPLCM__c, Category__c)",ECN38067,ECN38067,ISM Custom Horizontal I-Beam Clamp from ECN-W%,True,Active,EA,False,ET DD,Active,KIOSK,01t6A000003QM4cQAG
"UPDATE (QuantityUnitOfMeasure, ACU_Item_Status__c, Sales_Part_Status__c, ACU_PMPLCM__c, Category__c)",ECN38069,ECN38069,ISM Custom Horizontal I-Beam Clamp from ECN-W%,True,Active,EA,False,ET DD,Active,KIOSK,01t6A000003QM92QAG
"UPDATE (Description, US_Description__c, QuantityUnitOfMeasure, ACU_Item_Status__c, Sales_Part_Status__c, ACU_PMPLCM__c, Category__c)",ECN38071,ECN38071,ISM Custom Horizontal I-Beam Clamp from ECN-W% (ECN38071),True,Active,EA,False,ET DD,Active,KIOSK,01t6A000003QM4SQAW
"UPDATE (Description, US_Description__c, QuantityUnitOfMeasure, ACU_Item_Status__c, Sales_Part_Status__c, US_Price_Group_Name__c)",017-0001,017-0001,TAPERED WALL BRKT,True,Active,EA,False,XGPREFAB,,,01t6A000000aqkAQAQ
"UPDATE (Description, US_Description__c, QuantityUnitOfMeasure, ACU_Item_Status__c, Sales_Part_Status__c, US_Price_Group_Name__c)",017-0019,017-0019,"SUPPORT ARM 15.5"" ASSY, #14",True,Active,EA,False,XGPREFAB,,,01t6A000000arTuQAI
"UPDATE (US_Description__c, QuantityUnitOfMeasure, ACU_Item_Status__c, Sales_Part_Status__c, US_Price_Group_Name__c)",021-0041,021-0041,"BASE STAND, PTM400S/400, RAW",True,Active,EA,False,XGPREFAB,,,01t6A000000ar2OQAQ
"UPDATE (US_Description__c, QuantityUnitOfMeasure, ACU_Item_Status__c, Sales_Part_Status__c, US_Price_Group_Name__c)",081-0007,081-0007,VERT ANCHOR,True,Active,EA,False,XGPREFAB,,,01t6A000000arU5QAI
"UPDATE (Description, US_Description__c, QuantityUnitOfMeasure, ACU_Item_Status__c, Sales_Part_Status__c, US_Price_Group_Name__c)",081-0049,081-0049,"HORZ CROSS SPRT 10.25""",True,Active,EA,False,XGPREFAB,,,01t6A000000as6IQAQ
"UPDATE (Description, US_Description__c, QuantityUnitOfMeasure, ACU_Item_Status__c, Sales_Part_Status__c, US_Price_Group_Name__c)",081-0050,081-0050,"VERT ADJUSTER 4.25"" ID",True,Active,EA,False,XGPREFAB,,,01t6A000000asChQAI
"UPDATE (Description, US_Description__c, QuantityUnitOfMeasure, ACU_Item_Status__c, Sales_Part_Status__c, US_Price_Group_Name__c)",081-0051,081-0051,"VERT ADJUSTER 2.69"" I.D.",True,Active,EA,False,XGPREFAB,,,01t6A000000asCiQAI
"UPDATE (US_Description__c, QuantityUnitOfMeasure, ACU_Item_Status__c, Sales_Part_Status__c, US_Price_Group_Name__c)",081-0052,081-0052,HORIZONTAL ADJUSTER,True,Active,EA,False,XGPREFAB,,,01t6A000000asCjQAI
"UPDATE (Description, US_Description__c, QuantityUnitOfMeasure, ACU_Item_Status__c, Sales_Part_Status__c, US_Price_Group_Name__c)",081-0053,081-0053,"HORIZ CROSS SPRT 13.25""",True,Active,EA,False,XGPREFAB,,,01t6A000000asCkQAI
"UPDATE (IsActive, QuantityUnitOfMeasure, Sales_Part_Status__c, ACU_PMPLCM__c, Category__c)",090-0817,090-0817,ROTATION BOX WELDMENT - FDS-3250,True,Active,EA,False,HOSP,,,01t2K00000AoZnzQAF
"UPDATE (IsActive, QuantityUnitOfMeasure, Sales_Part_Status__c, ACU_PMPLCM__c, Category__c)",090-8603,090-8603,FASTPACK FOR DST940-BTB,True,Active,EA,False,DS,,,01t8V000008XNyOQAW
"UPDATE (IsActive, QuantityUnitOfMeasure, Sales_Part_Status__c, ACU_PMPLCM__c, Category__c)",10000813,10000813,IR Repeater,True,Active,EA,False,ET,,,01t8V000008YtRLQA0
"UPDATE (QuantityUnitOfMeasure, ACU_Item_Status__c, Sales_Part_Status__c, ACU_PMPLCM__c, Category__c)",100014891,100014891,PDW T XL-2,True,Active,EA,False,FGMT,Active,MOUNT,01t6A000000atOqQAI
"UPDATE (IsActive, QuantityUnitOfMeasure, Sales_Part_Status__c, ACU_PMPLCM__c, Category__c)",10003062,10003062,"WASHER, .406 ID X 1.25 X .052-.072 THK, SS",True,Active,EA,False,KIOSK,,,01t2K00000CgSsKQAV
"UPDATE (Description, US_Description__c, QuantityUnitOfMeasure, ACU_Item_Status__c, Sales_Part_Status__c, US_Price_Group_Name__c)",1235-305K,1235-305K,FABD  UPPER UNIV TRAY/ W KEY LOCK,True,Active,EA,False,XGPREFAB,,,01t6A000000atCJQAY
"UPDATE (US_Description__c, QuantityUnitOfMeasure, ACU_Item_Status__c, Sales_Part_Status__c, US_Price_Group_Name__c)",124-0062,124-0062,"FAB, BACK LOCKDOWN BRKT FOR MIS208",True,Active,EA,False,XGPREFAB,,,01t6A000000atEoQAI
"UPDATE (US_Description__c, QuantityUnitOfMeasure, ACU_Item_Status__c, Sales_Part_Status__c, US_Price_Group_Name__c)",124-0063,124-0063,"FAB, FRONT LOCKDOWN BRKT - FLD-UNV",True,Active,EA,False,XGPREFAB,,,01t6A000000at3bQAA
"UPDATE (IsActive, QuantityUnitOfMeasure, Sales_Part_Status__c, ACU_PMPLCM__c, Category__c)",124-1974,124-1974,TILT BOX WELDMENT FOR MIS241,True,Active,EA,False,DS,,,01t8V000006cXIDQA2
"UPDATE (Description, US_Description__c, QuantityUnitOfMeasure, ACU_Item_Status__c, Sales_Part_Status__c, US_Price_Group_Name__c)",128-0059,128-0059,"WALL ARM 18"" ASSY JUMBO",True,Active,EA,False,XGPREFAB,,,01t6A000000aqvwQAA
"UPDATE (US_Description__c, QuantityUnitOfMeasure, ACU_Item_Status__c, Sales_Part_Status__c, US_Price_Group_Name__c)",128-0085,128-0085,"TAPERED CLNG BRACKET JUMBO 24""",True,Active,EA,False,XGPREFAB,,,01t6A000000arDFQAY
"UPDATE (Description, US_Description__c, QuantityUnitOfMeasure, ACU_Item_Status__c, Sales_Part_Status__c, US_Price_Group_Name__c)",128-0087,128-0087,"24"" TAPERED CEILING BRKT ASSY, WLD",True,Active,EA,False,XGPREFAB,,,01t6A000000atEpQAI
"UPDATE (Description, US_Description__c, QuantityUnitOfMeasure, ACU_Item_Status__c, Sales_Part_Status__c, US_Price_Group_Name__c)",128-0185,128-0185,"MAIN TRAY+REINF. ASSY, WLD",True,Active,EA,False,XGPREFAB,,,01t6A000000atBTQAY
"UPDATE (Description, US_Description__c, QuantityUnitOfMeasure, ACU_Item_Status__c, Sales_Part_Status__c, US_Price_Group_Name__c)",128-0198,128-0198,MAIN CEILING TRAY WELDED,True,Active,EA,False,XGPREFAB,,,01t6A000000atBVQAY
"UPDATE (QuantityUnitOfMeasure, ACU_Item_Status__c, Sales_Part_Status__c, US_Price_Group_Name__c)",128-0207,128-0207,FAB SUSP FILR PANEL TRY W/KO'S,True,Active,EA,False,XGPREFAB,,,01t6A000000atBWQAY
"UPDATE (IsActive, QuantityUnitOfMeasure, Sales_Part_Status__c, ACU_PMPLCM__c, Category__c)",145-1178,145-1178,"CABLE ATTCHMNT BRCKT MIS700, BLK",True,Active,EA,False,DS,,,01t8V000008YxjoQAC
"UPDATE (IsActive, QuantityUnitOfMeasure, Sales_Part_Status__c, ACU_PMPLCM__c, Category__c)",145-1180,145-1180,"COLUMN CLAMP BRACKET FOR MIS700, BL",True,Active,EA,False,DS,,,01t8V000008YxjpQAC
"UPDATE (Description, US_Description__c, QuantityUnitOfMeasure, ACU_Item_Status__c, Sales_Part_Status__c, US_Price_Group_Name__c)",1455-406-1,1455-406-1,TRAY ASSY SUSPENDED CEILING,True,Active,EA,False,XGPREFAB,,,01t6A000000asbMQAQ
"UPDATE (IsActive, QuantityUnitOfMeasure, Sales_Part_Status__c, ACU_PMPLCM__c, Category__c)",146-1066,146-1066,"WELDMENT, CENTER SUPPORT, 6 POSITION, BLK",True,Active,EA,False,DS,,,01t8V000008buE7QAI
"UPDATE (IsActive, QuantityUnitOfMeasure, Sales_Part_Status__c, ACU_PMPLCM__c, Category__c)",146-1983,146-1983,"WALL PLATE WELDMENT, TOP, BLK",True,Active,EA,False,DS,,,01t2K00000ChThTQAV
"UPDATE (IsActive, QuantityUnitOfMeasure, Sales_Part_Status__c, ACU_PMPLCM__c, Category__c)",146-1985,146-1985,"WALL PLATE WELDMENT, BOTTOM, BLK",True,Active,EA,False,DS,,,01t2K00000ChThnQAF
"UPDATE (IsActive, QuantityUnitOfMeasure, Sales_Part_Status__c, ACU_PMPLCM__c, Category__c)",146-T1290,146-T1290,OUTER VERTICAL SUPPORT BRACKET,True,Active,EA,False,DS,,,01t8V000006cXVnQAM
"UPDATE (IsActive, QuantityUnitOfMeasure, Sales_Part_Status__c, US_Price_Group_Name__c, ACU_PMPLCM__c, Category__c)",147-0848,147-0848,"ASSEMBLY, HORIZONTAL SPACER, SAMSUNG IER",True,Active,EA,False,DVLED,,,01t8V000006clJSQAY
"UPDATE (IsActive, QuantityUnitOfMeasure, Sales_Part_Status__c, US_Price_Group_Name__c, ACU_PMPLCM__c, Category__c)",147-1022,147-1022,"4 TILE VERTICAL SPACER FOR ABSEN ACCLAIM, BLK",True,Active,EA,False,DVLED,,,01t2K000006XLNIQA4
"UPDATE (IsActive, QuantityUnitOfMeasure, Sales_Part_Status__c, US_Price_Group_Name__c, ACU_PMPLCM__c, Category__c)",147-1497,147-1497,"8 TILE VERTICAL SPACER FOR ABSEN ACCLAIM, BLK",True,Active,EA,False,DVLED,,,01t2K000006XKWYQA4
"UPDATE (IsActive, QuantityUnitOfMeasure, Sales_Part_Status__c, US_Price_Group_Name__c, ACU_PMPLCM__c, Category__c)",147-1701,147-1701,"SUBASSEMBLY, COLUMN KIT, 5 TILE LEFT ADAPTER, UPANELS, BLK",True,Active,EA,False,DVLED,,,01t8V000008XL81QAG
"UPDATE (IsActive, QuantityUnitOfMeasure, Sales_Part_Status__c, US_Price_Group_Name__c, ACU_PMPLCM__c, Category__c)",147-1724,147-1724,"SUBASSEMBLY, COLUMN KIT, 4 TILE RIGHT ADAPTER, UPANELS, BLK",True,Active,EA,False,DVLED,,,01t2K00000Aq71sQAB
"UPDATE (IsActive, QuantityUnitOfMeasure, Sales_Part_Status__c, US_Price_Group_Name__c, ACU_PMPLCM__c, Category__c)",147-1725,147-1725,"SUBASSEMBLY, COLUMN KIT, 5 TILE RIGHT ADAPTER, UPANELS, BLK",True,Active,EA,False,DVLED,,,01t8V000008XL7mQAG
"UPDATE (IsActive, QuantityUnitOfMeasure, Sales_Part_Status__c, US_Price_Group_Name__c, ACU_PMPLCM__c, Category__c)",147-1748,147-1748,"SUBASSEMBLY, COLUMN KIT, 4 TILE CENTER ADAPTER, UPANELS, BLK",True,Active,EA,False,DVLED,,,01t2K00000Aq72kQAB
"UPDATE (IsActive, QuantityUnitOfMeasure, Sales_Part_Status__c, US_Price_Group_Name__c, ACU_PMPLCM__c, Category__c)",147-1749,147-1749,"SUBASSEMBLY, COLUMN KIT, 5 TILE CENTER ADAPTER, UPANELS, BLK",True,Active,EA,False,DVLED,,,01t8V000008XL8GQAW
"UPDATE (IsActive, QuantityUnitOfMeasure, Sales_Part_Status__c, US_Price_Group_Name__c, ACU_PMPLCM__c, Category__c)",147-1803,147-1803,"SUBASSEMBLY, 3 TILE CENTER ADAPTER, SAMSUNG IER, BLK",True,Active,EA,False,DVLED,,,01tPW000002EiBJYA0
"UPDATE (IsActive, QuantityUnitOfMeasure, Sales_Part_Status__c, US_Price_Group_Name__c, ACU_PMPLCM__c, Category__c)",147-1804,147-1804,"SUBASSEMBLY, 3 TILE LEFT ADAPTER, SAMSUNG IER, BLK",True,Active,EA,False,DVLED,,,01t2K00000Ci0J1QAJ
"UPDATE (IsActive, QuantityUnitOfMeasure, Sales_Part_Status__c, US_Price_Group_Name__c, ACU_PMPLCM__c, Category__c)",147-1810,147-1810,"SUBASSEMBLY, COLUMN KIT, 3 TILE CENTER ADAPTER, SAMSUNG IER, BLK",True,Active,EA,False,DVLED,,,01t2K00000CfmGkQAJ
"UPDATE (IsActive, QuantityUnitOfMeasure, Sales_Part_Status__c, US_Price_Group_Name__c, ACU_PMPLCM__c, Category__c)",147-1838,147-1838,"VERTICAL SPACER, 4 TILE SUPPORT TUBE, SAMSUNG IER, BLK",True,Active,EA,False,DVLED,,,01tPW000002EiG9YAK
"UPDATE (IsActive, QuantityUnitOfMeasure, Sales_Part_Status__c, US_Price_Group_Name__c, ACU_PMPLCM__c, Category__c)",147-1848,147-1848,"ASSEMBLY, HORIZONTAL SPACER, SAMSUNG IER, BLK",True,Active,EA,False,DVLED,,,01t8V000008YwNVQA0
"UPDATE (IsActive, QuantityUnitOfMeasure, Sales_Part_Status__c, US_Price_Group_Name__c, ACU_PMPLCM__c, Category__c)",147-1876,147-1876,"CORNER CAP, BLACK MAGIC 2",True,No Purchases,EA,False,DVLED,,,01t8V000008YldgQAC
"UPDATE (IsActive, QuantityUnitOfMeasure, Sales_Part_Status__c, ACU_Authorization_Required__c, US_Price_Group_Name__c, ACU_PMPLCM__c, Category__c)",150-P1595P,150-P1595P,"COVER, FRONT, FOR KIP748, BLK",True,Active,EA,False,KIOSK,,,01t2K00000CgxF7QAJ
"UPDATE (IsActive, QuantityUnitOfMeasure, Sales_Part_Status__c, ACU_PMPLCM__c, Category__c)",150-P1600P,150-P1600P,"COVER, FRONT, FOR KIP755, BLK",True,Active,EA,False,KIOSK,,,01t8V000008Yt9RQAS
"UPDATE (IsActive, QuantityUnitOfMeasure, ACU_Item_Status__c, Sales_Part_Status__c)",151-0493,151-0493,LIGHTCAP TAP PLATE VOLTA CHARGING STATION,False,No Sales,EA,False,ET DD,,,01t6A000000ataMQAQ
"UPDATE (QuantityUnitOfMeasure, ACU_Item_Status__c, Sales_Part_Status__c)",151-0523,151-0523,INSTALLATION TEMPLATE VOLTA,True,No Purchases,EA,False,KIOSK,,,01t6A000000bKq3QAE
"UPDATE (IsActive, QuantityUnitOfMeasure, ACU_Item_Status__c, Sales_Part_Status__c)",151-4564,151-4564,"KIPC2 40-43"" FRONT LOWER DOOR, SLV",True,Active,EA,False,ET DD,,,01t8V000008XIDjQAO
"UPDATE (IsActive, QuantityUnitOfMeasure, Sales_Part_Status__c, ACU_PMPLCM__c, Category__c)",151-4566,151-4566,"KIPC2 40-43"" REAR UPPER DOOR, SLV",True,Active,EA,False,KIOSK,,,01t2K00000Apo2KQAR
"UPDATE (IsActive, QuantityUnitOfMeasure, Sales_Part_Status__c, ACU_PMPLCM__c, Category__c)",151-4568,151-4568,"KIPC2 43"" FRONT UPPER DOOR, SLV",True,Active,EA,False,KIOSK,,,01t8V000008Z8D3QAK
"UPDATE (QuantityUnitOfMeasure, ACU_Item_Status__c, Sales_Part_Status__c)",151-4599,151-4599,"49"" DISPLAY DOOR WELDMENT VOLTA, SLV",True,No Request,EA,False,ET DD,,,01t6A000000asApQAI
"UPDATE (IsActive, QuantityUnitOfMeasure, Sales_Part_Status__c, US_Price_Group_Name__c, ACU_PMPLCM__c, Category__c)",151-4617,151-4617,"KIPC2 49-55"" BASE, SLV",True,Active,EA,False,KIOSK,,,01tPW00000EtlhYYAR
"UPDATE (QuantityUnitOfMeasure, ACU_Item_Status__c, Sales_Part_Status__c)",151-4673,151-4673,"CABLE HOOK WELDMENT VOLTA,  SLV",True,Active,EA,False,KIOSK,,,01t6A000000arEIQAY
"UPDATE (IsActive, QuantityUnitOfMeasure, Sales_Part_Status__c, ACU_PMPLCM__c, Category__c)",151-4707,151-4707,"KIPC2 49-55"" 3.375 BOTTOM DOOR,  SLV",True,Active,EA,False,KIOSK,,,01t2K00000ApcbQQAR
"UPDATE (QuantityUnitOfMeasure, ACU_Item_Status__c, Sales_Part_Status__c)",151-4915,151-4915,"55"" DISPLAY DOOR ASSEMBLY VOLTA",True,Active,EA,False,ET DD,,,01t6A000000asAtQAI
INSERT,151-4973,151-4973,"WELDMENT & PEM ASSEMBLY, HOOD, KILH555, SLV",True,Active,EA,False,KIOSK,,,
"UPDATE (QuantityUnitOfMeasure, ACU_Item_Status__c, Sales_Part_Status__c)",151-J1512,151-J1512,"PORT COVER PEM ASSEMBLY VOLTA CHARGING STATION,  JET BLK",True,Active,EA,False,KIOSK,,,01t6A000000ar6DQAQ
"UPDATE (IsActive, QuantityUnitOfMeasure, Sales_Part_Status__c, ACU_PMPLCM__c, Category__c)",151-P1575,151-P1575,"KIPC2 46-48"" REAR UPPER DOOR, GBLK",True,Active,EA,False,KIOSK,,,01t2K00000CgiHVQAZ
"UPDATE (IsActive, QuantityUnitOfMeasure, Sales_Part_Status__c, ACU_PMPLCM__c, Category__c)",151-P1936,151-P1936,"WELDMENT, BODY, KILH, GBLK",True,Active,EA,False,KIOSK,,,01t2K00000CgtU1QAJ
"UPDATE (IsActive, QuantityUnitOfMeasure, Sales_Part_Status__c, ACU_PMPLCM__c, Category__c)",151-P1948,151-P1948,"BACK DOOR, KILH, GBLK",True,Active,EA,False,KIOSK,,,01t2K00000CgtTwQAJ
"UPDATE (IsActive, QuantityUnitOfMeasure, Sales_Part_Status__c, ACU_PMPLCM__c, Category__c)",151-P1961,151-P1961,"WELDMENT & PEM ASSEMBLY, HOOD, KILH543, GBLK",True,Active,EA,False,KIOSK,,,01t2K00000Ch6fIQAR
"UPDATE (QuantityUnitOfMeasure, ACU_Item_Status__c, Sales_Part_Status__c)",151-T1493,151-T1493,"LIGHTCAP TAP PLATE VOLTA CHARGING STATION, TXTBLK",True,Active,EA,False,KIOSK,,,01t6A000000atACQAY
"UPDATE (IsActive, QuantityUnitOfMeasure, Sales_Part_Status__c, ACU_PMPLCM__c, Category__c)",151-T1617,151-T1617,"KIPC2 49-55"" BASE, TXTBLK",True,Active,EA,False,KIOSK,,,01tPW000001uWuHYAU
"UPDATE (IsActive, QuantityUnitOfMeasure, Sales_Part_Status__c, ACU_PMPLCM__c, Category__c)",151-T1954,151-T1954,"SUPPORT, VERTICAL, KILH555, TXTBLK",True,Active,EA,False,KIOSK,,,01t2K00000CgtU6QAJ
"UPDATE (QuantityUnitOfMeasure, Sales_Part_Status__c, ACU_PMPLCM__c, Category__c)",152-0543,152-0543,"KOP25% BACK DOOR LOCK BRACKET, V2",False,Inactive,EA,False,KIOSK,,,01t2K00000CgK38QAF
"UPDATE (IsActive, QuantityUnitOfMeasure, Sales_Part_Status__c, ACU_PMPLCM__c, Category__c)",152-4002,152-4002,"KIPC2 65"" 3.375 BOTTOM DOOR, SLV",True,Active,EA,False,KIOSK,,,01t8V000008Z8E7QAK
"UPDATE (US_Description__c, IsActive, QuantityUnitOfMeasure, Sales_Part_Status__c, ACU_PMPLCM__c, Category__c)",152-T1511,152-T1511,"ENCLOSURE BOTTOM LOCKING BRACKET 
 PEM ASSY 42/55, KLR64255, TBLK",True,Active,EA,False,KIOSK,,,01tPW000002yHUfYAM
"UPDATE (US_Description__c, IsActive, QuantityUnitOfMeasure, Sales_Part_Status__c, ACU_PMPLCM__c, Category__c)",152-T1520,152-T1520,"UPPER WALL MOUNT BRACKET 42/55 KLR64255 v2
, TBLK",True,Active,EA,False,KIOSK,,,01tPW000002yHT3YAM
"UPDATE (Description, US_Description__c, QuantityUnitOfMeasure, ACU_Item_Status__c, Sales_Part_Status__c, US_Price_Group_Name__c)",170-0039,170-0039,"FAB, 11"" WALL BRACKET",True,Active,EA,False,XGPREFAB,,,01t6A000000ar6tQAA
"UPDATE (IsActive, QuantityUnitOfMeasure, Sales_Part_Status__c, ACU_PMPLCM__c, Category__c)",200-8695,200-8695,FASTPACK FOR KIP7% AND KIL7%,True,Active,EA,False,KIOSK,,,01t2K00000Cgp5eQAB
"UPDATE (QuantityUnitOfMeasure, ACU_Item_Status__c, Sales_Part_Status__c)",210-8091,210-8091,"Fastpack, Inner for Volta",True,Active,EA,False,KIOSK,,,01t6A000000arFcQAI
"UPDATE (Description, US_Description__c, QuantityUnitOfMeasure, ACU_Item_Status__c, Sales_Part_Status__c, US_Price_Group_Name__c)",2141-303,2141-303,WALL PLATE FOR JUMBO MOUNT,True,Active,EA,False,XGPREFAB,,,01t6A000000arDGQAY
"UPDATE (IsActive, QuantityUnitOfMeasure, ACU_Item_Status__c, Sales_Part_Status__c)",410-0456,410-0456,"L2 LOGO LED ASSEMBLY, VOLTA GEN4",True,Active,EA,False,KIOSK,,,01t2K000006XLNSQA4
"UPDATE (IsActive, QuantityUnitOfMeasure, ACU_Item_Status__c, Sales_Part_Status__c)",410-0459,410-0459,"DCFAST-B LED ASSEMBLY, VOLTA GEN4",True,Active,EA,False,KIOSK,,,01t2K00000AoLCzQAN
"UPDATE (IsActive, QuantityUnitOfMeasure, ACU_Item_Status__c, Sales_Part_Status__c)",410-1198,410-1198,8FT STRAIGHT EU PLUG TO IEC  POWER CORD WITH FERRITE,True,No Request,EA,False,KIOSK,,,01t2K000006X7VkQAK
"UPDATE (IsActive, QuantityUnitOfMeasure, ACU_Item_Status__c, Sales_Part_Status__c)",410-1199,410-1199,8FT UK PLUG TO IEC POWER CORD WITH FERRITE,True,No Purchases,EA,False,KIOSK,,,01t2K000006X7VfQAK
"UPDATE (IsActive, QuantityUnitOfMeasure, ACU_Item_Status__c, Sales_Part_Status__c)",410-1330,410-1330,"ANTENNA DOME, TAOGLAS MA1509.A.012, 2M LEADS, 4x5G/4G, 4xWiFi, 1xGPS",True,Active,EA,False,KIOSK,,,01t2K000006XJoUQAW
"UPDATE (IsActive, QuantityUnitOfMeasure, ACU_Item_Status__c, Sales_Part_Status__c)",410-1332,410-1332,"ADVATEK, PIXLITE MKII CONTROL BOARD",True,Active,EA,False,KIOSK,,,01t2K000006XM6BQAW
"UPDATE (QuantityUnitOfMeasure, ACU_Item_Status__c, Sales_Part_Status__c)",520-0074,520-0074,SCREW 10-32X0.500IN SKT FLT SS UNDERCUT,True,Active,EA,False,ET DD,,,01t2K000006KBurQAG
"UPDATE (QuantityUnitOfMeasure, ACU_Item_Status__c, Sales_Part_Status__c)",520-D1257,520-D1257,"SCR BOLT M8 X1.25X16MM RND, Geo Met Black",True,Active,EA,False,KIOSK,,,01t6A000003QQd8QAG
"UPDATE (IsActive, QuantityUnitOfMeasure, Sales_Part_Status__c, ACU_PMPLCM__c, Category__c)",521-1038,521-1038,"SCREW M6X1.0X8MM HEX FLANGED HD, BLK.",True,Active,EA,False,CORE,,,01t2K000006S2LuQAK
"UPDATE (IsActive, QuantityUnitOfMeasure, Sales_Part_Status__c, ACU_PMPLCM__c, Category__c)",521-2043,521-2043,"SCR 1/4-20 X .5IN FLT SKT, ZC",True,Active,EA,False,CORE,,,01t2K00000AqAprQAF
"UPDATE (IsActive, QuantityUnitOfMeasure, Sales_Part_Status__c, ACU_PMPLCM__c, Category__c)",530-9314,530-9314,"HEX NUT 1/2-13, ZINC BLK",True,Active,EA,False,KIOSK,,,01t8V000006VDZTQA4
"UPDATE (IsActive, QuantityUnitOfMeasure, Sales_Part_Status__c, ACU_Authorization_Required__c, US_Price_Group_Name__c, ACU_PMPLCM__c, Category__c)",565-0301,565-0301,SOUTHCO KEYED LATCHES,True,Active,EA,False,KIOSK,,,01t2K00000ApB7UQAV
"UPDATE (IsActive, QuantityUnitOfMeasure, Sales_Part_Status__c, ACU_PMPLCM__c, Category__c)",580-0514-450,580-0514-450,ALUMINUM EXTRUSION 30MM X 30MM X 450MM,True,Active,EA,False,DS,,,01tPW000000mVXlYAM
"UPDATE (QuantityUnitOfMeasure, Sales_Part_Status__c, ACU_PMPLCM__c, Category__c)",590-1150,590-1150,"RETAINING SPCR, .235X.375X.38H, BLK",True,Active,EA,False,HOSP,,,01t6A000000arL7QAI
"UPDATE (IsActive, QuantityUnitOfMeasure, Sales_Part_Status__c, ACU_PMPLCM__c, Category__c)",590-2123,590-2123,"PLASTIC FINISHING CAP,1.5"" DIA.,WHT",True,Active,EA,False,CORE,,,01t8V000008bt6eQAA
"UPDATE (IsActive, QuantityUnitOfMeasure, Sales_Part_Status__c, ACU_PMPLCM__c, Category__c)",590-2295,590-2295,"BUSHING,CABLE HEYCO 2214, WHITE",True,Active,EA,False,CORE,,,01t8V000008bt6fQAA
"UPDATE (IsActive, QuantityUnitOfMeasure, ACU_Item_Status__c, Sales_Part_Status__c)",600-0381,600-0381,LED STRIP ASSEMBLY WITH PURCHASED COMPONENTS,True,Active,EA,False,KIOSK,,,01t2K000006S2D2QAK
"UPDATE (IsActive, QuantityUnitOfMeasure, Sales_Part_Status__c, ACU_PMPLCM__c, Category__c)",600-0660,600-0660,"POLYCARBONATE 29.5"" X 17.5"" X .250""",True,Active,EA,False,KIOSK,,,01t8V000008YvNmQAK
"UPDATE (US_Description__c, IsActive, QuantityUnitOfMeasure, Sales_Part_Status__c, ACU_PMPLCM__c, Category__c)",600-0817,600-0817,80 X 80 230V ELECTRIC FAN 25.0 CFM (0.700m³/min),True,Active,EA,False,KIOSK,,,01t8V000006chEiQAI
"UPDATE (IsActive, QuantityUnitOfMeasure, Sales_Part_Status__c, ACU_PMPLCM__c, Category__c)",600-0818,600-0818,GREEN CORD (6') FAN CORD NEMA 1-15 PLUG (EU),True,Active,EA,False,KIOSK,,,01t8V000006chEdQAI
"UPDATE (Description, US_Description__c, IsActive, QuantityUnitOfMeasure, Sales_Part_Status__c, ACU_PMPLCM__c, Category__c)",600-0834,600-0834,"NON GLARE ACRYLIC FOR 49, 50 OPENING",True,Active,EA,False,KIOSK,,,01t2K00000Cfra0QAB
"UPDATE (IsActive, QuantityUnitOfMeasure, Sales_Part_Status__c, ACU_PMPLCM__c, Category__c)",600-0835,600-0835,ANTI-REFLECTIVE GLASS FOR 55 OPENING,True,Active,EA,False,KIOSK,,,01t8V000008ZAzHQAW
"UPDATE (IsActive, QuantityUnitOfMeasure, Sales_Part_Status__c, ACU_PMPLCM__c, Category__c)",600-0836,600-0836,NON GLARE ACRYLIC FOR 55 OPENING,True,Active,EA,False,KIOSK,,,01t2K00000Cfo0QQAR
"UPDATE (QuantityUnitOfMeasure, ACU_Item_Status__c, Sales_Part_Status__c)",600-1424,600-1424,"FAN, AC 120X120X38MM, 106CFM, IP55 WITH TERMINALS",True,Active,EA,False,ET DD,,,01t2K000006KBv1QAG
"UPDATE (QuantityUnitOfMeasure, ACU_Item_Status__c, Sales_Part_Status__c)",981-0960,981-0960,"CTN, BROWN FOR VOLTA INNER",True,Active,EA,False,ET DD,,,01t6A000000aqo2QAA
"UPDATE (QuantityUnitOfMeasure, ACU_Item_Status__c, Sales_Part_Status__c)",981-0961,981-0961,"CTN, BROWN FOR VOLTA OUTER",True,Active,EA,False,KIOSK,,,01t6A000000ari4QAA
"UPDATE (Description, US_Description__c, QuantityUnitOfMeasure, ACU_Item_Status__c, Sales_Part_Status__c)",983-0737,983-0737,"LABEL, VOLTA SET 01-14 STATION NUMBERS, VINYL GRAPHIC SILVER",True,Active,EA,False,ET DD,,,01t6A000000ar6UQAQ
"UPDATE (QuantityUnitOfMeasure, Sales_Part_Status__c)",ACC455,ACC455,Hanger Brackets and Clamps For CMJ 455 Suspend/Ceiling Plate,True,Active,EA,False,CORE,Active,MOUNT,01t6A000000atKXQAY
"UPDATE (QuantityUnitOfMeasure, Sales_Part_Status__c)",ACC460,ACC460,Cable Relocating Accessory - PB-1/CMJ453,True,Active,EA,False,CORE,Active,MOUNT,01t6A000000ar1EQAQ
"UPDATE (QuantityUnitOfMeasure, Sales_Part_Status__c)",ACC570,ACC570,Ceiling Plate - Round Black,True,Active,EA,False,CORE,Active,MOUNT,01t6A000000asNNQAY
"UPDATE (QuantityUnitOfMeasure, Sales_Part_Status__c)",ACC570W,ACC570W,Ceiling Plate - Round White,True,Active,EA,False,CORE,Active,MOUNT,01t6A000000ar3YQAQ
"UPDATE (QuantityUnitOfMeasure, Sales_Part_Status__c)",ACC625,ACC625,"Dedicated Wall Adaptor Box - Depth 2.0""-3.5""",True,Active,EA,False,CORE,Active,MOUNT,01t6A000000arVfQAI
"UPDATE (QuantityUnitOfMeasure, Sales_Part_Status__c)",ACC630,ACC630,"Dedicated Wall Adaptor Box - Depth 3.25""-5.50""",True,Active,EA,False,CORE,Active,MOUNT,01t6A000000arVgQAI
"UPDATE (QuantityUnitOfMeasure, Sales_Part_Status__c)",ACC635,ACC635,"Wall Adaptor Box For SB680/685 i5 series - Depth 3.25"" - 5.50"" NEW!",True,Active,EA,False,CORE,Active,MOUNT,01t6A000000asqFQAQ
"UPDATE (QuantityUnitOfMeasure, Sales_Part_Status__c)",ACC800,ACC800,Ext. Column Connector with Cord Management,True,Active,EA,False,CORE,Active,MOUNT,01t6A000000arZqQAI
"UPDATE (QuantityUnitOfMeasure, Sales_Part_Status__c)",ACC810,ACC810,Threaded Rod Adaptor For Projector Mounts,True,No Purchases,EA,False,CORE,Use Up,MOUNT,01t6A000000astzQAA
"UPDATE (QuantityUnitOfMeasure, Sales_Part_Status__c)",ACC840,ACC840,Ceiling Plate For Wood Joist with Anti-Vibration Connector,True,Active,EA,False,CORE,Active,MOUNT,01t6A000000ar9TQAQ
"UPDATE (QuantityUnitOfMeasure, Sales_Part_Status__c, Category__c)",ACC845,ACC845,Ceiling Plate For Unistrut with Anti-Vibration Connector,True,Active,EA,False,CORE,Active,,01t6A000000asUrQAI
"UPDATE (QuantityUnitOfMeasure, Sales_Part_Status__c)",ACC850,ACC850,Ext. Column Connector with Cord Management,True,Active,EA,False,CORE,Active,MOUNT,01t6A000000atSWQAY
"UPDATE (QuantityUnitOfMeasure, Sales_Part_Status__c)",ACC850S,ACC850S,Ext. Column Connector with Cord Management,True,No Purchases,EA,False,CORE,Use Up,MOUNT,01t6A000000atSVQAY
"UPDATE (QuantityUnitOfMeasure, Sales_Part_Status__c)",ACC852,ACC852,"Ext. Column Cord Wrap, four 2' sections",True,No Purchases,EA,False,CORE,Use Up,MOUNT,01t6A000000arxzQAA
"UPDATE (IsActive, QuantityUnitOfMeasure, Sales_Part_Status__c, ACU_PMPLCM__c)",ACC852W,ACC852W,"Ext. Column Cord Wrap, four 2' sections",False,Inactive,EA,False,CORE,,MOUNT,01t6A000000aqqRQAQ
"UPDATE (QuantityUnitOfMeasure, Sales_Part_Status__c)",ACC856,ACC856,"Cord Management Wrap, four 6' sections",True,Active,EA,False,CORE,Use Up,MOUNT,01t6A000000ary0QAA
"UPDATE (IsActive, QuantityUnitOfMeasure, Sales_Part_Status__c, ACU_PMPLCM__c)",ACC856W,ACC856W,"Cord Management Wrap, four 6' sections",False,Inactive,EA,False,CORE,,MOUNT,01t6A000000aqqSQAQ
"UPDATE (QuantityUnitOfMeasure, Sales_Part_Status__c)",ACC870,ACC870,"Wall Adpt Box for Epson Powerlite and Brightlink  3.25""-5.50"" D",True,Active,EA,False,CORE,Active,MOUNT,01t6A000000arx1QAA
"UPDATE (QuantityUnitOfMeasure, Sales_Part_Status__c)",ACC978,ACC978,Adaptor For Epson Short Throw Projectors,True,Active,EA,False,CORE,Active,MOUNT,01t6A000000at8RQAQ
"UPDATE (QuantityUnitOfMeasure, ACU_Item_Status__c, Sales_Part_Status__c, ACU_PMPLCM__c, Category__c)",ACCK111,ACCK111,"KILH5%, 40-43 Rear Vanity Plate",True,Active,EA,False,ET DD,Active,KIOSK,01t6A000000arh8QAA
"UPDATE (QuantityUnitOfMeasure, ACU_Item_Status__c, Sales_Part_Status__c, ACU_PMPLCM__c, Category__c)",ACCK112,ACCK112,"KILH5%, 46-48 Rear Vanity Plate",True,Active,EA,False,ET DD,Active,KIOSK,01t6A000000arhHQAQ
"UPDATE (QuantityUnitOfMeasure, ACU_Item_Status__c, Sales_Part_Status__c, ACU_PMPLCM__c, Category__c)",ACCK113,ACCK113,"KILH5%, 49 & 50 Rear Vanity Plate",True,Active,EA,False,ET DD,Active,KIOSK,01t6A000000arh9QAA
"UPDATE (QuantityUnitOfMeasure, ACU_Item_Status__c, Sales_Part_Status__c, ACU_PMPLCM__c, Category__c)",ACCK114,ACCK114,KILH555 Rear Vanity Plate,True,No Request,EA,False,ET DD,Use Up,KIOSK,01t6A000000arhAQAQ
"UPDATE (QuantityUnitOfMeasure, Sales_Part_Status__c, Category__c)",ACC-VS2,ACC-VS2,VENTED SHELF W/SOLID FACE 2RU,True,Active,EA,False,CORE,Use Up,,01t6A000000asojQAA
"UPDATE (QuantityUnitOfMeasure, ACU_Item_Status__c, Sales_Part_Status__c, US_Price_Group_Name__c, Category__c)",BWPTV55,BWPTV55,"55"" NEPTUNE SHADE SERIES 4K HDR OUTDOOR TV W/ TILT MOUNT",False,Inactive,EA,False,NEPTUNE-BWP,,TV,01t2K000006StkTQAS
"UPDATE (IsActive, QuantityUnitOfMeasure, ACU_Item_Status__c, Sales_Part_Status__c, US_Price_Group_Name__c, Category__c)",BWPTV65,BWPTV65,"65"" NEPTUNE SHADE SERIES 4K HDR OUTDOOR TV W/ TILT MOUNT",True,No Purchases,EA,False,NEPTUNE-BWP,,TV,01t2K000006Stk9QAC
"UPDATE (QuantityUnitOfMeasure, ACU_Item_Status__c, Sales_Part_Status__c, US_Price_Group_Name__c, Category__c)",BWPTV75,BWPTV75,"75"" NEPTUNE SHADE SERIES 4K HDR OUTDOOR TV W/ TILT MOUNT",False,Inactive,EA,False,NEPTUNE-BWP,,TV,01t2K000006StknQAC
"UPDATE (QuantityUnitOfMeasure, Sales_Part_Status__c)",CMR410,CMR410,"Camera Mount w/7"" Arm",True,Active,EA,False,CORE,Use Up,MOUNT,01t6A000000asnsQAA
"UPDATE (QuantityUnitOfMeasure, ACU_Item_Status__c, Sales_Part_Status__c, US_Price_Group_Name__c, Category__c)",COTV5502,COTV5502,"55"" NEPTUNE SHADE SERIES 4K HDR OUTDOOR TV W/ TILT MOUNT",False,Inactive,EA,False,NEPTUNE,,TV,01t2K000006StkxQAC
"UPDATE (IsActive, QuantityUnitOfMeasure, ACU_Item_Status__c, Sales_Part_Status__c, US_Price_Group_Name__c, Category__c)",COTV6502,COTV6502,"65"" NEPTUNE SHADE SERIES 4K HDR OUTDOOR TV W/ TILT MOUNT",True,No Purchases,EA,False,NEPTUNE,,TV,01t2K000006StkOQAS
"UPDATE (QuantityUnitOfMeasure, ACU_Item_Status__c, Sales_Part_Status__c, US_Price_Group_Name__c, Category__c)",COTV7502,COTV7502,"75"" NEPTUNE SHADE SERIES 4K HDR OUTDOOR TV W/ TILT MOUNT",False,Inactive,EA,False,NEPTUNE,,TV,01t2K000006StkUQAS
"UPDATE (QuantityUnitOfMeasure, ACU_Item_Status__c, Sales_Part_Status__c, ACU_PMPLCM__c, Category__c)",CUS429,CUS429,Custom Bunk Bed Mount for HG24ND470AF,True,Active,EA,False,FGMT,Active,MOUNT,01t6A000000aqr8QAA
"UPDATE (Description, US_Description__c, QuantityUnitOfMeasure, Sales_Part_Status__c, Category__c)",DS-LED27BDL-4X4,DS-LED27BDL-4X4,4x4 Fixed Wall Mount for Philips 27BDL 6000 and 9000 Series Display,True,No Purchases,EA,False,DVLED,,LED,01t2K000006X7uBQAS
"UPDATE (Description, US_Description__c, QuantityUnitOfMeasure, Sales_Part_Status__c, Category__c)",DS-LED27BDL-5X5,DS-LED27BDL-5X5,5x5 Fixed Wall Mount for Philips 27BDL 6000 and 9000 Series Display,True,No Purchases,EA,False,DVLED,,LED,01t2K000006X7uGQAS
"UPDATE (Description, US_Description__c, QuantityUnitOfMeasure, Sales_Part_Status__c, Category__c)",DS-LED27BDL-6X6,DS-LED27BDL-6X6,6x6 Fixed Wall Mount for Philips 27BDL 6000 and 9000 Series Display,True,No Purchases,EA,False,DVLED,,LED,01t2K000006S2IfQAK
"UPDATE (Description, US_Description__c, IsActive, QuantityUnitOfMeasure, Sales_Part_Status__c, US_Price_Group_Name__c, Category__c)",DS-LED39624,DS-LED39624,Ticker Tape for ISE 2020 (ECN39624),True,Active,EA,False,DVLED,Active,LED,01t2K000006S2MGQA0
"UPDATE (Description, US_Description__c, IsActive, QuantityUnitOfMeasure, Sales_Part_Status__c, US_Price_Group_Name__c, Category__c)",DS-LED39660,DS-LED39660,3x5 Track Mount for Absen Acclaim / ISE 2020 (ECN39660),True,Active,EA,False,DVLED,Active,LED,01t2K000006S2FEQA0
"UPDATE (IsActive, QuantityUnitOfMeasure, Sales_Part_Status__c, US_Price_Group_Name__c, Category__c)",DS-LED39708,DS-LED39708,Curved 8x4 Wall Mount for LG LAPE (ECN39708),True,Active,EA,False,DVLED,Active,LED,01tPW00000EtlftYAB
"UPDATE (Description, US_Description__c, QuantityUnitOfMeasure, Sales_Part_Status__c, US_Price_Group_Name__c, Category__c)",DS-LED3FHD-HSBC,DS-LED3FHD-HSBC,Freestanding Custom LED Structure Ceiling Height 3m (ECN38193),True,Active,EA,False,DVLED,Active,LED,01t6A000003QNSQQA4
"UPDATE (Description, US_Description__c, QuantityUnitOfMeasure, Sales_Part_Status__c, US_Price_Group_Name__c, Category__c)",DS-LED4FHD-HSBC,DS-LED4FHD-HSBC,Freestanding Custom LED Structure Ceiling Height 3m (ECN37568),True,Active,EA,False,DVLED,Active,LED,01t6A000002Zz6oQAC
"UPDATE (QuantityUnitOfMeasure, Sales_Part_Status__c, US_Price_Group_Name__c, Category__c)",DS-LEDA27-10X10,DS-LEDA27-10X10,10X10 Fixed Wall Mount for Absen Acclaim,True,Active,EA,False,DVLED,Active,LED,01t2K000006SsVIQA0
"UPDATE (Description, US_Description__c, QuantityUnitOfMeasure, Sales_Part_Status__c, US_Price_Group_Name__c, Category__c)",DS-LEDA27-10X5,DS-LEDA27-10X5,10x5 Fixed Wall Mount for Absen Acclaim (ECN38911),True,Active,EA,False,DVLED,Active,LED,01t2K000006KEb3QAG
"UPDATE (IsActive, QuantityUnitOfMeasure, Sales_Part_Status__c, US_Price_Group_Name__c, Category__c)",DS-LEDA27-10X6,DS-LEDA27-10X6,10X6 Fixed Wall Mount for Absen Acclaim (ECN39977),True,Active,EA,False,DVLED,Active,LED,01tPW00000EtlfuYAB
"UPDATE (QuantityUnitOfMeasure, Sales_Part_Status__c, Category__c)",DS-LEDA27-10X7,DS-LEDA27-10X7,10X7 Fixed Wall Mount for Absen Acclaim,True,Active,EA,False,DVLED,,LED,01t2K000006S2DJQA0
"UPDATE (Description, US_Description__c, QuantityUnitOfMeasure, Sales_Part_Status__c, US_Price_Group_Name__c, Category__c)",DS-LEDA27-12X12,DS-LEDA27-12X12,12x12 Fixed Wall Mount for Absen Acclaim (ECN40706),True,Active,EA,False,DVLED,Active,LED,01t2K000006S2IjQAK
"UPDATE (QuantityUnitOfMeasure, Sales_Part_Status__c, Category__c)",DS-LEDA27-12X6,DS-LEDA27-12X6,12x6 Fixed Wall Mount for Absen Acclaim,True,Active,EA,False,DVLED,,LED,01t2K000006MD4UQAW
"UPDATE (QuantityUnitOfMeasure, Sales_Part_Status__c, Category__c)",DS-LEDA27-16X8,DS-LEDA27-16X8,16x8 Fixed Wall Mount for Absen Acclaim,True,Active,EA,False,DVLED,,LED,01t6A000003QI5ZQAW
"UPDATE (Description, US_Description__c, QuantityUnitOfMeasure, Sales_Part_Status__c, US_Price_Group_Name__c, Category__c)",DS-LEDA27-18X8,DS-LEDA27-18X8,18x8 Fixed Wall Mount for Absen Acclaim (ECN37016),True,Active,EA,False,DVLED,Active,LED,01t6A000002ZPb8QAG
"UPDATE (QuantityUnitOfMeasure, Sales_Part_Status__c, US_Price_Group_Name__c, Category__c)",DS-LEDA27-2X2,DS-LEDA27-2X2,2x2 Fixed Wall Mount for Absen Acclaim,True,Active,EA,False,DVLED,Active,LED,01t6A000002ZuRwQAK
"UPDATE (Description, US_Description__c, QuantityUnitOfMeasure, Sales_Part_Status__c, US_Price_Group_Name__c, Category__c)",DS-LEDA27-2X5,DS-LEDA27-2X5,2x5 Fixed Wall Mount for Absen Acclaim (ECN38214),True,Active,EA,False,DVLED,Active,LED,01t2K000006NWtQQAW
"UPDATE (Description, US_Description__c, QuantityUnitOfMeasure, Sales_Part_Status__c, US_Price_Group_Name__c, Category__c)",DS-LEDA27-36X8,DS-LEDA27-36X8,36x8 Fixed Wall Mount for Absen Acclaim (ECN36798),True,Active,EA,False,DVLED,Active,LED,01t2K000006KFSbQAO
"UPDATE (Description, US_Description__c, QuantityUnitOfMeasure, Sales_Part_Status__c, US_Price_Group_Name__c, Category__c)",DS-LEDA27-36X9,DS-LEDA27-36X9,36x9 Fixed Wall Mount for Absen Acclaim (ECN36798),True,Active,EA,False,DVLED,Active,LED,01t6A000002ZcsvQAC
"UPDATE (Description, US_Description__c, QuantityUnitOfMeasure, Sales_Part_Status__c, US_Price_Group_Name__c, Category__c)",DS-LEDA27-37451,DS-LEDA27-37451,6x6 Concave Mount for the Absen Acclaim (ECN37451),True,Active,EA,False,DVLED,Active,LED,01t2K000006NX15QAG
"UPDATE (Description, US_Description__c, QuantityUnitOfMeasure, Sales_Part_Status__c, US_Price_Group_Name__c, Category__c)",DS-LEDA27-38518,DS-LEDA27-38518,16x8 Mount Extension for Absen Acclaim (ECN38518),True,Active,EA,False,DVLED,Active,LED,01t2K000006NXjlQAG
"UPDATE (Description, US_Description__c, QuantityUnitOfMeasure, Sales_Part_Status__c, US_Price_Group_Name__c, Category__c)",DS-LEDA27-3X3,DS-LEDA27-3X3,3x3 Fixed Wall Mount for Absen Acclaim (ECN37940),True,Active,EA,False,DVLED,Active,LED,01t6A000003QB4kQAG
"UPDATE (Description, US_Description__c, QuantityUnitOfMeasure, Sales_Part_Status__c, US_Price_Group_Name__c, Category__c)",DS-LEDA27-3X4P,DS-LEDA27-3X4P,3x4 Portrait Fixed Wall Mount for Absen Acclaim (ECN36388),True,Active,EA,False,DVLED,Active,LED,01t6A000002iLuGQAU
"UPDATE (QuantityUnitOfMeasure, Sales_Part_Status__c, Category__c)",DS-LEDA27-4X4,DS-LEDA27-4X4,4x4 Fixed Wall Mount for Absen Acclaim,True,Active,EA,False,DVLED,,LED,01t6A000002ZqNzQAK
"UPDATE (QuantityUnitOfMeasure, Sales_Part_Status__c, Category__c)",DS-LEDA27-5X5,DS-LEDA27-5X5,5x5 Fixed Wall Mount for Absen Acclaim,True,Active,EA,False,DVLED,,LED,01t6A000002ZPccQAG
"UPDATE (QuantityUnitOfMeasure, Sales_Part_Status__c, Category__c)",DS-LEDA27-6X6,DS-LEDA27-6X6,6X6 Fixed Wall Mount for Absen Acclaim,True,Active,EA,False,DVLED,,LED,01t2K000006KCbzQAG
"UPDATE (QuantityUnitOfMeasure, Sales_Part_Status__c, Category__c)",DS-LEDA27-7X7,DS-LEDA27-7X7,7x7 Fixed Wall Mount for Absen Acclaim,True,Active,EA,False,DVLED,,LED,01t2K000006KCbtQAG
"UPDATE (QuantityUnitOfMeasure, Sales_Part_Status__c, Category__c)",DS-LEDA27-7X8,DS-LEDA27-7X8,7x8 Fixed Wall Mount for Absen Accalaim,True,Active,EA,False,DVLED,,LED,01t2K000006S2BcQAK
"UPDATE (Description, US_Description__c, QuantityUnitOfMeasure, Sales_Part_Status__c, US_Price_Group_Name__c, Category__c)",DS-LEDA27-8X4,DS-LEDA27-8X4,8x4 Fixed Wall Mount for Absen Acclaim (ECN39031),True,Active,EA,False,DVLED,Active,LED,01t2K000006MD4ZQAW
"UPDATE (IsActive, QuantityUnitOfMeasure, Sales_Part_Status__c, US_Price_Group_Name__c, Category__c)",DS-LEDA27-8X6,DS-LEDA27-8X6,8x6 Fixed Wall Mount for Absen Acclaim (ECN39998),True,Active,EA,False,DVLED,Active,LED,01tPW00000EtlfvYAB
"UPDATE (QuantityUnitOfMeasure, Sales_Part_Status__c, Category__c)",DS-LEDA27-8X8,DS-LEDA27-8X8,8x8 Fixed Wall Mount for Absen Acclaim,True,Active,EA,False,DVLED,,LED,01t6A000002iG0mQAE
"UPDATE (Description, US_Description__c, QuantityUnitOfMeasure, Sales_Part_Status__c, US_Price_Group_Name__c, Category__c)",DS-LEDA27-9X7,DS-LEDA27-9X7,9x7 Fixed Wall Mount for Absen Acclaim (ECN37727),True,Active,EA,False,DVLED,Active,LED,01t6A000002ZqUYQA0
"UPDATE (Description, US_Description__c, IsActive, QuantityUnitOfMeasure, Sales_Part_Status__c, US_Price_Group_Name__c, Category__c)",DS-LEDA27-CTK,DS-LEDA27-CTK,Corner Trim Kit for Absen Acclaim Plus/Pro,True,Active,EA,False,DVLED,Active,LED,01t2K000006X862QAC
"UPDATE (Description, US_Description__c, IsActive, QuantityUnitOfMeasure, Sales_Part_Status__c, US_Price_Group_Name__c, Category__c)",DS-LEDA27-LTK,DS-LEDA27-LTK,Long Trim Kit for Absen Acclaim Plus/Pro,True,Active,EA,False,DVLED,Active,LED,01t2K000006X863QAC
"UPDATE (Description, US_Description__c, IsActive, QuantityUnitOfMeasure, Sales_Part_Status__c, US_Price_Group_Name__c, Category__c)",DS-LEDA27-STK,DS-LEDA27-STK,Short Trim Kit for Absen Acclaim Plus/Pro,True,Active,EA,False,DVLED,Active,LED,01t2K000006X85xQAC
"UPDATE (QuantityUnitOfMeasure, Sales_Part_Status__c, Category__c)",DS-LEDBXT-4X4,DS-LEDBXT-4X4,4x4 Fixed Wall Mount for Barco XT,True,No Purchases,EA,False,DVLED,,LED,01t2K000006X7jSQAS
"UPDATE (QuantityUnitOfMeasure, Sales_Part_Status__c, Category__c)",DS-LEDBXT-5X5,DS-LEDBXT-5X5,5x5 Fixed Wall Mount for Barco XT,True,No Purchases,EA,False,DVLED,,LED,01t2K000006X7jNQAS
"UPDATE (QuantityUnitOfMeasure, Sales_Part_Status__c, Category__c)",DS-LEDBXT-6X6,DS-LEDBXT-6X6,6x6 Fixed Wall Mount for Barco XT,True,No Purchases,EA,False,DVLED,,LED,01t2K000006X7jIQAS
"UPDATE (Description, US_Description__c, QuantityUnitOfMeasure, Sales_Part_Status__c, US_Price_Group_Name__c, Category__c)",DS-LEDF036,DS-LEDF036,6x1 Portrait Fixed Wall Mount for Absen Acclaim (ECN37348),True,Active,EA,False,DVLED,Active,LED,01t6A000002Zz6jQAC
"UPDATE (Description, US_Description__c, QuantityUnitOfMeasure, Sales_Part_Status__c, US_Price_Group_Name__c, Category__c)",DS-LEDF040,DS-LEDF040,Fixed 9x4 Wall Mount for InfiLED S2.9 (ECN37956),True,Active,EA,False,DVLED,Active,LED,01t6A000002a0UmQAI
"UPDATE (Description, US_Description__c, IsActive, QuantityUnitOfMeasure, Sales_Part_Status__c, US_Price_Group_Name__c, Category__c)",DS-LEDF41296,DS-LEDF41296,4x6 Absen N2+ (3x1) Gen I Wall Mount,True,Active,EA,False,DVLED,Active,LED,01t2K000006XB4nQAG
"UPDATE (Description, US_Description__c, IsActive, QuantityUnitOfMeasure, Sales_Part_Status__c, US_Price_Group_Name__c, Category__c)",DS-LEDF41297,DS-LEDF41297,8x5 Absen N2+ (3x1) Gen I Wall Mount,True,Active,EA,False,DVLED,Active,LED,01t2K000006XB4iQAG
"UPDATE (Description, US_Description__c, IsActive, QuantityUnitOfMeasure, Sales_Part_Status__c, US_Price_Group_Name__c, Category__c)",DS-LEDF41298,DS-LEDF41298,11x6 Absen N2+ (3x1) Gen I Wall Mount,True,Active,EA,False,DVLED,Active,LED,01t2K000006XB4OQAW
"UPDATE (Description, US_Description__c, IsActive, QuantityUnitOfMeasure, Sales_Part_Status__c, US_Price_Group_Name__c, Category__c)",DS-LEDF41299,DS-LEDF41299,11x10 Absen N2+ (3x1) Gen I Wall Mount,True,Active,EA,False,DVLED,Active,LED,01t2K000006XB4TQAW
"UPDATE (Description, US_Description__c, IsActive, QuantityUnitOfMeasure, Sales_Part_Status__c, US_Price_Group_Name__c, Category__c)",DS-LEDFA-3X5,DS-LEDFA-3X5,NEC FA Series 3X5 (ECN39883),True,Active,EA,False,DVLED,Active,LED,01t2K000006S2KYQA0
"UPDATE (Description, US_Description__c, IsActive, QuantityUnitOfMeasure, Sales_Part_Status__c, US_Price_Group_Name__c, Category__c)",DS-LEDIER-1X3,DS-LEDIER-1X3,"1x3 Flat Wall Mount for Samsung IEA, IER and IFR DvLED Displays",True,Active,EA,False,DVLED,Active,LED,01t2K000006XOCeQAO
"UPDATE (Description, US_Description__c, QuantityUnitOfMeasure, Sales_Part_Status__c, Category__c)",DS-LEDIER-3X3,DS-LEDIER-3X3,"3x3 Flat Wall Mount for Samsung IEA, IER and IFR DvLED Displays",True,Active,EA,False,DVLED,Active,LED,01t2K000006XCSlQAO
"UPDATE (Description, US_Description__c, QuantityUnitOfMeasure, Sales_Part_Status__c, Category__c)",DS-LEDIER-3X5,DS-LEDIER-3X5,"3x5 Flat Wall Mount for Samsung IEA, IER and IFR DvLED Displays",True,Active,EA,False,DVLED,,LED,01t2K000006XImSQAW
"UPDATE (Description, US_Description__c, QuantityUnitOfMeasure, Sales_Part_Status__c, Category__c)",DS-LEDIER-4X4,DS-LEDIER-4X4,"4x4 Flat Wall Mount for Samsung IEA, IER and IFR DvLED Displays",True,Active,EA,False,DVLED,Active,LED,01t2K000006XKWsQAO
"UPDATE (Description, US_Description__c, QuantityUnitOfMeasure, Sales_Part_Status__c, Category__c)",DS-LEDIER-5X5,DS-LEDIER-5X5,"5x5 Flat Wall Mount for Samsung IEA, IER and IFR DvLED Displays",True,Active,EA,False,DVLED,Active,LED,01t2K000006XKWnQAO
"UPDATE (IsActive, QuantityUnitOfMeasure, Sales_Part_Status__c, US_Price_Group_Name__c, Category__c)",DS-LEDIF-11X5,DS-LEDIF-11X5,11x5 Wall Mount for Samsung IFH LED Display,True,Active,EA,False,DVLED,Active,LED,01tPW00000EtlfwYAB
"UPDATE (Description, US_Description__c, QuantityUnitOfMeasure, Sales_Part_Status__c, US_Price_Group_Name__c, Category__c)",DS-LEDIFD-1X7,DS-LEDIFD-1X7,1x7 Wall Mount for Samsung IFH-D LED Display (ECN39456),True,Active,EA,False,DVLED,Active,LED,01t2K000006VoGyQAK
"UPDATE (Description, US_Description__c, QuantityUnitOfMeasure, Sales_Part_Status__c, US_Price_Group_Name__c, Category__c)",DS-LEDIFD-8X3,DS-LEDIFD-8X3,8x3 Wall Mount for Samsung IFH-D LED Display (ECN39457),True,Active,EA,False,DVLED,Active,LED,01t2K000006VoGzQAK
"UPDATE (IsActive, QuantityUnitOfMeasure, Sales_Part_Status__c, US_Price_Group_Name__c, Category__c)",DS-LEDIFHD-8X3,DS-LEDIFHD-8X3,8x3 Wall Mount for Samsung IFH-D LED Display,True,Active,EA,False,DVLED,Active,LED,01tPW00000EtlfxYAB
"UPDATE (Description, US_Description__c, QuantityUnitOfMeasure, ACU_Item_Status__c, Sales_Part_Status__c, US_Price_Group_Name__c, Category__c)",DS-LEDIFJ-36742,DS-LEDIFJ-36742,DS-LEDIFJ-36742 (ECN36742),True,No Purchases,EA,False,DVLED,Use Up,LED,01t2K000006KERwQAO
"UPDATE (Description, US_Description__c, QuantityUnitOfMeasure, Sales_Part_Status__c, US_Price_Group_Name__c, Category__c)",DS-LEDIFJ-3X3,DS-LEDIFJ-3X3,DS-LEDIFJ-3X3 (ECN37213),True,No Purchases,EA,False,DVLED,Use Up,LED,01t6A000002ZPddQAG
"UPDATE (Description, US_Description__c, QuantityUnitOfMeasure, ACU_Item_Status__c, Sales_Part_Status__c, US_Price_Group_Name__c, Category__c)",DS-LEDIFJ-4X4,DS-LEDIFJ-4X4,DS-LEDIFJ-4X4 (ECN38868),True,No Purchases,EA,False,DVLED,Use Up,LED,01t2K000006KEQiQAO
"UPDATE (Description, US_Description__c, IsActive, QuantityUnitOfMeasure, ACU_Item_Status__c, Sales_Part_Status__c, US_Price_Group_Name__c, Category__c)",DS-LEDIFJ-6X6,DS-LEDIFJ-6X6,6x6 Samsung IFJ Wall Mount (ECN41451),True,No Purchases,EA,False,DVLED,Use Up,LED,01t2K000006XFrZQAW
"UPDATE (QuantityUnitOfMeasure, Sales_Part_Status__c, Category__c)",DS-LEDIWP-5X5,DS-LEDIWP-5X5,5x5 Fixed Wall Mount for InfiLED WP Series,True,No Purchases,EA,False,DVLED,,LED,01t2K00000AonxaQAB
"UPDATE (QuantityUnitOfMeasure, Sales_Part_Status__c, Category__c)",DS-LEDIWP-6X6,DS-LEDIWP-6X6,6x6 Fixed Wall Mount for InfiLED WP Series,True,No Purchases,EA,False,DVLED,,LED,01t2K00000AonxfQAB
"UPDATE (QuantityUnitOfMeasure, Sales_Part_Status__c, Category__c)",DS-LEDIWP-8X8,DS-LEDIWP-8X8,8x8 Fixed Wall Mount for InfiLED WP Series,True,No Purchases,EA,False,DVLED,,LED,01t2K00000AonxkQAB
"UPDATE (Description, US_Description__c, QuantityUnitOfMeasure, Sales_Part_Status__c, Category__c)",DS-LEDLSAA-12X6,DS-LEDLSAA-12X6,12x6 Fixed Wall Mount for LG LSAA Series,True,No Request,EA,False,DVLED,,LED,01t2K00000Cg4y9QAB
"UPDATE (Description, US_Description__c, QuantityUnitOfMeasure, Sales_Part_Status__c, Category__c)",DS-LEDLSAA-3X3,DS-LEDLSAA-3X3,3x3 Fixed Wall Mount for LG LSAA Series,True,No Request,EA,False,DVLED,,LED,01t2K00000Cg4qoQAB
"UPDATE (Description, US_Description__c, QuantityUnitOfMeasure, Sales_Part_Status__c, Category__c)",DS-LEDLSAA-4X4,DS-LEDLSAA-4X4,4X4 Fixed Wall Mount for LG LSAA Series,True,Active,EA,False,DVLED,,LED,01t2K00000AoWRWQA3
"UPDATE (Description, US_Description__c, QuantityUnitOfMeasure, Sales_Part_Status__c, Category__c)",DS-LEDLSAA-5X5,DS-LEDLSAA-5X5,5x5 Fixed Wall Mount for LG LSAA Series,True,Active,EA,False,DVLED,,LED,01t2K00000Cg4qpQAB
"UPDATE (Description, US_Description__c, QuantityUnitOfMeasure, Sales_Part_Status__c, Category__c)",DS-LEDLSAA-6X3,DS-LEDLSAA-6X3,6x3 Fixed Wall Mount for LG LSAA Series,True,No Request,EA,False,DVLED,,LED,01t2K00000Cg4yEQAR
"UPDATE (Description, US_Description__c, QuantityUnitOfMeasure, Sales_Part_Status__c, Category__c)",DS-LEDLSAA-6X6,DS-LEDLSAA-6X6,6x6 Fixed Wall Mount for LG LSAA Series,True,No Request,EA,False,DVLED,,LED,01t2K00000Aq71jQAB
"UPDATE (Description, US_Description__c, QuantityUnitOfMeasure, Sales_Part_Status__c, US_Price_Group_Name__c, ACU_PMPLCM__c, Category__c)",DS-LEDLSAA-8X4,DS-LEDLSAA-8X4,8X4 Fixed Wall Mount for LG LSAA Series,False,Inactive,EA,False,DVLED,,LED,01t2K00000Cg4yJQAR
"UPDATE (Description, US_Description__c, QuantityUnitOfMeasure, Sales_Part_Status__c, Category__c)",DS-LEDLSAA-8X8,DS-LEDLSAA-8X8,8X8 Fixed Wall Mount for LG LSAA Series,True,No Request,EA,False,DVLED,,LED,01t2K00000Cg4yFQAR
"UPDATE (QuantityUnitOfMeasure, Sales_Part_Status__c, Category__c)",DS-LEDLSCB-10X10,DS-LEDLSCB-10X10,10x10 Fixed Wall Mount for LG LSCB,True,No Purchases,EA,False,DVLED,,LED,01t2K00000CfyDDQAZ
"UPDATE (QuantityUnitOfMeasure, Sales_Part_Status__c, Category__c)",DS-LEDLSCB-10X5,DS-LEDLSCB-10X5,10x5 Fixed Wall Mount for LG LSCB,True,No Purchases,EA,False,DVLED,,LED,01t2K00000Cg4yOQAR
"UPDATE (IsActive, QuantityUnitOfMeasure, Sales_Part_Status__c, US_Price_Group_Name__c, Category__c)",DS-LEDLSCB-11X8,DS-LEDLSCB-11X8,11x8 Fixed Wall Mount for LG LSCB,True,Active,EA,False,DVLED,Active,LED,01t2K000006StkAQAS
"UPDATE (QuantityUnitOfMeasure, Sales_Part_Status__c, Category__c)",DS-LEDLSCB-12X6,DS-LEDLSCB-12X6,12x6 Fixed Wall Mount for LG LSCB,True,No Purchases,EA,False,DVLED,,LED,01t2K00000Cg4yTQAR
"UPDATE (QuantityUnitOfMeasure, Sales_Part_Status__c, Category__c)",DS-LEDLSCB-16X8,DS-LEDLSCB-16X8,16x8 Fixed Wall Mount for LG LSCB,True,No Purchases,EA,False,DVLED,,LED,01t2K00000Cg4yYQAR
"UPDATE (QuantityUnitOfMeasure, Sales_Part_Status__c, Category__c)",DS-LEDLSCB-5X5,DS-LEDLSCB-5X5,5x5 Fixed Wall Mount for LG LSCB,True,No Purchases,EA,False,DVLED,,LED,01t2K00000AoWRgQAN
"UPDATE (QuantityUnitOfMeasure, Sales_Part_Status__c, Category__c)",DS-LEDLSCB-6X6,DS-LEDLSCB-6X6,6x6 Fixed Wall Mount for LG LSCB,True,No Purchases,EA,False,DVLED,,LED,01t2K00000AonxlQAB
"UPDATE (QuantityUnitOfMeasure, Sales_Part_Status__c, Category__c)",DS-LEDLSCB-8X8,DS-LEDLSCB-8X8,8x8 Fixed Wall Mount for LG LSCB,True,No Purchases,EA,False,DVLED,,LED,01t2K000006SpChQAK
"UPDATE (Description, US_Description__c, QuantityUnitOfMeasure, Sales_Part_Status__c, Category__c)",DS-LEDM-A27,DS-LEDM-A27,"ASSEMBLY, DS-LEDM-A27",True,No Purchases,EA,False,DVLED,,LED,01t2K000006XLNdQAO
"UPDATE (Description, US_Description__c, IsActive, QuantityUnitOfMeasure, Sales_Part_Status__c, US_Price_Group_Name__c, Category__c)",DS-LEDM-ACC,DS-LEDM-ACC,Modular LED Tool Kit,True,No Purchases,EA,False,DVLED,Use Up,LED,01t2K000006X85nQAC
"UPDATE (Description, US_Description__c, IsActive, QuantityUnitOfMeasure, Sales_Part_Status__c, US_Price_Group_Name__c, Category__c)",DS-LEDM-ALMOA27,DS-LEDM-ALMOA27,Modular LED Wall Mount for Absen Acclaim Plus/Pro,True,No Purchases,EA,False,DVLED,Use Up,LED,01t2K000006X85TQAS
"UPDATE (Description, US_Description__c, IsActive, QuantityUnitOfMeasure, Sales_Part_Status__c, US_Price_Group_Name__c, Category__c)",DS-LEDM-ALMONPLUS,DS-LEDM-ALMONPLUS,Modular LED Wall Mount for Absen N+ (3x1),True,No Purchases,EA,False,DVLED,Use Up,LED,01t2K000006X85YQAS
"UPDATE (Description, US_Description__c, IsActive, QuantityUnitOfMeasure, Sales_Part_Status__c, US_Price_Group_Name__c, Category__c)",DS-LEDNPLUS-CTK,DS-LEDNPLUS-CTK,Corner Trim Kit for Absen N+ (3x1),True,Active,EA,False,DVLED,Active,LED,01t2K000006X85yQAC
"UPDATE (Description, US_Description__c, IsActive, QuantityUnitOfMeasure, Sales_Part_Status__c, US_Price_Group_Name__c, Category__c)",DS-LEDNPLUS-LTK,DS-LEDNPLUS-LTK,Long Trim Kit for Absen N+ (3x1),True,Active,EA,False,DVLED,Active,LED,01t2K000006X85iQAC
"UPDATE (Description, US_Description__c, IsActive, QuantityUnitOfMeasure, Sales_Part_Status__c, US_Price_Group_Name__c, Category__c)",DS-LEDNPLUS-STK,DS-LEDNPLUS-STK,Short Trim Kit for Absen N+ (3x1),True,Active,EA,False,DVLED,Active,LED,01t2K000006X85zQAC
"UPDATE (IsActive, QuantityUnitOfMeasure, Sales_Part_Status__c, US_Price_Group_Name__c, Category__c)",DS-LEDP39715-12X5,DS-LEDP39715-12X5,12x5 Pop-Out Mount for Use with LG LAS018DB2-F (ECN39715),True,Active,EA,False,DVLED,Active,LED,01tPW00000EtlfyYAB
"UPDATE (IsActive, QuantityUnitOfMeasure, Sales_Part_Status__c, US_Price_Group_Name__c, Category__c)",DS-LEDP39715-12X5-SHROUD,DS-LEDP39715-12X5-SHROUD,Shroud for 12x5 LG LAS018DB2-F (ECN39715),True,Active,EA,False,DVLED,Active,LED,01tPW00000EtlfzYAB
"UPDATE (IsActive, QuantityUnitOfMeasure, Sales_Part_Status__c, US_Price_Group_Name__c, Category__c)",DS-LEDP39715-12X6,DS-LEDP39715-12X6,12x6 Pop-Out Mount for Use with LG LAS018DB2-F (ECN39715),True,Active,EA,False,DVLED,Active,LED,01tPW00000Etlg0YAB
"UPDATE (IsActive, QuantityUnitOfMeasure, Sales_Part_Status__c, US_Price_Group_Name__c, Category__c)",DS-LEDP39715-12X6-SHROUD,DS-LEDP39715-12X6-SHROUD,Shroud for 12x6 LG LAS018DB2-F (ECN39715),True,Active,EA,False,DVLED,Active,LED,01tPW00000Etlg1YAB
"UPDATE (QuantityUnitOfMeasure, Sales_Part_Status__c, Category__c)",DS-LEDTK-10VX10V,DS-LEDTK-10VX10V,"Universal DV-LED Trim Kit, 10' Vented x 10' Vented",True,No Request,EA,False,DVLED,,LED,01t2K000006XIpgQAG
"UPDATE (QuantityUnitOfMeasure, Sales_Part_Status__c, Category__c)",DS-LEDTK-10VX6S,DS-LEDTK-10VX6S,"Universal DV-LED Trim Kit, 10' Vented x 6' Solid",True,Active,EA,False,DVLED,,LED,01t2K000006XTLsQAO
"UPDATE (QuantityUnitOfMeasure, Sales_Part_Status__c, Category__c)",DS-LEDTK-10VX8S,DS-LEDTK-10VX8S,"Universal DV-LED Trim Kit, 10' Vented x 8' Solid",True,Active,EA,False,DVLED,,LED,01t2K000006Su0bQAC
"UPDATE (US_Description__c, QuantityUnitOfMeasure, Sales_Part_Status__c, Category__c)",DS-LEDTK-10VX8V,DS-LEDTK-10VX8V,"Universal DV-LED Trim Kit, 10' Vented x 8' Vented",True,No Request,EA,False,DVLED,,LED,01tPW00000ICPptYAH
"UPDATE (QuantityUnitOfMeasure, Sales_Part_Status__c, Category__c)",DS-LEDTK-12VX8S,DS-LEDTK-12VX8S,"Universal DV-LED Trim Kit, 12' Vented x 8' Solid",True,Active,EA,False,DVLED,,LED,01t2K00000AoWRbQAN
"UPDATE (QuantityUnitOfMeasure, Sales_Part_Status__c, Category__c)",DS-LEDTK-14VX8V,DS-LEDTK-14VX8V,"Universal DV-LED Trim Kit, 14' Vented x 8' Vented",True,No Request,EA,False,DVLED,,LED,01t2K000006XKWiQAO
"UPDATE (QuantityUnitOfMeasure, Sales_Part_Status__c, Category__c)",DS-LEDTK-16VX10S,DS-LEDTK-16VX10S,"Universal DV-LED Trim Kit, 16' Vented x 10' Solid",True,Active,EA,False,DVLED,,LED,01t2K000006XRrAQAW
"UPDATE (QuantityUnitOfMeasure, Sales_Part_Status__c, Category__c)",DS-LEDTK-16VX10V,DS-LEDTK-16VX10V,"Universal DV-LED Trim Kit, 16' Vented x 10' Vented",True,No Request,EA,False,DVLED,,LED,01t2K000006SyqjQAC
"UPDATE (QuantityUnitOfMeasure, Sales_Part_Status__c, Category__c)",DS-LEDTK-16VX5S,DS-LEDTK-16VX5S,"Universal DV-LED Trim Kit, 16' Vented x 5' Solid",True,Active,EA,False,DVLED,,LED,01t2K000006XFuOQAW
"UPDATE (QuantityUnitOfMeasure, Sales_Part_Status__c, Category__c)",DS-LEDTK-18VX8S,DS-LEDTK-18VX8S,"Universal DV-LED Trim Kit, 18' Vented x 8' Solid",True,Active,EA,False,DVLED,,LED,01t2K000006SntdQAC
"UPDATE (QuantityUnitOfMeasure, Sales_Part_Status__c, Category__c)",DS-LEDTK-20VX12S,DS-LEDTK-20VX12S,"Universal DV-LED Trim Kit, 20' Vented x 12' Solid",True,Active,EA,False,DVLED,,LED,01t8V000008kP7sQAE
"UPDATE (QuantityUnitOfMeasure, Sales_Part_Status__c, Category__c)",DS-LEDTK-20VX5S,DS-LEDTK-20VX5S,"Universal DV-LED Trim Kit, 20' Vented x 5' Solid",True,Active,EA,False,DVLED,,LED,01t2K000006XQ22QAG
"UPDATE (QuantityUnitOfMeasure, Sales_Part_Status__c, Category__c)",DS-LEDTK-24VX10S,DS-LEDTK-24VX10S,"Universal DV-LED Trim Kit, 24' Vented x 10' Solid",True,Active,EA,False,DVLED,,LED,01t2K000006XRAXQA4
INSERT,DS-LEDTK-24VX15S,DS-LEDTK-24VX15S,"Universal DV-LED Trim Kit, 24' Vented x 15' Solid",False,Inactive,EA,False,DVLED,,LED,
"UPDATE (QuantityUnitOfMeasure, Sales_Part_Status__c, Category__c)",DS-LEDTK-24VX5V,DS-LEDTK-24VX5V,"Universal DV-LED Trim Kit, 24' Vented x 5' Vented",True,No Request,EA,False,DVLED,,LED,01t2K000006XSCXQA4
"UPDATE (QuantityUnitOfMeasure, Sales_Part_Status__c, Category__c)",DS-LEDTK-24VX8V,DS-LEDTK-24VX8V,"Universal DV-LED Trim Kit, 24' Vented x 8' Vented",True,No Request,EA,False,DVLED,,LED,01t2K000006XRp9QAG
"UPDATE (QuantityUnitOfMeasure, Sales_Part_Status__c, Category__c)",DS-LEDTK-29VX11S,DS-LEDTK-29VX11S,"Universal DV-LED Trim Kit, 29' Vented x 11' Solid",True,Active,EA,False,DVLED,,LED,01t2K000006Syq5QAC
"UPDATE (QuantityUnitOfMeasure, Sales_Part_Status__c, Category__c)",DS-LEDTK-5S,DS-LEDTK-5S,"Universal DV-LED Trim Kit, 5' Solid Trim",True,Active,EA,False,DVLED,Active,LED,01t2K000006XID8QAO
"UPDATE (QuantityUnitOfMeasure, Sales_Part_Status__c, US_Price_Group_Name__c, Category__c)",DS-LEDTK-5V,DS-LEDTK-5V,"Universal DV-LED Trim Kit, 5' Vented Trim",True,Active,EA,False,DVLED,Active,LED,01t2K000006XIDIQA4
"UPDATE (QuantityUnitOfMeasure, Sales_Part_Status__c, US_Price_Group_Name__c, Category__c)",DS-LEDTK-6S,DS-LEDTK-6S,"Universal DV-LED Trim Kit, 6' Solid Trim",True,Active,EA,False,DVLED,Active,LED,01t2K000006XIDDQA4
"UPDATE (QuantityUnitOfMeasure, Sales_Part_Status__c, US_Price_Group_Name__c, Category__c)",DS-LEDTK-6V,DS-LEDTK-6V,"Universal DV-LED Trim Kit, 6' Vented Trim",True,Active,EA,False,DVLED,Active,LED,01t2K000006XIDNQA4
"UPDATE (QuantityUnitOfMeasure, Sales_Part_Status__c, Category__c)",DS-LEDTK-6VX10S,DS-LEDTK-6VX10S,"Universal DV-LED Trim Kit, 6' Vented x 10' Solid",True,Active,EA,False,DVLED,,LED,01t2K000006StdmQAC
"UPDATE (QuantityUnitOfMeasure, Sales_Part_Status__c, US_Price_Group_Name__c, Category__c)",DS-LEDTK-8S,DS-LEDTK-8S,"Universal DV-LED Trim Kit, 8' Solid Trim",True,Active,EA,False,DVLED,Active,LED,01t2K000006XIDEQA4
"UPDATE (QuantityUnitOfMeasure, Sales_Part_Status__c, US_Price_Group_Name__c, Category__c)",DS-LEDTK-8V,DS-LEDTK-8V,"Universal DV-LED Trim Kit, 8' Vented Trim",True,Active,EA,False,DVLED,Active,LED,01t2K000006XIDXQA4
"UPDATE (QuantityUnitOfMeasure, Sales_Part_Status__c, Category__c)",DS-LEDTK-8VX5S,DS-LEDTK-8VX5S,"Universal DV-LED Trim Kit, 8' Vented x 5' Solid",True,Active,EA,False,DVLED,,LED,01t2K000006XQSAQA4
"UPDATE (QuantityUnitOfMeasure, Sales_Part_Status__c, Category__c)",DS-LEDTK-8VX5V,DS-LEDTK-8VX5V,"Universal DV-LED Trim Kit, 8' Vented x 5' Vented",True,No Request,EA,False,DVLED,,LED,01t2K000006XSCSQA4
"UPDATE (QuantityUnitOfMeasure, ACU_Item_Status__c, Sales_Part_Status__c, US_Price_Group_Name__c, ACU_PMPLCM__c, Category__c)",DS-LEDTK-C,DS-LEDTK-C,"Universal DV-LED Trim Kit, Corner",True,Active,EA,False,DVLED,Active,LED,01t2K000006XIDcQAO
"UPDATE (Description, US_Description__c, QuantityUnitOfMeasure, Sales_Part_Status__c, Category__c)",DS-LEDUPS-4X4,DS-LEDUPS-4X4,4x4 Fixed Wall Mount Unilumin UPanelS,True,Active,EA,False,DVLED,,LED,01t2K000006X7mRQAS
"UPDATE (Description, US_Description__c, QuantityUnitOfMeasure, Sales_Part_Status__c, Category__c)",DS-LEDUPS-5X5,DS-LEDUPS-5X5,5x5 Fixed Wall Mount Unilumin UPanelS,True,Active,EA,False,DVLED,,LED,01t2K000006X7mMQAS
"UPDATE (Description, US_Description__c, QuantityUnitOfMeasure, Sales_Part_Status__c, Category__c)",DS-LEDUPS-6X6,DS-LEDUPS-6X6,6x6 Fixed Wall Mount Unilumin UPanelS,True,Active,EA,False,DVLED,,LED,01t2K000006X7mWQAS
"UPDATE (Description, US_Description__c, QuantityUnitOfMeasure, Sales_Part_Status__c, Category__c)",DS-LEDUPS-8X8,DS-LEDUPS-8X8,"ASSEMBLY, UPANELS 8X8 MOUNT",True,Active,EA,False,DVLED,,LED,01t2K00000ChTmTQAV
"UPDATE (QuantityUnitOfMeasure, ACU_Item_Status__c, Sales_Part_Status__c, ACU_PMPLCM__c, Category__c)",ECN36782,ECN36782,"55"" Single Sided Kiosk",True,Active,EA,False,ET DD,Active,MOUNT,01t6A000003QCXGQA4
"UPDATE (QuantityUnitOfMeasure, ACU_Item_Status__c, Sales_Part_Status__c, ACU_PMPLCM__c, Category__c)",ECN36783,ECN36783,"55"" Double Sided Smart City Kiosk for ISM",True,Active,EA,False,ET DD,Active,MOUNT,01t6A000003QCXLQA4
"UPDATE (QuantityUnitOfMeasure, ACU_Item_Status__c, Sales_Part_Status__c, ACU_PMPLCM__c, Category__c)",ECN36783-39227,ECN36783-39227,Media Player Enclsoure Retro-Fit Cover for Kiosk,True,Active,EA,False,KIOSK,Active,MOUNT,01t2K000004ZgQOQA0
INSERT,ECN37798-C,ECN37798-C,"55"" & 65"" Double Sided Ceiling Kiosk for ISM",True,Active,EA,False,ET DD,Active,MOUNT,
"UPDATE (QuantityUnitOfMeasure, ACU_Item_Status__c, Sales_Part_Status__c, ACU_PMPLCM__c, Category__c)",ECN37800,ECN37800,"65"" Single Sided Smart City Kiosk for ISM",True,Active,EA,False,ET DD,Active,MOUNT,01t6A000003QCXHQA4
"UPDATE (QuantityUnitOfMeasure, ACU_Item_Status__c, Sales_Part_Status__c, ACU_PMPLCM__c, Category__c)",ECN37801,ECN37801,"65"" Double Sided Smart City Kiosk for ISM",True,Active,EA,False,ET DD,Active,MOUNT,01t6A000003QCXBQA4
INSERT,ECN38063,ECN38063,MiLB Horizontal I-Beam Clamp and 4' Drop Tube,True,Active,EA,False,ET DD,Active,MOUNT,
INSERT,ECN38063-02,ECN38063-02,MiLB Horizontal I-Beam Clamp,True,Active,EA,False,ET DD,Active,MOUNT,
INSERT,ECN38066-14,ECN38066-14,ISM Custom Angled Horizontal I-Beam Clamp from ECN-C% (ECN38066),True,Active,EA,False,ET DD,Active,MOUNT,
INSERT,ECN38066-25,ECN38066-25,ISM Custom Angled Horizontal I-Beam Clamp from ECN-C% (ECN38066),True,Active,EA,False,ET DD,Active,MOUNT,
INSERT,ECN38068,ECN38068,MiLB Overhead 10x10 Angled Tube Clamp,True,Active,EA,False,ET DD,Active,MOUNT,
INSERT,ECN38089,ECN38089,Vertical I-Beam Mount for ECN-W6501XHB (ECN38089),True,Active,EA,False,ET DD,Active,MOUNT,
INSERT,ECN38136,ECN38136,I-Beam Clamp for ECN-W6501XHN in Landscape Orientation,True,Active,EA,False,ET DD,Active,MOUNT,
INSERT,ECN38137,ECN38137,ISM Custom Horizontal I-Beam Clamp from ECN-C% (ECN38137),True,Active,EA,False,ET DD,Active,MOUNT,
INSERT,ECN38138,ECN38138,I-Beam Clamp for ECN-W in Landscape Orientation,True,Active,EA,False,ET DD,Active,MOUNT,
"UPDATE (Description, US_Description__c, QuantityUnitOfMeasure, ACU_Item_Status__c, Sales_Part_Status__c, ACU_PMPLCM__c, Category__c)",ECN38178,ECN38178,Cantilever Wall Mount for ECN-W5501XHB (ECN38178),True,Active,EA,False,ET DD,Active,MOUNT,01t6A000003QPaUQAW
INSERT,ECN38182,ECN38182,ISM Custom Vertical Pole Clamp,True,Active,EA,False,ET DD,Active,MOUNT,
INSERT,ECN38250,ECN38250,I-Beam Clamp for ECN-W5501UV in Landscape Orientation,True,Active,EA,False,ET DD,Active,MOUNT,
INSERT,ECN38260,ECN38260,ISM Custom Horizontal I-Beam Clamp from ECN-C%,True,Active,EA,False,ET DD,Active,MOUNT,
INSERT,ECN38279,ECN38279,I-Beam Clamp for ECN-W in Landscape Orientation,True,Active,EA,False,ET DD,Active,MOUNT,
INSERT,ECN38280-A,ECN38280-A,I-Beam Clamp for ECN-W5501UV in Landscape Orientation,True,Active,EA,False,ET DD,Active,MOUNT,
INSERT,ECN38280-B,ECN38280-B,I-Beam Clamp for ECN-W5501UV in Landscape Orientation,True,Active,EA,False,ET DD,Active,MOUNT,
INSERT,ECN38280-C,ECN38280-C,I-Beam Clamp for ECN-W5501UV in Landscape Orientation,True,Active,EA,False,ET DD,Active,MOUNT,
"UPDATE (QuantityUnitOfMeasure, ACU_Item_Status__c, Sales_Part_Status__c, US_Price_Group_Name__c, ACU_PMPLCM__c, Category__c)",ECN38280-D,ECN38280-D,I-Beam Clamp for ECN-W5501UV in Landscape Orientation,True,Active,EA,False,ET DD,Active,MOUNT,01t2K000006NaOVQA0
INSERT,ECN38281,ECN38281,I-Beam Clamp for ECN-W5501UV in Landscape Orientation,True,Active,EA,False,ET DD,Active,MOUNT,
INSERT,ECN38293,ECN38293,MiLB Overhead 12x8 Angled Tube Clamp,True,Active,EA,False,ET DD,Active,MOUNT,
INSERT,ECN38296,ECN38296,ISM Custom Horizontal I-Beam Clamp for ECN-W%,True,Active,EA,False,ET DD,Active,MOUNT,
INSERT,ECN38297,ECN38297,I-Beam Clamp for ECN-W in Landscape Orientation,True,Active,EA,False,ET DD,Active,MOUNT,
INSERT,ECN38365,ECN38365,MiLB Horizontal I-Beam Clamp,True,Active,EA,False,ET DD,Active,MOUNT,
INSERT,ECN38365-02,ECN38365-02,MiLB Horizontal I-Beam Clamp,True,Active,EA,False,ET DD,Active,MOUNT,
INSERT,ECN38897-22,ECN38897-22,ISM Custom Angled Horizontal I-Beam Clamp from ECN-C%,True,Active,EA,False,ET DD,Active,MOUNT,
"UPDATE (QuantityUnitOfMeasure, ACU_Item_Status__c, Sales_Part_Status__c)",ELO E021014,ELO E021014,ELO I-Series for Android 10-inch AiO Touchscreen NOT FOR SALE,True,Active,EA,False,ET DD,,,01t6A000000bKq8QAE
"UPDATE (IsActive, QuantityUnitOfMeasure, Sales_Part_Status__c, ACU_PMPLCM__c, Category__c)",GAS-0019,GAS-0019,DOW737 RTV - NEUTRAL CURE BLACK (300mL),True,Active,EA,False,KIOSK,,,01t2K000006S2MmQAK
"UPDATE (QuantityUnitOfMeasure, Sales_Part_Status__c)",HAR750,HAR750,"UNIV ART MOUNT 32-50""+ NONSEC",True,Active,EA,False,HOSP,Active,MOUNT,01t2K00000AoZnLQAV
"UPDATE (QuantityUnitOfMeasure, Sales_Part_Status__c)",HAR775,HAR775,"UNIV ART MOUNT 50-75""+ NONSEC",True,Active,EA,False,HOSP,Active,MOUNT,01t2K00000AoZnBQAV
"UPDATE (QuantityUnitOfMeasure, Sales_Part_Status__c)",HFT640,HFT640,"UNIV FLAT/TILT MOUNT 32-50""+ NONSEC",True,Active,EA,False,HOSP,Active,MOUNT,01t2K00000AoZnVQAV
"UPDATE (QuantityUnitOfMeasure, Sales_Part_Status__c)",HFT650,HFT650,"UNIV FLAT/TILT MOUNT 50-65""+ NONSEC",True,Active,EA,False,HOSP,Active,MOUNT,01t2K00000AoZnaQAF
"UPDATE (QuantityUnitOfMeasure, Sales_Part_Status__c)",HFT690,HFT690,"UNIV FLAT/TILT MOUNT 65-90""+ NONSEC",True,Active,EA,False,HOSP,Active,MOUNT,01t2K00000AoZnQQAV
"UPDATE (QuantityUnitOfMeasure, ACU_Item_Status__c, Sales_Part_Status__c)",JELCO K1,JELCO K1,(NOT FOR SALE) JELCO CASE FOR KIPCT2555-SD1 (FOR INTERNAL USE ONLY/NOT FOR SALE),True,Active,EA,False,ET DD,,,01t2K000006NZxdQAG
"UPDATE (QuantityUnitOfMeasure, ACU_Item_Status__c, Sales_Part_Status__c)",JELCO K2,JELCO K2,(NOT FOR SALE) JELCO CASE FOR KIPCT2555-SD2 (FOR INTERNAL USE ONLY/NOT FOR SALE),True,Active,EA,False,ET DD,,,01t2K000006NZxmQAG
"UPDATE (QuantityUnitOfMeasure, ACU_Item_Status__c, Sales_Part_Status__c)",JELCO K3,JELCO K3,(NOT FOR SALE) JELCO CASE FOR KIPCT2555-SD3 (FOR INTERNAL USE ONLY/NOT FOR SALE),True,Active,EA,False,ET DD,,,01t2K000006NZxeQAG
"UPDATE (QuantityUnitOfMeasure, ACU_Item_Status__c, Sales_Part_Status__c)",JELCO K4,JELCO K4,(NOT FOR SALE) JELCO CASE FOR KIPCT2555-SD4 (FOR INTERNAL USE ONLY/NOT FOR SALE),True,Active,EA,False,ET DD,,,01t2K000006KEQEQA4
"UPDATE (QuantityUnitOfMeasure, ACU_Item_Status__c, Sales_Part_Status__c, ACU_PMPLCM__c, Category__c)",KDSB55-2SAM,KDSB55-2SAM,Outdoor Digital Signage Board for Two Samsung OHF,True,Active,EA,False,ET DD,Active,MOUNT,01t6A000000asbnQAA
"UPDATE (QuantityUnitOfMeasure, ACU_Item_Status__c, Sales_Part_Status__c, ACU_PMPLCM__c, Category__c)",KIL515-S-MOTO15,KIL515-S-MOTO15,"15"" Landscape Kiosk for the CC5000-15 Display",True,Active,EA,False,ET DD,Active,KIOSK,01t6A000000as4KQAQ
"UPDATE (Description, US_Description__c, QuantityUnitOfMeasure, ACU_Item_Status__c, Sales_Part_Status__c, ACU_PMPLCM__c, Category__c)",KIL522-SC-MOTO01,KIL522-SC-MOTO01,"22"" Landscape Kiosk for the CC5000-22 Display",True,Active,EA,False,ET DD,Active,KIOSK,01t6A000000arDgQAI
"UPDATE (QuantityUnitOfMeasure, ACU_Item_Status__c, Sales_Part_Status__c, ACU_PMPLCM__c, Category__c)",KIL522-S-MOTO22,KIL522-S-MOTO22,"22"" Landscape Kiosk for the CC5000-22 Display",True,Active,EA,False,ET DD,Active,KIOSK,01t6A000000as9KQAQ
"UPDATE (QuantityUnitOfMeasure, ACU_Item_Status__c, Sales_Part_Status__c, ACU_PMPLCM__c, Category__c)",KIL527-BL-ZEB01,KIL527-BL-ZEB01,"27"" Landscape Kiosk for the Concierge",True,Active,EA,False,ET DD,Active,KIOSK,01t6A000000at2EQAQ
"UPDATE (QuantityUnitOfMeasure, ACU_Item_Status__c, Sales_Part_Status__c, ACU_PMPLCM__c, Category__c)",KIL527-GR-ZEB01,KIL527-GR-ZEB01,"27"" Landscape Kiosk for the Concierge",True,Active,EA,False,ET DD,Active,KIOSK,01t6A000000asRhQAI
"UPDATE (QuantityUnitOfMeasure, ACU_Item_Status__c, Sales_Part_Status__c, ACU_PMPLCM__c, Category__c)",KIL527-S-MOTO27,KIL527-S-MOTO27,"27"" Landscape Kiosk for the CC5000-27 Display",True,Active,EA,False,ET DD,Active,KIOSK,01t6A000000arhbQAA
INSERT,KIL527-WM,KIL527-WM,"27"" Landscape Kiosk",True,Active,EA,False,ET DD,Active,KIOSK,
"UPDATE (QuantityUnitOfMeasure, ACU_Item_Status__c, Sales_Part_Status__c, ACU_PMPLCM__c, Category__c)",KIL527-WM-GN,KIL527-WM-GN,"27"" Landscape Kiosk",True,Active,EA,False,ET DD,Active,KIOSK,01t6A000000asL4QAI
"UPDATE (QuantityUnitOfMeasure, ACU_Item_Status__c, Sales_Part_Status__c, ACU_PMPLCM__c, Category__c)",KIL527-WM-OR,KIL527-WM-OR,"27"" Landscape Kiosk",True,Active,EA,False,ET DD,Active,KIOSK,01t6A000000askZQAQ
"UPDATE (QuantityUnitOfMeasure, Sales_Part_Status__c)",KIL540-EUK,KIL540-EUK,"40"" Landscape Kiosk",True,Active,EA,False,KIOSK,Active,KIOSK,01t6A000000asXhQAI
"UPDATE (QuantityUnitOfMeasure, Sales_Part_Status__c)",KIL540-S-EUK,KIL540-S-EUK,"40"" Landscape Kiosk",True,Active,EA,False,KIOSK,Active,KIOSK,01t6A000000arLoQAI
"UPDATE (QuantityUnitOfMeasure, Sales_Part_Status__c)",KIL542-EUK,KIL542-EUK,"42"" Landscape Kiosk",True,Active,EA,False,KIOSK,Active,KIOSK,01t6A000000asXiQAI
"UPDATE (QuantityUnitOfMeasure, Sales_Part_Status__c)",KIL542-NB-RAL5003,KIL542-NB-RAL5003,"42"" Landscape Kiosk with No Display Brackets, RAL5003",True,Active,EA,False,KIOSK,Active,KIOSK,01t6A000002ZPdmQAG
"UPDATE (QuantityUnitOfMeasure, Sales_Part_Status__c)",KIL542-RAL5003,KIL542-RAL5003,"42"" Landscape Kiosk, RAL5003",True,Active,EA,False,KIOSK,Active,KIOSK,01t6A000002iC2wQAE
"UPDATE (QuantityUnitOfMeasure, Sales_Part_Status__c)",KIL542-S-EUK,KIL542-S-EUK,"42"" Landscape Kiosk",True,Active,EA,False,KIOSK,Active,KIOSK,01t6A000000arLmQAI
"UPDATE (QuantityUnitOfMeasure, Sales_Part_Status__c)",KIL546-EUK,KIL546-EUK,"46"" Landscape Kiosk",True,Active,EA,False,KIOSK,Active,KIOSK,01t6A000000arYuQAI
INSERT,KIL546-SEC-RAL1035,KIL546-SEC-RAL1035,"46"" Landscape Kiosk with Security Hadware in RAL1035",True,Active,EA,False,ET DD,Active,KIOSK,
INSERT,KIL546-SEC-RAL7048,KIL546-SEC-RAL7048,"46"" Landscape Kiosk with Security Hadware in RAL7048",True,Active,EA,False,ET DD,Active,KIOSK,
INSERT,KIL546-SEC-RAL9005,KIL546-SEC-RAL9005,"46"" Landscape Kiosk with Security Hadware in RAL9005",True,Active,EA,False,ET DD,Active,KIOSK,
INSERT,KIL546-SEC-RAL9006,KIL546-SEC-RAL9006,"46"" Landscape Kiosk with Security Hadware in RAL9006",True,Active,EA,False,ET DD,Active,KIOSK,
"UPDATE (QuantityUnitOfMeasure, Sales_Part_Status__c)",KIL546-S-EUK,KIL546-S-EUK,"46"" Landscape Kiosk",True,Active,EA,False,KIOSK,Active,KIOSK,01t6A000000arYvQAI
"UPDATE (QuantityUnitOfMeasure, Sales_Part_Status__c)",KIL547,KIL547,"47"" Landscape Kiosk",True,No Purchases,EA,False,KIOSK,Use Up,KIOSK,01t6A000000aqsZQAQ
"UPDATE (QuantityUnitOfMeasure, ACU_Item_Status__c, Sales_Part_Status__c)",KIL547-EUK,KIL547-EUK,"47"" Landscape Kiosk",True,No Purchases,EA,False,KIOSK,Use Up,KIOSK,01t6A000000arYxQAI
"UPDATE (Description, US_Description__c, QuantityUnitOfMeasure, ACU_Item_Status__c, Sales_Part_Status__c)",KIL547-RED,KIL547-RED,"47"" Landscape Kiosk in Red",True,No Purchases,EA,False,KIOSK,Use Up,KIOSK,01t6A000000argUQAQ
"UPDATE (QuantityUnitOfMeasure, Sales_Part_Status__c)",KIL547-S,KIL547-S,"47"" Landscape Kiosk",True,No Purchases,EA,False,KIOSK,Use Up,KIOSK,01t6A000000aqsaQAA
"UPDATE (QuantityUnitOfMeasure, ACU_Item_Status__c, Sales_Part_Status__c)",KIL547-S-EUK,KIL547-S-EUK,"47"" Landscape Kiosk",True,No Purchases,EA,False,KIOSK,Use Up,KIOSK,01t6A000000arYwQAI
"UPDATE (QuantityUnitOfMeasure, Sales_Part_Status__c)",KIL547-W,KIL547-W,"47"" Landscape Kiosk in White",True,No Purchases,EA,False,KIOSK,Use Up,KIOSK,01t6A000000aqlyQAA
"UPDATE (QuantityUnitOfMeasure, Sales_Part_Status__c)",KIL548,KIL548,"48"" Landscape Kiosk",True,Active,EA,False,KIOSK,Use Up,KIOSK,01t6A000000asElQAI
"UPDATE (QuantityUnitOfMeasure, ACU_Item_Status__c, Sales_Part_Status__c, ACU_PMPLCM__c, Category__c)",KIL549-EUK,KIL549-EUK,"49"" Landscape Kiosk",True,Active,EA,False,ET DD,Active,KIOSK,01t2K000006KEHRQA4
"UPDATE (QuantityUnitOfMeasure, Sales_Part_Status__c)",KIL549-PR,KIL549-PR,KIL549 Prime Only for Lin Haw,True,Active,EA,False,KIOSK,Active,KIOSK,01t6A000002ZPbFQAW
"UPDATE (QuantityUnitOfMeasure, Sales_Part_Status__c)",KIL549-RAL9007,KIL549-RAL9007,"49"" Landscape Kiosk custom RAL9007",True,No Purchases,EA,False,KIOSK,Use Up,KIOSK,01t6A000000aspAQAQ
"UPDATE (Description, US_Description__c, QuantityUnitOfMeasure, Sales_Part_Status__c)",KIL549-RAL9007-DIV,KIL549-RAL9007-DIV,"49” Floor Standing Landscape Kiosk Enclosure with Hex Pin Screws, Grey Aluminium",True,No Purchases,EA,False,KIOSK,Use Up,KIOSK,01t6A000002YkoJQAS
"UPDATE (QuantityUnitOfMeasure, Sales_Part_Status__c)",KIL549-S,KIL549-S,"49"" Landscape Kiosk",True,No Purchases,EA,False,KIOSK,Use Up,KIOSK,01t6A000000asEnQAI
"UPDATE (QuantityUnitOfMeasure, ACU_Item_Status__c, Sales_Part_Status__c, ACU_PMPLCM__c, Category__c)",KIL549-S-EUK,KIL549-S-EUK,"49"" Landscape Kiosk",True,No Purchases,EA,False,ET DD,Use Up,KIOSK,01t2K000006KEHMQA4
"UPDATE (QuantityUnitOfMeasure, Sales_Part_Status__c)",KIL640-EUK,KIL640-EUK,"40"" Landscape Wall Kiosk",True,Active,EA,False,KIOSK,Active,KIOSK,01t6A000000as8gQAA
"UPDATE (QuantityUnitOfMeasure, Sales_Part_Status__c)",KIL640-S-EUK,KIL640-S-EUK,"40"" Landscape Wall Kiosk Silver",True,Active,EA,False,KIOSK,Active,KIOSK,01t6A000000as8hQAA
"UPDATE (QuantityUnitOfMeasure, Sales_Part_Status__c)",KIL642-35D-S,KIL642-35D-S,"42"" Landscape Wall Kiosk - 3.5"" Deep Display",True,No Purchases,EA,False,KIOSK,Use Up,KIOSK,01t6A000000at9QQAQ
"UPDATE (QuantityUnitOfMeasure, Sales_Part_Status__c)",KIL642-EUK,KIL642-EUK,"42"" Landscape Wall Kiosk",True,Active,EA,False,KIOSK,Active,KIOSK,01t6A000000as8iQAA
"UPDATE (QuantityUnitOfMeasure, Sales_Part_Status__c)",KIL642-S-EUK,KIL642-S-EUK,"42"" Landscape Wall Kiosk",True,Active,EA,False,KIOSK,Active,KIOSK,01t6A000000as8jQAA
"UPDATE (QuantityUnitOfMeasure, Sales_Part_Status__c)",KIL643,KIL643,"43"" Landscape Wall Kiosk",True,Active,EA,False,KIOSK,Use Up,KIOSK,01t6A000000arFkQAI
"UPDATE (QuantityUnitOfMeasure, Sales_Part_Status__c)",KIL643-35D,KIL643-35D,"43"" Landscape Wall Kiosk - 3.5"" Deep Display",True,Active,EA,False,KIOSK,Use Up,KIOSK,01t6A000000arFmQAI
"UPDATE (QuantityUnitOfMeasure, Sales_Part_Status__c)",KIL643-35D-S,KIL643-35D-S,"43"" Landscape Wall Kiosk - 3.5"" Deep Display",True,Active,EA,False,KIOSK,Use Up,KIOSK,01t6A000000arFnQAI
"UPDATE (QuantityUnitOfMeasure, ACU_Item_Status__c, Sales_Part_Status__c, ACU_PMPLCM__c, Category__c)",KIL643-BRONZE,KIL643-BRONZE,"43"" Landscape Wall Kiosk in Bronze",True,Active,EA,False,ET DD,Active,KIOSK,01t2K000006VtgXQAS
"UPDATE (QuantityUnitOfMeasure, Sales_Part_Status__c)",KIL643-EUK,KIL643-EUK,"43"" Landscape Wall Kiosk",True,Active,EA,False,KIOSK,Active,KIOSK,01t2K000006S2KxQAK
"UPDATE (QuantityUnitOfMeasure, ACU_Item_Status__c, Sales_Part_Status__c, ACU_PMPLCM__c, Category__c)",KIL643-GOLD,KIL643-GOLD,"43"" Landscape Wall Kiosk in Harvest Gold",True,Active,EA,False,ET DD,Active,KIOSK,01t2K000006VtgSQAS
"UPDATE (QuantityUnitOfMeasure, Sales_Part_Status__c)",KIL643-S,KIL643-S,"43"" Landscape Wall Kiosk",True,No Purchases,EA,False,KIOSK,Use Up,KIOSK,01t6A000000arFlQAI
"UPDATE (QuantityUnitOfMeasure, Sales_Part_Status__c)",KIL643-S-EUK,KIL643-S-EUK,"43"" Landscape Wall Kiosk Silver",True,Active,EA,False,KIOSK,Active,KIOSK,01t2K000006S2ByQAK
"UPDATE (QuantityUnitOfMeasure, Sales_Part_Status__c)",KIL646,KIL646,"46"" Landscape Wall Kiosk",True,No Purchases,EA,False,KIOSK,Use Up,KIOSK,01t6A000000atZ1QAI
"UPDATE (QuantityUnitOfMeasure, Sales_Part_Status__c)",KIL646-35D,KIL646-35D,"46"" Landscape Wall Kiosk - 3.5"" Deep Display",True,No Purchases,EA,False,KIOSK,Use Up,KIOSK,01t6A000000at9SQAQ
"UPDATE (QuantityUnitOfMeasure, Sales_Part_Status__c)",KIL646-35D-S,KIL646-35D-S,"46"" Landscape Wall Kiosk - 3.5"" Deep Display",True,No Purchases,EA,False,KIOSK,Use Up,KIOSK,01t6A000000at9TQAQ
"UPDATE (QuantityUnitOfMeasure, ACU_Item_Status__c, Sales_Part_Status__c)",KIL646-EUK,KIL646-EUK,"46"" Landscape Wall Kiosk",True,No Purchases,EA,False,KIOSK,Use Up,KIOSK,01t6A000000as8kQAA
"UPDATE (QuantityUnitOfMeasure, Sales_Part_Status__c)",KIL646-S,KIL646-S,"46"" Landscape Wall Kiosk",True,No Purchases,EA,False,KIOSK,Use Up,KIOSK,01t6A000000atZ2QAI
"UPDATE (QuantityUnitOfMeasure, ACU_Item_Status__c, Sales_Part_Status__c)",KIL646-S-EUK,KIL646-S-EUK,"46"" Landscape Wall Kiosk Silver",True,No Purchases,EA,False,KIOSK,Use Up,KIOSK,01t6A000000as8lQAA
"UPDATE (QuantityUnitOfMeasure, Sales_Part_Status__c)",KIL647,KIL647,"47"" Landscape Wall Kiosk",True,No Purchases,EA,False,KIOSK,Use Up,KIOSK,01t6A000000atZ3QAI
"UPDATE (QuantityUnitOfMeasure, Sales_Part_Status__c)",KIL647-35D,KIL647-35D,"47"" Landscape Wall Kiosk - 3.5"" Deep Display",True,No Purchases,EA,False,KIOSK,Use Up,KIOSK,01t6A000000at9VQAQ
"UPDATE (QuantityUnitOfMeasure, Sales_Part_Status__c)",KIL647-35D-S,KIL647-35D-S,"47"" Landscape Wall Kiosk - 3.5"" Deep Display",True,No Purchases,EA,False,KIOSK,Use Up,KIOSK,01t6A000000at9UQAQ
"UPDATE (QuantityUnitOfMeasure, ACU_Item_Status__c, Sales_Part_Status__c)",KIL647-EUK,KIL647-EUK,"47"" Landscape Wall Kiosk",True,No Purchases,EA,False,KIOSK,Use Up,KIOSK,01t6A000000ascLQAQ
"UPDATE (QuantityUnitOfMeasure, Sales_Part_Status__c)",KIL647-S,KIL647-S,"47"" Landscape Wall Kiosk",True,No Purchases,EA,False,KIOSK,Use Up,KIOSK,01t6A000000atZ4QAI
"UPDATE (QuantityUnitOfMeasure, ACU_Item_Status__c, Sales_Part_Status__c)",KIL647-S-EUK,KIL647-S-EUK,"47"" Landscape Wall Kiosk",True,No Purchases,EA,False,KIOSK,Use Up,KIOSK,01t6A000000asnDQAQ
"UPDATE (QuantityUnitOfMeasure, Sales_Part_Status__c, ACU_PMPLCM__c)",KIL648,KIL648,"48"" Landscape On-Wall Kiosk",False,Inactive,EA,False,KIOSK,,KIOSK,01t6A000000asd9QAA
"UPDATE (QuantityUnitOfMeasure, Sales_Part_Status__c)",KIL648-35D-S,KIL648-35D-S,"48"" Landscape Wall Kiosk - 3.5"" Deep Display",True,No Purchases,EA,False,KIOSK,Use Up,KIOSK,01t6A000000aru7QAA
"UPDATE (QuantityUnitOfMeasure, Sales_Part_Status__c)",KIL648-EUK,KIL648-EUK,"48"" Landscape On-Wall Kiosk",True,Active,EA,False,KIOSK,Active,KIOSK,01t6A000000asJNQAY
INSERT,KIL649-35D-RAL9007-DIV,KIL649-35D-RAL9007-DIV,"49"" Portrait Kiosk custom RAL9007",False,Inactive,EA,False,KIOSK,,KIOSK,
"UPDATE (IsActive, QuantityUnitOfMeasure, Sales_Part_Status__c, ACU_PMPLCM__c)",KIL649-35D-S,KIL649-35D-S,"49"" Landscape Wall Kiosk - 3.5"" Deep Display",False,Inactive,EA,False,KIOSK,,KIOSK,01t6A000000ask1QAA
"UPDATE (QuantityUnitOfMeasure, Sales_Part_Status__c)",KIL649NA,KIL649NA,"49"" Landscape On-Wall Kiosk with Non-Glare Display Covering",True,No Purchases,EA,False,KIOSK,Use Up,KIOSK,01t6A000002ZqNOQA0
"UPDATE (Description, US_Description__c, QuantityUnitOfMeasure, Sales_Part_Status__c)",KIL655,KIL655,"Black 55"" Landscape On-Wall Kiosk",True,Active,EA,False,KIOSK,Active,KIOSK,01t6A000000asdAQAQ
"UPDATE (Description, US_Description__c, QuantityUnitOfMeasure, Sales_Part_Status__c)",KIL655-35D,KIL655-35D,"Black 55"" Landscape Wall Kiosk - 3.5"" Deep Display",True,Active,EA,False,KIOSK,Active,KIOSK,01t6A000000aru9QAA
"UPDATE (QuantityUnitOfMeasure, Sales_Part_Status__c)",KIL655-35D-B-HEX,KIL655-35D-B-HEX,KIL655-35D-B with Hex Screw Locks,True,No Purchases,EA,False,KIOSK,Use Up,KIOSK,01t6A000002iNnNQAU
"UPDATE (QuantityUnitOfMeasure, Sales_Part_Status__c)",KIL655-35D-RAL9007,KIL655-35D-RAL9007,"55"" Landscape Wall Kiosk - 3.5"" Deep Display",True,No Purchases,EA,False,KIOSK,Use Up,KIOSK,01t6A000000aruNQAQ
"UPDATE (Description, US_Description__c, QuantityUnitOfMeasure, Sales_Part_Status__c)",KIL655-35D-S,KIL655-35D-S,"Silver 55"" Landscape Wall Kiosk - 3.5"" Deep Display",True,Active,EA,False,KIOSK,Active,KIOSK,01t6A000000aru8QAA
"UPDATE (Description, US_Description__c, QuantityUnitOfMeasure, Sales_Part_Status__c)",KIL655-RAL9007-DIV,KIL655-RAL9007-DIV,"55"" Landscape Kiosk custom RAL9007",True,No Purchases,EA,False,KIOSK,Use Up,KIOSK,01t6A000002iLubQAE
"UPDATE (Description, US_Description__c, QuantityUnitOfMeasure, Sales_Part_Status__c)",KIL655-S,KIL655-S,"Silver 55"" Landscape On-Wall Kiosk",True,Active,EA,False,KIOSK,Active,KIOSK,01t6A000000asXzQAI
"UPDATE (QuantityUnitOfMeasure, Sales_Part_Status__c)",KIL655-S-EUK,KIL655-S-EUK,"55"" Landscape On-Wall Kiosk",True,Active,EA,False,KIOSK,Active,KIOSK,01t6A000000asXyQAI
"UPDATE (IsActive, QuantityUnitOfMeasure, Sales_Part_Status__c, US_Price_Group_Name__c)",KIL655-W,KIL655-W,"55"" Landscape Kiosk in White",True,Active,EA,False,KIOSK,Active,KIOSK,01t2K000006XED4QAO
"UPDATE (QuantityUnitOfMeasure, Sales_Part_Status__c, ACU_PMPLCM__c)",KIL740,KIL740,"40"" Landscape In-Wall Kiosk",False,Inactive,EA,False,KIOSK,,KIOSK,01t6A000000atW1QAI
"UPDATE (QuantityUnitOfMeasure, ACU_Item_Status__c, Sales_Part_Status__c, ACU_PMPLCM__c, Category__c)",KILH542-W,KILH542-W,"42"" Landscape Kiosk",True,Active,EA,False,ET DD,Active,KIOSK,01t2K000006KEbIQAW
"UPDATE (Description, US_Description__c, QuantityUnitOfMeasure, Sales_Part_Status__c)",KILH543,KILH543,"Black 43"" Landscape Kiosk",True,Active,EA,False,KIOSK,Active,KIOSK,01t6A000000asngQAA
"UPDATE (IsActive, QuantityUnitOfMeasure, Sales_Part_Status__c)",KILH543-RAL8028,KILH543-RAL8028,KILH543 in RAL8028,True,Active,EA,False,KIOSK,Active,KIOSK,01t2K000006XFNAQA4
"UPDATE (Description, US_Description__c, QuantityUnitOfMeasure, Sales_Part_Status__c)",KILH543-S,KILH543-S,"Silver 43"" Landscape Kiosk",True,Active,EA,False,KIOSK,Active,KIOSK,01t6A000000asnhQAA
"UPDATE (QuantityUnitOfMeasure, Sales_Part_Status__c, ACU_PMPLCM__c)",KILH546-W,KILH546-W,"46"" Landscape Kiosk",False,Inactive,EA,False,KIOSK,,KIOSK,01t6A000002ZqNTQA0
"UPDATE (QuantityUnitOfMeasure, Sales_Part_Status__c)",KILH547,KILH547,"47"" Landscape Kiosk",True,No Purchases,EA,False,KIOSK,Use Up,KIOSK,01t6A000000atOpQAI
"UPDATE (QuantityUnitOfMeasure, Sales_Part_Status__c)",KILH547-S,KILH547-S,"47"" Landscape Kiosk",True,No Purchases,EA,False,KIOSK,Use Up,KIOSK,01t6A000000asgLQAQ
INSERT,KILH550- RAL8002 SATIN SD,KILH550- RAL8002 SATIN SD,KILH550- RAL8002 SATIN SD,True,Active,EA,False,KIOSK,Active,KIOSK,
"UPDATE (Description, US_Description__c, QuantityUnitOfMeasure, Sales_Part_Status__c)",KILH555,KILH555,"Black 55"" Landscape Kiosk",True,Active,EA,False,KIOSK,Active,KIOSK,01t6A000000aqrkQAA
"UPDATE (Description, US_Description__c, QuantityUnitOfMeasure, Sales_Part_Status__c)",KILH555-S,KILH555-S,"Silver 55"" Landscape Kiosk",True,Active,EA,False,KIOSK,Active,KIOSK,01t6A000000ash8QAA
"UPDATE (QuantityUnitOfMeasure, ACU_Item_Status__c, Sales_Part_Status__c, ACU_PMPLCM__c, Category__c)",KILH555-W,KILH555-W,"55"" Landscape Kiosk",True,Active,EA,False,ET DD,Active,KIOSK,01t2K000006KCgpQAG
"UPDATE (US_Description__c, QuantityUnitOfMeasure, ACU_Item_Status__c, Sales_Part_Status__c, US_Price_Group_Name__c, ACU_PMPLCM__c, Category__c)",KIP410I-AW,KIP410I-AW,iPad Kiosk,True,Active,EA,False,ET DD,Active,KIOSK,01t6A000000as8pQAA
"UPDATE (QuantityUnitOfMeasure, ACU_Item_Status__c, Sales_Part_Status__c, ACU_PMPLCM__c, Category__c)",KIP410I-S,KIP410I-S,iPad Kiosk,True,Active,EA,False,ET DD,Active,KIOSK,01t6A000000atDOQAY
"UPDATE (Description, US_Description__c, QuantityUnitOfMeasure, Sales_Part_Status__c)",KIP522,KIP522,"Black 22"" Landscape/Portrait Kiosk",True,Active,EA,False,KIOSK,Active,KIOSK,01t2K00000AoZnGQAV
"UPDATE (Description, US_Description__c, QuantityUnitOfMeasure, Sales_Part_Status__c)",KIP522-S,KIP522-S,"Silver 22"" Landscape/Portrait Kiosk",True,Active,EA,False,KIOSK,Active,KIOSK,01t2K000006SuH8QAK
"UPDATE (QuantityUnitOfMeasure, ACU_Item_Status__c, Sales_Part_Status__c, ACU_PMPLCM__c, Category__c)",KIP540,KIP540,"40"" Portrait Kiosk",True,Active,EA,False,ET DD,Active,KIOSK,01t6A000000arxeQAA
"UPDATE (QuantityUnitOfMeasure, ACU_Item_Status__c, Sales_Part_Status__c, ACU_PMPLCM__c, Category__c)",KIP540B-3,KIP540B-3,"40"" Portrait Back-to-Back Kiosk for 3in Deep Displays",True,Active,EA,False,ET DD,Active,KIOSK,01t6A000000aqiEQAQ
"UPDATE (Description, US_Description__c, QuantityUnitOfMeasure, ACU_Item_Status__c, Sales_Part_Status__c, ACU_PMPLCM__c, Category__c)",KIP540B-3-EUK,KIP540B-3-EUK,"40"" Portrait Back To Back Kiosk For 3in Deep Displays",True,Active,EA,False,ET DD,Active,KIOSK,01t6A000000arWGQAY
INSERT,KIP540B-3-RAL7035-EUK,KIP540B-3-RAL7035-EUK,"40"" Floor kiosk portrait back-to-back RAL7035 Colour",True,Active,EA,False,ET DD,Active,KIOSK,
"UPDATE (Description, US_Description__c, QuantityUnitOfMeasure, ACU_Item_Status__c, Sales_Part_Status__c, ACU_PMPLCM__c, Category__c)",KIP540B-EUK,KIP540B-EUK,"40"" Portrait Back to Back Kiosk",True,Active,EA,False,ET DD,Active,KIOSK,01t6A000000asH4QAI
"UPDATE (QuantityUnitOfMeasure, ACU_Item_Status__c, Sales_Part_Status__c, ACU_PMPLCM__c, Category__c)",KIP540B-S,KIP540B-S,"40"" Portrait Back-to-Back Kiosk",True,Active,EA,False,ET DD,Active,KIOSK,01t6A000000asnNQAQ
"UPDATE (QuantityUnitOfMeasure, ACU_Item_Status__c, Sales_Part_Status__c, ACU_PMPLCM__c, Category__c)",KIP540B-S-3,KIP540B-S-3,"40"" Portrait Back-to-Back Kiosk for 3in Deep Displays",True,No Purchases,EA,False,ET DD,Use Up,KIOSK,01t6A000000asGmQAI
"UPDATE (Description, US_Description__c, QuantityUnitOfMeasure, ACU_Item_Status__c, Sales_Part_Status__c, ACU_PMPLCM__c, Category__c)",KIP540B-S-3-EUK,KIP540B-S-3-EUK,"40"" Portrait Back To Back Kiosk For 3in Deep Displays",True,Active,EA,False,ET DD,Active,KIOSK,01t6A000000arWHQAY
"UPDATE (US_Description__c, QuantityUnitOfMeasure, ACU_Item_Status__c, Sales_Part_Status__c, US_Price_Group_Name__c, ACU_PMPLCM__c, Category__c)",KIP540B-S-EUK,KIP540B-S-EUK,"40"" Portrait Back to Back Kiosk",True,Active,EA,False,ET DD,Active,KIOSK,01t6A000000as8aQAA
"UPDATE (US_Description__c, QuantityUnitOfMeasure, ACU_Item_Status__c, Sales_Part_Status__c, US_Price_Group_Name__c, ACU_PMPLCM__c, Category__c)",KIP540-EUK,KIP540-EUK,"40"" Portrait Kiosk",True,Active,EA,False,ET DD,Active,KIOSK,01t6A000000asXjQAI
"UPDATE (QuantityUnitOfMeasure, ACU_Item_Status__c, Sales_Part_Status__c, ACU_PMPLCM__c, Category__c)",KIP540-RB,KIP540-RB,"40"" Portrait Kiosk - Raven Black",True,No Purchases,EA,False,ET DD,Use Up,KIOSK,01t6A000000atDuQAI
"UPDATE (QuantityUnitOfMeasure, ACU_Item_Status__c, Sales_Part_Status__c, ACU_PMPLCM__c, Category__c)",KIP540-S,KIP540-S,"40"" Portrait Kiosk",True,Active,EA,False,ET DD,Active,KIOSK,01t6A000000arxfQAA
"UPDATE (Description, US_Description__c, QuantityUnitOfMeasure, ACU_Item_Status__c, Sales_Part_Status__c, US_Price_Group_Name__c, ACU_PMPLCM__c, Category__c)",KIP540-S-EUK,KIP540-S-EUK,"40"" Portrait Kiosk",True,Active,EA,False,ET DD,Active,KIOSK,01t6A000000at4dQAA
"UPDATE (QuantityUnitOfMeasure, ACU_Item_Status__c, Sales_Part_Status__c, ACU_PMPLCM__c, Category__c)",KIP542,KIP542,"42"" Portrait Kiosk",True,Active,EA,False,ET DD,Active,KIOSK,01t6A000000arxgQAA
"UPDATE (QuantityUnitOfMeasure, ACU_Item_Status__c, Sales_Part_Status__c, ACU_PMPLCM__c, Category__c)",KIP542B,KIP542B,"42"" Portrait Back-to-Back Kiosk",True,Active,EA,False,ET DD,Active,KIOSK,01t6A000000asnOQAQ
"UPDATE (QuantityUnitOfMeasure, ACU_Item_Status__c, Sales_Part_Status__c, ACU_PMPLCM__c, Category__c)",KIP542B-3,KIP542B-3,"42"" Portrait Back-to-Back Kiosk for 3in Deep Displays",True,Active,EA,False,ET DD,Active,KIOSK,01t6A000000aqiFQAQ
"UPDATE (QuantityUnitOfMeasure, ACU_Item_Status__c, Sales_Part_Status__c, ACU_PMPLCM__c, Category__c)",KIP542B-3-EUK,KIP542B-3-EUK,"42"" Portrait Back To Back Kiosk For 3in Deep Displays",True,Active,EA,False,ET DD,Active,KIOSK,01t6A000000arZgQAI
"UPDATE (QuantityUnitOfMeasure, ACU_Item_Status__c, Sales_Part_Status__c, ACU_PMPLCM__c, Category__c)",KIP542B-EUK,KIP542B-EUK,"42"" Portrait Back to Back Kiosk",True,Active,EA,False,ET DD,Active,KIOSK,01t6A000000asH5QAI
"UPDATE (QuantityUnitOfMeasure, ACU_Item_Status__c, Sales_Part_Status__c, ACU_PMPLCM__c, Category__c)",KIP542B-S,KIP542B-S,"42"" Portrait Back-to-Back Kiosk",True,Active,EA,False,ET DD,Active,KIOSK,01t6A000000asnPQAQ
"UPDATE (QuantityUnitOfMeasure, ACU_Item_Status__c, Sales_Part_Status__c, ACU_PMPLCM__c, Category__c)",KIP542B-S-3,KIP542B-S-3,"42"" Portrait Back-to-Back Kiosk for 3in Deep Displays",True,Active,EA,False,ET DD,Active,KIOSK,01t6A000000asGnQAI
"UPDATE (Description, US_Description__c, QuantityUnitOfMeasure, ACU_Item_Status__c, Sales_Part_Status__c, ACU_PMPLCM__c, Category__c)",KIP542B-S-3-EUK,KIP542B-S-3-EUK,"42"" Portrait Back To Back Kiosk For 3in Deep Displays",True,Active,EA,False,ET DD,Active,KIOSK,01t6A000000arZhQAI
"UPDATE (US_Description__c, QuantityUnitOfMeasure, ACU_Item_Status__c, Sales_Part_Status__c, US_Price_Group_Name__c, ACU_PMPLCM__c, Category__c)",KIP542B-S-EUK,KIP542B-S-EUK,"42"" Portrait Back to Back Kiosk",True,Active,EA,False,ET DD,Active,KIOSK,01t6A000000as8bQAA
"UPDATE (US_Description__c, QuantityUnitOfMeasure, ACU_Item_Status__c, Sales_Part_Status__c, US_Price_Group_Name__c, ACU_PMPLCM__c, Category__c)",KIP542-EUK,KIP542-EUK,"42"" Portrait Kiosk",True,Active,EA,False,ET DD,Active,KIOSK,01t6A000000asXkQAI
"UPDATE (Description, US_Description__c, QuantityUnitOfMeasure, ACU_Item_Status__c, Sales_Part_Status__c, ACU_PMPLCM__c, Category__c)",KIP542-GOLD,KIP542-GOLD,"42"" Portrait Kiosk in Gold",True,Active,EA,False,ET DD,Active,KIOSK,01t6A000000arVPQAY
"UPDATE (Description, US_Description__c, QuantityUnitOfMeasure, ACU_Item_Status__c, Sales_Part_Status__c, ACU_PMPLCM__c, Category__c)",KIP542-PB,KIP542-PB,"42"" Portrait Kiosk - Pebble Grey",True,Active,EA,False,ET DD,Active,KIOSK,01t6A000000asbSQAQ
"UPDATE (QuantityUnitOfMeasure, ACU_Item_Status__c, Sales_Part_Status__c, ACU_PMPLCM__c, Category__c)",KIP542-RP,KIP542-RP,"42"" Portrait Kiosk",True,Active,EA,False,ET DD,Active,KIOSK,01t6A000000arc8QAA
"UPDATE (QuantityUnitOfMeasure, ACU_Item_Status__c, Sales_Part_Status__c, ACU_PMPLCM__c, Category__c)",KIP542-S,KIP542-S,"42"" Portrait Kiosk",True,Active,EA,False,ET DD,Active,KIOSK,01t6A000000asm0QAA
"UPDATE (Description, US_Description__c, QuantityUnitOfMeasure, ACU_Item_Status__c, Sales_Part_Status__c, US_Price_Group_Name__c, ACU_PMPLCM__c, Category__c)",KIP542-S-EUK,KIP542-S-EUK,"42"" Portrait Kiosk",True,Active,EA,False,ET DD,Active,KIOSK,01t6A000000arjQQAQ
"UPDATE (QuantityUnitOfMeasure, ACU_Item_Status__c, Sales_Part_Status__c, ACU_PMPLCM__c, Category__c)",KIP546,KIP546,"46"" Portrait Kiosk",True,Active,EA,False,ET DD,Active,KIOSK,01t6A000000asm1QAA
"UPDATE (QuantityUnitOfMeasure, ACU_Item_Status__c, Sales_Part_Status__c, ACU_PMPLCM__c, Category__c)",KIP546B-3,KIP546B-3,"46"" Portrait Back-to-Back Kiosk for 3in Deep Displays",True,Active,EA,False,ET DD,Active,KIOSK,01t6A000000atWTQAY
"UPDATE (QuantityUnitOfMeasure, ACU_Item_Status__c, Sales_Part_Status__c, ACU_PMPLCM__c, Category__c)",KIP546B-3-EUK,KIP546B-3-EUK,"46"" Portrait Back To Back Kiosk For 3in Deep Displays",True,Active,EA,False,ET DD,Active,KIOSK,01t6A000000arZiQAI
"UPDATE (QuantityUnitOfMeasure, ACU_Item_Status__c, Sales_Part_Status__c, ACU_PMPLCM__c, Category__c)",KIP546B-EUK,KIP546B-EUK,"46"" Portrait Back to Back Kiosk",True,Active,EA,False,ET DD,Active,KIOSK,01t6A000000ar97QAA
"UPDATE (QuantityUnitOfMeasure, ACU_Item_Status__c, Sales_Part_Status__c, ACU_PMPLCM__c, Category__c)",KIP546B-S,KIP546B-S,"46"" Portrait Back-to-Back Kiosk",True,Active,EA,False,ET DD,Active,KIOSK,01t6A000000asnRQAQ
"UPDATE (QuantityUnitOfMeasure, ACU_Item_Status__c, Sales_Part_Status__c, ACU_PMPLCM__c, Category__c)",KIP546B-S-3,KIP546B-S-3,"46"" Portrait Back-to-Back Kiosk for 3in Deep Displays",True,Active,EA,False,ET DD,Active,KIOSK,01t6A000000asGoQAI
"UPDATE (Description, US_Description__c, QuantityUnitOfMeasure, ACU_Item_Status__c, Sales_Part_Status__c, ACU_PMPLCM__c, Category__c)",KIP546B-S-3-EUK,KIP546B-S-3-EUK,"46"" Portrait Back To Back Kiosk For 3in Deep Displays",True,Active,EA,False,ET DD,Active,KIOSK,01t6A000000arZjQAI
"UPDATE (QuantityUnitOfMeasure, ACU_Item_Status__c, Sales_Part_Status__c, ACU_PMPLCM__c, Category__c)",KIP546B-S-EUK,KIP546B-S-EUK,"46"" Portrait Back to Back Kiosk",True,Active,EA,False,ET DD,Active,KIOSK,01t6A000000arJAQAY
"UPDATE (QuantityUnitOfMeasure, ACU_Item_Status__c, Sales_Part_Status__c, ACU_PMPLCM__c, Category__c)",KIP546-EUK,KIP546-EUK,"46"" Portrait Kiosk",True,Active,EA,False,ET DD,Active,KIOSK,01t6A000000arYrQAI
"UPDATE (QuantityUnitOfMeasure, ACU_Item_Status__c, Sales_Part_Status__c, ACU_PMPLCM__c, Category__c)",KIP546-RED,KIP546-RED,"46"" Portrait Kiosk, Red",True,No Purchases,EA,False,ET DD,Use Up,KIOSK,01t6A000000as04QAA
"UPDATE (QuantityUnitOfMeasure, ACU_Item_Status__c, Sales_Part_Status__c, ACU_PMPLCM__c, Category__c)",KIP546-S,KIP546-S,"46"" Portrait Kiosk",True,Active,EA,False,ET DD,Active,KIOSK,01t6A000000asm2QAA
"UPDATE (Description, US_Description__c, QuantityUnitOfMeasure, ACU_Item_Status__c, Sales_Part_Status__c, US_Price_Group_Name__c, ACU_PMPLCM__c, Category__c)",KIP546-S-EUK,KIP546-S-EUK,"46"" Portrait Kiosk",True,Active,EA,False,ET DD,Active,KIOSK,01t6A000000asGvQAI
"UPDATE (Description, US_Description__c, QuantityUnitOfMeasure, ACU_Item_Status__c, Sales_Part_Status__c, ACU_PMPLCM__c, Category__c)",KIP546-TW,KIP546-TW,KIP546-TEXTURED WHITE,True,Active,EA,False,ET DD,Active,KIOSK,01t6A000000argSQAQ
"UPDATE (Description, US_Description__c, QuantityUnitOfMeasure, ACU_Item_Status__c, Sales_Part_Status__c, ACU_PMPLCM__c, Category__c)",KIP546-TXTBLK,KIP546-TXTBLK,KIP546-TEXTURED BLACK,True,Active,EA,False,ET DD,Active,KIOSK,01t6A000000atBfQAI
"UPDATE (QuantityUnitOfMeasure, ACU_Item_Status__c, Sales_Part_Status__c, ACU_PMPLCM__c, Category__c)",KIP547,KIP547,"47"" Portrait Kiosk",True,Active,EA,False,ET DD,Active,KIOSK,01t6A000000asm3QAA
"UPDATE (QuantityUnitOfMeasure, ACU_Item_Status__c, Sales_Part_Status__c, ACU_PMPLCM__c, Category__c)",KIP547B,KIP547B,"47"" Portrait Back-to-Back Kiosk",True,Active,EA,False,ET DD,Active,KIOSK,01t6A000000asnSQAQ
"UPDATE (QuantityUnitOfMeasure, ACU_Item_Status__c, Sales_Part_Status__c, ACU_PMPLCM__c, Category__c)",KIP547B-3,KIP547B-3,"47"" Portrait Back-to-Back Kiosk for 3in Deep Displays",True,Active,EA,False,ET DD,Active,KIOSK,01t6A000000asGlQAI
"UPDATE (QuantityUnitOfMeasure, ACU_Item_Status__c, Sales_Part_Status__c, ACU_PMPLCM__c, Category__c)",KIP547B-3-EUK,KIP547B-3-EUK,"47"" Portrait Back To Back Kiosk For 3in Deep Displays",True,Active,EA,False,ET DD,Active,KIOSK,01t6A000000arZkQAI
"UPDATE (US_Description__c, QuantityUnitOfMeasure, ACU_Item_Status__c, Sales_Part_Status__c, US_Price_Group_Name__c, ACU_PMPLCM__c, Category__c)",KIP547B-EUK,KIP547B-EUK,"47"" Portrait Back to Back Kiosk",True,Active,EA,False,ET DD,Active,KIOSK,01t6A000000asvwQAA
"UPDATE (QuantityUnitOfMeasure, ACU_Item_Status__c, Sales_Part_Status__c, ACU_PMPLCM__c, Category__c)",KIP547B-S,KIP547B-S,"47"" Portrait Back-to-Back Kiosk",True,Active,EA,False,ET DD,Active,KIOSK,01t6A000000asnTQAQ
"UPDATE (Description, US_Description__c, QuantityUnitOfMeasure, ACU_Item_Status__c, Sales_Part_Status__c, ACU_PMPLCM__c, Category__c)",KIP547B-S-3,KIP547B-S-3,"47"" Portrait Back-to-Back Kiosk for 3in Deep Displays",True,Active,EA,False,ET DD,Active,KIOSK,01t6A000000asGpQAI
"UPDATE (Description, US_Description__c, QuantityUnitOfMeasure, ACU_Item_Status__c, Sales_Part_Status__c, ACU_PMPLCM__c, Category__c)",KIP547B-S-3-EUK,KIP547B-S-3-EUK,"47"" Portrait Back To Back Kiosk For 3in Deep Displays",True,Active,EA,False,ET DD,Active,KIOSK,01t6A000000arZlQAI
"UPDATE (US_Description__c, QuantityUnitOfMeasure, ACU_Item_Status__c, Sales_Part_Status__c, US_Price_Group_Name__c, ACU_PMPLCM__c, Category__c)",KIP547B-S-EUK,KIP547B-S-EUK,"47"" Portrait Back to Back Kiosk",True,Active,EA,False,ET DD,Active,KIOSK,01t6A000000arJBQAY
"UPDATE (US_Description__c, QuantityUnitOfMeasure, ACU_Item_Status__c, Sales_Part_Status__c, US_Price_Group_Name__c, ACU_PMPLCM__c, Category__c)",KIP547-EUK,KIP547-EUK,"47"" Portrait Kiosk",True,Active,EA,False,ET DD,Active,KIOSK,01t6A000000asGwQAI
"UPDATE (Description, US_Description__c, QuantityUnitOfMeasure, ACU_Item_Status__c, Sales_Part_Status__c, US_Price_Group_Name__c, ACU_PMPLCM__c, Category__c)",KIP547-S-EUK,KIP547-S-EUK,"47"" Portrait Kiosk",True,Active,EA,False,ET DD,Active,KIOSK,01t6A000000asGxQAI
"UPDATE (Description, US_Description__c, QuantityUnitOfMeasure, ACU_Item_Status__c, Sales_Part_Status__c, ACU_PMPLCM__c, Category__c)",KIP547-TW,KIP547-TW,"47"" Portrait Kiosk",True,Active,EA,False,ET DD,Active,KIOSK,01t6A000000arTDQAY
"UPDATE (QuantityUnitOfMeasure, ACU_Item_Status__c, Sales_Part_Status__c, ACU_PMPLCM__c, Category__c)",KIP548,KIP548,"48"" Indoor Portrait Kiosk",True,Active,EA,False,ET DD,Active,KIOSK,01t6A000000atL7QAI
"UPDATE (QuantityUnitOfMeasure, ACU_Item_Status__c, Sales_Part_Status__c, ACU_PMPLCM__c, Category__c)",KIP548B-EUK,KIP548B-EUK,"48"" Portrait Back-to-Back Kiosk",True,Active,EA,False,ET DD,Active,KIOSK,01t6A000000arJCQAY
"UPDATE (US_Description__c, QuantityUnitOfMeasure, ACU_Item_Status__c, Sales_Part_Status__c, US_Price_Group_Name__c, ACU_PMPLCM__c, Category__c)",KIP548B-S-EUK,KIP548B-S-EUK,"48"" Portrait Back-to-Back Kiosk",True,Active,EA,False,ET DD,Active,KIOSK,01t6A000000arJDQAY
"UPDATE (Description, US_Description__c, QuantityUnitOfMeasure, ACU_Item_Status__c, Sales_Part_Status__c, US_Price_Group_Name__c, ACU_PMPLCM__c, Category__c)",KIP548-EUK,KIP548-EUK,"48"" Indoor Portrait Kiosk",True,Active,EA,False,ET DD,Active,KIOSK,01t6A000000aszYQAQ
INSERT,KIP548-RAL9007-DIV,KIP548-RAL9007-DIV,48” Floor standing portrait kiosk with hex screws to lock maximum display depth 4”,True,No Purchases,EA,False,ET DD,Use Up,KIOSK,
"UPDATE (QuantityUnitOfMeasure, ACU_Item_Status__c, Sales_Part_Status__c, ACU_PMPLCM__c, Category__c)",KIP548-S,KIP548-S,"48"" Indoor Portrait Kiosk",True,Active,EA,False,ET DD,Active,KIOSK,01t6A000000atL8QAI
"UPDATE (Description, US_Description__c, QuantityUnitOfMeasure, ACU_Item_Status__c, Sales_Part_Status__c, US_Price_Group_Name__c, ACU_PMPLCM__c, Category__c)",KIP548-S-EUK,KIP548-S-EUK,"48"" Indoor Portrait Kiosk",True,Active,EA,False,ET DD,Active,KIOSK,01t6A000000as8YQAQ
"UPDATE (Description, US_Description__c, QuantityUnitOfMeasure, ACU_Item_Status__c, Sales_Part_Status__c, ACU_PMPLCM__c, Category__c)",KIP549-RAL9007-DIV,KIP549-RAL9007-DIV,"49"" Portrait Kiosk custom RAL9007",True,No Request,EA,False,ET DD,Use Up,KIOSK,01t6A000002iLuaQAE
"UPDATE (QuantityUnitOfMeasure, ACU_Item_Status__c, Sales_Part_Status__c, ACU_PMPLCM__c, Category__c)",KIP555B,KIP555B,"55"" Portrait Back-to-Back Kiosk",True,Active,EA,False,ET DD,Active,KIOSK,01t6A000000asnVQAQ
"UPDATE (QuantityUnitOfMeasure, ACU_Item_Status__c, Sales_Part_Status__c, ACU_PMPLCM__c, Category__c)",KIP555B-EUK,KIP555B-EUK,"55"" Portrait Back to Back Kiosk",True,No Purchases,EA,False,ET DD,Use Up,KIOSK,01t6A000000ar98QAA
"UPDATE (Description, US_Description__c, QuantityUnitOfMeasure, ACU_Item_Status__c, Sales_Part_Status__c, US_Price_Group_Name__c, ACU_PMPLCM__c, Category__c)",KIP555B-S-EUK,KIP555B-S-EUK,"55"" Portrait Back to Back Kiosk",True,Active,EA,False,ET DD,Active,KIOSK,01t6A000000atPUQAY
"UPDATE (QuantityUnitOfMeasure, ACU_Item_Status__c, Sales_Part_Status__c, ACU_PMPLCM__c, Category__c)",KIP555-EUK,KIP555-EUK,"55"" Portrait Kiosk",True,Active,EA,False,ET DD,Active,KIOSK,01t6A000000arYsQAI
"UPDATE (QuantityUnitOfMeasure, ACU_Item_Status__c, Sales_Part_Status__c, ACU_PMPLCM__c, Category__c)",KIP555-S-EUK,KIP555-S-EUK,"55"" Portrait Kiosk",True,Active,EA,False,ET DD,Active,KIOSK,01t6A000000arYtQAI
"UPDATE (QuantityUnitOfMeasure, ACU_Item_Status__c, Sales_Part_Status__c, US_Price_Group_Name__c, ACU_PMPLCM__c, Category__c)",KIP565-DMG-AD,KIP565-DMG-AD,Indoor Floor Standing Back-to-Back Advertising Player Kiosk for CBL,True,No Purchases,EA,False,ET DD,Use Up,KIOSK,01t6A000003QQbcQAG
"UPDATE (QuantityUnitOfMeasure, Sales_Part_Status__c, US_Price_Group_Name__c)",KIP565-DMG-DIR,KIP565-DMG-DIR,Indoor Floor Standing Back-to-Back Directory Kiosk for CBL,True,Active,EA,False,KIOSK,Active,KIOSK,01t6A000003QQbdQAG
"UPDATE (IsActive, QuantityUnitOfMeasure, Sales_Part_Status__c)",KIP586-1LG,KIP586-1LG,Single Sided Portrait-in-Portrait Kiosk,False,Inactive,EA,False,KIOSK,Use Up,KIOSK,01t6A000000arIMQAY
"UPDATE (QuantityUnitOfMeasure, ACU_Item_Status__c, Sales_Part_Status__c)",KIP586-1LG-EUK,KIP586-1LG-EUK,Single Sided Portrait-in-Portrait Kiosk,True,No Purchases,EA,False,KIOSK,Use Up,KIOSK,01t6A000000atK3QAI
"UPDATE (QuantityUnitOfMeasure, ACU_Item_Status__c, Sales_Part_Status__c)",KIP586-1LG-S-EUK,KIP586-1LG-S-EUK,Single Sided Portrait-in-Portrait Kiosk,True,No Purchases,EA,False,KIOSK,Use Up,KIOSK,01t6A000000atK4QAI
"UPDATE (QuantityUnitOfMeasure, Sales_Part_Status__c)",KIP586-2LG,KIP586-2LG,Two Sided Portrait-in-Portrait Kiosk,True,Active,EA,False,KIOSK,Use Up,KIOSK,01t6A000000arILQAY
INSERT,KIP586-2LG-BRONZE-EUK,KIP586-2LG-BRONZE-EUK,Two Sided Portrait-in-Portrait Kiosk,True,Active,EA,False,KIOSK,Active,KIOSK,
"UPDATE (QuantityUnitOfMeasure, Sales_Part_Status__c)",KIP586-2LG-EUK,KIP586-2LG-EUK,Two Sided Portrait-in-Portrait Kiosk,True,Active,EA,False,KIOSK,Active,KIOSK,01t6A000000atRkQAI
"UPDATE (QuantityUnitOfMeasure, Sales_Part_Status__c)",KIP586-2LG-S,KIP586-2LG-S,Two Sided Portrait-in-Portrait Kiosk,True,No Purchases,EA,False,KIOSK,Use Up,KIOSK,01t6A000000arIOQAY
"UPDATE (QuantityUnitOfMeasure, ACU_Item_Status__c, Sales_Part_Status__c)",KIP586-2LG-S-EUK,KIP586-2LG-S-EUK,Two Sided Portrait-in-Portrait Kiosk,True,No Purchases,EA,False,KIOSK,Use Up,KIOSK,01t6A000000atRlQAI
"UPDATE (Description, US_Description__c, QuantityUnitOfMeasure, Sales_Part_Status__c)",KIP586-2LG-W,KIP586-2LG-W,KIP586-2LG in white for Synnex,True,No Purchases,EA,False,KIOSK,Use Up,KIOSK,01t6A000002ga09QAA
"UPDATE (QuantityUnitOfMeasure, Sales_Part_Status__c)",KIP586-3LG,KIP586-3LG,Three Sided Portrait-in-Portrait Kiosk,True,Active,EA,False,KIOSK,Use Up,KIOSK,01t6A000000arIKQAY
"UPDATE (QuantityUnitOfMeasure, Sales_Part_Status__c)",KIP586-3LG-EUK,KIP586-3LG-EUK,Three Sided Portrait-in-Portrait Kiosk,True,Active,EA,False,KIOSK,Active,KIOSK,01t6A000000atRnQAI
"UPDATE (QuantityUnitOfMeasure, Sales_Part_Status__c)",KIP586-3LG-S,KIP586-3LG-S,Three Sided Portrait-in-Portrait Kiosk,True,No Purchases,EA,False,KIOSK,Use Up,KIOSK,01t6A000000arIPQAY
"UPDATE (QuantityUnitOfMeasure, ACU_Item_Status__c, Sales_Part_Status__c)",KIP586-3LG-S-EUK,KIP586-3LG-S-EUK,Three Sided Portrait-in-Portrait Kiosk,True,No Purchases,EA,False,KIOSK,Use Up,KIOSK,01t6A000000atRmQAI
"UPDATE (QuantityUnitOfMeasure, Sales_Part_Status__c)",KIP586-4LG,KIP586-4LG,Four Sided Portrait-in-Portrait Kiosk,True,Active,EA,False,KIOSK,Use Up,KIOSK,01t6A000000aqfkQAA
"UPDATE (QuantityUnitOfMeasure, Sales_Part_Status__c)",KIP586-4LG-EUK,KIP586-4LG-EUK,Four Sided Portrait-in-Portrait Kiosk,True,Active,EA,False,KIOSK,Active,KIOSK,01t6A000000atRoQAI
"UPDATE (QuantityUnitOfMeasure, Sales_Part_Status__c)",KIP586-4LG-S,KIP586-4LG-S,Four Sided Portrait-in-Portrait Kiosk,True,No Purchases,EA,False,KIOSK,Use Up,KIOSK,01t6A000000aruFQAQ
"UPDATE (QuantityUnitOfMeasure, ACU_Item_Status__c, Sales_Part_Status__c)",KIP586-4LG-S-EUK,KIP586-4LG-S-EUK,Four Sided Portrait-in-Portrait Kiosk,True,No Purchases,EA,False,KIOSK,Use Up,KIOSK,01t6A000000atRpQAI
"UPDATE (IsActive, QuantityUnitOfMeasure, Sales_Part_Status__c)",KIP588-1LG-S,KIP588-1LG-S,Single Sided Portrait-in-Portrait Kiosk,True,Active,EA,False,KIOSK,Active,KIOSK,01t2K000006S2C2QAK
"UPDATE (IsActive, QuantityUnitOfMeasure, Sales_Part_Status__c)",KIP588-1LG-S-EUK,KIP588-1LG-S-EUK,Single Sided Portrait-in-Portrait Kiosk,True,Active,EA,False,KIOSK,Active,KIOSK,01t2K000006S2HIQA0
"UPDATE (IsActive, QuantityUnitOfMeasure, Sales_Part_Status__c)",KIP588-2LG-S,KIP588-2LG-S,Two Sided Portrait-in-Portrait Kiosk,True,Active,EA,False,KIOSK,Active,KIOSK,01t2K000006S2DjQAK
"UPDATE (IsActive, QuantityUnitOfMeasure, Sales_Part_Status__c)",KIP588-2LG-S-EUK,KIP588-2LG-S-EUK,Two Sided Portrait-in-Portrait Kiosk,True,Active,EA,False,KIOSK,Active,KIOSK,01t2K000006S2FcQAK
"UPDATE (IsActive, QuantityUnitOfMeasure, Sales_Part_Status__c)",KIP588-3LG-S,KIP588-3LG-S,Three Sided Portrait-in-Portrait Kiosk,True,Active,EA,False,KIOSK,Active,KIOSK,01t2K000006S2JIQA0
"UPDATE (IsActive, QuantityUnitOfMeasure, Sales_Part_Status__c)",KIP588-3LG-S-EUK,KIP588-3LG-S-EUK,Three Sided Portrait-in-Portrait Kiosk,True,Active,EA,False,KIOSK,Active,KIOSK,01t2K000006S2KyQAK
"UPDATE (IsActive, QuantityUnitOfMeasure, Sales_Part_Status__c)",KIP588-4LG-S,KIP588-4LG-S,Four Sided Portrait-in-Portrait Kiosk,True,Active,EA,False,KIOSK,Active,KIOSK,01t2K000006S2C3QAK
"UPDATE (IsActive, QuantityUnitOfMeasure, Sales_Part_Status__c)",KIP588-4LG-S-EUK,KIP588-4LG-S-EUK,Four Sided Portrait-in-Portrait Kiosk,True,Active,EA,False,KIOSK,Active,KIOSK,01t2K000006S2HLQA0
"UPDATE (QuantityUnitOfMeasure, ACU_Item_Status__c, Sales_Part_Status__c, ACU_PMPLCM__c, Category__c)",KIP622,KIP622,"22"" Portrait Wall Kiosk",True,Active,EA,False,ET DD,Active,KIOSK,01t6A000000ba05QAA
"UPDATE (QuantityUnitOfMeasure, ACU_Item_Status__c, Sales_Part_Status__c, ACU_PMPLCM__c, Category__c)",KIP622-BRONZE,KIP622-BRONZE,"22"" Portrait Wall Kiosk",True,Active,EA,False,ET DD,Active,KIOSK,01t6A000002g9unQAA
"UPDATE (QuantityUnitOfMeasure, ACU_Item_Status__c, Sales_Part_Status__c, ACU_PMPLCM__c, Category__c)",KIP632-S-BBB01,KIP632-S-BBB01,KIP632 with Scanner Holder,True,Active,EA,False,ET DD,Active,KIOSK,01t6A000000assjQAA
"UPDATE (QuantityUnitOfMeasure, Sales_Part_Status__c)",KIP640-35D,KIP640-35D,"40"" Portrait Wall Kiosk - 3.5"" Deep Display",True,No Purchases,EA,False,KIOSK,Use Up,KIOSK,01t6A000000at9rQAA
"UPDATE (QuantityUnitOfMeasure, Sales_Part_Status__c)",KIP640-35D-S,KIP640-35D-S,"40"" Portrait Wall Kiosk - 3.5"" Deep Display",True,No Purchases,EA,False,KIOSK,Use Up,KIOSK,01t6A000000at9qQAA
"UPDATE (QuantityUnitOfMeasure, Sales_Part_Status__c)",KIP642-35D,KIP642-35D,"42"" Portrait Wall Kiosk - 3.5"" Deep Display",True,No Purchases,EA,False,KIOSK,Use Up,KIOSK,01t6A000000at9oQAA
"UPDATE (QuantityUnitOfMeasure, Sales_Part_Status__c)",KIP642-35D-S,KIP642-35D-S,"42"" Portrait Wall Kiosk - 3.5"" Deep Display",True,No Purchases,EA,False,KIOSK,Use Up,KIOSK,01t6A000000at9pQAA
"UPDATE (QuantityUnitOfMeasure, Sales_Part_Status__c)",KIP646-35D,KIP646-35D,"46"" Portrait Wall Kiosk - 3.5"" Deep Display",True,No Purchases,EA,False,KIOSK,Use Up,KIOSK,01t6A000000at9nQAA
"UPDATE (QuantityUnitOfMeasure, Sales_Part_Status__c)",KIP647-35D,KIP647-35D,"47"" Portrait Wall Kiosk - 3.5"" Deep Display",True,No Purchases,EA,False,KIOSK,Use Up,KIOSK,01t6A000000at9kQAA
"UPDATE (QuantityUnitOfMeasure, Sales_Part_Status__c)",KIP647-35D-S,KIP647-35D-S,"47"" Portrait Wall Kiosk - 3.5"" Deep Display",True,No Purchases,EA,False,KIOSK,Use Up,KIOSK,01t6A000000at9lQAA
"UPDATE (QuantityUnitOfMeasure, Sales_Part_Status__c)",KIP648-35D,KIP648-35D,"48"" Portrait Wall Kiosk - 3.5"" Deep Display",True,No Purchases,EA,False,KIOSK,Use Up,KIOSK,01t6A000000at9jQAA
"UPDATE (QuantityUnitOfMeasure, Sales_Part_Status__c)",KIP648-35D-S,KIP648-35D-S,"48"" Portrait Wall Kiosk - 3.5"" Deep Display",True,No Purchases,EA,False,KIOSK,Use Up,KIOSK,01t6A000000at9iQAA
"UPDATE (QuantityUnitOfMeasure, Sales_Part_Status__c)",KIP649-35D,KIP649-35D,"49"" Portrait Wall Kiosk - 3.5"" Deep Display",True,No Purchases,EA,False,KIOSK,Use Up,KIOSK,01t6A000000aqrhQAA
INSERT,KIP649-35D-RAL9007-DIV,KIP649-35D-RAL9007-DIV,"49"" Portrait Kiosk custom RAL9007",True,No Purchases,EA,False,KIOSK,Use Up,KIOSK,
"UPDATE (QuantityUnitOfMeasure, Sales_Part_Status__c)",KIP649-35D-S,KIP649-35D-S,"49"" Portrait Wall Kiosk - 3.5"" Deep Display",True,No Purchases,EA,False,KIOSK,Use Up,KIOSK,01t6A000000aqriQAA
"UPDATE (Description, US_Description__c, QuantityUnitOfMeasure, Sales_Part_Status__c)",KIP655,KIP655,"Black 55"" Portrait On-Wall Kiosk",True,Active,EA,False,KIOSK,Active,KIOSK,01t6A000000asdEQAQ
"UPDATE (Description, US_Description__c, QuantityUnitOfMeasure, Sales_Part_Status__c)",KIP655-35D,KIP655-35D,"Black 55"" Portrait Wall Kiosk - 3.5"" Deep Display",True,Active,EA,False,KIOSK,Active,KIOSK,01t6A000000aruAQAQ
"UPDATE (Description, US_Description__c, QuantityUnitOfMeasure, Sales_Part_Status__c)",KIP655-35D-S,KIP655-35D-S,"Silver 55"" Portrait Wall Kiosk - 3.5"" Deep Display",True,Active,EA,False,KIOSK,Active,KIOSK,01t6A000000aruBQAQ
"UPDATE (QuantityUnitOfMeasure, Sales_Part_Status__c)",KIP655-EUK,KIP655-EUK,"55"" Portrait On-Wall Kiosk",True,Active,EA,False,KIOSK,Active,KIOSK,01t6A000000asJGQAY
"UPDATE (QuantityUnitOfMeasure, Sales_Part_Status__c)",KIP655-NR,KIP655-NR,"55"" Portrait On-Wall Kiosk",True,Active,EA,False,KIOSK,Active,KIOSK,01t6A000000asshQAA
"UPDATE (QuantityUnitOfMeasure, Sales_Part_Status__c)",KIP655-RAL7016,KIP655-RAL7016,"55"" Portrait On-Wall Kiosk",True,No Purchases,EA,False,KIOSK,Use Up,KIOSK,01t6A000002hmklQAA
"UPDATE (QuantityUnitOfMeasure, Sales_Part_Status__c)",KIP655-RAL9007,KIP655-RAL9007,"55"" Portrait On-Wall Kiosk",True,Active,EA,False,KIOSK,Active,KIOSK,01t6A000000ataTQAQ
INSERT,KIP655-RAL9007-DIV,KIP655-RAL9007-DIV,55” Wall mount portrait kiosk with hex screws to lock maximum display depth 3.25”,True,No Purchases,EA,False,ET DD,Use Up,KIOSK,
"UPDATE (Description, US_Description__c, QuantityUnitOfMeasure, Sales_Part_Status__c)",KIP655-S,KIP655-S,"Silver 55"" Portrait On-Wall Kiosk",True,Active,EA,False,KIOSK,Active,KIOSK,01t6A000000asJEQAY
"UPDATE (QuantityUnitOfMeasure, Sales_Part_Status__c)",KIP655-S-EUK,KIP655-S-EUK,"55"" Portrait On-Wall Kiosk",True,Active,EA,False,KIOSK,Active,KIOSK,01t6A000000asJFQAY
"UPDATE (QuantityUnitOfMeasure, ACU_Item_Status__c, Sales_Part_Status__c, ACU_PMPLCM__c, Category__c)",KIP655-W,KIP655-W,"55"" Portrait On-Wall Kiosk",True,Active,EA,False,ET DD,Active,KIOSK,01t2K000006KEbNQAW
"UPDATE (QuantityUnitOfMeasure, Sales_Part_Status__c)",KIP748-EUK,KIP748-EUK,"48"" Portrait In-Wall Kiosk",True,Active,EA,False,KIOSK,Active,KIOSK,01t6A000000asJHQAY
"UPDATE (QuantityUnitOfMeasure, Sales_Part_Status__c)",KIP755-EUK,KIP755-EUK,"55"" Portrait In-Wall Kiosk",True,Active,EA,False,KIOSK,Active,KIOSK,01t6A000000asJKQAY
"UPDATE (QuantityUnitOfMeasure, Sales_Part_Status__c)",KIP755-S-EUK,KIP755-S-EUK,"55"" Portrait In-Wall Kiosk",True,Active,EA,False,KIOSK,Active,KIOSK,01t6A000000asJLQAY
"UPDATE (QuantityUnitOfMeasure, Sales_Part_Status__c)",KIPC2540-AW,KIPC2540-AW,"40"" Curve Totem/Portrait Kiosk",True,No Purchases,EA,False,KIOSK,Use Up,KIOSK,01t6A000002ZnKZQA0
"UPDATE (QuantityUnitOfMeasure, Sales_Part_Status__c)",KIPC2540B-3-EUK,KIPC2540B-3-EUK,"40"" Curve Totem/Portrait Back-to-Back Kiosk for 3"" Displays",True,No Request,EA,False,KIOSK,Use Up,KIOSK,01t6A000000arbhQAA
"UPDATE (Description, US_Description__c, QuantityUnitOfMeasure, ACU_Item_Status__c, Sales_Part_Status__c, US_Price_Group_Name__c, ACU_PMPLCM__c, Category__c)",KIPC2540B-AW,KIPC2540B-AW,"40"" Curve Totem/Portrait Back-to-Back Kiosk Artic White",True,Active,EA,False,ET DD,Active,KIOSK,01t2K000006NZziQAG
"UPDATE (US_Description__c, QuantityUnitOfMeasure, ACU_Item_Status__c, Sales_Part_Status__c, US_Price_Group_Name__c, ACU_PMPLCM__c, Category__c)",KIPC2540B-EUK,KIPC2540B-EUK,"40"" Curve Totem/Portrait Back-to-Back Kiosk",True,Active,EA,False,ET DD,Active,KIOSK,01t6A000000ashJQAQ
"UPDATE (QuantityUnitOfMeasure, Sales_Part_Status__c)",KIPC2540B-S,KIPC2540B-S,"40"" Curve Totem/Portrait Back-to-Back Kiosk",True,No Purchases,EA,False,KIOSK,Use Up,KIOSK,01t6A000000at2dQAA
"UPDATE (QuantityUnitOfMeasure, Sales_Part_Status__c)",KIPC2540B-S-3,KIPC2540B-S-3,"40"" Curve Totem/Portrait Back-to-Back Kiosk",True,No Purchases,EA,False,KIOSK,Use Up,KIOSK,01t6A000000assmQAA
"UPDATE (Description, US_Description__c, QuantityUnitOfMeasure, Sales_Part_Status__c)",KIPC2540B-S-3-EUK,KIPC2540B-S-3-EUK,"40"" Curved Totem/Portrait Back-Back Kiosk for 3"" deep displays",True,No Purchases,EA,False,KIOSK,Use Up,KIOSK,01t6A000000asxMQAQ
"UPDATE (US_Description__c, QuantityUnitOfMeasure, ACU_Item_Status__c, Sales_Part_Status__c, US_Price_Group_Name__c, ACU_PMPLCM__c, Category__c)",KIPC2540B-S-EUK,KIPC2540B-S-EUK,"40"" Curve Totem/Portrait Back-to-Back Kiosk",True,No Purchases,EA,False,ET DD,Use Up,KIOSK,01t6A000000atDWQAY
"UPDATE (US_Description__c, QuantityUnitOfMeasure, ACU_Item_Status__c, Sales_Part_Status__c, US_Price_Group_Name__c, ACU_PMPLCM__c, Category__c)",KIPC2540-EUK,KIPC2540-EUK,"40"" Curve Totem/Portrait Kiosk",True,Active,EA,False,ET DD,Active,KIOSK,01t6A000000arJEQAY
"UPDATE (US_Description__c, QuantityUnitOfMeasure, ACU_Item_Status__c, Sales_Part_Status__c, US_Price_Group_Name__c, ACU_PMPLCM__c, Category__c)",KIPC2540-S-EUK,KIPC2540-S-EUK,"40"" Curve Totem/Portrait Kiosk",True,Active,EA,False,ET DD,Active,KIOSK,01t6A000000asWUQAY
"UPDATE (QuantityUnitOfMeasure, Sales_Part_Status__c)",KIPC2542B-3,KIPC2542B-3,"42"" Curve Totem/Portrait Back-to-Back Kiosk",True,No Purchases,EA,False,KIOSK,Use Up,KIOSK,01t6A000000assnQAA
"UPDATE (QuantityUnitOfMeasure, ACU_Item_Status__c, Sales_Part_Status__c)",KIPC2542B-3-EUK,KIPC2542B-3-EUK,"42"" Curve Totem/Portrait Back-to-Back Kiosk for 3"" Displays",True,No Purchases,EA,False,KIOSK,Use Up,KIOSK,01t6A000000arbiQAA
"UPDATE (US_Description__c, QuantityUnitOfMeasure, ACU_Item_Status__c, Sales_Part_Status__c, US_Price_Group_Name__c, ACU_PMPLCM__c, Category__c)",KIPC2542B-EUK,KIPC2542B-EUK,"42"" Curve Totem/Portrait Back-to-Back Kiosk",True,Active,EA,False,ET DD,Active,KIOSK,01t6A000000atDKQAY
"UPDATE (QuantityUnitOfMeasure, Sales_Part_Status__c)",KIPC2542B-S-3-EUK,KIPC2542B-S-3-EUK,"42"" Curve Totem/Portrait Back-Back Kiosk for 3"" Displays - Silver",True,Active,EA,False,KIOSK,Active,KIOSK,01t6A000000aqzeQAA
"UPDATE (US_Description__c, QuantityUnitOfMeasure, ACU_Item_Status__c, Sales_Part_Status__c, US_Price_Group_Name__c, ACU_PMPLCM__c, Category__c)",KIPC2542B-S-EUK,KIPC2542B-S-EUK,"42"" Curve Totem/Portrait Back-to-Back Kiosk",True,Active,EA,False,ET DD,Active,KIOSK,01t6A000000atDXQAY
"UPDATE (US_Description__c, QuantityUnitOfMeasure, ACU_Item_Status__c, Sales_Part_Status__c, US_Price_Group_Name__c, ACU_PMPLCM__c, Category__c)",KIPC2542-EUK,KIPC2542-EUK,"42"" Curve Totem/Portrait Kiosk",True,Active,EA,False,ET DD,Active,KIOSK,01t6A000000arJFQAY
"UPDATE (US_Description__c, QuantityUnitOfMeasure, ACU_Item_Status__c, Sales_Part_Status__c, US_Price_Group_Name__c, ACU_PMPLCM__c, Category__c)",KIPC2542-S-EUK,KIPC2542-S-EUK,"42"" Curve Totem/Portrait Kiosk",True,Active,EA,False,ET DD,Active,KIOSK,01t6A000000asWVQAY
"UPDATE (QuantityUnitOfMeasure, Sales_Part_Status__c)",KIPC2543B-3-EUK,KIPC2543B-3-EUK,"43"" Curve Totem/Portrait Back-to-Back Kiosk for 3"" Displays",True,Active,EA,False,KIOSK,Active,KIOSK,01t6A000000aqzfQAA
"UPDATE (US_Description__c, QuantityUnitOfMeasure, ACU_Item_Status__c, Sales_Part_Status__c, US_Price_Group_Name__c, ACU_PMPLCM__c, Category__c)",KIPC2543B-EUK,KIPC2543B-EUK,"43"" Curve Totem/Portrait Back-to-Back Kiosk",True,Active,EA,False,ET DD,Active,KIOSK,01t6A000000atDLQAY
"UPDATE (QuantityUnitOfMeasure, Sales_Part_Status__c)",KIPC2543B-S-3-EUK,KIPC2543B-S-3-EUK,"43"" Curve Totem/Portrait Back-to-Back Kiosk for 3"" Displays - Silver",True,Active,EA,False,KIOSK,Active,KIOSK,01t6A000000asp5QAA
"UPDATE (US_Description__c, QuantityUnitOfMeasure, ACU_Item_Status__c, Sales_Part_Status__c, US_Price_Group_Name__c, ACU_PMPLCM__c, Category__c)",KIPC2543B-S-EUK,KIPC2543B-S-EUK,"43"" Curve Totem/Portrait Back-to-Back Kiosk",True,Active,EA,False,ET DD,Active,KIOSK,01t6A000000assYQAQ
"UPDATE (US_Description__c, QuantityUnitOfMeasure, ACU_Item_Status__c, Sales_Part_Status__c, US_Price_Group_Name__c, ACU_PMPLCM__c, Category__c)",KIPC2543-EUK,KIPC2543-EUK,"43"" Curve Totem/Portrait Kiosk",True,Active,EA,False,ET DD,Active,KIOSK,01t6A000000arJGQAY
"UPDATE (QuantityUnitOfMeasure, ACU_Item_Status__c, Sales_Part_Status__c, US_Price_Group_Name__c, ACU_PMPLCM__c, Category__c)",KIPC2543-PC101300,KIPC2543-PC101300,Custom KIPC2543 in gray with anti reflective cover for American Dream (Diversified),True,Active,EA,False,ET DD,Active,KIOSK,01t2K000006RrGYQA0
"UPDATE (US_Description__c, QuantityUnitOfMeasure, ACU_Item_Status__c, Sales_Part_Status__c, US_Price_Group_Name__c, ACU_PMPLCM__c, Category__c)",KIPC2543-S-EUK,KIPC2543-S-EUK,"43"" Curve Totem/Portrait Kiosk",True,Active,EA,False,ET DD,Active,KIOSK,01t6A000000asWWQAY
"UPDATE (QuantityUnitOfMeasure, Sales_Part_Status__c)",KIPC2546B-3-EUK,KIPC2546B-3-EUK,"46"" Curve Totem/Portrait Back-to-Back Kiosk",True,Active,EA,False,KIOSK,Active,KIOSK,01t6A000000asxOQAQ
"UPDATE (QuantityUnitOfMeasure, Sales_Part_Status__c)",KIPC2546B-3-S-EUK,KIPC2546B-3-S-EUK,"46"" Curve Totem/Portrait Back-to-Back Kiosk for 3"" Displays - Silver",True,Active,EA,False,KIOSK,Active,KIOSK,01t6A000000asp7QAA
"UPDATE (US_Description__c, QuantityUnitOfMeasure, ACU_Item_Status__c, Sales_Part_Status__c, US_Price_Group_Name__c, ACU_PMPLCM__c, Category__c)",KIPC2546B-EUK,KIPC2546B-EUK,"46"" Curve Totem/Portrait Back-to-Back Kiosk",True,Active,EA,False,ET DD,Active,KIOSK,01t6A000000atDMQAY
"UPDATE (QuantityUnitOfMeasure, Sales_Part_Status__c)",KIPC2546B-S-3-EUK,KIPC2546B-S-3-EUK,"43"" Curve Totem/Portrait Back-to-Back Kiosk for 3"" Displays - Silver",True,Active,EA,False,KIOSK,Active,KIOSK,01t6A000000asxJQAQ
"UPDATE (US_Description__c, QuantityUnitOfMeasure, ACU_Item_Status__c, Sales_Part_Status__c, US_Price_Group_Name__c, ACU_PMPLCM__c, Category__c)",KIPC2546B-S-EUK,KIPC2546B-S-EUK,"46"" Curve Totem/Portrait Back-to-Back Kiosk",True,Active,EA,False,ET DD,Active,KIOSK,01t6A000000assSQAQ
"UPDATE (US_Description__c, QuantityUnitOfMeasure, ACU_Item_Status__c, Sales_Part_Status__c, US_Price_Group_Name__c, ACU_PMPLCM__c, Category__c)",KIPC2546-EUK,KIPC2546-EUK,"46"" Curve Totem/Portrait Kiosk",True,Active,EA,False,ET DD,Active,KIOSK,01t6A000000arJHQAY
"UPDATE (US_Description__c, QuantityUnitOfMeasure, ACU_Item_Status__c, Sales_Part_Status__c, US_Price_Group_Name__c, ACU_PMPLCM__c, Category__c)",KIPC2546-S-EUK,KIPC2546-S-EUK,"46"" Curve Totem/Portrait Kiosk",True,Active,EA,False,ET DD,Active,KIOSK,01t6A000000asWXQAY
"UPDATE (QuantityUnitOfMeasure, Sales_Part_Status__c)",KIPC2547B-3-EUK,KIPC2547B-3-EUK,"47"" Curve Totem/Portrait Back-to-Back Kiosk for 3"" Displays",True,No Request,EA,False,KIOSK,Use Up,KIOSK,01t6A000000asp8QAA
"UPDATE (QuantityUnitOfMeasure, Sales_Part_Status__c)",KIPC2547B-3-S-EUK,KIPC2547B-3-S-EUK,"47"" Curve Totem/Portrait Back-to-Back Kiosk for 3"" Displays - Silver",True,No Request,EA,False,KIOSK,Use Up,KIOSK,01t6A000000aqvbQAA
"UPDATE (US_Description__c, QuantityUnitOfMeasure, ACU_Item_Status__c, Sales_Part_Status__c, US_Price_Group_Name__c, ACU_PMPLCM__c, Category__c)",KIPC2547B-EUK,KIPC2547B-EUK,"47"" Curve Totem/Portrait Back-to-Back Kiosk",True,No Request,EA,False,ET DD,Use Up,KIOSK,01t6A000000atDRQAY
"UPDATE (QuantityUnitOfMeasure, Sales_Part_Status__c)",KIPC2547B-S-3-EUK,KIPC2547B-S-3-EUK,"47"" Curve Totem/Portrait Back-to-Back Kiosk for 3"" Displays - Silver",True,No Request,EA,False,KIOSK,Use Up,KIOSK,01t6A000000ascjQAA
"UPDATE (US_Description__c, QuantityUnitOfMeasure, ACU_Item_Status__c, Sales_Part_Status__c, US_Price_Group_Name__c, ACU_PMPLCM__c, Category__c)",KIPC2547B-S-EUK,KIPC2547B-S-EUK,"47"" Curve Totem/Portrait Back-to-Back Kiosk",True,No Request,EA,False,ET DD,Use Up,KIOSK,01t6A000000assTQAQ
"UPDATE (US_Description__c, QuantityUnitOfMeasure, ACU_Item_Status__c, Sales_Part_Status__c, US_Price_Group_Name__c, ACU_PMPLCM__c, Category__c)",KIPC2547-EUK,KIPC2547-EUK,"47"" Curve Totem/Portrait Kiosk",True,Active,EA,False,ET DD,Active,KIOSK,01t6A000000asrTQAQ
"UPDATE (US_Description__c, QuantityUnitOfMeasure, ACU_Item_Status__c, Sales_Part_Status__c, US_Price_Group_Name__c, ACU_PMPLCM__c, Category__c)",KIPC2547-S-EUK,KIPC2547-S-EUK,"47"" Curve Totem/Portrait Kiosk",True,Active,EA,False,ET DD,Active,KIOSK,01t6A000000asWYQAY
"UPDATE (QuantityUnitOfMeasure, Sales_Part_Status__c)",KIPC2548B-3-EUK,KIPC2548B-3-EUK,"48"" Curve Totem/Portrait Back-to-Back Kiosk for 3"" Displays",True,No Request,EA,False,KIOSK,Use Up,KIOSK,01t6A000000aqvcQAA
"UPDATE (QuantityUnitOfMeasure, Sales_Part_Status__c)",KIPC2548B-3-S-EUK,KIPC2548B-3-S-EUK,"48"" Curve Totem/Portrait Back-Back Kiosk for 3"" Displays - Silver",True,No Request,EA,False,KIOSK,Use Up,KIOSK,01t6A000000asgRQAQ
"UPDATE (US_Description__c, QuantityUnitOfMeasure, ACU_Item_Status__c, Sales_Part_Status__c, US_Price_Group_Name__c, ACU_PMPLCM__c, Category__c)",KIPC2548B-EUK,KIPC2548B-EUK,"48"" Curve Totem/Portrait Back-to-Back Kiosk",True,No Request,EA,False,ET DD,Use Up,KIOSK,01t6A000000atDSQAY
"UPDATE (QuantityUnitOfMeasure, ACU_Item_Status__c, Sales_Part_Status__c, ACU_PMPLCM__c, Category__c)",KIPC2548B-ORB,KIPC2548B-ORB,"48"" Curve Totem/Portrait Back-to-Back Kiosk",True,Active,EA,False,ET DD,Active,KIOSK,01t2K000006KE1sQAG
"UPDATE (QuantityUnitOfMeasure, Sales_Part_Status__c)",KIPC2548B-S-3-EUK,KIPC2548B-S-3-EUK,"48"" Curve Totem/Portrait Back-to-Back Kiosk for 3"" Displays - Silver",True,No Request,EA,False,KIOSK,Use Up,KIOSK,01t6A000000ashdQAA
"UPDATE (US_Description__c, QuantityUnitOfMeasure, ACU_Item_Status__c, Sales_Part_Status__c, US_Price_Group_Name__c, ACU_PMPLCM__c, Category__c)",KIPC2548B-S-EUK,KIPC2548B-S-EUK,"48"" Curve Totem/Portrait Back-to-Back Kiosk",True,No Request,EA,False,ET DD,Use Up,KIOSK,01t6A000000assUQAQ
"UPDATE (US_Description__c, QuantityUnitOfMeasure, ACU_Item_Status__c, Sales_Part_Status__c, US_Price_Group_Name__c, ACU_PMPLCM__c, Category__c)",KIPC2548-EUK,KIPC2548-EUK,"48"" Curve Totem/Portrait Kiosk",True,Active,EA,False,ET DD,Active,KIOSK,01t6A000000asPFQAY
"UPDATE (US_Description__c, QuantityUnitOfMeasure, ACU_Item_Status__c, Sales_Part_Status__c, US_Price_Group_Name__c, ACU_PMPLCM__c, Category__c)",KIPC2548-S-EUK,KIPC2548-S-EUK,"48"" Curve Totem/Portrait Kiosk",True,Active,EA,False,ET DD,Active,KIOSK,01t6A000000asWZQAY
"UPDATE (QuantityUnitOfMeasure, Sales_Part_Status__c)",KIPC2549B-3-EUK,KIPC2549B-3-EUK,"49"" Curve Totem/Portrait Back-to-Back Kiosk for 3"" Displays",True,No Request,EA,False,KIOSK,Use Up,KIOSK,01t6A000000aqzgQAA
"UPDATE (QuantityUnitOfMeasure, Sales_Part_Status__c)",KIPC2549B-3-S-EUK,KIPC2549B-3-S-EUK,"49"" Curve Totem/Portrait Back-Back Kiosk for 3"" Displays - Silver",True,No Request,EA,False,KIOSK,Use Up,KIOSK,01t6A000000areBQAQ
"UPDATE (US_Description__c, QuantityUnitOfMeasure, ACU_Item_Status__c, Sales_Part_Status__c, US_Price_Group_Name__c, ACU_PMPLCM__c, Category__c)",KIPC2549B-EUK,KIPC2549B-EUK,"49"" Curve Totem/Portrait Back-to-Back Kiosk",True,No Request,EA,False,ET DD,Use Up,KIOSK,01t6A000000atDTQAY
"UPDATE (QuantityUnitOfMeasure, ACU_Item_Status__c, Sales_Part_Status__c, US_Price_Group_Name__c, ACU_PMPLCM__c, Category__c)",KIPC2549B-ORB,KIPC2549B-ORB,"49"" Curve Totem/Portrait Back-to-Back Kiosk",True,Active,EA,False,ET DD,Active,KIOSK,01t2K000006KE1tQAG
"UPDATE (QuantityUnitOfMeasure, Sales_Part_Status__c)",KIPC2549B-S-3-EUK,KIPC2549B-S-3-EUK,"49"" Curve Totem/Portrait Back-to-Back Kiosk for 3"" Displays - Silver",True,No Request,EA,False,KIOSK,Use Up,KIOSK,01t6A000000asclQAA
"UPDATE (US_Description__c, QuantityUnitOfMeasure, ACU_Item_Status__c, Sales_Part_Status__c, US_Price_Group_Name__c, ACU_PMPLCM__c, Category__c)",KIPC2549B-S-EUK,KIPC2549B-S-EUK,"49"" Curve Totem/Portrait Back-to-Back Kiosk",True,No Request,EA,False,ET DD,Use Up,KIOSK,01t6A000000assVQAQ
"UPDATE (US_Description__c, QuantityUnitOfMeasure, ACU_Item_Status__c, Sales_Part_Status__c, US_Price_Group_Name__c, ACU_PMPLCM__c, Category__c)",KIPC2549-EUK,KIPC2549-EUK,"49"" Curve Totem/Portrait Kiosk",True,Active,EA,False,ET DD,Active,KIOSK,01t6A000000asPGQAY
"UPDATE (US_Description__c, QuantityUnitOfMeasure, ACU_Item_Status__c, Sales_Part_Status__c, US_Price_Group_Name__c, ACU_PMPLCM__c, Category__c)",KIPC2549-S-EUK,KIPC2549-S-EUK,"49"" Curve Totem/Portrait Kiosk",True,Active,EA,False,ET DD,Active,KIOSK,01t6A000000asWaQAI
"UPDATE (QuantityUnitOfMeasure, Sales_Part_Status__c, ACU_PMPLCM__c)",KIPC2550B-3,KIPC2550B-3,"50"" Curve Totem/Portrait Back-to-Back Kiosk",False,Inactive,EA,False,KIOSK,,KIOSK,01t6A000000ar6YQAQ
"UPDATE (QuantityUnitOfMeasure, Sales_Part_Status__c)",KIPC2550B-3-EUK,KIPC2550B-3-EUK,"50"" Curve Totem/Portrait Back-to-Back Kiosk for 3"" Displays",True,No Request,EA,False,KIOSK,Use Up,KIOSK,01t6A000000asgSQAQ
"UPDATE (QuantityUnitOfMeasure, Sales_Part_Status__c)",KIPC2550B-3-S-EUK,KIPC2550B-3-S-EUK,"50"" Curve Totem/Portrait Back-to-Back Kiosk for 3"" Displays - Silver",True,No Request,EA,False,KIOSK,Use Up,KIOSK,01t6A000000aqvdQAA
"UPDATE (US_Description__c, QuantityUnitOfMeasure, ACU_Item_Status__c, Sales_Part_Status__c, US_Price_Group_Name__c, ACU_PMPLCM__c, Category__c)",KIPC2550B-EUK,KIPC2550B-EUK,"50"" Curve Totem/Portrait Back-to-Back Kiosk",True,No Request,EA,False,ET DD,Use Up,KIOSK,01t6A000000atDUQAY
"UPDATE (QuantityUnitOfMeasure, Sales_Part_Status__c)",KIPC2550B-S-3-EUK,KIPC2550B-S-3-EUK,"50"" Curve Totem/Portrait Back-to-Back Kiosk for 3"" Displays - Silver",True,No Request,EA,False,KIOSK,Use Up,KIOSK,01t6A000000asheQAA
"UPDATE (US_Description__c, QuantityUnitOfMeasure, ACU_Item_Status__c, Sales_Part_Status__c, US_Price_Group_Name__c, ACU_PMPLCM__c, Category__c)",KIPC2550B-S-EUK,KIPC2550B-S-EUK,"50"" Curve Totem/Portrait Back-to-Back Kiosk",True,No Request,EA,False,ET DD,Use Up,KIOSK,01t6A000000assWQAQ
"UPDATE (US_Description__c, QuantityUnitOfMeasure, ACU_Item_Status__c, Sales_Part_Status__c, US_Price_Group_Name__c, ACU_PMPLCM__c, Category__c)",KIPC2550-EUK,KIPC2550-EUK,"50"" Curve Totem/Portrait Kiosk",True,Active,EA,False,ET DD,Active,KIOSK,01t6A000000asPHQAY
"UPDATE (US_Description__c, QuantityUnitOfMeasure, ACU_Item_Status__c, Sales_Part_Status__c, US_Price_Group_Name__c, ACU_PMPLCM__c, Category__c)",KIPC2550-S-EUK,KIPC2550-S-EUK,"50"" Curve Totem/Portrait Kiosk",True,Active,EA,False,ET DD,Active,KIOSK,01t6A000000asWbQAI
"UPDATE (Description, US_Description__c, QuantityUnitOfMeasure, Sales_Part_Status__c)",KIPC2555,KIPC2555,"Black 55"" Curve Totem/Portrait Kiosk",True,Active,EA,False,KIOSK,Active,KIOSK,01t6A000000atRuQAI
"UPDATE (Description, US_Description__c, QuantityUnitOfMeasure, Sales_Part_Status__c)",KIPC2555B,KIPC2555B,"Black 55"" Curve Totem/Portrait Back-to-Back Kiosk",True,Active,EA,False,KIOSK,Active,KIOSK,01t6A000000asgZQAQ
"UPDATE (Description, US_Description__c, QuantityUnitOfMeasure, Sales_Part_Status__c)",KIPC2555B-3,KIPC2555B-3,"Black 55"" Curve Totem/Portrait Back-to-Back Kiosk-Deep Display",True,Active,EA,False,KIOSK,Active,KIOSK,01t6A000000aqrDQAQ
"UPDATE (QuantityUnitOfMeasure, Sales_Part_Status__c)",KIPC2555B-3-EUK,KIPC2555B-3-EUK,"55"" Curve Totem/Portrait Back-to-Back Kiosk for 3"" Displays",True,Active,EA,False,KIOSK,Active,KIOSK,01t6A000000asgTQAQ
"UPDATE (Description, US_Description__c, QuantityUnitOfMeasure, ACU_Item_Status__c, Sales_Part_Status__c, ACU_PMPLCM__c, Category__c)",KIPC2555B-3-RAL5023,KIPC2555B-3-RAL5023,KIPC2555B-3 in RAL5023,True,Active,EA,False,ET DD,Active,KIOSK,01t2K000006NXo3QAG
"UPDATE (QuantityUnitOfMeasure, Sales_Part_Status__c)",KIPC2555B-3-S-EUK,KIPC2555B-3-S-EUK,"55"" Curve Totem/Portrait Back-to-Back Kiosk for 3"" Displays - Silver",True,Active,EA,False,KIOSK,Active,KIOSK,01t6A000000asp9QAA
"UPDATE (US_Description__c, QuantityUnitOfMeasure, ACU_Item_Status__c, Sales_Part_Status__c, US_Price_Group_Name__c, ACU_PMPLCM__c, Category__c)",KIPC2555B-EUK,KIPC2555B-EUK,"55"" Curve Totem/Portrait Back-to-Back Kiosk",True,Active,EA,False,ET DD,Active,KIOSK,01t6A000000atDVQAY
"UPDATE (Description, US_Description__c, QuantityUnitOfMeasure, Sales_Part_Status__c)",KIPC2555B-S,KIPC2555B-S,"Silver 55"" Curve Totem/Portrait Back-to-Back Kiosk",True,Active,EA,False,KIOSK,Active,KIOSK,01t6A000000asgaQAA
"UPDATE (QuantityUnitOfMeasure, Sales_Part_Status__c)",KIPC2555-BS,KIPC2555-BS,"55"" Curve Totem/Portrait Kiosk",True,Active,EA,False,KIOSK,Active,KIOSK,01t6A000000bn18QAA
"UPDATE (Description, US_Description__c, QuantityUnitOfMeasure, Sales_Part_Status__c)",KIPC2555B-S-3,KIPC2555B-S-3,"Silver 55"" Curve Totem/Portrait Back-to-Back Kiosk -Deep Display",True,Active,EA,False,KIOSK,Active,KIOSK,01t6A000000aqrEQAQ
"UPDATE (QuantityUnitOfMeasure, Sales_Part_Status__c)",KIPC2555B-S-3-EUK,KIPC2555B-S-3-EUK,"55"" Curve Totem/Portrait Back-to-Back Kiosk for 3"" Displays - Silver",True,Active,EA,False,KIOSK,Active,KIOSK,01t6A000000arFOQAY
"UPDATE (US_Description__c, QuantityUnitOfMeasure, ACU_Item_Status__c, Sales_Part_Status__c, US_Price_Group_Name__c, ACU_PMPLCM__c, Category__c)",KIPC2555B-S-EUK,KIPC2555B-S-EUK,"55"" Curve Totem/Portrait Back-to-Back Kiosk",True,Active,EA,False,ET DD,Active,KIOSK,01t6A000000assXQAQ
"UPDATE (QuantityUnitOfMeasure, Sales_Part_Status__c)",KIPC2555C,KIPC2555C,"55"" Curve Totem/Portrait Kiosk with camera",True,Active,EA,False,KIOSK,Use Up,KIOSK,01t6A000003QKxmQAG
"UPDATE (QuantityUnitOfMeasure, Sales_Part_Status__c)",KIPC2555C-S,KIPC2555C-S,"55"" Curve Totem/Portrait Kiosk in silver with camera",True,Active,EA,False,KIOSK,Use Up,KIOSK,01t6A000003QKxhQAG
"UPDATE (QuantityUnitOfMeasure, ACU_Item_Status__c, Sales_Part_Status__c, ACU_PMPLCM__c, Category__c)",KIPC2555C-W,KIPC2555C-W,"55"" Curve Totem/Portrait Kiosk with camera",True,Active,EA,False,ET DD,Use Up,KIOSK,01t6A000003QSowQAG
"UPDATE (QuantityUnitOfMeasure, Sales_Part_Status__c)",KIPC2555-EUK,KIPC2555-EUK,"55"" Curve Totem/Portrait Kiosk",True,Active,EA,False,KIOSK,Active,KIOSK,01t6A000000asPIQAY
"UPDATE (QuantityUnitOfMeasure, ACU_Item_Status__c, Sales_Part_Status__c, ACU_PMPLCM__c, Category__c)",KIPC2555-G,KIPC2555-G,"55"" Curve Totem/Portrait Kiosk with Tempered Glass",True,Active,EA,False,ET DD,Active,KIOSK,01t2K000006MCqcQAG
"UPDATE (IsActive, QuantityUnitOfMeasure, Sales_Part_Status__c, ACU_PMPLCM__c)",KIPC2555-MW,KIPC2555-MW,"55"" Curve Totem/Portrait Kiosk",False,Inactive,EA,False,KIOSK,,KIOSK,01t6A000000aqo9QAA
"UPDATE (QuantityUnitOfMeasure, Sales_Part_Status__c)",KIPC2555-RAL7016,KIPC2555-RAL7016,"55"" Curve Totem/Portrait Kiosk",True,No Purchases,EA,False,KIOSK,Use Up,KIOSK,01t6A000002hmkpQAA
"UPDATE (Description, US_Description__c, QuantityUnitOfMeasure, Sales_Part_Status__c)",KIPC2555-S,KIPC2555-S,"Silver 55"" Curve Totem/Portrait Kiosk",True,Active,EA,False,KIOSK,Active,KIOSK,01t6A000000asZoQAI
"UPDATE (QuantityUnitOfMeasure, ACU_Item_Status__c, Sales_Part_Status__c)",KIPC2555-SB,KIPC2555-SB,"55"" Curve Totem/Portrait Kiosk, Silver & Black",True,No Purchases,EA,False,KIOSK,Active,KIOSK,01t6A000002i0MSQAY
"UPDATE (US_Description__c, QuantityUnitOfMeasure, ACU_Item_Status__c, Sales_Part_Status__c, US_Price_Group_Name__c, ACU_PMPLCM__c, Category__c)",KIPC2555-S-EUK,KIPC2555-S-EUK,"55"" Curve Totem/Portrait Kiosk",True,Active,EA,False,ET DD,Active,KIOSK,01t6A000000asWcQAI
"UPDATE (QuantityUnitOfMeasure, ACU_Item_Status__c, Sales_Part_Status__c, ACU_PMPLCM__c, Category__c)",KIPC2555-S-G,KIPC2555-S-G,"55"" Curve Totem/Portrait Kiosk",True,Active,EA,False,ET DD,Active,KIOSK,01t2K000006MD0cQAG
"UPDATE (Description, US_Description__c, QuantityUnitOfMeasure, Sales_Part_Status__c)",KIPC2565,KIPC2565,"Black 65"" Curve Totem/Portrait Kiosk",True,Active,EA,False,KIOSK,Active,KIOSK,01t6A000000arn1QAA
"UPDATE (Description, US_Description__c, QuantityUnitOfMeasure, Sales_Part_Status__c)",KIPC2565B,KIPC2565B,"Black 65"" Curve Totem/Portrait Back-to-Back Kiosk",True,Active,EA,False,KIOSK,Active,KIOSK,01t6A000000aqugQAA
"UPDATE (Description, US_Description__c, QuantityUnitOfMeasure, Sales_Part_Status__c)",KIPC2565B-3,KIPC2565B-3,"Black 65"" Curve Totem/Portrait Back-to-Back Kiosk-Deep Display",True,Active,EA,False,KIOSK,Active,KIOSK,01t6A000000ar6aQAA
"UPDATE (QuantityUnitOfMeasure, Sales_Part_Status__c)",KIPC2565B-3-EUK,KIPC2565B-3-EUK,"65"" Curve Totem/Portrait Back-to-Back Kiosk for 3"" Displays",True,Active,EA,False,KIOSK,Active,KIOSK,01t6A000000asxPQAQ
"UPDATE (QuantityUnitOfMeasure, Sales_Part_Status__c)",KIPC2565B-3-S-EUK,KIPC2565B-3-S-EUK,"65"" Curve Totem/Portrait Back-to-Back Kiosk for 3"" Displays - Silver",True,Active,EA,False,KIOSK,Active,KIOSK,01t6A000000aqzhQAA
"UPDATE (US_Description__c, QuantityUnitOfMeasure, ACU_Item_Status__c, Sales_Part_Status__c, US_Price_Group_Name__c, ACU_PMPLCM__c, Category__c)",KIPC2565B-EUK,KIPC2565B-EUK,"65"" Curve Totem/Portrait Kiosk Back to Back",True,No Request,EA,False,FGMT,Use Up,KIOSK,01t6A000000arPYQAY
"UPDATE (Description, US_Description__c, QuantityUnitOfMeasure, Sales_Part_Status__c)",KIPC2565B-S,KIPC2565B-S,"Silver 65"" Curve Totem/Portrait Back-to-Back Kiosk",True,Active,EA,False,KIOSK,Active,KIOSK,01t6A000000asIZQAY
"UPDATE (Description, US_Description__c, QuantityUnitOfMeasure, Sales_Part_Status__c)",KIPC2565B-S-3,KIPC2565B-S-3,"Silver 65"" Curve Totem/Portrait Back-to-Back Kiosk -Deep Display",True,Active,EA,False,KIOSK,Active,KIOSK,01t6A000000ar6bQAA
"UPDATE (QuantityUnitOfMeasure, Sales_Part_Status__c)",KIPC2565B-S-3-EUK,KIPC2565B-S-3-EUK,"65"" Curve Totem/Portrait Back-to-Back Kiosk for 3"" Displays - Silver",True,Active,EA,False,KIOSK,Active,KIOSK,01t6A000000aqvRQAQ
"UPDATE (Description, US_Description__c, QuantityUnitOfMeasure, ACU_Item_Status__c, Sales_Part_Status__c, US_Price_Group_Name__c, ACU_PMPLCM__c, Category__c)",KIPC2565B-S-EUK,KIPC2565B-S-EUK,"65"" Curve Totem/Portrait Kiosk Back to Back",True,Active,EA,False,FGMT,Active,KIOSK,01t2K00000CgIVxQAN
"UPDATE (US_Description__c, QuantityUnitOfMeasure, ACU_Item_Status__c, Sales_Part_Status__c, US_Price_Group_Name__c, ACU_PMPLCM__c, Category__c)",KIPC2565-EUK,KIPC2565-EUK,"65"" Curve Totem/Portrait Kiosk",True,Active,EA,False,ET DD,Active,KIOSK,01t6A000000aso8QAA
"UPDATE (Description, US_Description__c, QuantityUnitOfMeasure, Sales_Part_Status__c)",KIPC2565-S,KIPC2565-S,"Silver 65"" Curve Totem/Portrait Kiosk",True,Active,EA,False,KIOSK,Active,KIOSK,01t6A000000arn2QAA
"UPDATE (US_Description__c, QuantityUnitOfMeasure, ACU_Item_Status__c, Sales_Part_Status__c, US_Price_Group_Name__c, ACU_PMPLCM__c, Category__c)",KIPC2565-S-EUK,KIPC2565-S-EUK,"65"" Curve Totem/Portrait Kiosk",True,Active,EA,False,ET DD,Active,KIOSK,01t6A000000aso9QAA
"UPDATE (QuantityUnitOfMeasure, ACU_Item_Status__c, Sales_Part_Status__c, ACU_PMPLCM__c, Category__c)",KIPC25B,KIPC25B,Portrait Back-to-Back Kiosk,True,No Request,EA,False,ET DD,Use Up,KIOSK,01t6A000000aqvaQAA
"UPDATE (QuantityUnitOfMeasure, ACU_Item_Status__c, Sales_Part_Status__c, ACU_PMPLCM__c, Category__c)",KIPC25B-3,KIPC25B-3,Portrait Back-to-Back Kiosk,True,No Request,EA,False,ET DD,Use Up,KIOSK,01t6A000000arFRQAY
"UPDATE (QuantityUnitOfMeasure, ACU_Item_Status__c, Sales_Part_Status__c, ACU_PMPLCM__c, Category__c)",KIPC25B-3-EUK,KIPC25B-3-EUK,Portrait Back-to-Back Kiosk,True,No Request,EA,False,ET DD,Use Up,KIOSK,01t6A000000ascmQAA
"UPDATE (QuantityUnitOfMeasure, ACU_Item_Status__c, Sales_Part_Status__c, ACU_PMPLCM__c, Category__c)",KIPC25B-EUK,KIPC25B-EUK,Portrait Back-to-Back Kiosk,True,No Request,EA,False,ET DD,Use Up,KIOSK,01t6A000000aqvfQAA
"UPDATE (IsActive, QuantityUnitOfMeasure, ACU_Item_Status__c, Sales_Part_Status__c, US_Price_Group_Name__c, Category__c)",KIPICT2555,KIPICT2555,"55"" All-in-One Digital Touch Kiosk",False,Inactive,EA,False,34,,KIOSK,01t6A000002hyV3QAI
"UPDATE (Description, US_Description__c, IsActive, QuantityUnitOfMeasure, ACU_Item_Status__c, Sales_Part_Status__c, Category__c)",KIPICT2555-SD1,KIPICT2555-SD1,(NOT FOR SALE) All-In-One Kiosk Sales Demo with Case #1 (FOR INTERNAL USE ONLY/NOT FOR SALE),False,Inactive,EA,False,ET DD,,KIOSK,01t2K000006NZmcQAG
"UPDATE (Description, US_Description__c, IsActive, QuantityUnitOfMeasure, ACU_Item_Status__c, Sales_Part_Status__c, Category__c)",KIPICT2555-SD2,KIPICT2555-SD2,(NOT FOR SALE) All-In-One Kiosk Sales Demo with Case #2 (FOR INTERNAL USE ONLY/NOT FOR SALE),False,Inactive,EA,False,ET DD,,KIOSK,01t2K000006NZmmQAG
"UPDATE (Description, US_Description__c, IsActive, QuantityUnitOfMeasure, ACU_Item_Status__c, Sales_Part_Status__c, Category__c)",KIPICT2555-SD3,KIPICT2555-SD3,(NOT FOR SALE) All-In-One Kiosk Sales Demo with Case #3 (FOR INTERNAL USE ONLY/NOT FOR SALE),False,Inactive,EA,False,ET DD,,KIOSK,01t2K000006NZmhQAG
"UPDATE (Description, US_Description__c, IsActive, QuantityUnitOfMeasure, ACU_Item_Status__c, Sales_Part_Status__c, Category__c)",KIPICT2555-SD4,KIPICT2555-SD4,(NOT FOR SALE) All-In-One Kiosk Sales Demo with Case #4 (FOR INTERNAL USE ONLY/NOT FOR SALE),False,Inactive,EA,False,ET DD,,KIOSK,01t2K000006KEQJQA4
"UPDATE (Description, US_Description__c, IsActive, QuantityUnitOfMeasure, ACU_Item_Status__c, Sales_Part_Status__c, Category__c)",KIPICT555,KIPICT555,"55"" LCD Digital Touch Kiosk",False,Inactive,EA,False,ET DD,,KIOSK,01t6A000000aruHQAQ
"UPDATE (IsActive, QuantityUnitOfMeasure, ACU_Item_Status__c, Sales_Part_Status__c, Category__c)",KIPICT555-B,KIPICT555-B,"55"" All-in-One Digital Touch Kiosk, - B-STOCK",False,Inactive,EA,False,ET DD,,KIOSK,01t2K000004ZhktQAC
"UPDATE (IsActive, QuantityUnitOfMeasure, ACU_Item_Status__c, Sales_Part_Status__c, Category__c)",KIPICT555-SD,KIPICT555-SD,"(NOT FOR SALE)  55"" LCD Digital Touch Sample/Demo Kiosk",False,Inactive,EA,False,ET DD,,KIOSK,01t6A000000argoQAA
"UPDATE (IsActive, QuantityUnitOfMeasure, Sales_Part_Status__c)",KIRPH-OHF,KIRPH-OHF,TSi Touch 6pt SS IR Shroud w/ Heater for KOP2555-OHF,True,Active,EA,False,KIOSK,Active,KIOSK,01t2K000006SnonQAC
"UPDATE (IsActive, QuantityUnitOfMeasure, Sales_Part_Status__c)",KIRPH-XHB,KIRPH-XHB,TSi Touch 6pt SS IR Shroud w/ Heater for KOP2555-XHB,True,Active,EA,False,KIOSK,Active,KIOSK,01t2K000006SnoOQAS
"UPDATE (IsActive, QuantityUnitOfMeasure, Sales_Part_Status__c)",KIRP-OHF,KIRP-OHF,TSi Touch 6pt SS IR Shroud for KOP2555-OHF,True,Active,EA,False,KIOSK,Active,KIOSK,01t2K000006SnoTQAS
"UPDATE (QuantityUnitOfMeasure, Sales_Part_Status__c)",KIRP-XHB,KIRP-XHB,TSi Touch 6pt SS IR Shroud for KOP2555-XHB,True,Active,EA,False,KIOSK,Active,KIOSK,01t2K000006SnoJQAS
"UPDATE (IsActive, QuantityUnitOfMeasure, Sales_Part_Status__c, US_Price_Group_Name__c, ACU_PMPLCM__c, Category__c)",KIT-LED001-3,KIT-LED001-3,"KIT - CORNER GUSSET, BLK",True,Active,EA,False,DVLED,,,01t8V000005o6oyQAA
"UPDATE (QuantityUnitOfMeasure, Sales_Part_Status__c, US_Price_Group_Name__c, ACU_PMPLCM__c, Category__c)",KIT-LED003-3,KIT-LED003-3,"KIT - WALL MOUNT BRACKET, BLK",True,Active,EA,False,DVLED,,,01t6A000002ZosUQAS
"UPDATE (QuantityUnitOfMeasure, Sales_Part_Status__c, US_Price_Group_Name__c, ACU_PMPLCM__c, Category__c)",KIT-LED005,KIT-LED005,"KIT - FRAME ANCHOR BRACKET, BLK",True,Active,EA,False,DVLED,,,01t6A000000aqjxQAA
"UPDATE (Description, US_Description__c, IsActive, QuantityUnitOfMeasure, Sales_Part_Status__c, US_Price_Group_Name__c, Category__c)",KIT-LED41009,KIT-LED41009,Hardware for Absen XD10 5x2 Outdoor Wall Mount (ECN41009),True,Active,EA,False,DVLED,Active,LED,01t2K000006X9weQAC
"UPDATE (Description, US_Description__c, IsActive, QuantityUnitOfMeasure, Sales_Part_Status__c, US_Price_Group_Name__c, Category__c)",KIT-LEDA27M,KIT-LEDA27M,Absen Acclaim Inner Connector Plate Extension Kit (ECN40706),True,Active,EA,False,DVLED,Active,LED,01t2K000006S2DrQAK
"UPDATE (Description, US_Description__c, IsActive, QuantityUnitOfMeasure, Sales_Part_Status__c, US_Price_Group_Name__c, Category__c)",KIT-LEDA27O,KIT-LEDA27O,Absen Acclaim Outer Connector Plate Extension Kit w/ Spacers (ECN40706),True,Active,EA,False,DVLED,Active,LED,01t2K000006S2L6QAK
"UPDATE (IsActive, QuantityUnitOfMeasure, Sales_Part_Status__c, US_Price_Group_Name__c, ACU_PMPLCM__c, Category__c)",KIT-LEDSTK-A27-CTR,KIT-LEDSTK-A27-CTR,"KIT - CTR STACKING, ABSEN ACCLAIM, BLK",True,Active,EA,False,DVLED,,,01t8V000006VBplQAG
"UPDATE (IsActive, QuantityUnitOfMeasure, Sales_Part_Status__c, US_Price_Group_Name__c, ACU_PMPLCM__c, Category__c)",KIT-LEDSTK-A27-END,KIT-LEDSTK-A27-END,"KIT - END STACKING, ABSEN ACCLAIM, BLK",True,Active,EA,False,DVLED,,,01t8V000006VBpbQAG
"UPDATE (IsActive, QuantityUnitOfMeasure, Sales_Part_Status__c, US_Price_Group_Name__c, ACU_PMPLCM__c, Category__c)",KIT-LEDWP01,KIT-LEDWP01,"KIT - WALL PLATE, BLK",True,Active,EA,False,DVLED,,,01tPW0000035U8cYAE
"UPDATE (US_Description__c, QuantityUnitOfMeasure, Sales_Part_Status__c, US_Price_Group_Name__c, Category__c)",KIT-UK011,KIT-UK011,"Brackets for 6x8 Absen XD6 Mount, No extrusions or Rear Support Bar",True,Active,EA,False,DVLED,Active,LED,01t6A000000br5DQAQ
"UPDATE (Description, US_Description__c, QuantityUnitOfMeasure, Sales_Part_Status__c, US_Price_Group_Name__c, Category__c)",KIT-UK013,KIT-UK013,2x2 LG Pivot LED Wall Mount (ECN35850),True,Active,EA,False,DVLED,Active,LED,01t6A000000cFV2QAM
"UPDATE (IsActive, QuantityUnitOfMeasure, Sales_Part_Status__c, US_Price_Group_Name__c, Category__c)",KIT-UK043,KIT-UK043,LED Components for AOTO CLD 11X6 (ECN39231),True,Active,EA,False,DVLED,Active,LED,01tPW00000Etlg2YAB
INSERT,KL546-TOSHIBA01,KL546-TOSHIBA01,"46"" Landscape Kiosk for 5.48"" D Display",True,Active,EA,False,ET DD,Active,KIOSK,
"UPDATE (Description, US_Description__c, QuantityUnitOfMeasure, Sales_Part_Status__c)",KLR62232,KLR62232,Ligature Resistant Enclosure for 22 to 32 in Displays,True,Active,EA,False,KIOSK,Active,KIOSK,01t2K000006KEIPQA4
"UPDATE (QuantityUnitOfMeasure, Sales_Part_Status__c)",KLR64255,KLR64255,"Ligature Resistant TV Enclosure for 42"" to 55"" Flat Panel Screens",True,Active,EA,False,KIOSK,Active,KIOSK,01t2K000006KEIQQA4
"UPDATE (Description, US_Description__c, QuantityUnitOfMeasure, ACU_Item_Status__c, Sales_Part_Status__c, ACU_PMPLCM__c, Category__c)",KOF49-1XHB,KOF49-1XHB,Outdoor Single Dispay Menu Board for Peerless-AV XHB492 (ECN34611),True,Active,EA,False,ET DD,Active,KIOSK,01t6A000002gawqQAA
"UPDATE (Description, US_Description__c, QuantityUnitOfMeasure, ACU_Item_Status__c, Sales_Part_Status__c, ACU_PMPLCM__c, Category__c)",KOF55-1OHF,KOF55-1OHF,Outdoor Single Display Menu Board for Samsung OH55F(ECN34611),True,Active,EA,False,ET DD,Active,KIOSK,01t6A000002gawSQAQ
"UPDATE (Description, US_Description__c, QuantityUnitOfMeasure, ACU_Item_Status__c, Sales_Part_Status__c, ACU_PMPLCM__c, Category__c)",KOF55-3OHF,KOF55-3OHF,Outdoor Triple Display Menu Board for Samsung OH55F (ECN 34611),True,Active,EA,False,ET DD,Active,KIOSK,01t6A000002gax0QAA
"UPDATE (Description, US_Description__c, QuantityUnitOfMeasure, Sales_Part_Status__c)",KOF555-1,KOF555-1,"Universal 55"" ODMB",True,Active,EA,True,KIOSK,Active,KIOSK,01t2K00000CgGplQAF
"UPDATE (Description, US_Description__c, QuantityUnitOfMeasure, Sales_Part_Status__c)",KOF555-2,KOF555-2,"Universal 55"" ODMB",True,Active,EA,True,KIOSK,Active,KIOSK,01t2K00000CgGppQAF
"UPDATE (Description, US_Description__c, QuantityUnitOfMeasure, Sales_Part_Status__c)",KOF555-3,KOF555-3,"Universal 55"" ODMB",True,Active,EA,True,KIOSK,Active,KIOSK,01t2K00000CgGpfQAF
"UPDATE (QuantityUnitOfMeasure, ACU_Item_Status__c, Sales_Part_Status__c, ACU_PMPLCM__c, Category__c)",KOL549-XTR,KOL549-XTR,"49"" Xtreme Outdoor Landscape Kiosk",True,No Request,EA,False,ET DD,Use Up,KIOSK,01t6A000000asDtQAI
"UPDATE (Description, US_Description__c, QuantityUnitOfMeasure, Sales_Part_Status__c, US_Price_Group_Name__c)",KOP2546-OHF,KOP2546-OHF,"46"" Outdoor Smart City Kiosk (ECN 33789)",True,Active,EA,False,KIOSK,Active,KIOSK,01t6A000002ZPcIQAW
"UPDATE (IsActive, QuantityUnitOfMeasure, Sales_Part_Status__c, ACU_PMPLCM__c)",KOP2555-OHF,KOP2555-OHF,"55"" Outdoor Smart City Kiosk",False,Inactive,EA,False,KIOSK,,KIOSK,01t6A000002iEReQAM
"UPDATE (Description, US_Description__c, QuantityUnitOfMeasure, ACU_Item_Status__c, Sales_Part_Status__c, US_Price_Group_Name__c, ACU_PMPLCM__c, Category__c)",KOP2555-OHF-EUK,KOP2555-OHF-EUK,"55"" Outdoor Smart City Kiosk For Samsung OH55",True,No Purchases,EA,False,FGMT,Use Up,KIOSK,01t2K000006S2OpQAK
"UPDATE (IsActive, QuantityUnitOfMeasure, Sales_Part_Status__c, ACU_PMPLCM__c)",KOP2555-S-OHF,KOP2555-S-OHF,"55"" Outdoor Smart City Kiosk",False,Inactive,EA,False,KIOSK,,KIOSK,01t2K000006S2HZQA0
"UPDATE (Description, US_Description__c, IsActive, QuantityUnitOfMeasure, ACU_Item_Status__c, Sales_Part_Status__c, ACU_PMPLCM__c, Category__c)",KOP2555-S-OHF-EUK,KOP2555-S-OHF-EUK,"55"" Outdoor Smart City Kiosk For Samsung OH55",True,No Purchases,EA,False,FGMT,Use Up,KIOSK,01t2K00000ChenIQAR
"UPDATE (IsActive, QuantityUnitOfMeasure, ACU_Item_Status__c, Sales_Part_Status__c, Category__c)",KOP2555-S-XHB,KOP2555-S-XHB,"55"" Outdoor Smart City Kiosk",False,Inactive,EA,False,ET DD,,KIOSK,01t2K000004ZmdzQAC
"UPDATE (QuantityUnitOfMeasure, ACU_Item_Status__c, Sales_Part_Status__c, ACU_PMPLCM__c, Category__c)",KOP2555-S-XHB-EUK,KOP2555-S-XHB-EUK,"55"" Outdoor Smart City Kiosk",True,No Purchases,EA,False,FGMT,Use Up,KIOSK,01t6A000002hEx7QAE
"UPDATE (IsActive, QuantityUnitOfMeasure, Sales_Part_Status__c, ACU_PMPLCM__c)",KOP2555-XHB,KOP2555-XHB,"55"" Outdoor Smart City Kiosk",False,Inactive,EA,False,KIOSK,,KIOSK,01t6A000002i8a6QAA
"UPDATE (QuantityUnitOfMeasure, Sales_Part_Status__c)",KOP2555-XHB-EUK,KOP2555-XHB-EUK,"55"" Outdoor Smart City Kiosk",True,No Purchases,EA,False,KIOSK,Use Up,KIOSK,01t6A000002hEwsQAE
"UPDATE (IsActive, QuantityUnitOfMeasure, Sales_Part_Status__c, ACU_PMPLCM__c)",KOP2555-XHB-ND,KOP2555-XHB-ND,"KOP2555-XHB without the 55"" XHB",False,Inactive,EA,False,KIOSK,,KIOSK,01t6A000003QI0OQAW
"UPDATE (QuantityUnitOfMeasure, ACU_Item_Status__c, Sales_Part_Status__c, US_Price_Group_Name__c, ACU_PMPLCM__c, Category__c)",KOP549-S-XTR,KOP549-S-XTR,"49"" Xtreme Outdoor Portrait Kiosk",True,Active,EA,False,ET DD,Active,KIOSK,01t6A000000arrXQAQ
"UPDATE (QuantityUnitOfMeasure, ACU_Item_Status__c, Sales_Part_Status__c, US_Price_Group_Name__c, ACU_PMPLCM__c, Category__c)",KOP549-XTR,KOP549-XTR,"49"" Xtreme Outdoor Portrait Kiosk",True,Active,EA,False,ET DD,Active,KIOSK,01t6A000000arCrQAI
"UPDATE (Description, US_Description__c, QuantityUnitOfMeasure, ACU_Item_Status__c, Sales_Part_Status__c, US_Price_Group_Name__c, ACU_PMPLCM__c, Category__c)",KOP549-XTR-EUK,KOP549-XTR-EUK,"49"" Xtreme Outdoor Portrait Kiosk",True,Active,EA,False,ET DD,Active,KIOSK,01t6A000000aqoxQAA
"UPDATE (QuantityUnitOfMeasure, ACU_Item_Status__c, Sales_Part_Status__c, US_Price_Group_Name__c, ACU_PMPLCM__c, Category__c)",KOP555-S-XTR,KOP555-S-XTR,"55"" Xtreme Outdoor Portrait Kiosk",True,Active,EA,False,ET DD,Active,KIOSK,01t6A000000bWaBQAU
"UPDATE (QuantityUnitOfMeasure, ACU_Item_Status__c, Sales_Part_Status__c, US_Price_Group_Name__c, ACU_PMPLCM__c, Category__c)",KOP555-XTR,KOP555-XTR,"55"" Xtreme Outdoor Portrait Kiosk",True,Active,EA,False,ET DD,Active,KIOSK,01t6A000000atUKQAY
"UPDATE (Description, US_Description__c, QuantityUnitOfMeasure, ACU_Item_Status__c, Sales_Part_Status__c, US_Price_Group_Name__c, ACU_PMPLCM__c, Category__c)",KOP555-XTR-EUK,KOP555-XTR-EUK,"55"" Xtreme Outdoor Portrait Kiosk",True,Active,EA,False,ET DD,Active,KIOSK,01t6A000000asU5QAI
"UPDATE (QuantityUnitOfMeasure, ACU_Item_Status__c, Sales_Part_Status__c, ACU_PMPLCM__c, Category__c)",L20PNWALL90EU,L20PNWALL90EU,"FLAT WALL MNT,55""-90"" Landscape/Portrait",True,Active,EA,False,FGMT,Active,MOUNT,01t6A000000aquzQAA
"UPDATE (QuantityUnitOfMeasure, ACU_Item_Status__c, Sales_Part_Status__c, ACU_PMPLCM__c, Category__c)",MIS-38084-01,MIS-38084-01,MIS-KL62232 Service Kit,True,Active,EA,False,ET DD,Active,KIOSK,01t6A000003QQYvQAO
"UPDATE (QuantityUnitOfMeasure, ACU_Item_Status__c, Sales_Part_Status__c, ACU_PMPLCM__c, Category__c)",MIS-38084-02,MIS-38084-02,MIS-KL64255 Service Kit,True,Active,EA,False,ET DD,Active,KIOSK,01t6A000003QQbhQAG
"UPDATE (QuantityUnitOfMeasure, ACU_Item_Status__c, Sales_Part_Status__c, ACU_PMPLCM__c, Category__c)",MIS-38084-72,MIS-38084-72,45AFK72 Service Kit,True,Active,EA,False,ET DD,Active,KIOSK,01t2K000006NXnoQAG
"UPDATE (QuantityUnitOfMeasure, ACU_Item_Status__c, Sales_Part_Status__c, ACU_PMPLCM__c, Category__c)",MIS-38084-73,MIS-38084-73,45AK73 Service Kit,True,Active,EA,False,ET DD,Active,KIOSK,01t2K000006NXntQAG
"UPDATE (IsActive, QuantityUnitOfMeasure, Sales_Part_Status__c)",MIS-40512,MIS-40512,Custom KIP543L - portrait framed kiosk with screen in landscape orientation; Raven Black (MOQ8),True,Active,EA,False,KIOSK,Active,KIOSK,01t2K000006S2E5QAK
"UPDATE (Description, US_Description__c, IsActive, QuantityUnitOfMeasure, Sales_Part_Status__c)",MIS-40512-S,MIS-40512-S,Custom KIP543L - portrait framed kiosk with screen in landscape orientation; Trulusion SIlver (MOQ8),True,Active,EA,False,KIOSK,Active,KIOSK,01t2K000006S2FtQAK
"UPDATE (QuantityUnitOfMeasure, Sales_Part_Status__c)",MOD-PJF2KIT100-B,MOD-PJF2KIT100-B,"PJF2-UNV Ceiling Mount w/1M (39"") Black Pole",True,Active,EA,False,CORE,Active,MOUNT,01t2K000006NZcwQAG
"UPDATE (QuantityUnitOfMeasure, Sales_Part_Status__c)",MOD-PJF2KIT100-CPF-B,MOD-PJF2KIT100-CPF-B,"1M PJF2-UNV CEILING MOUNT KIT with MOD-CPF, BLACK",True,Active,EA,False,CORE,Active,MOUNT,01t2K000006NZcmQAG
"UPDATE (QuantityUnitOfMeasure, Sales_Part_Status__c)",MOD-PJF2KIT150-CPF-B,MOD-PJF2KIT150-CPF-B,"1.5M PJF2-UNV CEILING MOUNT KIT with MOD-CPF, BLACK",True,Active,EA,False,CORE,Active,MOUNT,01t2K000006NZcrQAG
"UPDATE (QuantityUnitOfMeasure, Sales_Part_Status__c)",MOD-PRGSKIT100,MOD-PRGSKIT100,"PRGS-UNV Ceiling Mount w/1M (39"") Bright Zinc Plated Pole",True,Active,EA,False,CORE,Active,MOUNT,01t6A000000arvdQAA
"UPDATE (QuantityUnitOfMeasure, Sales_Part_Status__c)",MOD-PRGSKIT100-B,MOD-PRGSKIT100-B,"PRGS-UNV Ceiling Mount w/1M (39"") Black Pole",True,Active,EA,False,CORE,Active,MOUNT,01t6A000000arveQAA
"UPDATE (Description, US_Description__c, QuantityUnitOfMeasure, Sales_Part_Status__c)",MOD-PRGSKIT150,MOD-PRGSKIT150,"PRGS-UNV Ceiling Mount w/1.5M (59"") Zinc Plated Pole",True,Active,EA,False,CORE,Active,MOUNT,01t6A000000as2kQAA
"UPDATE (QuantityUnitOfMeasure, Sales_Part_Status__c)",MOD-PRGSKIT150-B,MOD-PRGSKIT150-B,"PRGS-UNV Ceiling Mount w/1.5M (59"") Black Pole",True,Active,EA,False,CORE,Active,MOUNT,01t6A000000as2lQAA
"UPDATE (Description, US_Description__c, QuantityUnitOfMeasure, Sales_Part_Status__c)",MOD-PRGSKIT300,MOD-PRGSKIT300,"PRGS-UNV Ceiling Mount w/3M (118"") Zinc Plated Pole",True,Active,EA,False,CORE,Active,MOUNT,01t6A000000asGUQAY
"UPDATE (QuantityUnitOfMeasure, Sales_Part_Status__c)",MOD-PRGSKIT300-B,MOD-PRGSKIT300-B,"PRGS-UNV Ceiling Mount w/3M (118"") Black Pole",True,Active,EA,False,CORE,Active,MOUNT,01t6A000000arrkQAA
"UPDATE (QuantityUnitOfMeasure, Sales_Part_Status__c, ACU_PMPLCM__c)",NT652,NT652,"65"" NEPTUNE SHADE SERIES 4K HDR OUTDOOR TV W/ TILT MOUNT",True,No Purchases,EA,False,NEPTUNE,,TV,01t2K000006SptvQAC
"UPDATE (IsActive, QuantityUnitOfMeasure, ACU_Item_Status__c, Sales_Part_Status__c, Category__c)",NT752,NT752,"75"" NEPTUNE SHADE SERIES 4K HDR OUTDOOR TV W/ TILT MOUNT",False,Inactive,EA,False,NEPTUNE,,TV,01t2K000006SpcGQAS
"UPDATE (QuantityUnitOfMeasure, ACU_Item_Status__c, Sales_Part_Status__c, US_Price_Group_Name__c, Category__c)",ODTV4901,ODTV4901,"49"" Neptune Outdoor TV",True,No Purchases,EA,False,NEPTUNE-OD,,TV,01t6A000002hF1GQAU
"UPDATE (IsActive, QuantityUnitOfMeasure, ACU_Item_Status__c, Sales_Part_Status__c, US_Price_Group_Name__c, Category__c)",ODTV5502,ODTV5502,"55"" NEPTUNE SHADE SERIES 4K HDR OUTDOOR TV W/ TILT MOUNT",False,Inactive,EA,False,NEPTUNE-OD,,TV,01t2K000006StksQAC
"UPDATE (QuantityUnitOfMeasure, ACU_Item_Status__c, Sales_Part_Status__c, US_Price_Group_Name__c, Category__c)",ODTV6501,ODTV6501,"65"" Neptune Outdoor TV",True,No Purchases,EA,False,NEPTUNE-OD,,TV,01t6A000000bcEZQAY
"UPDATE (QuantityUnitOfMeasure, ACU_Item_Status__c, Sales_Part_Status__c, US_Price_Group_Name__c, Category__c)",ODTV6502,ODTV6502,"65"" NEPTUNE SHADE SERIES 4K HDR OUTDOOR TV W/ TILT MOUNT",False,Inactive,EA,False,NEPTUNE-OD,,TV,01t2K000006StkYQAS
"UPDATE (QuantityUnitOfMeasure, ACU_Item_Status__c, Sales_Part_Status__c, US_Price_Group_Name__c, Category__c)",ODTV7502,ODTV7502,"75"" NEPTUNE SHADE SERIES 4K HDR OUTDOOR TV W/ TILT MOUNT",False,Inactive,EA,False,NEPTUNE-OD,,TV,01t2K000006StkEQAS
"UPDATE (QuantityUnitOfMeasure, Sales_Part_Status__c, Category__c)",OWMAM,OWMAM,"Outdoor Articulating Wall Mount for 42-75"" TVs",True,Active,EA,True,NEPTUNE-ACC,Active,MOUNT,01t6A000000b2ohQAA
"UPDATE (QuantityUnitOfMeasure, Sales_Part_Status__c, Category__c)",OWMTL,OWMTL,"Outdoor Universal Tilt Wall Mount for 32"" to 75"" TVs",True,Active,EA,True,NEPTUNE-ACC,Active,MOUNT,01t6A000000b2ouQAA
"UPDATE (QuantityUnitOfMeasure, ACU_Item_Status__c, Sales_Part_Status__c)",PAK-0011,PAK-0011,Tip N Tell Indicator,True,Active,EA,False,ET DD,,,01t6A000000aqprQAA
"UPDATE (QuantityUnitOfMeasure, Sales_Part_Status__c)",PAP250-BARCO1,PAP250-BARCO1,PJR250 Dedicated Adaptor Plate for Barco Projectors,True,Active,EA,False,CORE,Active,MOUNT,01t6A000002ZPaQQAW
"UPDATE (QuantityUnitOfMeasure, Sales_Part_Status__c)",PAP250-CHRISTIE1,PAP250-CHRISTIE1,PJR250 Dedicated Adaptor Plate for Christie Projectors,True,Active,EA,False,CORE,Active,MOUNT,01t6A000002hVAHQA2
"UPDATE (QuantityUnitOfMeasure, Sales_Part_Status__c)",PAP250-CHRISTIE2,PAP250-CHRISTIE2,PJR250 Dedicated Adaptor Plate for Christie Projectors,True,Active,EA,False,CORE,Active,MOUNT,01t6A000002hV9xQAE
"UPDATE (QuantityUnitOfMeasure, Sales_Part_Status__c)",PAP250-CHRISTIE3,PAP250-CHRISTIE3,PJR250 Dedicated Adaptor Plate for Christie Projectors,True,Active,EA,False,CORE,Active,MOUNT,01t6A000002hVACQA2
"UPDATE (QuantityUnitOfMeasure, Sales_Part_Status__c)",PAP250-DP1,PAP250-DP1,PJR250 Dedicated Adaptor Plate for Digital Projections,True,Active,EA,False,CORE,Active,MOUNT,01t6A000002ZbU1QAK
"UPDATE (QuantityUnitOfMeasure, Sales_Part_Status__c)",PAP250-NEC1,PAP250-NEC1,PJR250 Dedicated Adaptor Plate for NEC,True,Active,EA,False,CORE,Active,MOUNT,01t6A000000arrOQAQ
"UPDATE (QuantityUnitOfMeasure, Sales_Part_Status__c)",PAP250-PANA1,PAP250-PANA1,PJR250 Dedicated Adaptor Plate for Panasonic Projectors,True,Active,EA,False,CORE,Active,MOUNT,01t6A000002hVA2QAM
"UPDATE (QuantityUnitOfMeasure, Sales_Part_Status__c)",PAP250-PANA2,PAP250-PANA2,PJR250 Dedicated Adaptor Plate for Panasonic Projectors,True,Active,EA,False,CORE,Active,MOUNT,01t6A000002hVA7QAM
"UPDATE (QuantityUnitOfMeasure, Sales_Part_Status__c)",PAP250-PANA3,PAP250-PANA3,PJR250 Dedicated Adaptor Plate for Panasonic Projectors,True,Active,EA,False,CORE,Active,MOUNT,01t6A000002hVA8QAM
"UPDATE (QuantityUnitOfMeasure, Sales_Part_Status__c)",PAP-UNV,PAP-UNV,Spider Universal Projector Adaptor Plate,True,Active,EA,False,CORE,Active,MOUNT,01t6A000000asBzQAI
"UPDATE (IsActive, QuantityUnitOfMeasure, Sales_Part_Status__c, ACU_PMPLCM__c)",PAP-UNV-W,PAP-UNV-W,Spider Universal Projector Adaptor Plate,False,Inactive,EA,False,CORE,,MOUNT,01t6A000000arLJQAY
"UPDATE (US_Description__c, QuantityUnitOfMeasure, Sales_Part_Status__c)",PE1120,PE1120,Enclosure For use with Peerless-AV® Projector Mounts,True,Active,EA,False,CORE,Active,MOUNT,01t6A000000aqoVQAQ
"UPDATE (US_Description__c, QuantityUnitOfMeasure, Sales_Part_Status__c)",PE1120-W,PE1120-W,Enclosure For use with Peerless-AV® Projector Mounts,True,Active,EA,False,CORE,Active,MOUNT,01t6A000000arewQAA
"UPDATE (QuantityUnitOfMeasure, ACU_Item_Status__c, Sales_Part_Status__c, ACU_PMPLCM__c, Category__c)",PEWS610/BK,PEWS610/BK,"Flat, universal to VESA®  1100x700mm   For Sreen Sizes  60-95”",True,Active,EA,False,FGMT,Active,MOUNT,01t6A000000atWrQAI
"UPDATE (QuantityUnitOfMeasure, ACU_Item_Status__c, Sales_Part_Status__c, ACU_PMPLCM__c, Category__c)",PEWS620/BK,PEWS620/BK,"Tilt, universal to VESA®  1100x700mm   For Sreen Sizes  60-95”",True,Active,EA,False,FGMT,Active,MOUNT,01t6A000000at14QAA
"UPDATE (IsActive, QuantityUnitOfMeasure, Sales_Part_Status__c, ACU_PMPLCM__c)",PJF2-1-S,PJF2-1-S,Projectors Mount up to 50lb (22kg) PAP sold separately,False,Inactive,EA,False,CORE,,MOUNT,01t6A000000at6cQAA
"UPDATE (QuantityUnitOfMeasure, Sales_Part_Status__c)",PJF2-UNV,PJF2-UNV,Projectors Mount up to 50lb (22kg),True,Active,EA,False,CORE,Active,MOUNT,01t6A000000aqiqQAA
"UPDATE (QuantityUnitOfMeasure, Sales_Part_Status__c)",PJR125,PJR125,Heavy Duty Projector Mount - up to 125 lbs,True,Active,EA,False,CORE,Active,MOUNT,01t6A000002i3VQQAY
"UPDATE (QuantityUnitOfMeasure, Sales_Part_Status__c)",PJR125-POR,PJR125-POR,Universal Portrait Projector Mount - 125lb Max,True,Active,EA,False,CORE,Active,MOUNT,01t6A000002i3VaQAI
"UPDATE (QuantityUnitOfMeasure, ACU_Item_Status__c, Sales_Part_Status__c, ACU_PMPLCM__c, Category__c)",PJR125-POR-EUK,PJR125-POR-EUK,Universal Portrait Projector Mount - 125lb Max,True,Active,EA,False,FGMT,Active,MOUNT,01t2K000006WSOOQA4
"UPDATE (QuantityUnitOfMeasure, Sales_Part_Status__c)",PJR125-W,PJR125-W,Heavy Duty Projector Mount - up to 125 lbs - White,True,Active,EA,False,CORE,Active,MOUNT,01t2K000006KEPkQAO
"UPDATE (QuantityUnitOfMeasure, Sales_Part_Status__c)",PJR250,PJR250,Heavy Duty Projector Mount - 250 lbs,True,Active,EA,False,CORE,Active,MOUNT,01t6A000000aqrFQAQ
"UPDATE (IsActive, QuantityUnitOfMeasure, Sales_Part_Status__c, ACU_PMPLCM__c)",PRGS-455,PRGS-455,PRGS-UNV Precision Gear Projector Mount w/CMJ455 Ceiling Plate,False,Inactive,EA,False,CORE,,MOUNT,01t6A000000arY2QAI
"UPDATE (QuantityUnitOfMeasure, Sales_Part_Status__c)",PRGS-UNV,PRGS-UNV,Precision Gear Projector Mount For projectors up to 50lb (22kg),True,Active,EA,True,CORE,Active,MOUNT,01t6A000000aswTQAQ
"UPDATE (QuantityUnitOfMeasure, Sales_Part_Status__c, ACU_PMPLCM__c)",PRGS-UNV-W,PRGS-UNV-W,Precision Gear Projector Mount For projectors up to 50lb (22kg),False,Inactive,EA,False,CORE,,MOUNT,01t6A000000asYTQAY
"UPDATE (US_Description__c, QuantityUnitOfMeasure, Sales_Part_Status__c)",PRG-UNV,PRG-UNV,Precision Gear Projector Mount with Spider® Universal Adapter Plate,True,Active,EA,True,CORE,Active,MOUNT,01t6A000000arWqQAI
"UPDATE (US_Description__c, QuantityUnitOfMeasure, Sales_Part_Status__c, ACU_Authorization_Required__c, US_Price_Group_Name__c, ACU_PMPLCM__c)",PRG-UNV-W,PRG-UNV-W,Precision Gear Projector Mount with Spider® Universal Adapter Plate,False,Inactive,EA,False,CORE,,MOUNT,01t6A000000atUCQAY
"UPDATE (QuantityUnitOfMeasure, ACU_Item_Status__c, Sales_Part_Status__c, ACU_PMPLCM__c, Category__c)",PRMA150,PRMA150,"Full Motion, VESA®  75, 100   For Sreen Sizes  10-29”",True,Active,EA,False,FGMT,Active,MOUNT,01t6A000000asyyQAA
"UPDATE (Description, US_Description__c, QuantityUnitOfMeasure, ACU_Item_Status__c, Sales_Part_Status__c, ACU_PMPLCM__c, Category__c)",PRMA250,PRMA250,"Full Motion, up to VESA®  200x200mm   For Sreen Sizes  22-40”",True,Active,EA,False,FGMT,Active,MOUNT,01t6A000000asz3QAA
"UPDATE (QuantityUnitOfMeasure, ACU_Item_Status__c, Sales_Part_Status__c, ACU_PMPLCM__c, Category__c)",PRMA350,PRMA350,"Full Motion, up to VESA®  400x400mm   For Sreen Sizes  32-50”",True,Active,EA,False,FGMT,Active,MOUNT,01t6A000000arnFQAQ
"UPDATE (Description, US_Description__c, QuantityUnitOfMeasure, ACU_Item_Status__c, Sales_Part_Status__c, ACU_PMPLCM__c, Category__c)",PRMA450,PRMA450,"Full Motion, up to VESA®  600x400mm*   For Sreen Sizes  37-70”",True,No Purchases,EA,False,FGMT,Use Up,MOUNT,01t6A000000arnJQAQ
"UPDATE (QuantityUnitOfMeasure, ACU_Item_Status__c, Sales_Part_Status__c, ACU_PMPLCM__c, Category__c)",PRMF110,PRMF110,"Flat, VESA®  75, 100   For Sreen Sizes  10-29”",True,Active,EA,False,FGMT,Active,MOUNT,01t6A000000ar6NQAQ
"UPDATE (QuantityUnitOfMeasure, ACU_Item_Status__c, Sales_Part_Status__c, ACU_PMPLCM__c, Category__c)",PRMF210,PRMF210,"Flat, up to VESA®  200x200mm   For Sreen Sizes  22-40”",True,Active,EA,False,FGMT,Active,MOUNT,01t6A000000asyzQAA
"UPDATE (QuantityUnitOfMeasure, ACU_Item_Status__c, Sales_Part_Status__c, ACU_PMPLCM__c, Category__c)",PRMP140,PRMP140,"Pivot ,VESA®  75, 100   For Sreen Sizes  10-29”",True,Active,EA,False,FGMT,Active,MOUNT,01t6A000000ar6PQAQ
"UPDATE (QuantityUnitOfMeasure, ACU_Item_Status__c, Sales_Part_Status__c, ACU_PMPLCM__c, Category__c)",PRMP240,PRMP240,"Pivot, up to VESA®  200x200mm   For Sreen Sizes  22-40”",True,No Purchases,EA,False,FGMT,Use Up,MOUNT,01t6A000000asz2QAA
"UPDATE (QuantityUnitOfMeasure, ACU_Item_Status__c, Sales_Part_Status__c, ACU_PMPLCM__c, Category__c)",PRMP340,PRMP340,"Pivot, up to VESA®  400x400mm   For Sreen Sizes  32-50”",True,No Purchases,EA,False,FGMT,Use Up,MOUNT,01t6A000000arnEQAQ
"UPDATE (QuantityUnitOfMeasure, ACU_Item_Status__c, Sales_Part_Status__c, ACU_PMPLCM__c, Category__c)",PRMT120,PRMT120,"Tilt, VESA®  75, 100   For Sreen Sizes  10-29”",True,Active,EA,False,FGMT,Active,MOUNT,01t6A000000ar6OQAQ
"UPDATE (QuantityUnitOfMeasure, ACU_Item_Status__c, Sales_Part_Status__c, ACU_PMPLCM__c, Category__c)",PRMT220,PRMT220,"Tilt, up to VESA®  200x200mm   For Sreen Sizes  22-40”",True,Active,EA,False,FGMT,Active,MOUNT,01t6A000000asz1QAA
"UPDATE (QuantityUnitOfMeasure, Sales_Part_Status__c)",PWA-14,PWA-14,"Wall Plate w/14"" Arm",True,Active,EA,False,CORE,Active,MOUNT,01t6A000000arTdQAI
"UPDATE (QuantityUnitOfMeasure, Sales_Part_Status__c)",PWA-14S,PWA-14S,"Wall Plate w/14"" Arm",True,Active,EA,False,CORE,Active,MOUNT,01t6A000000asC5QAI
"UPDATE (QuantityUnitOfMeasure, Sales_Part_Status__c)",PWA-14W,PWA-14W,"Wall Plate w/14"" Arm",True,Active,EA,False,CORE,Active,MOUNT,01t6A000000asC6QAI
"UPDATE (QuantityUnitOfMeasure, ACU_Item_Status__c, Sales_Part_Status__c, ACU_PMPLCM__c, Category__c)",SLWS251/BK,SLWS251/BK,"Full motion, universal to VESA®  400x400mm   For Sreen Sizes  32-50”",True,No Purchases,EA,False,FGMT,Use Up,MOUNT,01t6A000000asTmQAI
"UPDATE (IsActive, QuantityUnitOfMeasure, ACU_Item_Status__c, Sales_Part_Status__c, ACU_PMPLCM__c, Category__c)",SLWS351/BK,SLWS351/BK,"Full motion, universal to VESA®  600x400mm   For Sreen Sizes  37-65”",False,No Sales,EA,False,FGMT,Active,MOUNT,01t6A000000asTnQAI
"UPDATE (QuantityUnitOfMeasure, ACU_Item_Status__c, Sales_Part_Status__c, ACU_PMPLCM__c, Category__c)",SLWS451/BK,SLWS451/BK,"Full motion, universal to VESA®  800x400mm   For Sreen Sizes  42-90”",True,No Purchases,EA,False,FGMT,Use Up,MOUNT,01t6A000000asToQAI
"UPDATE (QuantityUnitOfMeasure, ACU_Item_Status__c, Sales_Part_Status__c, US_Price_Group_Name__c, Category__c)",SOTV55,SOTV55,"55"" NEPTUNE SHADE SERIES 4K HDR OUTDOOR TV W/ TILT MOUNT",False,Inactive,EA,False,NEPTUNE-SO,,TV,01t2K000006Stl2QAC
"UPDATE (IsActive, QuantityUnitOfMeasure, ACU_Item_Status__c, Sales_Part_Status__c, US_Price_Group_Name__c, Category__c)",SOTV65,SOTV65,"65"" NEPTUNE SHADE SERIES 4K HDR OUTDOOR TV W/ TILT MOUNT",True,No Purchases,EA,False,NEPTUNE-SO,,TV,01t2K000006StkFQAS
"UPDATE (QuantityUnitOfMeasure, ACU_Item_Status__c, Sales_Part_Status__c, US_Price_Group_Name__c, Category__c)",SOTV75,SOTV75,"75"" NEPTUNE SHADE SERIES 4K HDR OUTDOOR TV W/ TILT MOUNT",False,Inactive,EA,False,NEPTUNE-SO,,TV,01t2K000006StkZQAS
"UPDATE (IsActive, QuantityUnitOfMeasure, ACU_Item_Status__c, Sales_Part_Status__c, Category__c)",SPK-080-B,SPK-080-B,Xtreme Outdoor Soundbar - B-Stock,False,Inactive,EA,False,ET WIRE,,TV,01t6A000002ZPcNQAW
"UPDATE (QuantityUnitOfMeasure, Sales_Part_Status__c, ACU_Authorization_Required__c, US_Price_Group_Name__c, ACU_PMPLCM__c, Category__c)",THR-400,THR-400,Temperature Sensing Digital Signage Kiosk,False,Inactive,EA,False,KIOSK,,MOUNT,01t2K000006XAofQAG
"UPDATE (QuantityUnitOfMeasure, Sales_Part_Status__c, ACU_Authorization_Required__c, US_Price_Group_Name__c, ACU_PMPLCM__c)",THR-600,THR-600,Occupancy Control Kiosk,False,Inactive,EA,False,KIOSK,,KIOSK,01t2K000006XAokQAG
"UPDATE (US_Description__c, QuantityUnitOfMeasure, ACU_Item_Status__c, Sales_Part_Status__c, US_Price_Group_Name__c, ACU_PMPLCM__c, Category__c)",TMF3980,TMF3980,"Interactive display flat wall mount 39""-80""",True,Active,EA,False,FGMT,Active,MOUNT,01t6A000000aqvSQAQ
"UPDATE (Description, US_Description__c, QuantityUnitOfMeasure, ACU_Item_Status__c, Sales_Part_Status__c, ACU_PMPLCM__c, Category__c)",TRA732,TRA732,"ARTICULATING MOUNT 22""-43""",True,No Purchases,EA,False,FGMT,Use Up,MOUNT,01t6A000000atSGQAY
"UPDATE (Description, US_Description__c, QuantityUnitOfMeasure, ACU_Item_Status__c, Sales_Part_Status__c, ACU_PMPLCM__c, Category__c)",TRDD727,TRDD727,"Tru Vue Desk Dual Display Mount For 13-27""",True,Active,EA,False,FGMT,Active,MOUNT,01t6A000000aqqEQAQ
"UPDATE (QuantityUnitOfMeasure, ACU_Item_Status__c, Sales_Part_Status__c, ACU_PMPLCM__c, Category__c)",TRF630,TRF630,"FLAT MOUNT 10""-29""",True,No Purchases,EA,False,FGMT,Use Up,MOUNT,01t6A000000atDPQAY
"UPDATE (QuantityUnitOfMeasure, ACU_Item_Status__c, Sales_Part_Status__c, ACU_PMPLCM__c, Category__c)",TRF632,TRF632,"TVX V200 FLAT BLK 22-40"" NONSEC",True,No Purchases,EA,False,FGMT,Use Up,MOUNT,01t6A000000atVUQAY
"UPDATE (QuantityUnitOfMeasure, ACU_Item_Status__c, Sales_Part_Status__c, ACU_PMPLCM__c, Category__c)",TRFT650,TRFT650,"TruVue UNIV FLAT/TILT MOUNT 50-65""+ NONSEC",True,Active,EA,False,FGMT,Active,MOUNT,01t2K000006SneEQAS
"UPDATE (Description, US_Description__c, QuantityUnitOfMeasure, ACU_Item_Status__c, Sales_Part_Status__c, US_Price_Group_Name__c, ACU_PMPLCM__c, Category__c)",TRP732,TRP732,"PIVOT MOUNT 22""-40""",True,No Purchases,EA,False,FGMT,Use Up,MOUNT,01t6A000000arm4QAA
"UPDATE (QuantityUnitOfMeasure, ACU_Item_Status__c, Sales_Part_Status__c, ACU_PMPLCM__c, Category__c)",TRT630,TRT630,"TILT MOUNT 10""-29""",True,No Purchases,EA,False,FGMT,Use Up,MOUNT,01t6A000000aqpkQAA
"UPDATE (QuantityUnitOfMeasure, ACU_Item_Status__c, Sales_Part_Status__c, ACU_PMPLCM__c, Category__c)",TRT632,TRT632,"TVX V200 TILT BLK 22-40"" NONSEC",True,No Purchases,EA,False,FGMT,Use Up,MOUNT,01t6A000000asL1QAI
"UPDATE (Description, US_Description__c, QuantityUnitOfMeasure, ACU_Item_Status__c, Sales_Part_Status__c, US_Price_Group_Name__c, ACU_PMPLCM__c, Category__c)",TRVT561,TRVT561,"Flat Panel Display Trolley For 32"" - 60""",True,Active,EA,False,FGMT,Active,MOUNT,01t6A000000at9DQAQ
"UPDATE (QuantityUnitOfMeasure, ACU_Item_Status__c, Sales_Part_Status__c, ACU_PMPLCM__c, Category__c)",TRWV120/BK,TRWV120/BK,"Tilt, VESA®  75, 100  For Screen Sizes  10-29”",True,No Purchases,EA,False,FGMT,Use Up,MOUNT,01t6A000000armXQAQ
"UPDATE (US_Description__c, QuantityUnitOfMeasure, ACU_Item_Status__c, Sales_Part_Status__c, US_Price_Group_Name__c, ACU_PMPLCM__c, Category__c)",TRWV140/BK,TRWV140/BK,"Pivot ,VESA®  75, 100  For Screen Sizes  10-29”",True,No Purchases,EA,False,FGMT,Use Up,MOUNT,01t6A000000arzIQAQ
"UPDATE (US_Description__c, QuantityUnitOfMeasure, ACU_Item_Status__c, Sales_Part_Status__c, US_Price_Group_Name__c, ACU_PMPLCM__c, Category__c)",TRWV150/BK,TRWV150/BK,"Full Motion, VESA®  75, 100  For Screen Sizes  10-29”",True,No Purchases,EA,False,FGMT,Use Up,MOUNT,01t6A000000arzHQAQ
"UPDATE (Description, US_Description__c, QuantityUnitOfMeasure, ACU_Item_Status__c, Sales_Part_Status__c, ACU_PMPLCM__c, Category__c)",TRWV210/BK,TRWV210/BK,"Flat, up to VESA®  200x200mm  For Screen Sizes  22-43”",True,No Purchases,EA,False,FGMT,Use Up,MOUNT,01t6A000000aqxuQAA
"UPDATE (Description, US_Description__c, QuantityUnitOfMeasure, ACU_Item_Status__c, Sales_Part_Status__c, ACU_PMPLCM__c, Category__c)",TRWV220/BK,TRWV220/BK,"Tilt, up to VESA®  200x200mm  For Screen Sizes  22-43”",True,No Purchases,EA,False,FGMT,Use Up,MOUNT,01t6A000000aqxvQAA
"UPDATE (Description, US_Description__c, QuantityUnitOfMeasure, ACU_Item_Status__c, Sales_Part_Status__c, US_Price_Group_Name__c, ACU_PMPLCM__c, Category__c)",TRWV240/BK,TRWV240/BK,"Pivot, up to VESA®  200x200mm  For Screen Sizes  22-43”",True,No Purchases,EA,False,FGMT,Use Up,MOUNT,01t6A000000armWQAQ
"UPDATE (QuantityUnitOfMeasure, ACU_Item_Status__c, Sales_Part_Status__c, ACU_PMPLCM__c, Category__c)",TRWV250/BK,TRWV250/BK,"Full Motion, up to VESA®  200x200mm  For Screen Sizes  22-40”",True,No Purchases,EA,False,FGMT,Use Up,MOUNT,01t6A000000aqxwQAA
"UPDATE (IsActive, QuantityUnitOfMeasure, Sales_Part_Status__c, ACU_PMPLCM__c, Category__c)",TSI55P-XHB,TSI55P-XHB,"55"" TSi Touch IR Overlay Shroud, SS, Portrait, Outdoor, for XHB552, used in KOP2555-XHB",True,Active,EA,False,KIOSK,,,01t2K00000CfeKeQAJ
"UPDATE (Description, US_Description__c, IsActive, QuantityUnitOfMeasure, ACU_Item_Status__c, Sales_Part_Status__c, US_Price_Group_Name__c, ACU_PMPLCM__c, Category__c)",TVP2256,TVP2256,"Pivoting Wall Mount - 22""-56"" Displays",True,Active,EA,False,XGCONS,Active,MOUNT,01t2K000006S2P1QAK
"UPDATE (Description, US_Description__c, QuantityUnitOfMeasure, ACU_Item_Status__c, Sales_Part_Status__c, ACU_PMPLCM__c, Category__c)",TVT2256-A,TVT2256-A,"Tilt Wall Mount 23-46"" without HDMI cable and tray",True,Active,EA,False,XGCONS,Active,MOUNT,01t6A000000asRWQAY
INSERT,V4-EVT1-L2-SUB,V4-EVT1-L2-SUB,Volta V4 EVT1 L2 Charging Station Subassembly,True,Active,EA,False,KIOSK,,KIOSK,
INSERT,V4-EVT1-L3-SUB,V4-EVT1-L3-SUB,Volta V4 EVT1 L3 Charging Station Subassembly,True,Active,EA,False,KIOSK,,KIOSK,
"UPDATE (IsActive, QuantityUnitOfMeasure, ACU_Item_Status__c, Sales_Part_Status__c, US_Price_Group_Name__c, Category__c)",V4L3-100,V4L3-100,Volta V4-L3 DCFast EV Charging Station,True,Active,EA,False,KIOSK,,KIOSK,01t2K000006S2HtQAK
"UPDATE (IsActive, QuantityUnitOfMeasure, ACU_Item_Status__c, Sales_Part_Status__c, Category__c)",VOLTA55B,VOLTA55B,"55"" VOLTA XTREME HIGH BRIGHT OUTDOOR DISPLAY",True,No Purchases,EA,False,ET,,KIOSK,01t2K000006XLSKQA4
"UPDATE (QuantityUnitOfMeasure, ACU_Item_Status__c, Sales_Part_Status__c, US_Price_Group_Name__c, Category__c)",WPTV55,WPTV55,"55"" NEPTUNE SHADE SERIES 4K HDR OUTDOOR TV W/ TILT MOUNT",True,No Purchases,EA,False,NEPTUNE-WP,,TV,01t2K000006StkJQAS
"UPDATE (IsActive, QuantityUnitOfMeasure, ACU_Item_Status__c, Sales_Part_Status__c, US_Price_Group_Name__c, Category__c)",WPTV65,WPTV65,"65"" NEPTUNE SHADE SERIES 4K HDR OUTDOOR TV W/ TILT MOUNT",True,No Purchases,EA,False,NEPTUNE-WP,,TV,01t2K000006StkdQAC
"UPDATE (IsActive, QuantityUnitOfMeasure, ACU_Item_Status__c, Sales_Part_Status__c, US_Price_Group_Name__c, Category__c)",WPTV75,WPTV75,"75"" NEPTUNE SHADE SERIES 4K HDR OUTDOOR TV W/ TILT MOUNT",True,No Purchases,EA,False,NEPTUNE-WP,,TV,01t2K000006StkiQAC
"UPDATE (IsActive, QuantityUnitOfMeasure, Sales_Part_Status__c, US_Price_Group_Name__c, ACU_PMPLCM__c, Category__c)",10001541-RBLK,10001541-RBLK,"SUBASSEMBLY, COLUMN KIT, 5 TILE LEFT ADAPTER, LG LSCB, BLK",True,Active,EA,False,DVLED,,,01t2K00000CfcbSQAR
"UPDATE (IsActive, QuantityUnitOfMeasure, Sales_Part_Status__c, US_Price_Group_Name__c, ACU_PMPLCM__c, Category__c)",10001543-RBLK,10001543-RBLK,"SUBASSEMBLY, COLUMN KIT, 5 TILE RIGHT ADAPTER, LG LSCB, BLK",True,Active,EA,False,DVLED,,,01t2K00000ChThdQAF
"UPDATE (IsActive, QuantityUnitOfMeasure, Sales_Part_Status__c, US_Price_Group_Name__c, ACU_PMPLCM__c, Category__c)",10001686-RBLK,10001686-RBLK,"SUBASSEMBLY, COLUMN KIT, 6 TILE CENTER ADAPTER, LG LSCB, BLK",True,Active,EA,False,DVLED,,,01t8V00000ANqwOQAT
"UPDATE (IsActive, QuantityUnitOfMeasure, Sales_Part_Status__c, US_Price_Group_Name__c, ACU_PMPLCM__c, Category__c)",10001687-RBLK,10001687-RBLK,"SUBASSEMBLY, COLUMN KIT, 6 TILE LEFT ADAPTER, LG LSCB, BLK",True,Active,EA,False,DVLED,,,01t8V000008YunQQAS
"UPDATE (IsActive, QuantityUnitOfMeasure, Sales_Part_Status__c, US_Price_Group_Name__c, ACU_PMPLCM__c, Category__c)",10001709-RBLK,10001709-RBLK,"SUBASSEMBLY, COLUMN KIT, 8 TILE LEFT ADAPTER, LG LSCB, BLK",True,Active,EA,False,DVLED,,,01t2K00000CfcbNQAR
"UPDATE (IsActive, QuantityUnitOfMeasure, Sales_Part_Status__c, US_Price_Group_Name__c, ACU_PMPLCM__c, Category__c)",10004431-RBLK,10004431-RBLK,"SUBASSEMBLY, COLUMN KIT, 7 TILE RIGHT ADAPTER, LG LSCB, BLK",True,Active,EA,False,DVLED,,,01t8V000005o6oZQAQ
"UPDATE (IsActive, QuantityUnitOfMeasure, Sales_Part_Status__c, US_Price_Group_Name__c, ACU_PMPLCM__c, Category__c)",10004432-RBLK,10004432-RBLK,"SUBASSEMBLY, COLUMN KIT, 7 TILE LEFT ADAPTER, LG LSCB, BLK",True,Active,EA,False,DVLED,,,01t8V000008buFEQAY
"UPDATE (Description, US_Description__c, IsActive, QuantityUnitOfMeasure, Sales_Part_Status__c, US_Price_Group_Name__c, ACU_PMPLCM__c, Category__c)",10004433-RBLK,10004433-RBLK,"SUBASSEMBLY, COLUMN KIT, 7 TILE CENTER ADAPTER, LG LSCB, BLK",True,Active,EA,False,DVLED,,,01t8V000006dwWNQAY
"UPDATE (Description, US_Description__c, IsActive, QuantityUnitOfMeasure, ACU_Item_Status__c, Sales_Part_Status__c, US_Price_Group_Name__c, Category__c)",ACCD-DC75,ACCD-DC75,"Dust Cover for 75"" Neptune Outdoor TV",False,Inactive,EA,False,NEPTUNE,,TV,01t2K00000ApcTSQAZ
"UPDATE (QuantityUnitOfMeasure, Sales_Part_Status__c, US_Price_Group_Name__c, Category__c)",DS-LEDLSCB-7X7,DS-LEDLSCB-7X7,7x7 Fixed Wall Mount for LG LSCB,True,Active,EA,False,DVLED,Active,LED,01t2K00000AoY4AQAV
"UPDATE (IsActive, QuantityUnitOfMeasure, Sales_Part_Status__c)",KIL755-S-EUK-ACL,KIL755-S-EUK-ACL,"55"" Landscape In-Wall Kiosk w/ Acrylic",True,Active,EA,False,KIOSK,Active,KIOSK,01t2K00000AoIBnQAN
"UPDATE (IsActive, QuantityUnitOfMeasure, Sales_Part_Status__c, US_Price_Group_Name__c)",KIPC2549B-3-WHL,KIPC2549B-3-WHL,"49"" Curve Totem/Portrait Back-to-Back Kiosk With Wheeled Base",True,No Request,EA,False,KIOSK,Use Up,KIOSK,01tPW00000EtlhZYAR
"UPDATE (IsActive, QuantityUnitOfMeasure, Sales_Part_Status__c, US_Price_Group_Name__c)",KIPC2549B-S-3-WHL,KIPC2549B-S-3-WHL,"49"" Curve Totem/Portrait Back-to-Back Kiosk With Wheeled Base",True,No Request,EA,False,KIOSK,Use Up,KIOSK,01tPW00000EtlhaYAB
"UPDATE (IsActive, QuantityUnitOfMeasure, Sales_Part_Status__c, US_Price_Group_Name__c)",KIPC2550B-3-WHL,KIPC2550B-3-WHL,"50"" Curve Totem/Portrait Back-to-Back Kiosk With Wheeled Base",True,No Request,EA,False,KIOSK,Use Up,KIOSK,01tPW00000EtlhbYAB
"UPDATE (IsActive, QuantityUnitOfMeasure, Sales_Part_Status__c, US_Price_Group_Name__c)",KIPC2550B-S-3-WHL,KIPC2550B-S-3-WHL,"50"" Curve Totem/Portrait Back-to-Back Kiosk With Wheeled Base",True,No Request,EA,False,KIOSK,Use Up,KIOSK,01tPW00000EtlhcYAB
"UPDATE (IsActive, QuantityUnitOfMeasure, Sales_Part_Status__c, US_Price_Group_Name__c)",KIPC2550B-S-WHL,KIPC2550B-S-WHL,"50"" Curve Totem/Portrait Back-to-Back Kiosk With Wheeled Base",True,No Request,EA,False,KIOSK,Use Up,KIOSK,01tPW00000EtlhdYAB
"UPDATE (US_Description__c, QuantityUnitOfMeasure, Sales_Part_Status__c)",KIPC2550B-WHL,KIPC2550B-WHL,"50"" Curve Totem/Portrait Back-to-Back Kiosk With Wheeled Base",True,No Request,EA,False,KIOSK,Use Up,KIOSK,01t2K00000ChiMlQAJ
"UPDATE (US_Description__c, QuantityUnitOfMeasure, Sales_Part_Status__c)",KIPC2550-S-WHL,KIPC2550-S-WHL,"50"" Curve Totem/Portrait Kiosk With Wheeled Base",True,No Request,EA,False,KIOSK,Use Up,KIOSK,01tPW00000FBgkrYAD
"UPDATE (US_Description__c, QuantityUnitOfMeasure, Sales_Part_Status__c)",KIPC2550-WHL,KIPC2550-WHL,"50"" Curve Totem/Portrait Kiosk With Wheeled Base",True,No Request,EA,False,KIOSK,Use Up,KIOSK,01tPW00000FBgzNYAT
"UPDATE (Description, US_Description__c, QuantityUnitOfMeasure, Sales_Part_Status__c)",KIPC2555B-3-WHL,KIPC2555B-3-WHL,"Black 55"" Curve Totem/Portrait Back-to-Back Kiosk With Wheeled Base-Deep Display",True,Active,EA,False,KIOSK,Active,KIOSK,01t2K00000ApcbVQAR
"UPDATE (Description, US_Description__c, QuantityUnitOfMeasure, Sales_Part_Status__c)",KIPC2555B-S-3-WHL,KIPC2555B-S-3-WHL,"Silver 55"" Curve Totem/Portrait Back-to-Back Kiosk w/ Wheeled Base -Deep Display",True,Active,EA,False,KIOSK,Active,KIOSK,01t2K00000ChVy3QAF
"UPDATE (QuantityUnitOfMeasure, Sales_Part_Status__c)",KIPC2555B-S-WHL,KIPC2555B-S-WHL,"Silver 55"" Curve Totem/Portrait Back-to-Back Kiosk With Wheeled Base",True,Active,EA,False,KIOSK,Active,KIOSK,01tPW00000EtlheYAB
"UPDATE (US_Description__c, QuantityUnitOfMeasure, Sales_Part_Status__c)",KIPC2555B-WHL,KIPC2555B-WHL,"Black 55"" Curve Totem/Portrait Back-to-Back Kiosk With Wheeled Base",True,Active,EA,False,KIOSK,Active,KIOSK,01tPW00000E4uBdYAJ
"UPDATE (Description, US_Description__c, QuantityUnitOfMeasure, Sales_Part_Status__c)",KIPC2555-S-WHL,KIPC2555-S-WHL,"Silver 55"" Curve Totem/Portrait Kiosk With Wheeled Base",True,Active,EA,False,KIOSK,Active,KIOSK,01t2K00000CgmZzQAJ
"UPDATE (Description, US_Description__c, QuantityUnitOfMeasure, Sales_Part_Status__c)",KIPC2555-WHL,KIPC2555-WHL,"Black 55"" Curve Totem/Portrait Kiosk With Wheeled Base",True,Active,EA,False,KIOSK,Active,KIOSK,01t2K00000ApeKXQAZ
"UPDATE (QuantityUnitOfMeasure, Sales_Part_Status__c)",PTS6X4,PTS6X4,Table Top TV Stand - 600 x 400,True,Active,EA,True,CORE,Active,MOUNT,01t2K00000AoLHuQAN
"UPDATE (IsActive, QuantityUnitOfMeasure, Sales_Part_Status__c, ACU_PMPLCM__c, Category__c)",10003159,10003159,"BRACKET, HORIZONTAL - XHB552/XHB553",True,Active,EA,False,KIOSK,,,01t2K00000CgK3EQAV
"UPDATE (IsActive, QuantityUnitOfMeasure, Sales_Part_Status__c, ACU_PMPLCM__c, Category__c)",10003206-RBLK,10003206-RBLK,"SUPPORT TUBE, BLK",True,Active,EA,False,CORE,,,01t8V000008buF4QAI
"UPDATE (QuantityUnitOfMeasure, Sales_Part_Status__c)",A4X4,A4X4,"ETAIL UNIV ART MOUNT 32-50""+ NONSEC",True,Active,EA,False,E-TAIL,Active,MOUNT,01t2K00000ApcV3QAJ
"UPDATE (QuantityUnitOfMeasure, Sales_Part_Status__c)",A6X4,A6X4,"ETAIL UNIV ART MOUNT 50-75""+ NONSEC",True,Active,EA,False,E-TAIL,Active,MOUNT,01t2K00000ApcUmQAJ
"UPDATE (QuantityUnitOfMeasure, Sales_Part_Status__c)",ACC185,ACC185,"Screw and Spacer Kit for 85"" Microsoft Surface Hub 2S/2X",True,Active,EA,False,CORE,Active,MOUNT,01t2K00000Aoo5tQAB
"UPDATE (Description, US_Description__c, IsActive, QuantityUnitOfMeasure, ACU_Item_Status__c, Sales_Part_Status__c, ACU_PMPLCM__c, Category__c)",CO-SH55,CO-SH55,"(Customer Owned) 55"" NEPTUNE SHADE",True,Active,EA,False,NEPTUNE,Active,TV,01t2K00000AofVmQAJ
"UPDATE (Description, US_Description__c, IsActive, QuantityUnitOfMeasure, ACU_Item_Status__c, Sales_Part_Status__c, ACU_PMPLCM__c, Category__c)",CO-SH65,CO-SH65,"(Customer Owned) 65"" NEPTUNE SHADE",True,Active,EA,False,NEPTUNE,Active,TV,01t2K00000AofVnQAJ
"UPDATE (Description, US_Description__c, IsActive, QuantityUnitOfMeasure, ACU_Item_Status__c, Sales_Part_Status__c, ACU_PMPLCM__c, Category__c)",CO-SH75,CO-SH75,"(Customer Owned) 75"" NEPTUNE SHADE",True,Active,EA,False,NEPTUNE,Active,TV,01t2K00000AofVoQAJ
"UPDATE (IsActive, QuantityUnitOfMeasure, Sales_Part_Status__c, US_Price_Group_Name__c, Category__c)",DS-LEDA27-3X6,DS-LEDA27-3X6,3x3 Fixed Wall Mount for Absen Acclaim,True,Active,EA,False,DVLED,Active,LED,01tPW00000Etlg3YAB
"UPDATE (Description, US_Description__c, QuantityUnitOfMeasure, Sales_Part_Status__c, US_Price_Group_Name__c, Category__c)",DS-LEDIWP-7X7,DS-LEDIWP-7X7,7x7 Fixed Wall Mount for INFiLED WP,True,Active,EA,False,DVLED,Active,LED,01t2K00000Ch1PXQAZ
"UPDATE (QuantityUnitOfMeasure, Sales_Part_Status__c, Category__c)",DS-LEDTK-12VX5S,DS-LEDTK-12VX5S,"Universal DV-LED Trim Kit, 12' Vented x 5' Solid",True,Active,EA,False,DVLED,,LED,01t8V000008YtkiQAC
"UPDATE (QuantityUnitOfMeasure, Sales_Part_Status__c, Category__c)",DS-LEDTK-16VX8S,DS-LEDTK-16VX8S,"Universal DV-LED Trim Kit, 16' Vented x 8' Solid",True,Active,EA,False,DVLED,,LED,01t2K00000Aow10QAB
"UPDATE (QuantityUnitOfMeasure, Sales_Part_Status__c, Category__c)",DS-LEDTK-20VX6S,DS-LEDTK-20VX6S,"Universal DV-LED Trim Kit, 20' Vented x 6' Solid",True,Active,EA,False,DVLED,,LED,01t2K00000ChI4yQAF
"UPDATE (QuantityUnitOfMeasure, Sales_Part_Status__c, Category__c)",DS-LEDTK-24VX8S,DS-LEDTK-24VX8S,"Universal DV-LED Trim Kit, 24' Vented x 8' Solid",True,Active,EA,False,DVLED,,LED,01t2K00000ApKlsQAF
"UPDATE (QuantityUnitOfMeasure, Sales_Part_Status__c, Category__c)",DS-LEDTK-32VX10S,DS-LEDTK-32VX10S,"Universal DV-LED Trim Kit, 32' Vented x 10' Solid",True,Active,EA,False,DVLED,,LED,01t2K00000CgDcgQAF
"UPDATE (QuantityUnitOfMeasure, Sales_Part_Status__c, Category__c)",DS-LEDTK-6VX5S,DS-LEDTK-6VX5S,"Universal DV-LED Trim Kit, 6' Vented x 5' Solid",True,Active,EA,False,DVLED,,LED,01t2K00000CgaC8QAJ
"UPDATE (QuantityUnitOfMeasure, Sales_Part_Status__c, Category__c)",DS-LEDUPS-8X4,DS-LEDUPS-8X4,8X4 Fixed Wall Mount for Unilumin UpanelS,True,Active,EA,False,DVLED,,LED,01t2K000006XFuTQAW
"UPDATE (IsActive, QuantityUnitOfMeasure, ACU_Item_Status__c, Sales_Part_Status__c, US_Price_Group_Name__c, ACU_PMPLCM__c, Category__c)",DS-LEDZRD-16X6,DS-LEDZRD-16X6,16x6 Fixed Wall Mount for Sony ZRD B and C Series Display,False,Inactive,EA,False,DVLED,,LED,01t2K00000ChTmOQAV
INSERT,DS-LEDZRD-3X6,DS-LEDZRD-3X6,3x6 Fixed Wall Mount for Sony ZRD B and C Series Display,False,Inactive,EA,False,DVLED,,LED,
"UPDATE (QuantityUnitOfMeasure, Sales_Part_Status__c)",LCT650SD,LCT650SD,"1X2 Free Standing Universal Desktop Mt - 24-49"" Curved Ultra-Wide Monitors",True,Active,EA,False,CORE,Active,MOUNT,01t2K00000AowCNQAZ
"UPDATE (IsActive, QuantityUnitOfMeasure, ACU_Item_Status__c, Sales_Part_Status__c, US_Price_Group_Name__c, Category__c)",ODTV5502-B,ODTV5502-B,"55"" NEPTUNE SHADE SERIES 4K HDR - B STOCK - 30 DAY WARRANTY",True,Active,EA,False,NEPTUNE-OD,,TV,01t2K00000Aow0vQAB
"UPDATE (Description, US_Description__c, IsActive, QuantityUnitOfMeasure, ACU_Item_Status__c, Sales_Part_Status__c, US_Price_Group_Name__c, Category__c)",ODTV5502-R,ODTV5502-R,"55"" NEPTUNE SHADE SERIES 4K HDR - R STOCK - 1 YEAR WARRANTY; REFURBISHED",True,Active,EA,False,NEPTUNE-OD,,TV,01t2K00000Aow15QAB
"UPDATE (IsActive, QuantityUnitOfMeasure, ACU_Item_Status__c, Sales_Part_Status__c, US_Price_Group_Name__c, Category__c)",ODTV5502-SD,ODTV5502-SD,"55"" NEPTUNE SHADE SERIES 4K HDR - SALES DEMO",True,Active,EA,False,NEPTUNE-OD,,TV,01t2K00000Aow0wQAB
"UPDATE (IsActive, QuantityUnitOfMeasure, ACU_Item_Status__c, Sales_Part_Status__c, US_Price_Group_Name__c, Category__c)",ODTV5502-TS,ODTV5502-TS,"55"" NEPTUNE SHADE SERIES 4K HDR - TRADE SHOW UNIT",True,Active,EA,False,NEPTUNE-OD,,TV,01t2K00000Aow0qQAB
"UPDATE (IsActive, QuantityUnitOfMeasure, ACU_Item_Status__c, Sales_Part_Status__c, US_Price_Group_Name__c, Category__c)",ODTV6502-B,ODTV6502-B,"65"" NEPTUNE SHADE SERIES 4K HDR - B STOCK - 30 DAY WARRANTY",True,Active,EA,False,NEPTUNE-OD,,TV,01t2K00000Aow1KQAR
"UPDATE (Description, US_Description__c, IsActive, QuantityUnitOfMeasure, ACU_Item_Status__c, Sales_Part_Status__c, US_Price_Group_Name__c, Category__c)",ODTV6502-R,ODTV6502-R,"65"" NEPTUNE SHADE SERIES 4K HDR - R STOCK - 1 YEAR WARRANTY; REFURBISHED",True,Active,EA,False,NEPTUNE-OD,,TV,01t2K00000Aow1PQAR
"UPDATE (IsActive, QuantityUnitOfMeasure, ACU_Item_Status__c, Sales_Part_Status__c, US_Price_Group_Name__c, Category__c)",ODTV6502-SD,ODTV6502-SD,"65"" NEPTUNE SHADE SERIES 4K HDR - SALES DEMO",True,Active,EA,False,NEPTUNE-OD,,TV,01t2K00000Aow1FQAR
"UPDATE (IsActive, QuantityUnitOfMeasure, ACU_Item_Status__c, Sales_Part_Status__c, US_Price_Group_Name__c, Category__c)",ODTV6502-TS,ODTV6502-TS,"65"" NEPTUNE SHADE SERIES 4K HDR - TRADE SHOW UNIT",True,Active,EA,False,NEPTUNE-OD,,TV,01t2K00000Aow1AQAR
"UPDATE (IsActive, QuantityUnitOfMeasure, ACU_Item_Status__c, Sales_Part_Status__c, US_Price_Group_Name__c, Category__c)",ODTV7502-B,ODTV7502-B,"75"" NEPTUNE SHADE SERIES 4K HDR - B STOCK - 30 DAY WARRANTY",True,Active,EA,False,NEPTUNE-OD,,TV,01t2K00000Aow1QQAR
"UPDATE (Description, US_Description__c, IsActive, QuantityUnitOfMeasure, ACU_Item_Status__c, Sales_Part_Status__c, US_Price_Group_Name__c, Category__c)",ODTV7502-R,ODTV7502-R,"75"" NEPTUNE SHADE SERIES 4K HDR - R STOCK - 1 YEAR WARRANTY; REFURBISHED",True,Active,EA,False,NEPTUNE-OD,,TV,01t2K00000Aow1GQAR
"UPDATE (IsActive, QuantityUnitOfMeasure, ACU_Item_Status__c, Sales_Part_Status__c, US_Price_Group_Name__c, Category__c)",ODTV7502-SD,ODTV7502-SD,"75"" NEPTUNE SHADE SERIES 4K HDR - SALES DEMO",True,Active,EA,False,NEPTUNE-OD,,TV,01t2K00000Aow1UQAR
"UPDATE (IsActive, QuantityUnitOfMeasure, ACU_Item_Status__c, Sales_Part_Status__c, US_Price_Group_Name__c, Category__c)",ODTV7502-TS,ODTV7502-TS,"75"" NEPTUNE SHADE SERIES 4K HDR - TRADE SHOW UNIT",True,Active,EA,False,NEPTUNE-OD,,TV,01t2K00000Aow3QQAR
"UPDATE (QuantityUnitOfMeasure, Sales_Part_Status__c)",T4X4,T4X4,"ETAIL UNIV FLAT/TILT MOUNT 32-50""+ NONSEC",True,Active,EA,False,E-TAIL,Active,MOUNT,01t2K00000ApcUiQAJ
"UPDATE (QuantityUnitOfMeasure, Sales_Part_Status__c)",T6X4,T6X4,"ETAIL UNIV FLAT/TILT MOUNT 50-65""+ NONSEC",True,Active,EA,False,E-TAIL,Active,MOUNT,01t2K00000ApcXwQAJ
"UPDATE (QuantityUnitOfMeasure, Sales_Part_Status__c)",T8X4,T8X4,"ETAIL UNIV FLAT/TILT MOUNT 65-90""+ NONSEC",True,Active,EA,False,E-TAIL,Active,MOUNT,01t2K00000ApcWaQAJ
"UPDATE (IsActive, QuantityUnitOfMeasure, Sales_Part_Status__c, ACU_PMPLCM__c, Category__c)",10003143-TBLK,10003143-TBLK,"KOP2555 DISPLAY BRACKET, WELDMENT, TBLK",True,Active,EA,False,KIOSK,,,01t2K00000Ci54HQAR
"UPDATE (IsActive, QuantityUnitOfMeasure, Sales_Part_Status__c, ACU_PMPLCM__c, Category__c)",10003159-TBLK,10003159-TBLK,"BRACKET, HORIZONTAL - XHB552/XHB553, TBLK",True,Active,EA,False,KIOSK,,,01t2K00000Ci54CQAR
"UPDATE (IsActive, QuantityUnitOfMeasure, Sales_Part_Status__c, US_Price_Group_Name__c, ACU_PMPLCM__c, Category__c)",10005438-RBLK,10005438-RBLK,"STACKING HOOK BRACKET, LSCB, BLK",True,Active,EA,False,DVLED,,,01t2K00000ChTzXQAV
"UPDATE (IsActive, QuantityUnitOfMeasure, Sales_Part_Status__c, US_Price_Group_Name__c, ACU_PMPLCM__c, Category__c)",KIT-LEDSTK-LSCB-CTR,KIT-LEDSTK-LSCB-CTR,"KIT - CTR STACKING, LG LSCB, BLK",True,Active,EA,False,DVLED,,,01t2K00000ChThYQAV
"UPDATE (IsActive, QuantityUnitOfMeasure, Sales_Part_Status__c, US_Price_Group_Name__c, ACU_PMPLCM__c, Category__c)",KIT-LEDSTK-LSCB-END,KIT-LEDSTK-LSCB-END,"KIT - END STACKING, LG LSCB, BLK",True,Active,EA,False,DVLED,,,01t2K00000ChThiQAF
"UPDATE (IsActive, QuantityUnitOfMeasure, Sales_Part_Status__c, US_Price_Group_Name__c, ACU_PMPLCM__c, Category__c)",10005280,10005280,6MM LED MOUNTING STUD FOR SONY CRYSTAL,True,No Purchases,EA,False,DVLED,,,01t2K00000Cgp8YQAR
"UPDATE (QuantityUnitOfMeasure, Sales_Part_Status__c, ACU_PMPLCM__c, Category__c)",10005327,10005327,"Nut Cap for 3/4"" rod",True,Active,EA,False,KIOSK,,,01t2K00000AqHFdQAN
"UPDATE (Description, US_Description__c, QuantityUnitOfMeasure, Sales_Part_Status__c, US_Price_Group_Name__c, ACU_PMPLCM__c, Category__c)",600-0466,600-0466,TERM BLOCK CLAMP 6AWG-3X END CAP WEID 1749580000 - ZAP ZDU10-163AN,True,Active,EA,False,KIOSK,,,01t6A000000aspPQAQ
"UPDATE (IsActive, QuantityUnitOfMeasure, Sales_Part_Status__c, ACU_PMPLCM__c, Category__c)",10007325,10007325,CORD W/EU PLUG AND THERMOSTAT,True,Active,EA,False,KIOSK,,,01t2K00000ChubQQAR
"UPDATE (IsActive, QuantityUnitOfMeasure, Sales_Part_Status__c, US_Price_Group_Name__c, ACU_PMPLCM__c, Category__c)",10007532,10007532,"ALUMINUM EXTRUSION, 20MM X 20MM X 1504MM",True,Active,EA,False,DVLED,,,01t8V0000095g1dQAA
"UPDATE (IsActive, QuantityUnitOfMeasure, Sales_Part_Status__c, US_Price_Group_Name__c, ACU_PMPLCM__c, Category__c)",10010065-RBLK,10010065-RBLK,"SUBASSEMBLY, 3 TILE RIGHT ADAPTER, SAMSUNG IER, BLK",True,Active,EA,False,DVLED,,,01tPW000000leIFYAY
"UPDATE (IsActive, QuantityUnitOfMeasure, Sales_Part_Status__c, US_Price_Group_Name__c, ACU_PMPLCM__c, Category__c)",10010072-RBLK,10010072-RBLK,"SUBASSEMBLY, 3 TILE LEFT ADAPTER, SAMSUNG IER, BLK",True,Active,EA,False,DVLED,,,01tPW000000llptYAA
"UPDATE (IsActive, QuantityUnitOfMeasure, Sales_Part_Status__c, US_Price_Group_Name__c, ACU_PMPLCM__c, Category__c)",10010102-RBLK,10010102-RBLK,"SUBASSEMBLY, 5 TILE LEFT ADAPTER, SAMSUNG IER, BLK",True,Active,EA,False,DVLED,,,01tPW000000lgS9YAI
"UPDATE (IsActive, QuantityUnitOfMeasure, Sales_Part_Status__c, US_Price_Group_Name__c, ACU_PMPLCM__c, Category__c)",10010106-RBLK,10010106-RBLK,"SUBASSEMBLY, 5 TILE RIGHT ADAPTER, SAMSUNG IER, BLK",True,Active,EA,False,DVLED,,,01tPW000000ljeQYAQ
"UPDATE (IsActive, QuantityUnitOfMeasure, Sales_Part_Status__c, US_Price_Group_Name__c, ACU_PMPLCM__c, Category__c)",147-8120,147-8120,FASTPACK UNILUMIN UPANELS-8X8,True,Active,EA,False,DVLED,,,01t8V000008XMLOQA4
"UPDATE (IsActive, QuantityUnitOfMeasure, Sales_Part_Status__c, ACU_PMPLCM__c, Category__c)",154-8184,154-8184,"FASTPACK, KOF-OPT-SPK",True,Active,EA,False,KIOSK,,,01t8V0000095kGqQAI
"UPDATE (QuantityUnitOfMeasure, ACU_Item_Status__c, Sales_Part_Status__c, ACU_PMPLCM__c, Category__c)",553DNT1S-UA,553DNT1S-UA,"55"" NEPTUNE OUTDOOR UHD SMART TV W/ MOUNT",False,Inactive,EA,False,NEPTUNE,Use Up,TV,01t2K00000Ci0AsQAJ
INSERT,591-1042,591-1042,"ACCD-DC553 Dust cover (55"")",True,Active,EA,False,NEPTUNE,Active,TV,
INSERT,591-1043,591-1043,"ACCD-DC653 Dust cover (65"")",True,Active,EA,False,NEPTUNE,Active,TV,
INSERT,591-1044,591-1044,"ACCD-DC753 Dust cover (75"")",True,Active,EA,False,NEPTUNE,Active,TV,
"UPDATE (QuantityUnitOfMeasure, Sales_Part_Status__c, ACU_PMPLCM__c, Category__c)",600-0453,600-0453,24 WATT 24 VDC POWER SUPPLY,True,Active,EA,False,KIOSK,,,01t6A000000arCzQAI
"UPDATE (IsActive, QuantityUnitOfMeasure, ACU_Item_Status__c, Sales_Part_Status__c, ACU_PMPLCM__c, Category__c)",653DNT1S-UA,653DNT1S-UA,"65"" NEPTUNE OUTDOOR UHD SMART TV W/ MOUNT",True,No Purchases,EA,False,NEPTUNE,Active,TV,01t2K00000Ci0AwQAJ
"UPDATE (QuantityUnitOfMeasure, ACU_Item_Status__c, Sales_Part_Status__c, Category__c)",753DNT1S-UA,753DNT1S-UA,"75"" NEPTUNE OUTDOOR UHD SMART TV W/ MOUNT",False,Inactive,EA,False,NEPTUNE,,TV,01t2K00000Ci0ArQAJ
"UPDATE (QuantityUnitOfMeasure, Sales_Part_Status__c)",ACCD-DC553,ACCD-DC553,"55"" Neptune Outdoor TV Dust Cover - Gen3",True,Active,EA,True,NEPTUNE-ACC,Active,TV,01t2K00000ChukIQAR
"UPDATE (QuantityUnitOfMeasure, Sales_Part_Status__c)",ACCD-DC653,ACCD-DC653,"65"" Neptune Outdoor TV Dust Cover - Gen3",True,Active,EA,True,NEPTUNE-ACC,Active,TV,01t2K00000ChukSQAR
"UPDATE (QuantityUnitOfMeasure, Sales_Part_Status__c)",ACCD-DC753,ACCD-DC753,"75"" Neptune Outdoor TV Dust Cover - Gen3",True,Active,EA,True,NEPTUNE-ACC,Active,TV,01t2K00000ChukTQAR
"UPDATE (IsActive, QuantityUnitOfMeasure, Sales_Part_Status__c, ACU_PMPLCM__c)",ACCD-REM03,ACCD-REM03,Peerless-AV Neptune Outdoor Rated SMART Remote,False,No Sales,EA,False,NEPTUNE,,TV,01t8V000008plFOQAY
"UPDATE (QuantityUnitOfMeasure, Sales_Part_Status__c)",ACCK122,ACCK122,5pk filter replacement for KOF-OPT-FAN,True,No Purchases,EA,False,KIOSK,Active,KIOSK,01t2K00000CgtThQAJ
"UPDATE (Description, US_Description__c, QuantityUnitOfMeasure, Sales_Part_Status__c)",ACC-V1500X,ACC-V1500X,Adaptor Accessory for 1500 and 1200mm Wide Mounting Patterns,True,Active,EA,False,CORE,Active,MOUNT,01t2K00000ChukmQAB
"UPDATE (Description, US_Description__c, QuantityUnitOfMeasure, Sales_Part_Status__c)",BWPTV553,BWPTV553,"55"" 500 Nits Partial Sun, Web OS Hub, Includes Outdoor Tilt Mount",True,Active,EA,True,NEPTUNE-BWP,Active,TV,01t2K00000ChujtQAB
"UPDATE (Description, US_Description__c, QuantityUnitOfMeasure, Sales_Part_Status__c)",BWPTV653,BWPTV653,"65"" 500 Nits Partial Sun, Web OS Hub, Includes Outdoor Tilt Mount",True,Active,EA,True,NEPTUNE-BWP,Active,TV,01t2K00000ChujeQAB
"UPDATE (Description, US_Description__c, QuantityUnitOfMeasure, ACU_Item_Status__c, Sales_Part_Status__c, US_Price_Group_Name__c, Category__c)",BWPTV753,BWPTV753,"75"" 500 Nits Partial Sun, Web OS Hub, Includes Outdoor Tilt Mount",False,Inactive,EA,False,NEPTUNE-BWP,,TV,01t2K00000ChujUQAR
"UPDATE (Description, US_Description__c, IsActive, QuantityUnitOfMeasure, ACU_Item_Status__c, Sales_Part_Status__c, ACU_PMPLCM__c, Category__c)",COTV5503,COTV5503,"55"" 500 Nits Partial Sun, Web OS Hub, Includes Outdoor Tilt Mount",True,Active,EA,False,NEPTUNE,Active,TV,01t2K00000ChujuQAB
"UPDATE (Description, US_Description__c, IsActive, QuantityUnitOfMeasure, ACU_Item_Status__c, Sales_Part_Status__c, ACU_PMPLCM__c, Category__c)",COTV6503,COTV6503,"65"" 500 Nits Partial Sun, Web OS Hub, Includes Outdoor Tilt Mount",True,Active,EA,False,NEPTUNE,Active,TV,01t2K00000ChujfQAB
"UPDATE (Description, US_Description__c, QuantityUnitOfMeasure, ACU_Item_Status__c, Sales_Part_Status__c, Category__c)",COTV7503,COTV7503,"75"" 500 Nits Partial Sun, Web OS Hub, Includes Outdoor Tilt Mount",False,Inactive,EA,False,NEPTUNE,,TV,01t2K00000Chuk3QAB
"UPDATE (IsActive, QuantityUnitOfMeasure, Sales_Part_Status__c)",DEV-KLR64255,DEV-KLR64255,"Ligature Resist TV Encl- 42"" to 55"" _TCI Oyster White",True,Active,EA,False,KIOSK,Active,KIOSK,01t2K00000Chg1BQAR
"UPDATE (IsActive, QuantityUnitOfMeasure, Sales_Part_Status__c)",DEV-KLR64255-GW,DEV-KLR64255-GW,"Ligature Resist TV Encl- 42"" to 55"" _Gloss White",True,Active,EA,False,KIOSK,Active,KIOSK,01t8V000008bt65QAA
"UPDATE (IsActive, QuantityUnitOfMeasure, Sales_Part_Status__c)",DEV-PLCM-2WHT,DEV-PLCM-2WHT,PLCM-2 in Sky White,True,Active,EA,False,CORE,Active,MOUNT,01t2K00000CfcWXQAZ
"UPDATE (Description, US_Description__c, IsActive, QuantityUnitOfMeasure, Sales_Part_Status__c, US_Price_Group_Name__c, Category__c)",DS-LEDA27-2X4,DS-LEDA27-2X4,DS-LEDA27-2X4,True,Active,EA,False,DVLED,Active,LED,01t2K00000CgywwQAB
"UPDATE (IsActive, QuantityUnitOfMeasure, Sales_Part_Status__c, US_Price_Group_Name__c, Category__c)",DS-LEDA27-6X5,DS-LEDA27-6X5,6X5 Fixed Wall Mount for Absen Acclaim,True,Active,EA,False,DVLED,Active,LED,01t2K00000ChCzpQAF
"UPDATE (Description, US_Description__c, IsActive, QuantityUnitOfMeasure, Sales_Part_Status__c, US_Price_Group_Name__c, Category__c)",DS-LEDIER-15X5,DS-LEDIER-15X5,"15x5 Flat Wall Mount for Samsung IEA, IER and IFR DvLED Displays",True,Active,EA,False,DVLED,Active,LED,01t2K00000CgliqQAB
INSERT,DS-LEDIER-4X3,DS-LEDIER-4X3,"4X3 Flat Wall Mount for Samsung IEA, IER and IFR DvLED Displays",False,Inactive,EA,False,DVLED,,LED,
"UPDATE (Description, US_Description__c, QuantityUnitOfMeasure, Sales_Part_Status__c, Category__c)",DS-LEDIER-6X3,DS-LEDIER-6X3,"6x3 Flat Wall Mount for Samsung IEA, IER and IFR DvLED Displays",True,Active,EA,False,DVLED,,LED,01t2K00000Cg1WAQAZ
"UPDATE (Description, US_Description__c, IsActive, QuantityUnitOfMeasure, Sales_Part_Status__c, US_Price_Group_Name__c, Category__c)",DS-LEDLSAA-12X4,DS-LEDLSAA-12X4,12X4 Fixed Wall Mount for LG LSAA Series,True,No Request,EA,False,DVLED,Use Up,LED,01t2K00000Chpg5QAB
"UPDATE (Description, US_Description__c, IsActive, QuantityUnitOfMeasure, Sales_Part_Status__c, US_Price_Group_Name__c, Category__c)",DS-LEDLSAA-24X7,DS-LEDLSAA-24X7,24x7 Fixed Wall Mount for LG LSAA Series,True,No Request,EA,False,DVLED,Use Up,LED,01t2K00000ChpgjQAB
"UPDATE (Description, US_Description__c, IsActive, QuantityUnitOfMeasure, Sales_Part_Status__c, US_Price_Group_Name__c, Category__c)",DS-LEDLSAA-32X7,DS-LEDLSAA-32X7,32x7 Fixed Wall Mount for LG LSAA Series,True,No Request,EA,False,DVLED,Use Up,LED,01t2K00000ChpfrQAB
"UPDATE (IsActive, QuantityUnitOfMeasure, Sales_Part_Status__c, US_Price_Group_Name__c, Category__c)",DS-LEDLSCB-2X2,DS-LEDLSCB-2X2,2x2 Fixed Wall Mount for LG LSCB,True,Active,EA,False,DVLED,Active,LED,01t2K00000ChpgPQAR
"UPDATE (QuantityUnitOfMeasure, Sales_Part_Status__c, Category__c)",DS-LEDLSCB-3X3,DS-LEDLSCB-3X3,3x3 Fixed Wall Mount for LG LSCB,True,No Purchases,EA,False,DVLED,,LED,01t2K00000CgtMWQAZ
"UPDATE (IsActive, QuantityUnitOfMeasure, Sales_Part_Status__c, US_Price_Group_Name__c, Category__c)",DS-LEDLSCB-3X4,DS-LEDLSCB-3X4,3x4 Fixed Wall Mount for LG LSCB,True,Active,EA,False,DVLED,Active,LED,01t2K00000ChTzSQAV
"UPDATE (QuantityUnitOfMeasure, Sales_Part_Status__c, Category__c)",DS-LEDLSCB-4X4,DS-LEDLSCB-4X4,4x4 Fixed Wall Mount for LG LSCB,True,No Purchases,EA,False,DVLED,,LED,01t2K00000ChukhQAB
"UPDATE (IsActive, QuantityUnitOfMeasure, Sales_Part_Status__c, US_Price_Group_Name__c, Category__c)",DS-LEDLSCB-5X7,DS-LEDLSCB-5X7,5x7 LG LSCB Dedicated Wall Mount,True,Active,EA,False,DVLED,Active,LED,01t2K00000CgcIdQAJ
"UPDATE (QuantityUnitOfMeasure, Sales_Part_Status__c, Category__c)",DS-LEDLSCB-8X4,DS-LEDLSCB-8X4,8x4 Fixed Wall Mount for LG LSCB,True,No Purchases,EA,False,DVLED,,LED,01t2K00000CgSZcQAN
"UPDATE (QuantityUnitOfMeasure, Sales_Part_Status__c, Category__c)",DS-LEDTK-10VX5S,DS-LEDTK-10VX5S,"Universal DV-LED Trim Kit, 10' Vented x 5' Solid",True,Active,EA,False,DVLED,,LED,01t2K00000AqAmOQAV
"UPDATE (QuantityUnitOfMeasure, Sales_Part_Status__c, Category__c)",DS-LEDTK-13VX6S,DS-LEDTK-13VX6S,"Universal DV-LED Trim Kit, 13' Vented x 6' Solid",True,Active,EA,False,DVLED,,LED,01t2K00000CfeCuQAJ
"UPDATE (QuantityUnitOfMeasure, Sales_Part_Status__c, Category__c)",DS-LEDTK-13VX8S,DS-LEDTK-13VX8S,"Universal DV-LED Trim Kit, 13' Vented x 8' Solid",True,Active,EA,False,DVLED,,LED,01t2K00000ApB6gQAF
"UPDATE (QuantityUnitOfMeasure, Sales_Part_Status__c, Category__c)",DS-LEDTK-14VX8S,DS-LEDTK-14VX8S,"Universal DV-LED Trim Kit, 14' Vented x 8' Solid",True,Active,EA,False,DVLED,,LED,01t2K00000Aq73nQAB
"UPDATE (IsActive, QuantityUnitOfMeasure, Sales_Part_Status__c, US_Price_Group_Name__c, Category__c)",DS-LEDTK-15VX8S,DS-LEDTK-15VX8S,"Universal DV-LED Trim Kit, 15' Vented x 8' Solid",True,Active,EA,False,DVLED,Active,LED,01t2K00000CgvMoQAJ
"UPDATE (QuantityUnitOfMeasure, Sales_Part_Status__c, Category__c)",DS-LEDTK-17VX10S,DS-LEDTK-17VX10S,"Universal DV-LED Trim Kit, 17' Vented x 10' Solid",True,Active,EA,False,DVLED,,LED,01t2K00000CgYHeQAN
"UPDATE (QuantityUnitOfMeasure, Sales_Part_Status__c, Category__c)",DS-LEDTK-18VX10S,DS-LEDTK-18VX10S,"Universal DV-LED Trim Kit, 18' Vented x 10' Solid",True,Active,EA,False,DVLED,,LED,01t2K00000ApcXPQAZ
"UPDATE (IsActive, QuantityUnitOfMeasure, Sales_Part_Status__c, US_Price_Group_Name__c, Category__c)",DS-LEDTK-19VX6S,DS-LEDTK-19VX6S,"Universal DV-LED Trim Kit, 19' Vented x 6' Solid",True,Active,EA,False,DVLED,Active,LED,01t2K00000CfuzoQAB
"UPDATE (QuantityUnitOfMeasure, Sales_Part_Status__c, Category__c)",DS-LEDTK-20VX11S,DS-LEDTK-20VX11S,"Universal DV-LED Trim Kit, 20' Vented x 11' Solid",True,Active,EA,False,DVLED,,LED,01t2K00000ChqawQAB
"UPDATE (IsActive, QuantityUnitOfMeasure, Sales_Part_Status__c, US_Price_Group_Name__c, Category__c)",DS-LEDTK-28VX8S,DS-LEDTK-28VX8S,"Universal DV-LED Trim Kit, 28' Vented x 8' Solid",True,Active,EA,False,DVLED,Active,LED,01t2K00000Chg9jQAB
"UPDATE (QuantityUnitOfMeasure, Sales_Part_Status__c, Category__c)",DS-LEDTK-30VX8S,DS-LEDTK-30VX8S,"Universal DV-LED Trim Kit, 30' Vented x 8' Solid",True,Active,EA,False,DVLED,,LED,01t2K00000AqHWFQA3
"UPDATE (QuantityUnitOfMeasure, Sales_Part_Status__c, Category__c)",DS-LEDTK-32VX5S,DS-LEDTK-32VX5S,"Universal DV-LED Trim Kit, 32' Vented x 5' Solid",True,Active,EA,False,DVLED,,LED,01t2K00000ApjErQAJ
"UPDATE (IsActive, QuantityUnitOfMeasure, Sales_Part_Status__c, US_Price_Group_Name__c, Category__c)",DS-LEDTK-48VX10S,DS-LEDTK-48VX10S,"Universal DV-LED Trim Kit, 48' Vented x 10' Solid",True,Active,EA,False,DVLED,Active,LED,01t2K00000CgDclQAF
"UPDATE (QuantityUnitOfMeasure, Sales_Part_Status__c, Category__c)",DS-LEDTK-5VX8S,DS-LEDTK-5VX8S,"Universal DV-LED Trim Kit, 5' Vented x 8' Solid",True,Active,EA,False,DVLED,,LED,01t2K00000ApcTeQAJ
"UPDATE (QuantityUnitOfMeasure, Sales_Part_Status__c, Category__c)",DS-LEDTK-6VX8S,DS-LEDTK-6VX8S,"Universal DV-LED Trim Kit, 6' Vented x 8' Solid",True,Active,EA,False,DVLED,,LED,01t2K00000ApcSuQAJ
"UPDATE (QuantityUnitOfMeasure, Sales_Part_Status__c, Category__c)",DS-LEDTK-8VX10S,DS-LEDTK-8VX10S,"Universal DV-LED Trim Kit, 8' Vented x 10' Solid",True,Active,EA,False,DVLED,,LED,01t2K00000CfyAiQAJ
"UPDATE (Description, US_Description__c, IsActive, QuantityUnitOfMeasure, Sales_Part_Status__c, US_Price_Group_Name__c, Category__c)",DS-LEDUPS-2X4,DS-LEDUPS-2X4,DS-LEDUPS-2X4,True,Active,EA,False,DVLED,Active,LED,01t2K00000CgxBUQAZ
"UPDATE (QuantityUnitOfMeasure, Sales_Part_Status__c, US_Price_Group_Name__c, ACU_PMPLCM__c, Category__c)",DS-LEDUPS-3X1,DS-LEDUPS-3X1,3x1 Fixed Wall Mount for Unilumin UpanelS,False,Inactive,EA,False,DVLED,,LED,01t2K00000CfzggQAB
"UPDATE (QuantityUnitOfMeasure, Sales_Part_Status__c, Category__c)",DS-LEDUPS-3X4,DS-LEDUPS-3X4,3x4 Fixed Wall Mount for Unilumin UpanelS,True,No Request,EA,False,DVLED,,LED,01t2K00000CgY8NQAV
"UPDATE (QuantityUnitOfMeasure, Sales_Part_Status__c, Category__c)",DS-LEDUPS-4X8,DS-LEDUPS-4X8,4X8 Fixed Wall Mount for Unilumin UpanelS,True,Active,EA,False,DVLED,,LED,01t2K00000CgY8IQAV
"UPDATE (IsActive, QuantityUnitOfMeasure, Sales_Part_Status__c, US_Price_Group_Name__c, Category__c)",DS-LEDUPS-5X4,DS-LEDUPS-5X4,5x4 Fixed Wall Mount for Unilumin UpanelS,True,Active,EA,False,DVLED,Active,LED,01t8V000005o5SGQAY
"UPDATE (Description, US_Description__c, QuantityUnitOfMeasure, Sales_Part_Status__c, Category__c)",DS-LEDUPS-7X7,DS-LEDUPS-7X7,7x7 Fixed Wall Mount Unilumin UPanelS,True,Active,EA,False,DVLED,,LED,01t2K000006X8YVQA0
"UPDATE (IsActive, QuantityUnitOfMeasure, Sales_Part_Status__c, US_Price_Group_Name__c, Category__c)",DS-LEDUPS-8X3,DS-LEDUPS-8X3,8X3 Fixed Wall Mount for Unilumin UpanelS,True,Active,EA,False,DVLED,Active,LED,01t2K00000Cgz6rQAB
"UPDATE (IsActive, QuantityUnitOfMeasure, ACU_Item_Status__c, Sales_Part_Status__c, US_Price_Group_Name__c, Category__c)",DS-LEDVST-10X5,DS-LEDVST-10X5,10x5 Fixed Wall Mount for SNA VST Series Display,True,No Purchases,EA,False,DVLED,Use Up,LED,01tPW00000Etlg4YAB
"UPDATE (IsActive, QuantityUnitOfMeasure, ACU_Item_Status__c, Sales_Part_Status__c, US_Price_Group_Name__c, Category__c)",DS-LEDVST-12X6,DS-LEDVST-12X6,12x6 Fixed Wall Mount for SNA VST Series Display,True,No Purchases,EA,False,DVLED,Use Up,LED,01tPW00000Etlg5YAB
"UPDATE (IsActive, QuantityUnitOfMeasure, ACU_Item_Status__c, Sales_Part_Status__c, US_Price_Group_Name__c, Category__c)",DS-LEDVST-6X3,DS-LEDVST-6X3,6x3 Fixed Wall Mount for SNA VST Series Display,True,No Purchases,EA,False,DVLED,Use Up,LED,01tPW00000Etlg6YAB
"UPDATE (IsActive, QuantityUnitOfMeasure, ACU_Item_Status__c, Sales_Part_Status__c, US_Price_Group_Name__c, Category__c)",DS-LEDVST-8X4,DS-LEDVST-8X4,8x4 Fixed Wall Mount for SNA VST Series Display,True,No Purchases,EA,False,DVLED,Use Up,LED,01tPW00000Etlg7YAB
"UPDATE (IsActive, QuantityUnitOfMeasure, ACU_Item_Status__c, Sales_Part_Status__c, US_Price_Group_Name__c, ACU_PMPLCM__c, Category__c)",DS-LEDZRD-10X10,DS-LEDZRD-10X10,10X10 Fixed Wall Mount for Sony ZRD B and C Series Display,False,Inactive,EA,False,DVLED,,LED,01t2K00000Cgyy9QAB
"UPDATE (IsActive, QuantityUnitOfMeasure, ACU_Item_Status__c, Sales_Part_Status__c, US_Price_Group_Name__c, ACU_PMPLCM__c, Category__c)",DS-LEDZRD-4X4,DS-LEDZRD-4X4,4x4 Fixed Wall Mount for Sony ZRD B and C Series Display,False,Inactive,EA,False,DVLED,,LED,01t2K00000CgxI1QAJ
"UPDATE (IsActive, QuantityUnitOfMeasure, ACU_Item_Status__c, Sales_Part_Status__c, US_Price_Group_Name__c, ACU_PMPLCM__c, Category__c)",DS-LEDZRD-5X5,DS-LEDZRD-5X5,5x5 Fixed Wall Mount for Sony ZRD B and C Series Display,False,Inactive,EA,False,DVLED,,LED,01t2K00000CgyyJQAR
"UPDATE (IsActive, QuantityUnitOfMeasure, ACU_Item_Status__c, Sales_Part_Status__c, US_Price_Group_Name__c, ACU_PMPLCM__c, Category__c)",DS-LEDZRD-7X7,DS-LEDZRD-7X7,7x7 Fixed Wall Mount for Sony ZRD B and C Series Display,False,Inactive,EA,False,DVLED,,LED,01t2K00000CgyyFQAR
"UPDATE (IsActive, QuantityUnitOfMeasure, ACU_Item_Status__c, Sales_Part_Status__c, US_Price_Group_Name__c, ACU_PMPLCM__c, Category__c)",DS-LEDZRD-8X8,DS-LEDZRD-8X8,8x8 Fixed Wall Mount for Sony ZRD B and C Series Display,False,Inactive,EA,False,DVLED,,LED,01t2K00000CgK33QAF
"UPDATE (QuantityUnitOfMeasure, Sales_Part_Status__c)",ECMUA,ECMUA,"Outdoor Adjustable Ceiling Mount - 43-75"" Displays",True,Active,EA,True,CORE,Active,MOUNT,01t8V000008YtRGQA0
"UPDATE (QuantityUnitOfMeasure, Sales_Part_Status__c)",IMAL,IMAL,"Display Adaptor for 12""-24.5"" wide I-beams",True,Active,EA,False,CORE,Active,MOUNT,01t2K00000CgC2CQAV
"UPDATE (QuantityUnitOfMeasure, Sales_Part_Status__c)",IMAM,IMAM,"Display Adaptor for up to 12"" wide I-beams",True,Active,EA,False,CORE,Active,MOUNT,01t2K00000CgC27QAF
"UPDATE (Description, US_Description__c, QuantityUnitOfMeasure, Sales_Part_Status__c)",KIRP-XHB4,KIRP-XHB4,Smart City IR Touch Overlay  for XHB554,True,Active,EA,False,KIOSK,Active,KIOSK,01t2K00000Chpf7QAB
"UPDATE (Description, QuantityUnitOfMeasure, Sales_Part_Status__c)",KIRP-XHB4-HT,KIRP-XHB4-HT,Smart City IR Touch Overlay w/ Heater -  for XHB554,True,No Purchases,EA,False,KIOSK,Use Up,KIOSK,01t2K00000Chpf8QAB
"UPDATE (Description, US_Description__c, QuantityUnitOfMeasure, Sales_Part_Status__c)",KOF-OPT-553BRKTS,KOF-OPT-553BRKTS,adapter brackets for XHB553,True,No Purchases,EA,False,KIOSK,Use Up,KIOSK,01t2K00000Cg5MBQAZ
"UPDATE (QuantityUnitOfMeasure, Sales_Part_Status__c)",KOF-OPT-ELECTRICAL,KOF-OPT-ELECTRICAL,Electrical box for KOF555,True,Active,EA,False,KIOSK,Active,KIOSK,01t2K00000CgGpkQAF
"UPDATE (QuantityUnitOfMeasure, Sales_Part_Status__c)",KOF-OPT-FAN,KOF-OPT-FAN,Fan option for KOF,True,Active,EA,False,KIOSK,Active,KIOSK,01t2K00000CgGpaQAF
"UPDATE (QuantityUnitOfMeasure, Sales_Part_Status__c)",KOF-OPT-SHELF,KOF-OPT-SHELF,Shelf for KOF555,True,Active,EA,False,KIOSK,Active,KIOSK,01t2K00000CgGpbQAF
"UPDATE (QuantityUnitOfMeasure, Sales_Part_Status__c)",KOF-OPT-SPK,KOF-OPT-SPK,Speaker and mic for KOF555,True,Active,EA,False,KIOSK,Active,KIOSK,01t2K00000CgGpuQAF
"UPDATE (Description, US_Description__c, QuantityUnitOfMeasure, Sales_Part_Status__c)",MIS44193MC-ACC,MIS44193MC-ACC,Wall Plate Acc for LG 42SH7DB 3x1 for MIS44193MC-ADA,True,Active,EA,False,DS,Active,MOUNT,01t2K00000Ci55KQAR
"UPDATE (QuantityUnitOfMeasure, ACU_Item_Status__c, Sales_Part_Status__c)",MIS44193MC-ADA,MIS44193MC-ADA,ADA DMB WM-Flat for 47WS50MS/49UH7F-H/49SH7DB,True,Active,EA,False,DS,Active,MOUNT,01t2K00000Ci0RTQAZ
"UPDATE (Description, US_Description__c, QuantityUnitOfMeasure, Sales_Part_Status__c)",NT553,NT553,"55"" 500 Nits Partial Sun, Web OS Hub, Includes Outdoor Tilt Mount",True,Active,EA,True,NEPTUNE,Active,TV,01t2K00000ChrRlQAJ
"UPDATE (Description, US_Description__c, QuantityUnitOfMeasure, Sales_Part_Status__c)",NT653,NT653,"65"" 500 Nits Partial Sun, Web OS Hub, Includes Outdoor Tilt Mount",True,Active,EA,True,NEPTUNE,Active,TV,01t2K00000ChrRqQAJ
"UPDATE (Description, US_Description__c, QuantityUnitOfMeasure, Sales_Part_Status__c)",NT753,NT753,"75"" 500 Nits Partial Sun, Web OS Hub, Includes Outdoor Tilt Mount",True,No Purchases,EA,False,NEPTUNE,Use Up,TV,01t2K00000ChrRrQAJ
"UPDATE (IsActive, QuantityUnitOfMeasure, ACU_Item_Status__c, Sales_Part_Status__c, US_Price_Group_Name__c, ACU_PMPLCM__c, Category__c)",ODSB01-B,ODSB01-B,Neptune Outdoor Soundbar - B-Stock,True,Active,EA,False,NEPTUNE,Active,TV,01t2K00000Apo2oQAB
"UPDATE (IsActive, QuantityUnitOfMeasure, ACU_Item_Status__c, Sales_Part_Status__c, US_Price_Group_Name__c, Category__c)",ODTV5502-S,ODTV5502-S,"55"" Neptune Model Sample, No Mount, 90 Day Warranty",True,Active,EA,False,NEPTUNE-OD,,TV,01t2K00000AoxwWQAR
"UPDATE (Description, US_Description__c, QuantityUnitOfMeasure, Sales_Part_Status__c, ACU_Authorization_Required__c)",ODTV5503,ODTV5503,"55"" 500 Nits Partial Sun, Web OS Hub, Includes Outdoor Tilt Mount",True,Active,EA,False,NEPTUNE-OD,Active,TV,01t2K00000ChukNQAR
"UPDATE (IsActive, QuantityUnitOfMeasure, ACU_Item_Status__c, Sales_Part_Status__c, US_Price_Group_Name__c, Category__c)",ODTV6502-S,ODTV6502-S,"65"" Neptune Model Sample, Inlcudes Mount, 90 day Warranty",True,Active,EA,False,NEPTUNE-OD,,TV,01t2K00000AoxwXQAR
"UPDATE (Description, US_Description__c, QuantityUnitOfMeasure, Sales_Part_Status__c, ACU_Authorization_Required__c)",ODTV6503,ODTV6503,"65"" 500 Nits Partial Sun, Web OS Hub, Includes Outdoor Tilt Mount",True,Active,EA,False,NEPTUNE-OD,Active,TV,01t2K00000ChujjQAB
"UPDATE (IsActive, QuantityUnitOfMeasure, ACU_Item_Status__c, Sales_Part_Status__c, US_Price_Group_Name__c, Category__c)",ODTV7502-S,ODTV7502-S,"75"" Neptune Model Sample, Inlcudes Mount, 90 day Warranty",True,Active,EA,False,NEPTUNE-OD,,TV,01t2K00000AoxwRQAR
"UPDATE (Description, US_Description__c, IsActive, QuantityUnitOfMeasure, ACU_Item_Status__c, Sales_Part_Status__c, US_Price_Group_Name__c, Category__c)",ODTV7503,ODTV7503,"75"" 500 Nits Partial Sun, Web OS Hub, Includes Outdoor Tilt Mount",False,Inactive,EA,False,NEPTUNE-OD,,TV,01t2K00000ChukOQAR
"UPDATE (QuantityUnitOfMeasure, Sales_Part_Status__c)",SF680P-HUB2,SF680P-HUB2,"FLAT WALL MOUNT FOR MICROSOFT SURFACE HUB 85"" 2S",True,Active,EA,True,CORE,Active,MOUNT,01t2K00000AptM3QAJ
"UPDATE (Description, US_Description__c, QuantityUnitOfMeasure, Sales_Part_Status__c, ACU_Authorization_Required__c)",SOTV553,SOTV553,"55"" 500 Nits Partial Sun, Web OS Hub, Includes Outdoor Tilt Mount",True,Active,EA,False,NEPTUNE-SO,Active,TV,01t2K00000ChujyQAB
"UPDATE (Description, US_Description__c, QuantityUnitOfMeasure, Sales_Part_Status__c, ACU_Authorization_Required__c)",SOTV653,SOTV653,"65"" 500 Nits Partial Sun, Web OS Hub, Includes Outdoor Tilt Mount",True,Active,EA,False,NEPTUNE-SO,Active,TV,01t2K00000ChujoQAB
"UPDATE (Description, US_Description__c, QuantityUnitOfMeasure, ACU_Item_Status__c, Sales_Part_Status__c, US_Price_Group_Name__c, Category__c)",SOTV753,SOTV753,"75"" 500 Nits Partial Sun, Web OS Hub, Includes Outdoor Tilt Mount",False,Inactive,EA,False,NEPTUNE-SO,,TV,01t2K00000ChujZQAR
"UPDATE (QuantityUnitOfMeasure, Sales_Part_Status__c)",SR598-HUB2,SR598-HUB2,"SMARTMOUNT UNIVERSAL CART FOR MICROSOFT SURFACE HUB - 85"" 2S",True,Active,EA,True,CORE,Active,MOUNT,01t2K00000ApB6cQAF
"UPDATE (QuantityUnitOfMeasure, ACU_Item_Status__c, Sales_Part_Status__c, Category__c)",SXN-55,SXN-55,"55"" NEPTUNE SHADE SERIES 4K HDR OUTDOOR TV W/ TILT MOUNT",False,Inactive,EA,False,NEPTUNE,,TV,01t2K00000ApUVyQAN
"UPDATE (IsActive, QuantityUnitOfMeasure, ACU_Item_Status__c, Sales_Part_Status__c, Category__c)",SXN-65,SXN-65,"65"" NEPTUNE SHADE SERIES 4K HDR OUTDOOR TV W/ TILT MOUNT",True,No Purchases,EA,False,NEPTUNE,,TV,01t2K00000ApUVzQAN
"UPDATE (QuantityUnitOfMeasure, ACU_Item_Status__c, Sales_Part_Status__c, Category__c)",SXN-75,SXN-75,"75"" NEPTUNE SHADE SERIES 4K HDR OUTDOOR TV W/ TILT MOUNT",False,Inactive,EA,False,NEPTUNE,,TV,01t2K00000ApUVtQAN
"UPDATE (IsActive, QuantityUnitOfMeasure, ACU_Item_Status__c, Sales_Part_Status__c, Category__c)",VOLTA55B-R,VOLTA55B-R,"55"" VOLTA XTREME HIGH BRIGHT OUTDOOR DISPLAY (Refurbished)",True,No Purchases,EA,False,ET,,KIOSK,01t2K00000ChyAtQAJ
"UPDATE (IsActive, QuantityUnitOfMeasure, ACU_Item_Status__c, Sales_Part_Status__c, Category__c)",VOLTA55C,VOLTA55C,"55"" XTREME HIGH BRIGHT VOLTA DISPLAY GENERATION 4",True,Active,EA,False,ET,,KIOSK,01t8V000005o4oFQAQ
"UPDATE (Description, US_Description__c, QuantityUnitOfMeasure, Sales_Part_Status__c, ACU_Authorization_Required__c)",WPTV553,WPTV553,"55"" 500 Nits Partial Sun, Web OS Hub, Includes Outdoor Tilt Mount",True,Active,EA,False,NEPTUNE-WP,Active,TV,01t2K00000Chuk8QAB
"UPDATE (Description, US_Description__c, QuantityUnitOfMeasure, Sales_Part_Status__c, ACU_Authorization_Required__c)",WPTV653,WPTV653,"65"" 500 Nits Partial Sun, Web OS Hub, Includes Outdoor Tilt Mount",True,Active,EA,False,NEPTUNE-WP,Active,TV,01t2K00000ChujpQAB
"UPDATE (Description, US_Description__c, IsActive, QuantityUnitOfMeasure, ACU_Item_Status__c, Sales_Part_Status__c, US_Price_Group_Name__c, Category__c)",WPTV753,WPTV753,"75"" 500 Nits Partial Sun, Web OS Hub, Includes Outdoor Tilt Mount",False,Inactive,EA,False,NEPTUNE-WP,,TV,01t2K00000ChukDQAR
"UPDATE (Description, US_Description__c, IsActive, QuantityUnitOfMeasure, ACU_Item_Status__c, Sales_Part_Status__c, US_Price_Group_Name__c, ACU_PMPLCM__c, Category__c)",DS-LED41470,DS-LED41470,Outdoor flat to wall mount Absen K Plus 4x3,True,Active,EA,False,FGMT,Active,LED,01t2K000006T1ytQAC
"UPDATE (IsActive, QuantityUnitOfMeasure, ACU_Item_Status__c, Sales_Part_Status__c, ACU_PMPLCM__c, Category__c)",DS-LED42460,DS-LED42460,Custom dvLED Mount Samsung IFR 10X5,True,Active,EA,False,FGMT,Active,LED,01t2K00000Aq71wQAB
"UPDATE (IsActive, QuantityUnitOfMeasure, ACU_Item_Status__c, Sales_Part_Status__c, ACU_PMPLCM__c, Category__c)",DS-LED42460-F,DS-LED42460-F,CUSTOM MOUNT SAMSUNG IFR 10X5,True,Active,EA,False,FGMT,Active,LED,01t2K00000Aq71iQAB
"UPDATE (IsActive, QuantityUnitOfMeasure, ACU_Item_Status__c, Sales_Part_Status__c, ACU_PMPLCM__c, Category__c)",DS-LED43158,DS-LED43158,Floor Track dvLED Mount Samsung IER 5X4,True,Active,EA,False,FGMT,Active,LED,01t2K00000Aq72aQAB
"UPDATE (IsActive, QuantityUnitOfMeasure, ACU_Item_Status__c, Sales_Part_Status__c, ACU_PMPLCM__c, Category__c)",DS-LED43256,DS-LED43256,5x9 Floor to Wall dvLED Mount (ADIDAS),True,Active,EA,False,FGMT,Active,LED,01t2K00000ApkyXQAR
"UPDATE (IsActive, QuantityUnitOfMeasure, ACU_Item_Status__c, Sales_Part_Status__c, ACU_PMPLCM__c, Category__c)",DS-LED43398,DS-LED43398,Curved Suspended Mount LG LSCBCFK 13X2,True,Active,EA,False,FGMT,Active,LED,01t2K00000CfcT9QAJ
INSERT,DS-LEDFWM-UNIUPII-16X8,DS-LEDFWM-UNIUPII-16X8,Flat to Wall Mount Unilumin UPanel II 16x8,True,Active,EA,False,FGMT,Active,LED,
"UPDATE (QuantityUnitOfMeasure, ACU_Item_Status__c, Sales_Part_Status__c, ACU_PMPLCM__c, Category__c)",KIP522-EUK,KIP522-EUK,"22"" Landscape/Portrait Kiosk",True,Active,EA,False,FGMT,Active,KIOSK,01t2K00000ApB75QAF
"UPDATE (QuantityUnitOfMeasure, ACU_Item_Status__c, Sales_Part_Status__c, ACU_PMPLCM__c, Category__c)",KIP522-S-EUK,KIP522-S-EUK,"22"" Landscape/Portrait Kiosk - Silver",True,Active,EA,False,FGMT,Active,KIOSK,01t2K00000ApB6mQAF
"UPDATE (QuantityUnitOfMeasure, ACU_Item_Status__c, Sales_Part_Status__c, ACU_PMPLCM__c, Category__c)",KIPC2555-WHL-EUK,KIPC2555-WHL-EUK,"55"" Curve Totem/Portrait Kiosk with Wheeled Base",True,Active,EA,False,FGMT,Active,KIOSK,01t2K000006S2JNQA0
"UPDATE (Description, US_Description__c, QuantityUnitOfMeasure, ACU_Item_Status__c, Sales_Part_Status__c, US_Price_Group_Name__c, ACU_PMPLCM__c, Category__c)",PRMF310,PRMF310,"FLAT MOUNT 32""-50""",True,Active,EA,False,FGMT,Active,MOUNT,01t6A000000asz4QAA
"UPDATE (Description, US_Description__c, QuantityUnitOfMeasure, ACU_Item_Status__c, Sales_Part_Status__c, US_Price_Group_Name__c, ACU_PMPLCM__c, Category__c)",TRF641,TRF641,"TruVue Flat Wall Mount 32""-50"", VESA 400 x 400",True,Active,EA,False,FGMT,Active,MOUNT,01t2K00000ChIavQAF
"UPDATE (Description, US_Description__c, QuantityUnitOfMeasure, ACU_Item_Status__c, Sales_Part_Status__c, US_Price_Group_Name__c, ACU_PMPLCM__c, Category__c)",TRF651,TRF651,"TruVue Flat Wall Mount 50"" - 65"", VESA 600 x 400",True,Active,EA,False,FGMT,Active,MOUNT,01t8V000005o5kcQAA
"UPDATE (Description, US_Description__c, QuantityUnitOfMeasure, Sales_Part_Status__c, ACU_Authorization_Required__c, ACU_PMPLCM__c)",XHB554,XHB554,"55"" XTREME HIGH BRIGHT OUTDOOR DISPLAY GEN 4",True,Active,EA,False,ET,,TV,01t2K00000Chg0NQAR
"UPDATE (QuantityUnitOfMeasure, Sales_Part_Status__c, ACU_Authorization_Required__c, ACU_PMPLCM__c)",XHB653,XHB653,"65"" XTREME HIGH BRIGHT OUTDOOR DISPLAY GEN3",True,No Purchases,EA,False,ET,,TV,01t2K00000ChpfWQAR
"UPDATE (IsActive, QuantityUnitOfMeasure, Sales_Part_Status__c, ACU_Authorization_Required__c, US_Price_Group_Name__c, ACU_PMPLCM__c)",XHB754,XHB754,"75"" XTREME HIGH BRIGHT OUTDOOR DISPLAY GEN4",False,No Sales,EA,False,ET,,TV,01t2K00000Ci3huQAB
"UPDATE (IsActive, QuantityUnitOfMeasure, Sales_Part_Status__c, US_Price_Group_Name__c, Category__c)",DS-LEDLSCB-20X10,DS-LEDLSCB-20X10,ECN44861 - DS-LEDLSCB-20x10 Flat Wall Mount,True,Active,EA,False,DVLED,Active,LED,01t8V000005o5AzQAI
"UPDATE (IsActive, QuantityUnitOfMeasure, Sales_Part_Status__c, US_Price_Group_Name__c, Category__c)",DS-LEDLSCB-4X9,DS-LEDLSCB-4X9,4x9 Fixed Wall Mount for LG LSCB,True,No Request,EA,False,DVLED,Use Up,LED,01t8V000005o5AkQAI
"UPDATE (IsActive, QuantityUnitOfMeasure, Sales_Part_Status__c, US_Price_Group_Name__c, Category__c)",DS-LEDLSCB-56X8,DS-LEDLSCB-56X8,ECN44592 - DS-LEDLSCB-56X8 Flat Wall Mount,True,Active,EA,False,DVLED,Active,LED,01t8V000005o5B4QAI
"UPDATE (IsActive, QuantityUnitOfMeasure, Sales_Part_Status__c, US_Price_Group_Name__c, Category__c)",DS-LEDLSCB-6X9,DS-LEDLSCB-6X9,6X9 Fixed Wall Mount for LG LSCB,True,Active,EA,False,DVLED,Active,LED,01t8V000005o5FjQAI
"UPDATE (IsActive, QuantityUnitOfMeasure, Sales_Part_Status__c, US_Price_Group_Name__c, Category__c)",DS-LEDLSCB-8X9,DS-LEDLSCB-8X9,8x9 Fixed Wall Mount for LG LSCB,True,Active,EA,False,DVLED,Active,LED,01t8V000005o5AfQAI
"UPDATE (IsActive, QuantityUnitOfMeasure, Sales_Part_Status__c, US_Price_Group_Name__c, Category__c)",DS-LEDTK-40VX12S,DS-LEDTK-40VX12S,"Universal DV-LED Trim Kit, 40' Vented x 12' Solid",True,Active,EA,False,DVLED,Active,LED,01t8V000005o5BTQAY
"UPDATE (Description, US_Description__c, QuantityUnitOfMeasure, Sales_Part_Status__c, ACU_Authorization_Required__c, US_Price_Group_Name__c, ACU_PMPLCM__c)",KIPICT2555-B,KIPICT2555-B,"55"" All-in-One Digital Touch Kiosk - B-STOCK",False,Inactive,EA,False,KIOSK,,KIOSK,01t2K00000ChphXQAR
"UPDATE (US_Description__c, QuantityUnitOfMeasure, Sales_Part_Status__c)",55XHBWARR-003,55XHBWARR-003,"XHB 55"" - ADDITIONAL ONE YEAR EXTENDED WARRANTY INCLUDING ADVANCED REPLACEMENT PER ADDITIONAL YEAR",True,Active,EA,False,ET,Active,,01t6A000002ZPaeQAG
"UPDATE (US_Description__c, QuantityUnitOfMeasure, Sales_Part_Status__c)",55XHBWARR-034,55XHBWARR-034,"XHB 55"" - ADDITIONAL TWO YEAR EXTENDED WARRANTY INCLUDING ADVANCED REPLACEMENT PER ADDITIONAL YEAR",True,Active,EA,False,ET,Active,,01t6A000002ZPcXQAW
"UPDATE (US_Description__c, QuantityUnitOfMeasure, Sales_Part_Status__c)",55XHBWARR-345,55XHBWARR-345,"XHB 55"" - ADDITIONAL THREE YEAR EXTENDED WARRANTY INCLUDING ADVANCED REPLACEMENT PER ADDITIONAL YEAR",True,Active,EA,False,ET,Active,,01t6A000002ZPbwQAG
"UPDATE (US_Description__c, IsActive, QuantityUnitOfMeasure, ACU_Item_Status__c, Sales_Part_Status__c)",65XHBWARR-003,65XHBWARR-003,"XHB 65"" - ADDITIONAL ONE YEAR EXTENDED WARRANTY INCLUDING ADVANCED REPLACEMENT PER ADDITIONAL YEAR",False,Inactive,EA,False,ET,,,01t6A000002ZPcZQAW
"UPDATE (US_Description__c, IsActive, QuantityUnitOfMeasure, ACU_Item_Status__c, Sales_Part_Status__c)",65XHBWARR-034,65XHBWARR-034,"XHB 65"" - ADDITIONAL TWO YEAR EXTENDED WARRANTY INCLUDING ADVANCED REPLACEMENT PER ADDITIONAL YEAR",False,Inactive,EA,False,ET,,,01t6A000002ZPdYQAW
"UPDATE (US_Description__c, IsActive, QuantityUnitOfMeasure, ACU_Item_Status__c, Sales_Part_Status__c)",65XHBWARR-345,65XHBWARR-345,"XHB 65"" - ADDITIONAL THREE YEAR EXTENDED WARRANTY INCLUDING ADVANCED REPLACEMENT PER ADDITIONAL YEAR",False,Inactive,EA,False,ET,,,01t6A000002ZPa7QAG
"UPDATE (QuantityUnitOfMeasure, Sales_Part_Status__c)",ACCK-KOPXHB,ACCK-KOPXHB,KOP2555-XHB XHB554 Retroft Brkt for XHB552 kiosks,True,Active,EA,False,KIOSK,Active,KIOSK,01t8V000008plHAQAY
"UPDATE (QuantityUnitOfMeasure, Sales_Part_Status__c)",ACSBR2,ACSBR2,Universal Sound Bar Mount,True,Active,EA,True,CORE,Active,MOUNT,01t8V000008plvNQAQ
"UPDATE (Description, US_Description__c, IsActive, QuantityUnitOfMeasure, ACU_Item_Status__c, Sales_Part_Status__c, ACU_PMPLCM__c, Category__c)",CO-PS55,CO-PS55,"(Customer Owned) 55"" Neptune Partial Sun",True,Active,EA,False,NEPTUNE,Active,TV,01t8V000008brfiQAA
"UPDATE (Description, US_Description__c, IsActive, QuantityUnitOfMeasure, ACU_Item_Status__c, Sales_Part_Status__c, ACU_PMPLCM__c, Category__c)",CO-PS65,CO-PS65,"(Customer Owned) 65"" Neptune Partial Sun",True,Active,EA,False,NEPTUNE,Active,TV,01t8V000008brg2QAA
"UPDATE (Description, US_Description__c, IsActive, QuantityUnitOfMeasure, ACU_Item_Status__c, Sales_Part_Status__c, ACU_PMPLCM__c, Category__c)",CO-PS75,CO-PS75,"(Customer Owned) 75"" Neptune Partial Sun",True,Active,EA,False,NEPTUNE,Active,TV,01t8V000008brfxQAA
"UPDATE (QuantityUnitOfMeasure, Sales_Part_Status__c, ACU_PMPLCM__c)",DEV-KIP755-FW,DEV-KIP755-FW,"55"" Portrait In-Wall Kiosk-  Flat White",False,Inactive,EA,False,KIOSK,,KIOSK,01t8V000008buF9QAI
"UPDATE (Description, US_Description__c, IsActive, QuantityUnitOfMeasure, Sales_Part_Status__c, US_Price_Group_Name__c, Category__c)",DS-LED27BDL-2X2,DS-LED27BDL-2X2,2x2 Fixed Wall Mount for Philips 27BDL 6000 and 9000 Series Display,True,No Purchases,EA,False,DVLED,Use Up,LED,01t8V000008kOtdQAE
"UPDATE (IsActive, QuantityUnitOfMeasure, ACU_Item_Status__c, Sales_Part_Status__c, US_Price_Group_Name__c, Category__c)",DS-LED27BDL-3X9,DS-LED27BDL-3X9,3x9 Fixed Wall Mount for Philips 27BDL 6000 and 9000 Series Display,True,No Purchases,EA,False,DVLED,Use Up,LED,01t8V0000095k63QAA
"UPDATE (Description, US_Description__c, QuantityUnitOfMeasure, Sales_Part_Status__c, Category__c)",DS-LEDFAFE-4X4,DS-LEDFAFE-4X4,4x4 Fixed Wall Mount for Sharp / NEC FA and FE Series dvLED,True,No Purchases,EA,False,DVLED,,LED,01t8V000008YrdjQAC
"UPDATE (QuantityUnitOfMeasure, Sales_Part_Status__c, US_Price_Group_Name__c, Category__c)",DS-LEDIWASF-6X6,DS-LEDIWASF-6X6,6x6 Subframe for the Samsung IWA Wall Mount,True,Active,EA,False,DVLED,Active,LED,01t8V0000095k68QAA
"UPDATE (QuantityUnitOfMeasure, Sales_Part_Status__c, Category__c)",DS-LEDLSCB-6X3,DS-LEDLSCB-6X3,6x3 Fixed Wall Mount for LG LSCB,True,No Purchases,EA,False,DVLED,,LED,01t8V000008plHFQAY
"UPDATE (QuantityUnitOfMeasure, Sales_Part_Status__c, Category__c)",DS-LEDTK-16VX6S,DS-LEDTK-16VX6S,"Universal DV-LED Trim Kit, 16' Vented x 6' Solid",True,Active,EA,False,DVLED,,LED,01t8V000008kNxqQAE
"UPDATE (IsActive, QuantityUnitOfMeasure, Sales_Part_Status__c, US_Price_Group_Name__c, Category__c)",DS-LEDTK-22VX10S,DS-LEDTK-22VX10S,"Universal DV-LED Trim Kit, 22' Vented x 10' Solid",True,Active,EA,False,DVLED,Active,LED,01t8V000008plHPQAY
"UPDATE (IsActive, QuantityUnitOfMeasure, Sales_Part_Status__c, US_Price_Group_Name__c, Category__c)",DS-LEDTK-32VX11S,DS-LEDTK-32VX11S,"Universal DV-LED Trim Kit, 32' Vented x 11' Solid",True,Active,EA,False,DVLED,Active,LED,01t8V000006cXkUQAU
"UPDATE (QuantityUnitOfMeasure, ACU_Item_Status__c, Sales_Part_Status__c, US_Price_Group_Name__c, Category__c)",DS-LEDZRD-16X9,DS-LEDZRD-16X9,16x9 Fixed Wall Mount for Sony ZRD B and C Series Display,False,Inactive,EA,False,DVLED,Use Up,LED,01t8V000006cXkKQAU
"UPDATE (IsActive, QuantityUnitOfMeasure, Sales_Part_Status__c)",KIL655-EUK-CUS1264,KIL655-EUK-CUS1264,"55"" Landscape On-Wall Kiosk, deeper KIL655-EUK",True,Active,EA,False,KIOSK,Active,KIOSK,01t2K00000Ci0RJQAZ
"UPDATE (Description, US_Description__c, IsActive, QuantityUnitOfMeasure, Sales_Part_Status__c)",KOF-OPT-554BRKTS,KOF-OPT-554BRKTS,Adapter brackets for XHB554,True,Active,EA,False,KIOSK,Active,KIOSK,01t8V000008kP6JQAU
"UPDATE (QuantityUnitOfMeasure, Sales_Part_Status__c)",PA775,PA775,"Universal Articulating TV Mount for 37-85""+  Displays",True,Active,EA,True,CORE,Active,MOUNT,01t8V000008plvSQAQ
"UPDATE (QuantityUnitOfMeasure, Sales_Part_Status__c)",PT670,PT670,"Universal Flat Panel Mount for 37-85""+ Displays",True,Active,EA,True,CORE,Active,MOUNT,01t8V000008plvhQAA
"UPDATE (IsActive, QuantityUnitOfMeasure, Sales_Part_Status__c, ACU_Authorization_Required__c, US_Price_Group_Name__c, ACU_PMPLCM__c)",SPKSU,SPKSU,Universal Speaker Stand (Pair) with Height Adjustment,False,Inactive,EA,False,CORE,,MOUNT,01t8V000008plvXQAQ
"UPDATE (Description, US_Description__c, QuantityUnitOfMeasure, ACU_Item_Status__c, Sales_Part_Status__c, US_Price_Group_Name__c, ACU_PMPLCM__c, Category__c)",SR598W,SR598W,"SmartMount® Universal Cart For 55"" to 98""+ TV's - WHT",True,Active,EA,False,31,Active,MOUNT,01t8V000008buEzQAI
"UPDATE (IsActive, QuantityUnitOfMeasure, ACU_Item_Status__c, Sales_Part_Status__c, ACU_PMPLCM__c, Category__c)",SXN-55-3,SXN-55-3,"55"" NEPTUNE PARTIAL SUN 4K HDR OUTDOOR SMART TV W/ TILT MOUNT",True,Active,EA,False,NEPTUNE,Active,TV,01t8V000005o6i8QAA
"UPDATE (IsActive, QuantityUnitOfMeasure, ACU_Item_Status__c, Sales_Part_Status__c, ACU_PMPLCM__c, Category__c)",SXN-65-3,SXN-65-3,"65"" NEPTUNE PARTIAL SUN 4K HDR OUTDOOR SMART TV W/ TILT MOUNT",True,Active,EA,False,NEPTUNE,Active,TV,01t8V000005o6iDQAQ
"UPDATE (QuantityUnitOfMeasure, ACU_Item_Status__c, Sales_Part_Status__c, Category__c)",SXN-75-3,SXN-75-3,"75"" NEPTUNE PARTIAL SUN 4K HDR OUTDOOR SMART TV W/ TILT MOUNT",False,Inactive,EA,False,NEPTUNE,,TV,01t8V000005o6i9QAA
"UPDATE (IsActive, QuantityUnitOfMeasure, Sales_Part_Status__c, ACU_Authorization_Required__c, US_Price_Group_Name__c)",SXOBH-55-4,SXOBH-55-4,"55"" Xtreme(tm) High Bright Gen4 - TruVu",True,Active,EA,False,ET,Active,TV,01t8V000008bt6ZQAQ
"UPDATE (IsActive, QuantityUnitOfMeasure, Sales_Part_Status__c, ACU_Authorization_Required__c, US_Price_Group_Name__c)",SXOBH-65-3,SXOBH-65-3,"65"" Xtreme(tm) High Bright Gen3 - TruVu",True,Active,EA,False,ET,Active,TV,01t8V000008bt6UQAQ
"UPDATE (IsActive, QuantityUnitOfMeasure, ACU_Item_Status__c, Sales_Part_Status__c, Category__c)",VOLTA55B-B,VOLTA55B-B,"55"" VOLTA XTREME HIGH BRIGHT OUTDOOR DISPLAY",True,No Purchases,EA,False,ET,,KIOSK,01t8V000008kOprQAE
"UPDATE (IsActive, QuantityUnitOfMeasure, Sales_Part_Status__c, ACU_PMPLCM__c, Category__c)",10012066-BLK,10012066-BLK,"TOP HORIZ. WLDMT, KOP3555B, BLK",True,Active,EA,False,KIOSK,,,01tPW0000035zNiYAI
"UPDATE (IsActive, QuantityUnitOfMeasure, Sales_Part_Status__c, ACU_PMPLCM__c, Category__c)",10012108,10012108,"LEG COVER, KOP55XHB-1%",True,Active,EA,False,KIOSK,,,01t8V000008YqtYQAS
"UPDATE (IsActive, QuantityUnitOfMeasure, Sales_Part_Status__c, ACU_PMPLCM__c, Category__c)",10012125-BLK,10012125-BLK,"TOP W/SPEAKERS, WELDMENT, BLK",True,Active,EA,False,KIOSK,,,01t8V00000ANqGmQAL
"UPDATE (IsActive, QuantityUnitOfMeasure, Sales_Part_Status__c, US_Price_Group_Name__c, ACU_PMPLCM__c, Category__c)",10013474,10013474,SPEAKER CABLE ASY - LONG KOP255-XHB,True,Active,EA,False,KIOSK,,,01tPW00000EtlhfYAB
"UPDATE (IsActive, QuantityUnitOfMeasure, Sales_Part_Status__c, US_Price_Group_Name__c, ACU_PMPLCM__c, Category__c)",10013475,10013475,SPEAKER CABLE ASY - SHORT KOP255-XHB,True,Active,EA,False,KIOSK,,,01tPW00000EtlhgYAB
"UPDATE (IsActive, QuantityUnitOfMeasure, Sales_Part_Status__c, ACU_PMPLCM__c, Category__c)",10013919,10013919,KOP DISPLAY AREA FAN POWER CORD KOP35XHB2,True,Active,EA,False,KIOSK,,,01t8V000008XMKTQA4
"UPDATE (IsActive, QuantityUnitOfMeasure, Sales_Part_Status__c, US_Price_Group_Name__c, ACU_PMPLCM__c, Category__c)",10014140,10014140,"MOUNTING STUD, SONY CANCUN",True,Active,EA,False,DVLED,,,01t8V00000ANtCsQAL
"UPDATE (IsActive, QuantityUnitOfMeasure, Sales_Part_Status__c, ACU_PMPLCM__c, Category__c)",10014964,10014964,NUT 1/4-20 SQ ZINC,True,Active,EA,False,DS,,,01tPW000000ygM9YAI
"UPDATE (IsActive, QuantityUnitOfMeasure, Sales_Part_Status__c, ACU_PMPLCM__c, Category__c)",10015017,10015017,KOP MEDIA ENCLOSURE FAN POWER CORD,True,Active,EA,False,KIOSK,,,01t8V000008XMKYQA4
"UPDATE (QuantityUnitOfMeasure, Sales_Part_Status__c, US_Price_Group_Name__c, ACU_PMPLCM__c, Category__c)",10015458,10015458,"VERTICAL TEMPLATE 3 HIGH ACCLAIM, UNIVERSAL DVLED",False,Inactive,EA,False,DVLED,,,01t8V000006VCaWQAW
"UPDATE (QuantityUnitOfMeasure, Sales_Part_Status__c, US_Price_Group_Name__c, ACU_PMPLCM__c, Category__c)",10015946,10015946,"VERTICAL TEMPLATE 3 HIGH LSCB-WP, UNIVERSAL dvLED 337.5mm",False,Inactive,EA,False,DVLED,,,01t8V00000ANpRAQA1
"UPDATE (QuantityUnitOfMeasure, Sales_Part_Status__c, US_Price_Group_Name__c, ACU_PMPLCM__c, Category__c)",10016131,10016131,VERTICAL TEMPLATE 3 HIGH UNIVERSAL dvLED 500mm,False,Inactive,EA,False,DVLED,,,01tPW000000s4ppYAA
"UPDATE (QuantityUnitOfMeasure, Sales_Part_Status__c, US_Price_Group_Name__c, ACU_PMPLCM__c, Category__c)",10016357,10016357,VERTICAL TEMPLATE 1 HIGH UNIVERSAL dvLED 250mm,False,Inactive,EA,False,DVLED,,,01tPW000000s4rRYAQ
"UPDATE (IsActive, QuantityUnitOfMeasure, Sales_Part_Status__c, US_Price_Group_Name__c, ACU_PMPLCM__c, Category__c)",10017587,10017587,ALUMINUM EXTRUSION 4FT 30MM X 30MM X 1219MM,True,Active,EA,False,DVLED,,,01tPW000002oRS5YAM
"UPDATE (IsActive, QuantityUnitOfMeasure, Sales_Part_Status__c, US_Price_Group_Name__c, ACU_PMPLCM__c, Category__c)",147-8446,147-8446,"FASTPACK FOR DS-LEDIER-4X6, 520-1144",True,No Purchases,EA,False,DVLED,,,01t8V000008XHykQAG
"UPDATE (IsActive, QuantityUnitOfMeasure, Sales_Part_Status__c, ACU_PMPLCM__c, Category__c)",200-2021,200-2021,FASTPACK FOR KOP55XHB,True,Active,EA,False,KIOSK,,,01t8V000008ZAkyQAG
"UPDATE (IsActive, QuantityUnitOfMeasure, ACU_Item_Status__c, Sales_Part_Status__c, Category__c)",5537DNT1S-UA,5537DNT1S-UA,"NEPTUNE 55"" OUTDOOR SMART TV, 700NIT W/MOUNT",True,No Purchases,EA,False,NEPTUNE,,TV,01t8V000006VCIGQA4
"UPDATE (IsActive, QuantityUnitOfMeasure, ACU_Item_Status__c, Sales_Part_Status__c, ACU_PMPLCM__c, Category__c)",555DNT1S-UA,555DNT1S-UA,"55"" NEPTUNE OUTDOOR SMART TV, 500NIT W/MOUNT",True,No Purchases,EA,False,NEPTUNE,Active,TV,01t8V000006VDYOQA4
"UPDATE (Description, US_Description__c, IsActive, QuantityUnitOfMeasure, ACU_Item_Status__c, Sales_Part_Status__c, ACU_PMPLCM__c, Category__c)",555DNT1S-UA-NM,555DNT1S-UA-NM,NEPTUNE OUTDOOR SMART TV POWERED BY WEBOS HUB; 500NIT,True,Active,EA,False,NEPTUNE,Active,TV,01tPW000001O8iEYAS
"UPDATE (IsActive, QuantityUnitOfMeasure, ACU_Item_Status__c, Sales_Part_Status__c, ACU_PMPLCM__c, Category__c)",557DNT1S-UA,557DNT1S-UA,"NEPTUNE 55"" OUTDOOR SMART TV, 800NIT W/MOUNT",True,No Purchases,EA,False,NEPTUNE,Active,TV,01t8V000006VDY9QAO
"UPDATE (IsActive, QuantityUnitOfMeasure, ACU_Item_Status__c, Sales_Part_Status__c, Category__c)",6537DNT1S-UA,6537DNT1S-UA,"NEPTUNE 65"" OUTDOOR SMART TV, 700NIT W/MOUNT",True,No Purchases,EA,False,NEPTUNE,,TV,01t8V000006VCIMQA4
"UPDATE (IsActive, QuantityUnitOfMeasure, ACU_Item_Status__c, Sales_Part_Status__c, ACU_PMPLCM__c, Category__c)",655DNT1S-UA,655DNT1S-UA,"65"" NEPTUNE OUTDOOR SMART TV, 500NIT W/MOUNT",True,No Purchases,EA,False,NEPTUNE,Active,TV,01t8V000006VDYEQA4
"UPDATE (QuantityUnitOfMeasure, ACU_Item_Status__c, Sales_Part_Status__c, ACU_PMPLCM__c, Category__c)",657DNT1S-UA,657DNT1S-UA,"NEPTUNE 65"" OUTDOOR SMART TV, 800NIT W/MOUNT",False,Inactive,EA,False,NEPTUNE,Active,TV,01t8V000006VDYJQA4
"UPDATE (IsActive, QuantityUnitOfMeasure, ACU_Item_Status__c, Sales_Part_Status__c, Category__c)",7537DNTIS-UA,7537DNTIS-UA,"NEPTUNE 75"" OUTDOOR SMART TV, 700NIT W/MOUNT",True,No Purchases,EA,False,NEPTUNE,,TV,01t8V000006VCINQA4
"UPDATE (IsActive, QuantityUnitOfMeasure, ACU_Item_Status__c, Sales_Part_Status__c, ACU_PMPLCM__c, Category__c)",757DNT1S-UA,757DNT1S-UA,"NEPTUNE 75"" OUTDOOR SMART TV, 700NIT W/MOUNT",True,No Purchases,EA,False,NEPTUNE,Use Up,TV,01t8V000006VDYKQA4
"UPDATE (Description, US_Description__c, QuantityUnitOfMeasure, ACU_Item_Status__c, Sales_Part_Status__c)",96X48-SD-SKID,96X48-SD-SKID,"96"" X 48"" SOLID DECK SKID",True,Active,EA,False,ET DD,,,01t6A000000arIEQAY
"UPDATE (Description, US_Description__c, QuantityUnitOfMeasure, Sales_Part_Status__c, ACU_PMPLCM__c, Category__c)",981-1123,981-1123,"CARTON, BROWN BOX, ULINE (S-4675) 48 X 4 X 4",False,Inactive,EA,False,DS,,,01tPW000000s4ufYAA
"UPDATE (Description, US_Description__c, QuantityUnitOfMeasure, Sales_Part_Status__c, ACU_PMPLCM__c, Category__c)",981-1133,981-1133,"CARTON, BROWN BOX, ULINE (S-4555) 60 X 4 X 4",False,Inactive,EA,False,DS,,,01tPW000000s4bKYAQ
"UPDATE (QuantityUnitOfMeasure, Sales_Part_Status__c)",ACC148,ACC148,SR860/SR898 Power Strip Mounting Bracket,True,Active,EA,False,CORE,Active,MOUNT,01tPW000003JdryYAC
"UPDATE (QuantityUnitOfMeasure, Sales_Part_Status__c)",ACC149,ACC149,SR860/SR898 600mm Tall Adaptor Brackets,True,Active,EA,False,CORE,Active,MOUNT,01tPW000003JxU5YAK
"UPDATE (Description, US_Description__c, QuantityUnitOfMeasure, Sales_Part_Status__c)",ACC151,ACC151,"SR860 Caster Kit - 4 Casters, 2 locking, 2 non-locking",True,Active,EA,False,CORE,,MOUNT,01tPW000003JxVhYAK
"UPDATE (Description, US_Description__c, QuantityUnitOfMeasure, Sales_Part_Status__c)",ACC152,ACC152,"SR898 Caster Kit - 4 Casters, 2 locking, 2 non-locking",True,Active,EA,False,CORE,Active,MOUNT,01tPW000003JxSTYA0
"UPDATE (QuantityUnitOfMeasure, Sales_Part_Status__c)",ACC-CSH2,ACC-CSH2,SR560-HUB2 Mounting Brackets for the CSH2 APC UPS,True,Active,EA,False,CORE,Active,MOUNT,01t8V000008YpYdQAK
"UPDATE (IsActive, QuantityUnitOfMeasure, ACU_Item_Status__c, Sales_Part_Status__c, Category__c)",ACCD-REM04-MR,ACCD-REM04-MR,SMART NEPTUNE MAGIC REMOTE CONTROL,True,No Purchases,EA,False,NEPTUNE,,TV,01t8V0000095mUdQAI
"UPDATE (QuantityUnitOfMeasure, Sales_Part_Status__c)",ACCK-KOPBASE,ACCK-KOPBASE,Single KOP Re-Usable Base Blt  Templte KOP55XHB(-S),True,Active,EA,False,KIOSK,Active,KIOSK,01t8V000008YvjvQAC
"UPDATE (QuantityUnitOfMeasure, Sales_Part_Status__c)",ACCK-KOPBASE-B2B,ACCK-KOPBASE-B2B,Dual-Sided KOP Re-Usable Base Blt Templte  KOP55XHB2(-S),True,Active,EA,False,KIOSK,Active,KIOSK,01t8V000008YwhgQAC
"UPDATE (QuantityUnitOfMeasure, Sales_Part_Status__c)",ACC-SB2,ACC-SB2,Large Universal Soundbar / VC Mount,True,Active,EA,True,CORE,Active,MOUNT,01t8V000008ZBGMQA4
"UPDATE (US_Description__c, QuantityUnitOfMeasure, Sales_Part_Status__c)",ACC-UCM2,ACC-UCM2,Universal Component Mount for STS650,True,Active,EA,False,CORE,Active,MOUNT,01tPW000004XhezYAC
"UPDATE (Description, US_Description__c, QuantityUnitOfMeasure, Sales_Part_Status__c)",BWPTV554,BWPTV554,"55"" 1500 Nits Full Sun, Web OS Hub, Includes Outdoor Tilt Mount",True,Active,EA,True,NEPTUNE-BWP,Active,TV,01tPW000001ORswYAG
"UPDATE (Description, US_Description__c, QuantityUnitOfMeasure, Sales_Part_Status__c)",BWPTV654,BWPTV654,"65"" 1500 Nits Full Sun, Web OS Hub, Includes Outdoor Tilt Mount",True,Active,EA,True,NEPTUNE-BWP,Active,TV,01tPW000001ObPGYA0
"UPDATE (Description, US_Description__c, IsActive, QuantityUnitOfMeasure, ACU_Item_Status__c, Sales_Part_Status__c, ACU_PMPLCM__c, Category__c)",COTV5504,COTV5504,"55"" 1500 Nits Full Sun, Web OS Hub, Includes Outdoor Tilt Mount",True,Active,EA,False,NEPTUNE,Active,TV,01tPW000001ObfOYAS
"UPDATE (Description, US_Description__c, IsActive, QuantityUnitOfMeasure, ACU_Item_Status__c, Sales_Part_Status__c, ACU_PMPLCM__c, Category__c)",COTV6504,COTV6504,"65"" 1500 Nits Full Sun, Web OS Hub, Includes Outdoor Tilt Mount",True,Active,EA,False,NEPTUNE,Active,TV,01tPW000001ObPHYA0
"UPDATE (Description, US_Description__c, IsActive, QuantityUnitOfMeasure, Sales_Part_Status__c, ACU_Authorization_Required__c, US_Price_Group_Name__c)",CO-XHB754,CO-XHB754,"(Customer Owned) 75"" XHB",True,Active,EA,False,ET,Active,TV,01t8V000008Z1wbQAC
"UPDATE (IsActive, QuantityUnitOfMeasure, Sales_Part_Status__c)",DEV-KIP522-GW,DEV-KIP522-GW,"KIP522 22"" Landscape/Portrait Kiosk in Gloss White",True,No Request,EA,False,KIOSK,Use Up,KIOSK,01t8V000006V478QAC
"UPDATE (IsActive, QuantityUnitOfMeasure, Sales_Part_Status__c)",DEV-KIP588-2LG-S,DEV-KIP588-2LG-S,Two Sided Portrait-in-Portrait Kiosk in RAL 9010 matte white,True,Active,EA,False,KIOSK,Active,KIOSK,01t8V0000095iycQAA
"UPDATE (IsActive, QuantityUnitOfMeasure, Sales_Part_Status__c)",DEV-KIPC2555-WT,DEV-KIPC2555-WT,"55"" Curve Totem/Portrait Kiosk",True,Active,EA,False,KIOSK,Active,KIOSK,01t8V000008Yw5NQAS
"UPDATE (QuantityUnitOfMeasure, Sales_Part_Status__c, Category__c)",DS-LED27BDL-10X5,DS-LED27BDL-10X5,10x5 Fixed Wall Mount for Philips 27BDL 6000 and 9000 Series Display,True,No Purchases,EA,False,DVLED,,LED,01t8V000006V8kXQAS
"UPDATE (IsActive, QuantityUnitOfMeasure, ACU_Item_Status__c, Sales_Part_Status__c, US_Price_Group_Name__c, Category__c)",DS-LED27BDL-6X7,DS-LED27BDL-6X7,6x7 Fixed Wall Mount for Philips 27BDL 6000 and 9000 Series Display,True,No Purchases,EA,False,DVLED,Use Up,LED,01t8V000008XL7DQAW
"UPDATE (IsActive, QuantityUnitOfMeasure, ACU_Item_Status__c, Sales_Part_Status__c, US_Price_Group_Name__c, Category__c)",DS-LED27BDL-8X4,DS-LED27BDL-8X4,8X4 Fixed Wall Mount for Philips 27BDL 6000 and 9000 Series Display,True,No Purchases,EA,False,DVLED,Use Up,LED,01t8V000008YpZHQA0
"UPDATE (QuantityUnitOfMeasure, Sales_Part_Status__c, Category__c)",DS-LEDBHCH-4X4,DS-LEDBHCH-4X4,4x4 Fixed Wall Mount for Sony ZRD-BH and CH Series,True,No Purchases,EA,False,DVLED,,LED,01t8V000008YmOeQAK
"UPDATE (QuantityUnitOfMeasure, Sales_Part_Status__c, Category__c)",DS-LEDBHCH-5X5,DS-LEDBHCH-5X5,5x5 Fixed Wall Mount for Sony ZRD-BH and CH Series,True,No Purchases,EA,False,DVLED,,LED,01t8V000008Z5xDQAS
"UPDATE (QuantityUnitOfMeasure, Sales_Part_Status__c, Category__c)",DS-LEDBHCH-6X6,DS-LEDBHCH-6X6,6x6 Fixed Wall Mount for Sony ZRD-BH and CH Series,True,No Purchases,EA,False,DVLED,,LED,01t8V000006VAbKQAW
"UPDATE (QuantityUnitOfMeasure, Sales_Part_Status__c, Category__c)",DS-LEDBHCH-7X7,DS-LEDBHCH-7X7,7x7 Fixed Wall Mount for Sony ZRD-BH and CH Series,True,No Purchases,EA,False,DVLED,,LED,01t8V000006VAbPQAW
"UPDATE (QuantityUnitOfMeasure, Sales_Part_Status__c, Category__c)",DS-LEDBHCH-8X8,DS-LEDBHCH-8X8,8x8 Fixed Wall Mount for Sony ZRD-BH and CH Series,True,No Purchases,EA,False,DVLED,,LED,01t8V000008Z5xIQAS
"UPDATE (QuantityUnitOfMeasure, Sales_Part_Status__c, Category__c)",DS-LEDBHCH-9X9,DS-LEDBHCH-9X9,9x9 Fixed Wall Mount for Sony ZRD-BH and CH Series,True,No Purchases,EA,False,DVLED,,LED,01t8V000006VAopQAG
"UPDATE (IsActive, QuantityUnitOfMeasure, ACU_Item_Status__c, Sales_Part_Status__c, US_Price_Group_Name__c, Category__c)",DS-LEDFAFE-4X1,DS-LEDFAFE-4X1,"4x1 Fixed Wall Mount for Sharp / NEC FA, FC and FE Series dvLED",True,No Purchases,EA,False,DVLED,Use Up,LED,01t8V000005wbIXQAY
"UPDATE (Description, US_Description__c, IsActive, QuantityUnitOfMeasure, ACU_Item_Status__c, Sales_Part_Status__c, US_Price_Group_Name__c, Category__c)",DS-LEDFAFE-7X4,DS-LEDFAFE-7X4,7x4 Fixed Wall Mount for Sharp / NEC FA and FE Series dvLED,True,No Purchases,EA,False,DVLED,Use Up,LED,01t8V000008YnXuQAK
"UPDATE (Description, US_Description__c, IsActive, QuantityUnitOfMeasure, Sales_Part_Status__c, US_Price_Group_Name__c, Category__c)",DS-LEDIER-4X5,DS-LEDIER-4X5,"4x5 Flat Wall Mount for Samsung IEA, IER and IFR DvLED Displays",True,Active,EA,False,DVLED,Active,LED,01t8V000008YvrFQAS
"UPDATE (Description, US_Description__c, IsActive, QuantityUnitOfMeasure, Sales_Part_Status__c, US_Price_Group_Name__c, Category__c)",DS-LEDIER-4X6,DS-LEDIER-4X6,"4x6 Flat Wall Mount for Samsung IEA, IER and IFR DvLED Displays",True,Active,EA,False,DVLED,Active,LED,01t8V000008YvrAQAS
"UPDATE (Description, US_Description__c, IsActive, QuantityUnitOfMeasure, Sales_Part_Status__c, US_Price_Group_Name__c, Category__c)",DS-LEDIER-5X9,DS-LEDIER-5X9,"5x9 Flat Wall Mount for Samsung IEA, IER and IFR DvLED Displays",True,No Request,EA,False,DVLED,Presale,LED,01t8V000008YvrBQAS
"UPDATE (Description, US_Description__c, IsActive, QuantityUnitOfMeasure, Sales_Part_Status__c, US_Price_Group_Name__c, Category__c)",DS-LEDIER-6X6,DS-LEDIER-6X6,"6x6 Flat Wall Mount for Samsung IEA, IER and IFR DvLED Displays",True,Active,EA,False,DVLED,Active,LED,01t8V0000095byHQAQ
"UPDATE (Description, US_Description__c, IsActive, QuantityUnitOfMeasure, ACU_Item_Status__c, Sales_Part_Status__c, ACU_PMPLCM__c, Category__c)",DS-LEDIER-8X4,DS-LEDIER-8X4,"8x4 Flat Wall Mount for Samsung IEA, IER and IFR DvLED Displays",True,Active,EA,False,FGMT,Active,LED,01t2K00000Ci4u6QAB
"UPDATE (IsActive, QuantityUnitOfMeasure, Sales_Part_Status__c, US_Price_Group_Name__c, Category__c)",DS-LEDIWA-8X4,DS-LEDIWA-8X4,Subframe for Samsung IWA 8X4,True,No Request,EA,False,DVLED,Presale,LED,01t8V0000095r0ZQAQ
"UPDATE (IsActive, QuantityUnitOfMeasure, Sales_Part_Status__c, US_Price_Group_Name__c, Category__c)",DS-LEDIWASF-33X3,DS-LEDIWASF-33X3,Subframe for Samsung IWA 33x3,True,Active,EA,False,DVLED,Active,LED,01t8V000008ZAltQAG
"UPDATE (IsActive, QuantityUnitOfMeasure, Sales_Part_Status__c, US_Price_Group_Name__c, Category__c)",DS-LEDIWASF-3X3,DS-LEDIWASF-3X3,3x3 Subframe for the Samsung IWA Wall Mount,True,Active,EA,False,DVLED,Active,LED,01t8V000006cjNhQAI
"UPDATE (IsActive, QuantityUnitOfMeasure, Sales_Part_Status__c, US_Price_Group_Name__c, Category__c)",DS-LEDIWASF-4X4,DS-LEDIWASF-4X4,4x4 Subframe for the Samsung IWA Wall Mount,True,Active,EA,False,DVLED,Active,LED,01t8V000006cjNNQAY
"UPDATE (IsActive, QuantityUnitOfMeasure, Sales_Part_Status__c, US_Price_Group_Name__c, Category__c)",DS-LEDIWASF-5X5,DS-LEDIWASF-5X5,5x5 Subframe for the Samsung IWA Wall Mount,True,Active,EA,False,DVLED,Active,LED,01t8V000006cjNDQAY
"UPDATE (Description, US_Description__c, IsActive, QuantityUnitOfMeasure, Sales_Part_Status__c, US_Price_Group_Name__c, Category__c)",DS-LEDIWASF-8X4,DS-LEDIWASF-8X4,Subframe for Samsung IWA 8X4,True,Active,EA,False,DVLED,Active,LED,01t8V0000095rLqQAI
"UPDATE (IsActive, QuantityUnitOfMeasure, Sales_Part_Status__c, US_Price_Group_Name__c, Category__c)",DS-LEDIWP-3X7,DS-LEDIWP-3X7,3x7 Fixed Wall Mount for InfiLED WP Series,True,Active,EA,False,DVLED,Active,LED,01t8V000008XL7IQAW
"UPDATE (Description, US_Description__c, IsActive, QuantityUnitOfMeasure, Sales_Part_Status__c, US_Price_Group_Name__c, Category__c)",DS-LEDIWP-3X8,DS-LEDIWP-3X8,3x8 Fixed Wall Mount for InfiLED WP Series,True,Active,EA,False,DVLED,Active,LED,01t8V000006cidCQAQ
"UPDATE (IsActive, QuantityUnitOfMeasure, Sales_Part_Status__c, US_Price_Group_Name__c, Category__c)",DS-LEDIWP-4X12,DS-LEDIWP-4X12,4x12 Fixed Wall Mount for InfiLED WP Series,True,Active,EA,False,DVLED,Active,LED,01t8V000008XL7EQAW
"UPDATE (QuantityUnitOfMeasure, Sales_Part_Status__c, Category__c)",DS-LEDIWP-6X5,DS-LEDIWP-6X5,6x5 Fixed Wall Mount for InfiLED WP Series,True,No Purchases,EA,False,DVLED,,LED,01t8V0000095jCMQAY
"UPDATE (Description, US_Description__c, IsActive, QuantityUnitOfMeasure, ACU_Item_Status__c, Sales_Part_Status__c, US_Price_Group_Name__c, ACU_PMPLCM__c, Category__c)",DS-LEDKMT-LAEC-136,DS-LEDKMT-LAEC-136,"Kitted+ Mobile Trolley Mount for LG LAEC 136""",False,No Sales,EA,False,DVLED,,LED,01tPW0000079KEnYAM
"UPDATE (Description, US_Description__c, IsActive, QuantityUnitOfMeasure, ACU_Item_Status__c, Sales_Part_Status__c, US_Price_Group_Name__c, ACU_PMPLCM__c, Category__c)",DS-LEDKMT-LSCB-4X4,DS-LEDKMT-LSCB-4X4,4X4 Kitted+ Mobile Trolley Mount for LG LSCB,True,Active,EA,False,DVLED,Active,LED,01tPW000008RJ0RYAW
"UPDATE (Description, US_Description__c, IsActive, QuantityUnitOfMeasure, Sales_Part_Status__c, US_Price_Group_Name__c, Category__c)",DS-LEDLSAA-20X5,DS-LEDLSAA-20X5,20x5 Fixed Wall Mount for LG LSAA Series,True,No Request,EA,False,DVLED,Use Up,LED,01tPW000001i1vtYAA
"UPDATE (IsActive, QuantityUnitOfMeasure, Sales_Part_Status__c, US_Price_Group_Name__c, Category__c)",DS-LEDLSCB-11X6,DS-LEDLSCB-11X6,11x6 Fixed Wall Mount for LG LSCB,True,Active,EA,False,DVLED,Active,LED,01t8V000006V5Z6QAK
"UPDATE (IsActive, QuantityUnitOfMeasure, Sales_Part_Status__c, US_Price_Group_Name__c, Category__c)",DS-LEDLSCB-17X6,DS-LEDLSCB-17X6,17x6 Fixed Wall Mount for LG LSCB,True,Active,EA,False,DVLED,Active,LED,01t8V000006V47mQAC
"UPDATE (IsActive, QuantityUnitOfMeasure, Sales_Part_Status__c, US_Price_Group_Name__c, Category__c)",DS-LEDLSCB-17X7,DS-LEDLSCB-17X7,17x7 Fixed Wall Mount for LG LSCB,True,Active,EA,False,DVLED,Active,LED,01t8V000008Yv3vQAC
"UPDATE (IsActive, QuantityUnitOfMeasure, Sales_Part_Status__c, US_Price_Group_Name__c, Category__c)",DS-LEDLSCB-1X2,DS-LEDLSCB-1X2,1x2 Fixed Wall Mount for LG LSCB,True,No Request,EA,False,DVLED,Use Up,LED,01t8V00000ANqEPQA1
"UPDATE (IsActive, QuantityUnitOfMeasure, Sales_Part_Status__c, US_Price_Group_Name__c, Category__c)",DS-LEDLSCB-21X1,DS-LEDLSCB-21X1,21x1 Fixed Wall Mount for LG LSCB,True,Active,EA,False,DVLED,Active,LED,01t8V000008Z8DcQAK
"UPDATE (IsActive, QuantityUnitOfMeasure, Sales_Part_Status__c, US_Price_Group_Name__c, Category__c)",DS-LEDLSCB-3X11,DS-LEDLSCB-3X11,3X11 Fixed Wall Mount for LG LSCB,True,Active,EA,False,DVLED,Active,LED,01t8V0000095mXhQAI
"UPDATE (IsActive, QuantityUnitOfMeasure, Sales_Part_Status__c, US_Price_Group_Name__c, Category__c)",DS-LEDLSCB-4X3,DS-LEDLSCB-4X3,4x3 Fixed Wall Mount for LG LSCB,True,Active,EA,False,DVLED,Active,LED,01t8V0000095mPFQAY
"UPDATE (IsActive, QuantityUnitOfMeasure, Sales_Part_Status__c, US_Price_Group_Name__c, Category__c)",DS-LEDLSCB-4X8,DS-LEDLSCB-4X8,4x8 Fixed Wall Mount for LG LSCB,True,Active,EA,False,DVLED,Active,LED,01t8V000008Yq2cQAC
"UPDATE (IsActive, QuantityUnitOfMeasure, Sales_Part_Status__c, US_Price_Group_Name__c, Category__c)",DS-LEDLSCB-7X5,DS-LEDLSCB-7X5,7x5 Fixed Wall Mount for LG LSCB,True,Active,EA,False,DVLED,Active,LED,01t8V000008Z9pJQAS
"UPDATE (IsActive, QuantityUnitOfMeasure, Sales_Part_Status__c, US_Price_Group_Name__c, Category__c)",DS-LEDLSCB-8X2,DS-LEDLSCB-8X2,8x2 Fixed Wall Mount for LG LSCB,True,Active,EA,False,DVLED,Active,LED,01t8V000008Yr2oQAC
"UPDATE (IsActive, QuantityUnitOfMeasure, Sales_Part_Status__c, US_Price_Group_Name__c, Category__c)",DS-LEDLSCB-9X6,DS-LEDLSCB-9X6,9x6 Fixed Wall Mount for LG LSCB,True,Active,EA,False,DVLED,Active,LED,01t8V000006V47wQAC
"UPDATE (IsActive, QuantityUnitOfMeasure, Sales_Part_Status__c, US_Price_Group_Name__c, Category__c)",DS-LEDLSCB-9X7,DS-LEDLSCB-9X7,9x7 Fixed Wall Mount for LG LSCB,True,Active,EA,False,DVLED,Active,LED,01t8V000008Z9LoQAK
"UPDATE (QuantityUnitOfMeasure, Sales_Part_Status__c, Category__c)",DS-LEDTK-10VX10S,DS-LEDTK-10VX10S,"Universal DV-LED Trim Kit, 10' Vented x 10' Solid",True,Active,EA,False,DVLED,,LED,01t8V000008Z8EBQA0
"UPDATE (IsActive, QuantityUnitOfMeasure, Sales_Part_Status__c, US_Price_Group_Name__c, Category__c)",DS-LEDTK-10VX12S,DS-LEDTK-10VX12S,"Universal DV-LED Trim Kit, 10' Vented x 12' Solid",True,Active,EA,False,DVLED,Active,LED,01t8V00000ANpChQAL
"UPDATE (IsActive, QuantityUnitOfMeasure, Sales_Part_Status__c, US_Price_Group_Name__c, Category__c)",DS-LEDTK-11VX6S,DS-LEDTK-11VX6S,"Universal DV-LED Trim Kit, 12' Vented x 6' Solid",True,Active,EA,False,DVLED,Active,LED,01t8V000005wbxjQAA
"UPDATE (QuantityUnitOfMeasure, Sales_Part_Status__c, Category__c)",DS-LEDTK-12VX6S,DS-LEDTK-12VX6S,"Universal DV-LED Trim Kit, 12' Vented x 6' Solid",True,Active,EA,False,DVLED,,LED,01t8V0000095bqZQAQ
"UPDATE (QuantityUnitOfMeasure, Sales_Part_Status__c, Category__c)",DS-LEDTK-13VX5S,DS-LEDTK-13VX5S,"Universal DV-LED Trim Kit, 13' Vented x 5' Solid",True,Active,EA,False,DVLED,,LED,01t8V000008YrdtQAC
"UPDATE (IsActive, QuantityUnitOfMeasure, Sales_Part_Status__c, US_Price_Group_Name__c, Category__c)",DS-LEDTK-14VX10S,DS-LEDTK-14VX10S,"Universal DV-LED Trim Kit, 14' Vented x 10' Solid",True,No Request,EA,False,DVLED,Use Up,LED,01tPW000002hAe5YAE
"UPDATE (QuantityUnitOfMeasure, Sales_Part_Status__c, Category__c)",DS-LEDTK-14VX5S,DS-LEDTK-14VX5S,"Universal DV-LED Trim Kit, 14' Vented x 5' Solid",True,Active,EA,False,DVLED,,LED,01t8V000008YnWkQAK
"UPDATE (IsActive, QuantityUnitOfMeasure, Sales_Part_Status__c, US_Price_Group_Name__c, Category__c)",DS-LEDTK-14VX6S,DS-LEDTK-14VX6S,"Universal DV-LED Trim Kit, 14' Vented x 6' Solid",True,Active,EA,False,DVLED,Active,LED,01t8V000008Z9pYQAS
"UPDATE (IsActive, QuantityUnitOfMeasure, Sales_Part_Status__c, US_Price_Group_Name__c, Category__c)",DS-LEDTK-22VX8S,DS-LEDTK-22VX8S,"Universal DV-LED Trim Kit, 22' Vented x 8' Solid",True,Active,EA,False,DVLED,Active,LED,01t8V000006V5Z1QAK
"UPDATE (IsActive, QuantityUnitOfMeasure, Sales_Part_Status__c, US_Price_Group_Name__c, Category__c)",DS-LEDTK-24VX16S,DS-LEDTK-24VX16S,"Universal DV-LED Trim Kit, 24' Vented x 16' Solid",True,Active,EA,False,DVLED,Active,LED,01tPW000002BmcrYAC
"UPDATE (IsActive, QuantityUnitOfMeasure, Sales_Part_Status__c, US_Price_Group_Name__c, Category__c)",DS-LEDTK-25VX5S,DS-LEDTK-25VX5S,"Universal DV-LED Trim Kit, 25' Vented x 5' Solid",True,Active,EA,False,DVLED,Active,LED,01t8V000006V46ZQAS
"UPDATE (IsActive, QuantityUnitOfMeasure, Sales_Part_Status__c, US_Price_Group_Name__c, Category__c)",DS-LEDTK-26VX8S,DS-LEDTK-26VX8S,"Universal DV-LED Trim Kit, 26' Vented x 8' Solid",True,Active,EA,False,DVLED,Active,LED,01t8V0000095c8FQAQ
"UPDATE (IsActive, QuantityUnitOfMeasure, Sales_Part_Status__c, US_Price_Group_Name__c, Category__c)",DS-LEDTK-34VX8S,DS-LEDTK-34VX8S,"Universal DV-LED Trim Kit, 34' Vented x 8' Solid",True,Active,EA,False,DVLED,Active,LED,01t8V000008Yv3qQAC
"UPDATE (QuantityUnitOfMeasure, Sales_Part_Status__c, Category__c)",DS-LEDTK-40VX6S,DS-LEDTK-40VX6S,"Universal DV-LED Trim Kit, 40' Vented x 6' Solid",True,Active,EA,False,DVLED,,LED,01tPW000001sQ09YAE
"UPDATE (IsActive, QuantityUnitOfMeasure, Sales_Part_Status__c, US_Price_Group_Name__c, Category__c)",DS-LEDTK-42VX5S,DS-LEDTK-42VX5S,"Universal DV-LED Trim Kit, 42' Vented x 5' Solid",True,Active,EA,False,DVLED,Active,LED,01t8V000008Z8EkQAK
"UPDATE (QuantityUnitOfMeasure, Sales_Part_Status__c, Category__c)",DS-LEDTK-45VX5S,DS-LEDTK-45VX5S,"Universal DV-LED Trim Kit, 45' Vented x 5' Solid",True,Active,EA,False,DVLED,,LED,01t8V000008YtKhQAK
"UPDATE (IsActive, QuantityUnitOfMeasure, Sales_Part_Status__c, US_Price_Group_Name__c, Category__c)",DS-LEDTK-5VX16S,DS-LEDTK-5VX16S,"Universal DV-LED Trim Kit, 5' Vented x 16' Solid",True,Active,EA,False,DVLED,Active,LED,01t8V00000ANnFbQAL
"UPDATE (IsActive, QuantityUnitOfMeasure, Sales_Part_Status__c, US_Price_Group_Name__c, Category__c)",DS-LEDTK-8VX13S,DS-LEDTK-8VX13S,"Universal DV-LED Trim Kit, 8' Vented x 13' Solid",True,Active,EA,False,DVLED,Active,LED,01t8V000008XL6tQAG
"UPDATE (IsActive, QuantityUnitOfMeasure, Sales_Part_Status__c, US_Price_Group_Name__c, Category__c)",DS-LEDTK-8VX8S,DS-LEDTK-8VX8S,"Universal DV-LED Trim Kit, 8' Vented x 8' Solid",True,Active,EA,False,DVLED,Active,LED,01t8V000008YnTUQA0
"UPDATE (Description, US_Description__c, IsActive, QuantityUnitOfMeasure, Sales_Part_Status__c, US_Price_Group_Name__c, ACU_PMPLCM__c, Category__c)",DS-LEDUNV,DS-LEDUNV,"Universal wall mount for latching LED displays (Pricing is per display, see UNV compatibility chart)",False,Inactive,EA,False,DVLED,,LED,01t8V000006V8GcQAK
INSERT,DS-LEDUNV-10-5X5-M6M8,DS-LEDUNV-10-5X5-M6M8,"Universal wall mount, 10' Wide, 5x5 Configuration with M6 and M8 Mounting Hardware",False,Inactive,EA,False,DVLED,,LED,
INSERT,DS-LEDUNV-12-6X6-M6M8,DS-LEDUNV-12-6X6-M6M8,"Universal wall mount, 12' Wide, 6X6 Configuration with M6 and M8 Mounting Hardware",False,Inactive,EA,False,DVLED,,LED,
INSERT,DS-LEDUNV-16-8X8-M6M8,DS-LEDUNV-16-8X8-M6M8,"Universal wall mount, 16' Wide, 8X8 Configuration with M6 and M8 Mounting Hardware",False,Inactive,EA,False,DVLED,,LED,
"UPDATE (QuantityUnitOfMeasure, Sales_Part_Status__c, US_Price_Group_Name__c, ACU_PMPLCM__c, Category__c)",DS-LEDUNV-27BDL-10X5,DS-LEDUNV-27BDL-10X5,10x5 Kitted Universal Wall Mount for Philips 27BDL,False,Inactive,EA,False,DVLED,,LED,01t8V000005wdxqQAA
INSERT,DS-LEDUNV-27BDL-3X3,DS-LEDUNV-27BDL-3X3,3x3 Kitted Universal Wall Mount for Philips 27BDL,True,No Request,EA,False,DVLED,Use Up,LED,
INSERT,DS-LEDUNV-27BDL-4X4,DS-LEDUNV-27BDL-4X4,4x4 Kitted Universal Wall Mount for Philips 27BDL,True,No Request,EA,False,DVLED,Use Up,LED,
INSERT,DS-LEDUNV-27BDL-5X5,DS-LEDUNV-27BDL-5X5,5x5 Kitted Universal Wall Mount for Philips 27BDL,True,No Request,EA,False,DVLED,Use Up,LED,
INSERT,DS-LEDUNV-27BDL-6X6,DS-LEDUNV-27BDL-6X6,6x6 Kitted Universal Wall Mount for Philips 27BDL,True,No Request,EA,False,DVLED,Use Up,LED,
INSERT,DS-LEDUNV-27BDL-7X7,DS-LEDUNV-27BDL-7X7,7x7 Kitted Universal Wall Mount for Philips 27BDL,True,No Request,EA,False,DVLED,Use Up,LED,
INSERT,DS-LEDUNV-27BDL-8X8,DS-LEDUNV-27BDL-8X8,8x8 Kitted Universal Wall Mount for Philips 27BDL,True,No Request,EA,False,DVLED,Use Up,LED,
"UPDATE (QuantityUnitOfMeasure, Sales_Part_Status__c, US_Price_Group_Name__c, ACU_PMPLCM__c, Category__c)",DS-LEDUNV-47031,DS-LEDUNV-47031,8x3  Fixed Wall Mount for Unilumin UslimII,False,Inactive,EA,False,DVLED,,LED,01t8V00000ANnNAQA1
"UPDATE (QuantityUnitOfMeasure, Sales_Part_Status__c, US_Price_Group_Name__c, ACU_PMPLCM__c, Category__c)",DS-LEDUNV-47176,DS-LEDUNV-47176,4x4 Kitted Universal Wall Mount for Unilumin USlim II (500x500 / 500x250),False,Inactive,EA,False,DVLED,,LED,01t8V00000ANql1QAD
"UPDATE (Description, US_Description__c, QuantityUnitOfMeasure, Sales_Part_Status__c, US_Price_Group_Name__c, ACU_PMPLCM__c, Category__c)",DS-LEDUNV-7X3-47756,DS-LEDUNV-7X3-47756,7x3 Kitted Universal Wall Mount for Unilumin USlim II (500x500 / 500x1000/500x250),False,Inactive,EA,False,DVLED,,LED,01tPW000002t1S9YAI
"UPDATE (QuantityUnitOfMeasure, Sales_Part_Status__c, US_Price_Group_Name__c, ACU_PMPLCM__c, Category__c)",DS-LEDUNV-8-4X4-M6M8,DS-LEDUNV-8-4X4-M6M8,"Universal wall mount, 8' Wide, 4x4 Configuration with M6 and M8 Mounting Hardware",False,Inactive,EA,False,DVLED,,LED,01t8V000005wZX8QAM
"UPDATE (QuantityUnitOfMeasure, Sales_Part_Status__c, US_Price_Group_Name__c, ACU_PMPLCM__c, Category__c)",DS-LEDUNV-A27-4X4,DS-LEDUNV-A27-4X4,4x4 Kitted Universal Wall Mount for Absen Acclaim,False,Inactive,EA,False,DVLED,,LED,01tPW000000ljXyYAI
"UPDATE (QuantityUnitOfMeasure, Sales_Part_Status__c, US_Price_Group_Name__c, ACU_PMPLCM__c, Category__c)",DS-LEDUNV-AKL-9X8,DS-LEDUNV-AKL-9X8,9x8 Kitted Universal Wall Mount for Absen KL2.5,False,Inactive,EA,False,DVLED,,LED,01tPW0000011nEDYAY
"UPDATE (QuantityUnitOfMeasure, Sales_Part_Status__c, US_Price_Group_Name__c, ACU_PMPLCM__c, Category__c)",DS-LEDUNV-BHCH-3X3,DS-LEDUNV-BHCH-3X3,3x3 Kitted Universal Wall Mount for Sony ZRD BH and CH Series Display,False,Inactive,EA,False,DVLED,,LED,01tPW0000030D6rYAE
"UPDATE (QuantityUnitOfMeasure, Sales_Part_Status__c, US_Price_Group_Name__c, ACU_PMPLCM__c, Category__c)",DS-LEDUNV-IWP-4X8,DS-LEDUNV-IWP-4X8,4x8 Kitted Universal Wall Mount for Infiled WP,False,Inactive,EA,False,DVLED,,LED,01tPW000002l5mIYAQ
"UPDATE (Description, US_Description__c, QuantityUnitOfMeasure, Sales_Part_Status__c, US_Price_Group_Name__c, ACU_PMPLCM__c, Category__c)",DS-LEDUNV-IWP-5X3,DS-LEDUNV-IWP-5X3,5X4 Fixed Wall Mount for InfiLED WP,False,Inactive,EA,False,DVLED,,LED,01tPW000002l1ynYAA
"UPDATE (QuantityUnitOfMeasure, Sales_Part_Status__c, US_Price_Group_Name__c, ACU_PMPLCM__c, Category__c)",DS-LEDUNV-IWP-5X4,DS-LEDUNV-IWP-5X4,5X4 Fixed Wall Mount for InfiLED WP,False,Inactive,EA,False,DVLED,,LED,01t8V000008XL7FQAW
"UPDATE (QuantityUnitOfMeasure, Sales_Part_Status__c, US_Price_Group_Name__c, ACU_PMPLCM__c, Category__c)",DS-LEDUNV-IWT-5X5,DS-LEDUNV-IWT-5X5,5X5 Flat Wall Mount for InfiLED WT,False,Inactive,EA,False,DVLED,,LED,01tPW000000o1ovYAA
"UPDATE (QuantityUnitOfMeasure, Sales_Part_Status__c, US_Price_Group_Name__c, ACU_PMPLCM__c, Category__c)",DS-LEDUNV-LMA-7X5,DS-LEDUNV-LMA-7X5,7x5 Kitted Universal Wall Mount for Linsn MA640,False,Inactive,EA,False,DVLED,,LED,01tPW000001OXQTYA4
"UPDATE (QuantityUnitOfMeasure, Sales_Part_Status__c, US_Price_Group_Name__c, ACU_PMPLCM__c, Category__c)",DS-LEDUNV-LSBB-4X4,DS-LEDUNV-LSBB-4X4,4x4 Kitted Universal Wall Mount for LG LSBB,False,Inactive,EA,False,DVLED,,LED,01t8V00000ANprwQAD
"UPDATE (QuantityUnitOfMeasure, Sales_Part_Status__c, US_Price_Group_Name__c, ACU_PMPLCM__c, Category__c)",DS-LEDUNV-LSBB-4X6,DS-LEDUNV-LSBB-4X6,4x6 Kitted Universal Wall Mount for LG LSBB,False,Inactive,EA,False,DVLED,,LED,01t8V000005wbMtQAI
"UPDATE (QuantityUnitOfMeasure, Sales_Part_Status__c, US_Price_Group_Name__c, ACU_PMPLCM__c, Category__c)",DS-LEDUNV-LSBB-7X7,DS-LEDUNV-LSBB-7X7,7x7 Kitted Universal Wall Mount for LG LSBB,False,Inactive,EA,False,DVLED,,LED,01t8V00000ANtDHQA1
"UPDATE (QuantityUnitOfMeasure, Sales_Part_Status__c, US_Price_Group_Name__c, ACU_PMPLCM__c, Category__c)",DS-LEDUNV-LSBB-8X4,DS-LEDUNV-LSBB-8X4,8x4 Kitted Universal Wall Mount for LG LSBB,False,Inactive,EA,False,DVLED,,LED,01tPW000001pKSLYA2
"UPDATE (QuantityUnitOfMeasure, Sales_Part_Status__c, US_Price_Group_Name__c, ACU_PMPLCM__c, Category__c)",DS-LEDUNV-LSBB-8X8,DS-LEDUNV-LSBB-8X8,8x8 Fixed Wall Mount for LG LSBB,False,Inactive,EA,False,DVLED,,LED,01t8V000006V9jSQAS
"UPDATE (QuantityUnitOfMeasure, Sales_Part_Status__c, US_Price_Group_Name__c, ACU_PMPLCM__c, Category__c)",DS-LEDUNV-LSCB-10X5,DS-LEDUNV-LSCB-10X5,10x5 Kitted Universal Wall Mount for LG LSCB,False,Inactive,EA,False,DVLED,,LED,01tPW000002l08IYAQ
"UPDATE (QuantityUnitOfMeasure, Sales_Part_Status__c, US_Price_Group_Name__c, ACU_PMPLCM__c, Category__c)",DS-LEDUNV-LSCB-4X4,DS-LEDUNV-LSCB-4X4,4x4 Kitted Universal Wall Mount for LG LSCB,False,Inactive,EA,False,DVLED,,LED,01t8V00000ANtO0QAL
"UPDATE (QuantityUnitOfMeasure, Sales_Part_Status__c, US_Price_Group_Name__c, ACU_PMPLCM__c, Category__c)",DS-LEDUNV-LSCB-5X5/P,DS-LEDUNV-LSCB-5X5/P,5X5 Kitted Universal Wall Mount for LG LSCB - Portrait,False,Inactive,EA,False,DVLED,,LED,01t8V00000ANq45QAD
"UPDATE (QuantityUnitOfMeasure, Sales_Part_Status__c, US_Price_Group_Name__c, ACU_PMPLCM__c, Category__c)",DS-LEDUNV-LSCB-6X6,DS-LEDUNV-LSCB-6X6,6x6 Kitted Universal Wall Mount for LG LSCB,False,Inactive,EA,False,DVLED,,LED,01t8V00000ANoxPQAT
"UPDATE (QuantityUnitOfMeasure, Sales_Part_Status__c, US_Price_Group_Name__c, ACU_PMPLCM__c, Category__c)",DS-LEDUNV-LSCB-8X4,DS-LEDUNV-LSCB-8X4,8x4 Kitted Universal Wall Mount for LG LSCB,False,Inactive,EA,False,DVLED,,LED,01t8V00000ANtNgQAL
"UPDATE (QuantityUnitOfMeasure, Sales_Part_Status__c, US_Price_Group_Name__c, ACU_PMPLCM__c, Category__c)",DS-LEDUNV-N169S-8X8,DS-LEDUNV-N169S-8X8,8x8 Kitted Universal Wall Mount for Linsn N169S,False,Inactive,EA,False,DVLED,,LED,01tPW000002708cYAA
"UPDATE (QuantityUnitOfMeasure, Sales_Part_Status__c, US_Price_Group_Name__c, ACU_PMPLCM__c, Category__c)",DS-LEDUNV-NECE-4X4,DS-LEDUNV-NECE-4X4,4x4 Kitted Universal Wall Mount for NEC E Series Display,False,Inactive,EA,False,DVLED,,LED,01t8V000005wbnhQAA
"UPDATE (QuantityUnitOfMeasure, Sales_Part_Status__c, US_Price_Group_Name__c, ACU_PMPLCM__c, Category__c)",DS-LEDUNV-NECE-5X5,DS-LEDUNV-NECE-5X5,5x5 Kitted Universal Wall Mount for NEC E Series Display,False,Inactive,EA,False,DVLED,,LED,01t8V00000ANnEJQA1
"UPDATE (QuantityUnitOfMeasure, Sales_Part_Status__c, US_Price_Group_Name__c, ACU_PMPLCM__c, Category__c)",DS-LEDUNV-UPLII-8X8,DS-LEDUNV-UPLII-8X8,8x8 Fixed Wall Mount for Unilumin Upanel II,False,Inactive,EA,False,DVLED,,LED,01t8V000006V6c4QAC
"UPDATE (QuantityUnitOfMeasure, Sales_Part_Status__c, US_Price_Group_Name__c, ACU_PMPLCM__c, Category__c)",DS-LEDUNV-UPS-5X5,DS-LEDUNV-UPS-5X5,5x5 Kitted Universal Wall Mount for Unilumin UPanelS,False,Inactive,EA,False,DVLED,,LED,01t8V000005wbZNQAY
INSERT,DS-LEDUNV-USLIM-2X3-47268,DS-LEDUNV-USLIM-2X3-47268,2x3 Kitted Universal Wall Mount for Unilumin USlim II (500x500 / 500x1000),False,Inactive,EA,False,DVLED,,LED,
INSERT,DS-LEDUNV-USLIM-3X3-47268,DS-LEDUNV-USLIM-3X3-47268,3x3 Kitted Universal Wall Mount for Unilumin USlim II (500x500 / 500x1000),False,Inactive,EA,False,DVLED,,LED,
INSERT,DS-LEDUNVUSLIMII-47268,DS-LEDUNVUSLIMII-47268,3x3 Kitted Universal Wall Mount for Unilumin USlim II (500x500 / 500x1000),True,Active,EA,False,DVLED,Active,LED,
INSERT,DS-LEDUNV-USLIMII-47268,DS-LEDUNV-USLIMII-47268,2x3 Kitted Universal Wall Mount for Unilumin USlim II (500x500 / 500x1000),False,Inactive,EA,False,DVLED,,LED,
"UPDATE (IsActive, QuantityUnitOfMeasure, Sales_Part_Status__c, US_Price_Group_Name__c, Category__c)",DS-LEDUPS-10X10,DS-LEDUPS-10X10,10x10 Fixed Wall Mount for Unilumin UpanelS,True,Active,EA,False,DVLED,Active,LED,01t8V000008YrIfQAK
"UPDATE (IsActive, QuantityUnitOfMeasure, Sales_Part_Status__c, US_Price_Group_Name__c, Category__c)",DS-LEDUPS-12X10,DS-LEDUPS-12X10,12x10 Fixed Wall Mount for Unilumin UpanelS,True,Active,EA,False,DVLED,Active,LED,01t8V000008YrIgQAK
"UPDATE (IsActive, QuantityUnitOfMeasure, Sales_Part_Status__c, US_Price_Group_Name__c, Category__c)",DS-LEDUPS-12X3,DS-LEDUPS-12X3,12x3 Fixed Wall Mount for Unilumin UpanelS,True,Active,EA,False,DVLED,Active,LED,01t8V000006V47cQAC
"UPDATE (IsActive, QuantityUnitOfMeasure, Sales_Part_Status__c, US_Price_Group_Name__c, Category__c)",DS-LEDUPS-19X6,DS-LEDUPS-19X6,19x6 Fixed Wall Mount for Unilumin UpanelS,True,Active,EA,False,DVLED,Active,LED,01t8V0000095gybQAA
"UPDATE (IsActive, QuantityUnitOfMeasure, Sales_Part_Status__c, US_Price_Group_Name__c, Category__c)",DS-LEDUPS-4X2,DS-LEDUPS-4X2,4x2 Fixed Wall Mount for Unilumin UpanelS,True,Active,EA,False,DVLED,Active,LED,01t8V0000095h5lQAA
"UPDATE (IsActive, QuantityUnitOfMeasure, Sales_Part_Status__c, US_Price_Group_Name__c, Category__c)",DS-LEDUPS-5X6,DS-LEDUPS-5X6,5x6 Fixed Wall Mount for Unilumin UpanelS,True,Active,EA,False,DVLED,Active,LED,01t8V000006VBOrQAO
"UPDATE (IsActive, QuantityUnitOfMeasure, Sales_Part_Status__c, US_Price_Group_Name__c, Category__c)",DS-LEDUPS-6X3,DS-LEDUPS-6X3,6x3 Fixed Wall Mount for Unilumin UpanelS,True,Active,EA,False,DVLED,Active,LED,01t8V000006VAf4QAG
"UPDATE (QuantityUnitOfMeasure, ACU_Item_Status__c, Sales_Part_Status__c, US_Price_Group_Name__c, Category__c)",DS-LEDZRD-10X7,DS-LEDZRD-10X7,10x7 Fixed Wall Mount for Sony ZRD B and C Series Display,False,Inactive,EA,False,DVLED,Use Up,LED,01t8V000008Z9ULQA0
"UPDATE (QuantityUnitOfMeasure, ACU_Item_Status__c, Sales_Part_Status__c, US_Price_Group_Name__c, Category__c)",DS-LEDZRD-13X13,DS-LEDZRD-13X13,13x13 Fixed Wall Mount for Sony ZRD B and C Series Display,False,Inactive,EA,False,DVLED,Use Up,LED,01t8V000008Yn4OQAS
"UPDATE (Description, US_Description__c, QuantityUnitOfMeasure, Sales_Part_Status__c)",DS-MBZ642L-TDL,DS-MBZ642L-TDL,"SmartMount® Digital MB Mount for 40"" to 42"" Displays - with M8x30 - Landscape",True,Active,EA,False,DS,Use Up,MOUNT,01t8V0000095fYUQAY
"UPDATE (Description, US_Description__c, QuantityUnitOfMeasure, Sales_Part_Status__c)",DS-MBZ647L-TDL,DS-MBZ647L-TDL,"SmartMount®  Menu Board Mount for 46"" - 65"" Displays - Landscape",True,Active,EA,False,DS,Use Up,MOUNT,01t8V0000095fYPQAY
"UPDATE (QuantityUnitOfMeasure, Sales_Part_Status__c)",ESF675,ESF675,Outdoor Landscape / Portrait Mount for the XHB754,True,Active,EA,False,CORE,Active,MOUNT,01t8V000008YwAAQA0
"UPDATE (IsActive, QuantityUnitOfMeasure, ACU_Item_Status__c, Sales_Part_Status__c, ACU_PMPLCM__c, Category__c)",FE01-C,FE01-C,"Fan-based Outdoor Media Player Enclosure for Coates, Gen1",True,Active,EA,False,ET DD,Active,TV,01t8V0000095g0uQAA
"UPDATE (QuantityUnitOfMeasure, Sales_Part_Status__c)",HPF675,HPF675,"LARGE  PULLOUT PIVOT MNT, BLK",True,Active,EA,True,HOSP,Active,MOUNT,01t8V000008Z8EGQA0
"UPDATE (QuantityUnitOfMeasure, Sales_Part_Status__c, US_Price_Group_Name__c, ACU_PMPLCM__c, Category__c)",KIT-10015458,KIT-10015458,"DS-LEDUNV Template for Absen Acclaim Plus/Pro, Barco XT, Maxhub M27, Sony BH/CH, Unilumin UpanelS, Unilumin Upanel II",False,Inactive,EA,False,DVLED,,LED,01t8V000005wblgQAA
"UPDATE (QuantityUnitOfMeasure, Sales_Part_Status__c, US_Price_Group_Name__c, ACU_PMPLCM__c, Category__c)",KIT-10015946,KIT-10015946,"DS-LEDUNV Template for InfiLED WP/WT, LG LSBB / LSCB, Sharp NEC E",False,Inactive,EA,False,DVLED,,LED,01t8V000005wbllQAA
"UPDATE (IsActive, QuantityUnitOfMeasure, Sales_Part_Status__c, US_Price_Group_Name__c, ACU_PMPLCM__c, Category__c)",KIT-30MM-EXTNB,KIT-30MM-EXTNB,CONNECTOR NUT BAR FOR 30MM EXTRUSION,True,Active,EA,False,DVLED,,,01tPW000002mHztYAE
"UPDATE (QuantityUnitOfMeasure, Sales_Part_Status__c, US_Price_Group_Name__c, ACU_PMPLCM__c, Category__c)",KIT-30MM-EXTR-CONN,KIT-30MM-EXTR-CONN,CONNECTOR BARS FOR 30MM EXTRUSION,False,Inactive,EA,False,DVLED,,,01t8V000008XMLsQAO
"UPDATE (QuantityUnitOfMeasure, Sales_Part_Status__c, US_Price_Group_Name__c, ACU_PMPLCM__c, Category__c)",KIT-UNVLED-ANCHOR,KIT-UNVLED-ANCHOR,Z-ANCHOR KIT UNIVERSAL LED,False,Inactive,EA,False,DVLED,,,01t8V000008XMLnQAO
"UPDATE (IsActive, QuantityUnitOfMeasure, ACU_Item_Status__c, Sales_Part_Status__c, US_Price_Group_Name__c, ACU_PMPLCM__c, Category__c)",KIT-UNVLED-LATCH,KIT-UNVLED-LATCH,UNIVERSAL LED CLAMP,True,No Purchases,EA,False,DVLED,,,01t8V000008XLJGQA4
"UPDATE (QuantityUnitOfMeasure, Sales_Part_Status__c, US_Price_Group_Name__c, ACU_PMPLCM__c, Category__c)",KIT-UNVLED-M10,KIT-UNVLED-M10,M10X1.5X16MM SCREW KIT UNIVERSAL LED,False,Inactive,EA,False,DVLED,,,01t8V000008XMLtQAO
"UPDATE (QuantityUnitOfMeasure, Sales_Part_Status__c, US_Price_Group_Name__c, ACU_PMPLCM__c, Category__c)",KIT-UNVLED-M5-WR,KIT-UNVLED-M5-WR,Kit for Universal LED M5 Screws and Wrenches,False,Inactive,EA,False,DVLED,,,01t8V00000ANpHOQA1
"UPDATE (QuantityUnitOfMeasure, Sales_Part_Status__c, US_Price_Group_Name__c, ACU_PMPLCM__c, Category__c)",KIT-UNVLED-M6,KIT-UNVLED-M6,M6 SCREW & SPACER KIT UNIVERSAL LED,False,Inactive,EA,False,DVLED,,,01t8V000008XMLuQAO
"UPDATE (QuantityUnitOfMeasure, Sales_Part_Status__c, US_Price_Group_Name__c, ACU_PMPLCM__c, Category__c)",KIT-UNVLED-M8,KIT-UNVLED-M8,M8 SCREW & SPACER KIT UNIVERSAL LED,False,Inactive,EA,False,DVLED,,,01t8V000008XMLdQAO
INSERT,KIT-UNVLED-SCR-1IN-WOOD,KIT-UNVLED-SCR-1IN-WOOD,"#14-10X1"" WOOD SCREW KIT UNIVERSAL LED",True,No Purchases,EA,False,DVLED,,,
INSERT,KIT-UNVLED-SCR-M5-LVL,KIT-UNVLED-SCR-M5-LVL,M5X0.8X10MM LEVELING SCREW KIT UNIVERSAL LED,True,No Purchases,EA,False,DVLED,,,
"UPDATE (QuantityUnitOfMeasure, Sales_Part_Status__c, US_Price_Group_Name__c, ACU_PMPLCM__c, Category__c)",KIT-UNVLED-SCR-WD,KIT-UNVLED-SCR-WD,Kit for Universal LED Wall Screws,False,Inactive,EA,False,DVLED,,,01t8V00000ANpHTQA1
"UPDATE (QuantityUnitOfMeasure, Sales_Part_Status__c, US_Price_Group_Name__c, ACU_PMPLCM__c, Category__c)",KIT-UNVLED-SHIM,KIT-UNVLED-SHIM,SHIM KIT UNIVERSAL LED,False,Inactive,EA,False,DVLED,,,01t8V000008XMLxQAO
"UPDATE (IsActive, QuantityUnitOfMeasure, Sales_Part_Status__c, US_Price_Group_Name__c, Category__c)",KIT-UNVLED-SPACER,KIT-UNVLED-SPACER,SPACER KIT FOR UNIVERSAL LED,True,No Request,EA,False,DVLED,Use Up,LED,01tPW000002mI1VYAU
"UPDATE (QuantityUnitOfMeasure, Sales_Part_Status__c, US_Price_Group_Name__c, ACU_PMPLCM__c, Category__c)",KIT-UNVLED-STANDOFF,KIT-UNVLED-STANDOFF,STANDOFF KIT UNIVERSAL LED,False,Inactive,EA,False,DVLED,,,01t8V000008XMLgQAO
"UPDATE (QuantityUnitOfMeasure, Sales_Part_Status__c, US_Price_Group_Name__c, ACU_PMPLCM__c, Category__c)",KIT-UNVLED-WALLPLATE,KIT-UNVLED-WALLPLATE,WALL PLATE KIT UNIVERSAL LED,False,Inactive,EA,False,DVLED,,,01t8V000008XMLiQAO
"UPDATE (IsActive, QuantityUnitOfMeasure, Sales_Part_Status__c, US_Price_Group_Name__c, ACU_PMPLCM__c, Category__c)",KIT-UNVLED-WRENCH,KIT-UNVLED-WRENCH,WRENCH KIT UNIVERSAL LED,True,No Purchases,EA,False,DVLED,,,01t8V000008XMLhQAO
"UPDATE (QuantityUnitOfMeasure, Sales_Part_Status__c)",KOF-OPT-LG,KOF-OPT-LG,LG 55XE4F Display Mounting /Airflow Kit for KOF555-1/2/3,True,Active,EA,False,KIOSK,Active,KIOSK,01t8V000008XMvxQAG
"UPDATE (QuantityUnitOfMeasure, Sales_Part_Status__c)",KOF-OPT-SAM,KOF-OPT-SAM,Samsung OH55 Display Mounting /Airflow Kit for KOF555-1/2/3,True,Active,EA,False,KIOSK,Active,KIOSK,01t8V000008XMvsQAG
"UPDATE (Description, US_Description__c, QuantityUnitOfMeasure, Sales_Part_Status__c)",KOP55XHB,KOP55XHB,"Black 55"" Outdoor Smart City Kiosk w/ XHB5541",True,Active,EA,True,KIOSK,Active,KIOSK,01t8V0000095r4AQAQ
"UPDATE (Description, US_Description__c, QuantityUnitOfMeasure, Sales_Part_Status__c)",KOP55XHB2,KOP55XHB2,"Black Dual-Sided 55"" Outdoor Smart City Kiosk w/(2)XHB5541",True,Active,EA,True,KIOSK,Active,KIOSK,01t8V000008YpjxQAC
"UPDATE (Description, US_Description__c, QuantityUnitOfMeasure, Sales_Part_Status__c)",KOP55XHB2-A,KOP55XHB2-A,"Black Dual-Sided 55"" Outdoor Smart City Kiosk w/(2)XHB5541 + audio",True,Active,EA,True,KIOSK,Active,KIOSK,01t8V000008YpjsQAC
"UPDATE (Description, US_Description__c, QuantityUnitOfMeasure, Sales_Part_Status__c)",KOP55XHB2-S,KOP55XHB2-S,"Silver Dual-Sided 55"" Outdoor Smart City Kiosk w/(2)XHB5541",True,Active,EA,True,KIOSK,Active,KIOSK,01t8V000008Ypk2QAC
"UPDATE (Description, US_Description__c, QuantityUnitOfMeasure, Sales_Part_Status__c)",KOP55XHB2-SA,KOP55XHB2-SA,"Silver Dual-Sided 55"" Outdoor Smart City Kiosk w/(2)XHB5541 + audio",True,Active,EA,True,KIOSK,Active,KIOSK,01t8V000008Ypk3QAC
"UPDATE (Description, US_Description__c, QuantityUnitOfMeasure, Sales_Part_Status__c)",KOP55XHB-A,KOP55XHB-A,"Black 55"" Outdoor Smart City Kiosk w/ XHB5541 + audio",True,Active,EA,True,KIOSK,Active,KIOSK,01t8V0000095r45QAA
"UPDATE (Description, US_Description__c, QuantityUnitOfMeasure, Sales_Part_Status__c)",KOP55XHB-S,KOP55XHB-S,"Silver 55"" Outdoor Smart City Kiosk w/ XHB5541",True,Active,EA,True,KIOSK,Active,KIOSK,01t8V0000095r4BQAQ
"UPDATE (Description, US_Description__c, QuantityUnitOfMeasure, Sales_Part_Status__c)",KOP55XHB-SA,KOP55XHB-SA,"Silver 55"" Outdoor Smart City Kiosk w/ XHB5541 + audio",True,Active,EA,True,KIOSK,Active,KIOSK,01t8V0000095r40QAA
"UPDATE (Description, US_Description__c, IsActive, QuantityUnitOfMeasure, ACU_Item_Status__c, Sales_Part_Status__c, Category__c)",NT553-B,NT553-B,"55"" 500 Nits Partial Sun, Web OS Hub, Includes Outdoor Tilt Mount - B-STOCK",True,Active,EA,False,NEPTUNE,,TV,01t8V000006cjNSQAY
"UPDATE (Description, US_Description__c, IsActive, QuantityUnitOfMeasure, ACU_Item_Status__c, Sales_Part_Status__c, Category__c)",NT553-R,NT553-R,"55"" 500 Nits Partial Sun, Web OS Hub, Includes Outdoor Tilt Mount - REFURBISHED",True,Active,EA,False,NEPTUNE,,TV,01t8V000006cjNIQAY
"UPDATE (Description, US_Description__c, QuantityUnitOfMeasure, Sales_Part_Status__c)",NT554,NT554,"55"" 1500 Nits Full Sun,  Web OS Hub, Includes Outdoor Tilt Mount",True,Active,EA,True,NEPTUNE,Active,TV,01tPW000001OcDFYA0
"UPDATE (Description, US_Description__c, QuantityUnitOfMeasure, ACU_Item_Status__c, Sales_Part_Status__c, Category__c)",NT653-B,NT653-B,"65"" 500 Nits Partial Sun, Web OS Hub, Includes Outdoor Tilt Mount - B-STOCK",True,Active,EA,False,NEPTUNE,,TV,01t8V000006cjN8QAI
"UPDATE (Description, US_Description__c, IsActive, QuantityUnitOfMeasure, ACU_Item_Status__c, Sales_Part_Status__c, Category__c)",NT653-R,NT653-R,"65"" 500 Nits Partial Sun, Web OS Hub, Includes Outdoor Tilt Mount - REFURBISHED",True,Active,EA,False,NEPTUNE,,TV,01t8V000006cjNXQAY
"UPDATE (Description, US_Description__c, QuantityUnitOfMeasure, Sales_Part_Status__c)",NT654,NT654,"65"" 1500 Nits Full Sun,  Web OS Hub, Includes Outdoor Tilt Mount",True,Active,EA,True,NEPTUNE,Active,TV,01tPW000001OcDGYA0
"UPDATE (Description, US_Description__c, IsActive, QuantityUnitOfMeasure, ACU_Item_Status__c, Sales_Part_Status__c, Category__c)",NT753-B,NT753-B,"75"" 500 Nits Partial Sun, Web OS Hub, Includes Outdoor Tilt Mount - B-STOCK",True,Active,EA,False,NEPTUNE,,TV,01t8V000006cjNcQAI
"UPDATE (Description, US_Description__c, IsActive, QuantityUnitOfMeasure, ACU_Item_Status__c, Sales_Part_Status__c, Category__c)",NT753-R,NT753-R,"75"" 500 Nits Partial Sun, Web OS Hub, Includes Outdoor Tilt Mount - REFURBISHED",True,Active,EA,False,NEPTUNE,,TV,01t8V000006cjNmQAI
"UPDATE (Description, US_Description__c, QuantityUnitOfMeasure, Sales_Part_Status__c, ACU_Authorization_Required__c)",ODTV5504,ODTV5504,"55"" Full Sun, Web OS Hub, Includes Outdoor Tilt Mount",True,Active,EA,False,NEPTUNE-OD,Active,TV,01tPW000001OcBdYAK
"UPDATE (Description, US_Description__c, IsActive, QuantityUnitOfMeasure, ACU_Item_Status__c, Sales_Part_Status__c, US_Price_Group_Name__c, Category__c)",ODTV5504-B,ODTV5504-B,"55"" 1500 Nits Full Sun, Web OS Hub, Includes Outdoor Tilt Mount - B-STOCK",True,Active,EA,False,NEPTUNE-OD,,TV,01tPW000001ObykYAC
"UPDATE (Description, US_Description__c, IsActive, QuantityUnitOfMeasure, ACU_Item_Status__c, Sales_Part_Status__c, US_Price_Group_Name__c, Category__c)",ODTV5504-R,ODTV5504-R,"55"" 1500 Nits Full Sun, Web OS Hub, Includes Outdoor Tilt Mount - REFURBISHED",True,Active,EA,False,NEPTUNE-OD,,TV,01tPW000001Oa3PYAS
"UPDATE (Description, US_Description__c, QuantityUnitOfMeasure, Sales_Part_Status__c, ACU_Authorization_Required__c)",ODTV6504,ODTV6504,"65"" 1500 Nits Full Sun, Web OS Hub, Includes Outdoor Tilt Mount",True,Active,EA,False,NEPTUNE-OD,Active,TV,01tPW000001ObYwYAK
"UPDATE (Description, US_Description__c, IsActive, QuantityUnitOfMeasure, ACU_Item_Status__c, Sales_Part_Status__c, US_Price_Group_Name__c, Category__c)",ODTV6504-B,ODTV6504-B,"65"" 1500 Nits Full Sun, Web OS Hub, Includes Outdoor Tilt Mount - B-STOCK",True,Active,EA,False,NEPTUNE-OD,,TV,01tPW000001OgdRYAS
"UPDATE (Description, US_Description__c, IsActive, QuantityUnitOfMeasure, ACU_Item_Status__c, Sales_Part_Status__c, US_Price_Group_Name__c, Category__c)",ODTV6504-R,ODTV6504-R,"65"" 1500 Nits Full Sun, Web OS Hub, Includes Outdoor Tilt Mount - REFURBISHED",True,Active,EA,False,NEPTUNE-OD,,TV,01tPW000001OggfYAC
"UPDATE (Description, US_Description__c, QuantityUnitOfMeasure, Sales_Part_Status__c)",PR565,PR565,"Paramount Universal Cart for 55-75"" Displays w/Shelf",True,Active,EA,True,CORE,Active,MOUNT,01tPW000001exnBYAQ
"UPDATE (Description, US_Description__c, QuantityUnitOfMeasure, Sales_Part_Status__c, ACU_Authorization_Required__c)",SOTV5504,SOTV5504,"55"" 1500 Nits Full Sun, Web OS Hub, Includes Outdoor Tilt Mount",True,Active,EA,False,NEPTUNE-SO,Active,TV,01tPW000001OaD5YAK
"UPDATE (Description, US_Description__c, QuantityUnitOfMeasure, Sales_Part_Status__c, ACU_Authorization_Required__c)",SOTV6504,SOTV6504,"65"" 1500 Nits Full Sun, Web OS Hub, Includes Outdoor Tilt Mount",True,Active,EA,False,NEPTUNE-SO,Active,TV,01tPW000001OcBeYAK
"UPDATE (US_Description__c, QuantityUnitOfMeasure, Sales_Part_Status__c)",SR860,SR860,"SmartMount®  Universal Cart For 43"" to 75""+ Displays",True,Active,EA,True,CORE,Active,MOUNT,01tPW000001sZwHYAU
"UPDATE (US_Description__c, QuantityUnitOfMeasure, Sales_Part_Status__c)",SR898,SR898,"SmartMount®  Universal Cart For 55"" to 110""+ Displays",True,Active,EA,True,CORE,Active,MOUNT,01tPW000001sVr6YAE
"UPDATE (QuantityUnitOfMeasure, Sales_Part_Status__c)",STS650,STS650,"Universal Scissor Mount for 39-85""+ Displays",True,Active,EA,True,CORE,Active,MOUNT,01tPW0000014BHFYA2
"UPDATE (Description, US_Description__c, IsActive, QuantityUnitOfMeasure, ACU_Item_Status__c, Sales_Part_Status__c, ACU_PMPLCM__c, Category__c)",SXN-55-4,SXN-55-4,"55"" NEPTUNE FULL SUN OUTDOOR SMART TV, W/MOUNT",True,Active,EA,False,NEPTUNE,Active,TV,01tPW000001OYj9YAG
"UPDATE (Description, US_Description__c, QuantityUnitOfMeasure, Sales_Part_Status__c, ACU_Authorization_Required__c)",WPTV554,WPTV554,"55"" 1500 Nits Full Sun, Web OS Hub, Includes Outdoor Tilt Mount",True,Active,EA,False,NEPTUNE-WP,Active,TV,01tPW000001OYjBYAW
"UPDATE (IsActive, QuantityUnitOfMeasure, ACU_Item_Status__c, Sales_Part_Status__c, US_Price_Group_Name__c, Category__c)",WPTV55-B,WPTV55-B,"55"" NEPTUNE SHADE SERIES 4K HDR - B STOCK - 30 DAY WARRANTY",True,Active,EA,False,NEPTUNE-WP,,TV,01t8V000008Yq7vQAC
"UPDATE (Description, US_Description__c, QuantityUnitOfMeasure, Sales_Part_Status__c, ACU_Authorization_Required__c)",WPTV654,WPTV654,"65"" 1500 Nits Full Sun, Web OS Hub, Includes Outdoor Tilt Mount",True,Active,EA,False,NEPTUNE-WP,Active,TV,01tPW000001OcJhYAK
"UPDATE (IsActive, QuantityUnitOfMeasure, ACU_Item_Status__c, Sales_Part_Status__c, US_Price_Group_Name__c, Category__c)",WPTV65-B,WPTV65-B,"65"" NEPTUNE SHADE SERIES 4K HDR - B STOCK - 30 DAY WARRANTY",True,Active,EA,False,NEPTUNE-WP,,TV,01t8V000008Yq7qQAC
"UPDATE (IsActive, QuantityUnitOfMeasure, ACU_Item_Status__c, Sales_Part_Status__c, US_Price_Group_Name__c, Category__c)",WPTV75-B,WPTV75-B,"75"" NEPTUNE SHADE SERIES 4K HDR - B STOCK - 30 DAY WARRANTY",True,Active,EA,False,NEPTUNE-WP,,TV,01t8V000008Yq7wQAC
"UPDATE (IsActive, QuantityUnitOfMeasure, Sales_Part_Status__c, ACU_Authorization_Required__c, US_Price_Group_Name__c, ACU_PMPLCM__c)",XHB553-B,XHB553-B,"55"" XTREME HIGH BRIGHT OUTDOOR DISPLAY GEN3 - B-STOCK",True,Active,EA,False,ET,,TV,01t8V000008XLzzQAG
"UPDATE (IsActive, QuantityUnitOfMeasure, Sales_Part_Status__c, ACU_Authorization_Required__c, US_Price_Group_Name__c)",XHB553-R,XHB553-R,"55"" XTREME HIGH BRIGHT OUTDOOR DISPLAY - Refurbished",True,No Purchases,EA,False,ET,Use Up,TV,01t8V000008YvNhQAK
"UPDATE (QuantityUnitOfMeasure, Sales_Part_Status__c, ACU_Authorization_Required__c, US_Price_Group_Name__c, ACU_PMPLCM__c)",XHB554-B,XHB554-B,"55"" XTREME HIGH BRIGHT GEN4 - B-STOCK",False,Inactive,EA,False,ET,,TV,01t8V000006d31MQAQ
"UPDATE (IsActive, QuantityUnitOfMeasure, Sales_Part_Status__c, ACU_Authorization_Required__c, US_Price_Group_Name__c)",XHB554-R,XHB554-R,"55"" XTREME HIGH BRIGHT GEN4 - REFURBISHED",True,No Purchases,EA,False,ET,Use Up,TV,01t8V000006d31RQAQ
"UPDATE (QuantityUnitOfMeasure, ACU_Item_Status__c, Sales_Part_Status__c, Category__c)",XHB652-R,XHB652-R,"65"" XTREME HIGH BRIGHT OUTDOOR DISPLAY - (Refurbished)",True,No Purchases,EA,False,ET DD,,TV,01t8V000006dzChQAI
"UPDATE (IsActive, QuantityUnitOfMeasure, Sales_Part_Status__c, ACU_Authorization_Required__c, US_Price_Group_Name__c, ACU_PMPLCM__c)",XHB653-B,XHB653-B,"65"" XTREME HIGH BRIGHT OUTDOOR DISPLAY GEN3, B STOCK",True,Active,EA,False,ET,,TV,01t8V000006VDYiQAO
"UPDATE (IsActive, QuantityUnitOfMeasure, Sales_Part_Status__c, ACU_Authorization_Required__c, US_Price_Group_Name__c, ACU_PMPLCM__c)",XHB653-R,XHB653-R,"65"" XTREME HIGH BRIGHT OUTDOOR DISPLAY GEN3, REFURBISHED",True,Active,EA,False,ET,,TV,01t8V000006VDYnQAO
"UPDATE (IsActive, QuantityUnitOfMeasure, Sales_Part_Status__c, ACU_Authorization_Required__c, US_Price_Group_Name__c, ACU_PMPLCM__c)",XHB754-B,XHB754-B,"75"" XTREME HIGH BRIGHT OUTDOOR DISPLAY GEN4, B STOCK",True,Active,EA,False,ET,,TV,01t8V000006VDfTQAW
"UPDATE (IsActive, QuantityUnitOfMeasure, Sales_Part_Status__c, ACU_Authorization_Required__c, US_Price_Group_Name__c, ACU_PMPLCM__c)",XHB754-R,XHB754-R,"75"" XTREME HIGH BRIGHT OUTDOOR DISPLAY GEN4, REFURBISHED",True,Active,EA,False,ET,,TV,01t8V000006VDfOQAW
"UPDATE (IsActive, QuantityUnitOfMeasure, ACU_Item_Status__c, Sales_Part_Status__c, US_Price_Group_Name__c)",KIT-UNVLED-STANDOFF2,KIT-UNVLED-STANDOFF2,STANDOFF KIT UNIVERSAL LED,True,No Purchases,EA,False,DVLED,,,01tPW000003JiwTYAS
"UPDATE (IsActive, QuantityUnitOfMeasure, ACU_Item_Status__c, Sales_Part_Status__c, US_Price_Group_Name__c, ACU_PMPLCM__c, Category__c)",DS-LEDTK-13VX10S,DS-LEDTK-13VX10S,"Universal DV-LED Trim Kit, 13' Vented x 10' Solid",True,No Request,EA,False,DVLED,Use Up,LED,01tPW000003QE7FYAW
"UPDATE (QuantityUnitOfMeasure, Sales_Part_Status__c, Category__c)",DS-LEDUNV610,DS-LEDUNV610,One-to-one universal wall mount for latching dvLED displays up to 610mm wide,True,Active,EA,False,DVLED,Active,LED,01tPW000003XhFmYAK
"UPDATE (QuantityUnitOfMeasure, Sales_Part_Status__c, Category__c)",DS-LEDUNV610-4X4,DS-LEDUNV610-4X4,4x4 Universal wall mount for latching dvLED displays up to 610mm wide,True,No Purchases,EA,False,DVLED,Active,LED,01tPW000003XhEAYA0
"UPDATE (QuantityUnitOfMeasure, Sales_Part_Status__c, Category__c)",DS-LEDUNV960-5X5,DS-LEDUNV960-5X5,5x5 Universal wall mount for latching dvLED displays up to 960mm wide,True,Active,EA,False,DVLED,Active,LED,01tPW000003XhCYYA0
"UPDATE (IsActive, QuantityUnitOfMeasure, ACU_Item_Status__c, Sales_Part_Status__c, Category__c)",DS-LEDUNV610-5X5,DS-LEDUNV610-5X5,5x5 Universal wall mount for latching dvLED displays up to 610mm wide,False,No Sales,EA,False,DVLED,Active,LED,01tPW000003XhEBYA0
"UPDATE (QuantityUnitOfMeasure, Sales_Part_Status__c, Category__c)",DS-LEDUNVSPACER,DS-LEDUNVSPACER,Universal Spacer for DS-LEDUNV,True,Active,EA,False,DVLED,Active,LED,01tPW000003YbBVYA0
"UPDATE (QuantityUnitOfMeasure, Sales_Part_Status__c, Category__c)",DS-LEDUNV610-6X6,DS-LEDUNV610-6X6,6x6 Universal wall mount for latching dvLED displays up to 610mm wide,True,No Purchases,EA,False,DVLED,Active,LED,01tPW000003XhAwYAK
"UPDATE (QuantityUnitOfMeasure, Sales_Part_Status__c, Category__c)",DS-LEDUNV610-8X8,DS-LEDUNV610-8X8,8x8 Universal wall mount for latching dvLED displays up to 610mm wide,True,Active,EA,False,DVLED,Active,LED,01tPW000003XhKcYAK
"UPDATE (QuantityUnitOfMeasure, Sales_Part_Status__c, Category__c)",DS-LEDUNV960,DS-LEDUNV960,One-to-one universal wall mount for latching dvLED displays up to 960mm wide,True,Active,EA,False,DVLED,Active,LED,01tPW000003XhHNYA0
"UPDATE (QuantityUnitOfMeasure, Sales_Part_Status__c, Category__c)",DS-LEDUNV960-3X3,DS-LEDUNV960-3X3,3x3 Universal wall mount for latching dvLED displays up to 960mm wide,True,Active,EA,False,DVLED,Active,LED,01tPW000003XeOMYA0
"UPDATE (QuantityUnitOfMeasure, Sales_Part_Status__c, Category__c)",DS-LEDUNV960-4X4,DS-LEDUNV960-4X4,4x4 Universal wall mount for latching dvLED displays up to 960mm wide,True,Active,EA,False,DVLED,Active,LED,01tPW000003XhFnYAK
"UPDATE (QuantityUnitOfMeasure, Sales_Part_Status__c)",SPK812,SPK812,Universal Swivel Wall Speaker Mounts (One Pair) - 22 lbs (10kg),True,Active,EA,True,CORE,Active,MOUNT,01tPW000008a16dYAA
INSERT,HPF490,HPF490,Test -  Hospitality Wall Mount,True,Active,EA,False,HOSP,Active,MOUNT,
INSERT,PRJ500006,PRJ500006,KIPC2555B with acrylic both sides,True,Active,EA,False,KIOSK,,KIOSK,
INSERT,PRJ500007,PRJ500007,Custom KOF,True,Active,EA,False,KIOSK,,KIOSK,
INSERT,PRJ500009 10X4,PRJ500009 10X4,Custom DV-LED 10x4,True,Active,EA,False,DVLED,,LED,
INSERT,PLCM150,PLCM150,"Universal Kitted Ceiling Mount for 43-75""+ Displays",False,Inactive,EA,False,CORE,,MOUNT,
"UPDATE (US_Description__c, QuantityUnitOfMeasure, Sales_Part_Status__c)",PCM150,PCM150,"Adjustable Universal Ceiling Mount Kit for 43-90""+ Displays",True,Active,EA,True,CORE,Active,MOUNT,01tPW0000067xr7YAA
"UPDATE (QuantityUnitOfMeasure, Sales_Part_Status__c, Category__c)",DS-LEDUNV610-8X4,DS-LEDUNV610-8X4,8x4 universal wall mount for latching dvLED displays up to 610mm wide,True,Active,EA,False,DVLED,,LED,01tPW000008a15aYAA
"UPDATE (IsActive, QuantityUnitOfMeasure, ACU_Item_Status__c, Sales_Part_Status__c, US_Price_Group_Name__c, Category__c)",VOLTA55C-R,VOLTA55C-R,"55"" XTREME HIGH BRIGHT VOLTA DISPLAY GENERATION 4 REFURBISHED",True,No Purchases,EA,False,ET,,KIOSK,01tPW000008a16fYAA
"UPDATE (Description, US_Description__c, QuantityUnitOfMeasure, Sales_Part_Status__c, Category__c)",DS-LEDUNV1220,DS-LEDUNV1220,One-to-one universal wall mount for latching dvLED displays up to 1220mm wide,True,Active,EA,False,DVLED,Active,LED,01tPW0000079ImTYAU
"UPDATE (US_Description__c, QuantityUnitOfMeasure, Sales_Part_Status__c, Category__c)",DS-LEDUNV1220-2X2,DS-LEDUNV1220-2X2,2x2 Universal wall mount for latching dvLED displays up to 1220mm wide,True,No Purchases,EA,False,DVLED,Use Up,LED,01tPW0000079J5pYAE
"UPDATE (US_Description__c, QuantityUnitOfMeasure, Sales_Part_Status__c, Category__c)",DS-LEDUNV1220-3X3,DS-LEDUNV1220-3X3,3x3 Universal wall mount for latching dvLED displays up to 1220mm wide,True,Active,EA,False,DVLED,Active,LED,01tPW000006q277YAA
"UPDATE (US_Description__c, QuantityUnitOfMeasure, Sales_Part_Status__c, Category__c)",DS-LEDUNV1220-4X4,DS-LEDUNV1220-4X4,4x4 Universal wall mount for latching dvLED displays up to 1220mm wide,True,Active,EA,False,DVLED,Active,LED,01tPW000006q2tVYAQ
INSERT,PRJ500786-1,PRJ500786-1,"KOF555-1 for XHB554 w/show base, fan, shelves,speakers",True,Active,EA,False,KIOSK,,KIOSK,
"UPDATE (IsActive, QuantityUnitOfMeasure, ACU_Item_Status__c, Sales_Part_Status__c, US_Price_Group_Name__c, Category__c)",PRJ500786-2,PRJ500786-2,KOF555-2 for XHB554 w/show base + 2 shelves + display brackets,True,Active,EA,False,KIOSK,,KIOSK,01tPW000008a162YAA
"UPDATE (IsActive, QuantityUnitOfMeasure, ACU_Item_Status__c, Sales_Part_Status__c)",75XHBWARR-003,75XHBWARR-003,"XHB 75"" - ADDITIONAL ONE YEAR EXTENDED WARRANTY INCLUDING ADVANCED REPLACEMENT PER ADDITIONAL YEAR",False,Inactive,EA,False,ET,,,01t8V0000095kMnQAI
"UPDATE (IsActive, QuantityUnitOfMeasure, ACU_Item_Status__c, Sales_Part_Status__c)",75XHBWARR-034,75XHBWARR-034,"XHB 75"" - ADDITIONAL TWO YEAR EXTENDED WARRANTY INCLUDING ADVANCED REPLACEMENT PER ADDITIONAL YEAR",False,Inactive,EA,False,ET,,,01t8V0000095kMiQAI
"UPDATE (IsActive, QuantityUnitOfMeasure, ACU_Item_Status__c, Sales_Part_Status__c)",75XHBWARR-345,75XHBWARR-345,"XHB 75"" - ADDITIONAL THREE YEAR EXTENDED WARRANTY INCLUDING ADVANCED REPLACEMENT PER ADDITIONAL YEAR",False,Inactive,EA,False,ET,,,01t8V0000095kMdQAI
INSERT,VOLTA55C-B,VOLTA55C-B,"55"" XTREME HIGH BRIGHT VOLTA DISPLAY GENERATION 4 B-STOCK",True,No Purchases,EA,False,ET,,KIOSK,
INSERT,SXOBH-75-4,SXOBH-75-4,"75"" Xtreme(tm) High Bright Gen4 - TruVu",True,No Request,EA,False,ET,Use Up,TV,
"UPDATE (IsActive, QuantityUnitOfMeasure, ACU_Item_Status__c, Sales_Part_Status__c, US_Price_Group_Name__c, ACU_PMPLCM__c, Category__c)",CO-FS55,CO-FS55,"(Customer Owned) 55"" Neptune Full Sun",True,No Request,EA,False,NEPTUNE,Active,TV,01tPW000008a14rYAA
"UPDATE (IsActive, QuantityUnitOfMeasure, ACU_Item_Status__c, Sales_Part_Status__c, US_Price_Group_Name__c, ACU_PMPLCM__c, Category__c)",CO-FS65,CO-FS65,"(Customer Owned) 65"" Neptune Full Sun",True,Active,EA,False,NEPTUNE,Active,TV,01tPW000008a14sYAA
"UPDATE (US_Description__c, QuantityUnitOfMeasure, Sales_Part_Status__c, Category__c)",DS-LEDUNVWP,DS-LEDUNVWP,Adjustable Wall Plate for DS-LEDUNV,True,Active,EA,False,DVLED,,LED,01tPW0000079JAfYAM
"UPDATE (Description, US_Description__c, QuantityUnitOfMeasure, Sales_Part_Status__c, Category__c)",DS-LEDLSAB-5X5,DS-LEDLSAB-5X5,5x5 Fixed Wall Mount for LG LSAB/LSAP Series,True,No Purchases,EA,False,DVLED,,LED,01tPW000008a150YAA
"UPDATE (QuantityUnitOfMeasure, Sales_Part_Status__c, Category__c)",DS-LEDUNV610-4X3,DS-LEDUNV610-4X3,4x3 Universal wall mount for latching dvLED displays up to 610mm wide,True,Active,EA,False,DVLED,,LED,01tPW000008a15TYAQ
"UPDATE (IsActive, QuantityUnitOfMeasure, ACU_Item_Status__c, Sales_Part_Status__c, US_Price_Group_Name__c, Category__c)",PRJ500841,PRJ500841,InfoComm 2024 Plexi for the dvLED Display,True,Active,EA,False,DVLED,,LED,01tPW000008a168YAA
INSERT,PRJ500520,PRJ500520,41x1 Compound Curve Wall Mount for LG LSCB-CFK,True,Active,EA,False,DVLED,,DVLED,
"UPDATE (US_Description__c, QuantityUnitOfMeasure, Sales_Part_Status__c, Category__c)",DS-LEDUNV610-7X7,DS-LEDUNV610-7X7,7x7 Universal wall mount for latching dvLED displays up to 610mm wide,True,Active,EA,False,DVLED,,LED,01tPW0000065VPWYA2
"UPDATE (QuantityUnitOfMeasure, Sales_Part_Status__c, Category__c)",DS-LEDUNV610-10X10,DS-LEDUNV610-10X10,10x10 Universal wall mount for latching dvLED displays up to 610mm wide,True,Active,EA,False,DVLED,,LED,01tPW000008a15GYAQ
"UPDATE (Description, US_Description__c, IsActive, QuantityUnitOfMeasure, ACU_Item_Status__c, Sales_Part_Status__c, US_Price_Group_Name__c, Category__c)",NT554-R,NT554-R,"55"" 1500 Nits Full Sun,  Web OS Hub, Includes Outdoor Tilt Mount - REFURBISHED",True,Active,EA,False,NEPTUNE,,TV,01tPW000008a15vYAA
INSERT,NT554-B,NT554-B,"55"" 1500 Nits Full Sun,  Web OS Hub, Includes Outdoor Tilt Mount - B-STOCK",True,Active,EA,False,NEPTUNE,,TV,
"UPDATE (Description, US_Description__c, QuantityUnitOfMeasure, ACU_Item_Status__c, Sales_Part_Status__c, US_Price_Group_Name__c, Category__c)",NT654-R,NT654-R,"65"" 800 Nits Full Sun, Web OS Hub, Includes Outdoor Tilt Mount - REFURBISHED",True,Active,EA,False,NEPTUNE,,TV,01tPW000008a15xYAA
"UPDATE (Description, US_Description__c, IsActive, QuantityUnitOfMeasure, ACU_Item_Status__c, Sales_Part_Status__c, US_Price_Group_Name__c, Category__c)",NT654-B,NT654-B,"65"" 800 Nits Full Sun,  Web OS Hub, Includes Outdoor Tilt Mount - B-STOCK",True,Active,EA,False,NEPTUNE,,TV,01tPW000008a15wYAA
"UPDATE (QuantityUnitOfMeasure, Sales_Part_Status__c, Category__c)",DS-LEDUNV610-18X3,DS-LEDUNV610-18X3,18x3 Universal wall mount for latching dvLED displays up to 610mm wide,True,Active,EA,False,DVLED,,LED,01tPW000008a15PYAQ
"UPDATE (QuantityUnitOfMeasure, Sales_Part_Status__c, Category__c)",DS-LEDUNV610-9X3,DS-LEDUNV610-9X3,9x3 Universal wall mount for latching dvLED displays up to 610mm wide,True,Active,EA,False,DVLED,,LED,01tPW000008a15bYAA
"UPDATE (QuantityUnitOfMeasure, Sales_Part_Status__c, Category__c)",DS-LEDUNV610-6X2,DS-LEDUNV610-6X2,6x2 Universal wall mount for latching dvLED displays up to 610mm wide,True,Active,EA,False,DVLED,,LED,01tPW000008a15VYAQ
"UPDATE (QuantityUnitOfMeasure, Sales_Part_Status__c, Category__c)",DS-LEDUNV610-5X2,DS-LEDUNV610-5X2,5x2 Universal wall mount for latching dvLED displays up to 610mm wide,True,Active,EA,False,DVLED,,LED,01tPW000008a15UYAQ
"UPDATE (Description, US_Description__c, QuantityUnitOfMeasure, Sales_Part_Status__c, Category__c)",DS-LEDUNV960-4X9,DS-LEDUNV960-4X9,4x9 Universal wall mount for latching dvLED displays up to 960mm wide,True,Active,EA,False,DVLED,Use Up,LED,01tPW00000ACJfRYAX
"UPDATE (Description, US_Description__c, QuantityUnitOfMeasure, Sales_Part_Status__c, Category__c)",DS-LEDUNV960-4X10,DS-LEDUNV960-4X10,4x10 Universal wall mount for latching dvLED displays up to 960mm wide,True,Active,EA,False,DVLED,Use Up,LED,01tPW00000ACJFfYAP
"UPDATE (QuantityUnitOfMeasure, Sales_Part_Status__c, Category__c)",DS-LEDUNV610-9X9,DS-LEDUNV610-9X9,9x9 Universal wall mount for latching dvLED displays up to 610mm wide,True,Active,EA,False,DVLED,,LED,01tPW000008a15cYAA
INSERT,PRJ500936,PRJ500936,Custom Brackets to adapt XHB553 to KOP555-3XHB,True,Active,EA,False,KIOSK,,KIOSK,
"UPDATE (QuantityUnitOfMeasure, Sales_Part_Status__c, Category__c)",DS-LEDUNV610-12X4,DS-LEDUNV610-12X4,12x4 Universal wall mount for latching dvLED displays up to 610mm wide,True,Active,EA,False,DVLED,,LED,01tPW000008a15KYAQ
INSERT,PRJ500948,PRJ500948,"NEW KOF DOOR ASSEMBLY; Consists of 10005265 (x1), 520-1271 (x2), 10002568 (x1),",True,Active,EA,False,KIOSK,,KIOSK,
"UPDATE (Description, US_Description__c, QuantityUnitOfMeasure, Sales_Part_Status__c, US_Price_Group_Name__c, ACU_PMPLCM__c, Category__c)",DS-LEDLSAB-8X8,DS-LEDLSAB-8X8,8X8 Fixed Wall Mount for LG LSAB Series,False,Inactive,EA,False,DVLED,,LED,01tPW000008a152YAA
"UPDATE (US_Description__c, QuantityUnitOfMeasure, Sales_Part_Status__c, Category__c)",DS-LEDLSAB-8X4,DS-LEDLSAB-8X4,8X4 Fixed Wall Mount for LG LSAB Series,True,No Purchases,EA,False,DVLED,Presale,LED,01tPW000008a151YAA
"UPDATE (IsActive, QuantityUnitOfMeasure, ACU_Item_Status__c, Sales_Part_Status__c, US_Price_Group_Name__c, ACU_PMPLCM__c, Category__c)",555DNT1S-UA-S,555DNT1S-UA-S,"55"" NEPTUNE 500NIT SMART OUTDOOR TV - SAMPLE",True,No Request,EA,False,NEPTUNE,Active,TV,01tPW000008a14dYAA
"UPDATE (IsActive, QuantityUnitOfMeasure, ACU_Item_Status__c, Sales_Part_Status__c, US_Price_Group_Name__c, ACU_PMPLCM__c, Category__c)",655DNT1S-UA-S,655DNT1S-UA-S,"65"" NEPTUNE 500NIT SMART OUTDOOR TV - SAMPLE",True,No Request,EA,False,NEPTUNE,Use Up,TV,01tPW000008a14kYAA
"UPDATE (IsActive, QuantityUnitOfMeasure, ACU_Item_Status__c, Sales_Part_Status__c, US_Price_Group_Name__c, ACU_PMPLCM__c, Category__c)",557DNT1S-UA-S,557DNT1S-UA-S,"55"" NEPTUNE 800NIT SMART OUTDOOR TV - SAMPLE",True,No Request,EA,False,NEPTUNE,Use Up,TV,01tPW000008a14eYAA
"UPDATE (IsActive, QuantityUnitOfMeasure, ACU_Item_Status__c, Sales_Part_Status__c, US_Price_Group_Name__c, ACU_PMPLCM__c, Category__c)",657DNT1S-UA-S,657DNT1S-UA-S,"65"" NEPTUNE 800NIT SMART OUTDOOR TV - SAMPLE",True,No Request,EA,False,NEPTUNE,Use Up,TV,01tPW000008a14lYAA
"UPDATE (IsActive, QuantityUnitOfMeasure, Sales_Part_Status__c, US_Price_Group_Name__c, ACU_PMPLCM__c, Category__c)",44949,44949,4.7-4.9 -LED - 6x1 Outdoor Wall Mount for Uslim II (PRJ500938),True,Active,EA,False,DVLED,Active,LED,01tPW000008a14bYAA
"UPDATE (IsActive, QuantityUnitOfMeasure, Sales_Part_Status__c, US_Price_Group_Name__c, ACU_PMPLCM__c, Category__c)",44743,44743,4.16  (1) 17x1 dvLED UslimII set inside aluminum box (PRJ500574),True,Active,EA,False,DVLED,Active,LED,01tPW000008a14aYAA
"UPDATE (IsActive, QuantityUnitOfMeasure, Sales_Part_Status__c, US_Price_Group_Name__c, ACU_PMPLCM__c, Category__c)",44741,44741,4.17  2x3 DvLED Uslim II display - set inside sign box 6x6 solution (PRJ500939),True,Active,EA,False,DVLED,Active,LED,01tPW000008a14YYAQ
"UPDATE (IsActive, QuantityUnitOfMeasure, Sales_Part_Status__c, US_Price_Group_Name__c, ACU_PMPLCM__c, Category__c)",44742,44742,4.18 - 9x1 dvLED USlim II to sit in an aluminum sign box (PRJ500940),True,Active,EA,False,DVLED,Active,LED,01tPW000008a14ZYAQ
"UPDATE (IsActive, QuantityUnitOfMeasure, Sales_Part_Status__c, US_Price_Group_Name__c, ACU_PMPLCM__c)",PRJ500972,PRJ500972,"Custom IR Overlay for Grandscape 55"" Xtreme(tm) High Bright Display (ECN47738)",True,Active,EA,False,KIOSK,,KIOSK,01tPW000008a16FYAQ
INSERT,PT655,PT655,"Paramount™ Tilting Wall Mount for 32"" to 90""+ Displays w/ Height Adjustment",True,No Request,EA,False,CORE,Use Up,MOUNT,
INSERT,PF655,PF655,"Paramount™ Flat Wall Mount for 32"" to 90""+ Displays w/ Height Adjustment",True,No Request,EA,False,CORE,Use Up,MOUNT,
"UPDATE (QuantityUnitOfMeasure, Sales_Part_Status__c, Category__c)",DS-LEDUNV610-12X5,DS-LEDUNV610-12X5,12x5 Universal wall mount for latching dvLED displays up to 610mm wide,True,Active,EA,False,DVLED,,LED,01tPW000008a15LYAQ
"UPDATE (QuantityUnitOfMeasure, Sales_Part_Status__c, Category__c)",DS-LEDUNV960-6X5,DS-LEDUNV960-6X5,6x5 Universal wall mount for latching dvLED displays up to 960mm wide,True,Active,EA,False,DVLED,,LED,01tPW000008a15gYAA
"UPDATE (QuantityUnitOfMeasure, Sales_Part_Status__c, Category__c)",DS-LEDUNV610-22X9,DS-LEDUNV610-22X9,22x9 Universal wall mount for latching dvLED displays up to 610mm wide,True,No Purchases,EA,False,DVLED,,LED,01tPW000008a15RYAQ
"UPDATE (QuantityUnitOfMeasure, Sales_Part_Status__c, Category__c)",DS-LEDTK-29VX14S,DS-LEDTK-29VX14S,"Universal DV-LED Trim Kit, 29' Vented x 14' Solid",True,Active,EA,False,DVLED,,LED,01tPW000008a156YAA
"UPDATE (IsActive, QuantityUnitOfMeasure, Sales_Part_Status__c, US_Price_Group_Name__c, ACU_PMPLCM__c)",PRJ501012,PRJ501012,Custom KOP Brackets for XHB554,True,Active,EA,False,KIOSK,,KIOSK,01tPW00000EtlhhYAB
"UPDATE (IsActive, QuantityUnitOfMeasure, Sales_Part_Status__c, US_Price_Group_Name__c, ACU_PMPLCM__c)",PRJ501009,PRJ501009,Custom KOP Bracket for XHB554,True,Active,EA,False,KIOSK,,KIOSK,01tPW000008a16JYAQ
"UPDATE (QuantityUnitOfMeasure, ACU_Item_Status__c, Sales_Part_Status__c, US_Price_Group_Name__c, Category__c)",PRJ501016,PRJ501016,Custom Door Assembly for KOF,False,Inactive,EA,False,KIOSK,,KIOSK,01tPW000008a16KYAQ
INSERT,PRJ501017,PRJ501017,XHB554 Adapter Brackets for MiLB Legacy 2019 Kiosks (ECN46528),True,Active,EA,False,KIOSK,,KIOSK,
INSERT,PRJ501026,PRJ501026,KOP55XHB2 With 1x XHB554 and 1x Rear Cover for DGTL,True,Active,EA,False,KIOSK,,KIOSK,
"UPDATE (IsActive, QuantityUnitOfMeasure, ACU_Item_Status__c, Sales_Part_Status__c, US_Price_Group_Name__c, Category__c)",PRJ501043,PRJ501043,"Replacement Acrylic Lettering for Towson ""INFORMATION"" (PRJ501043)",True,Active,EA,False,KIOSK,,KIOSK,01tPW000008a16LYAQ
"UPDATE (QuantityUnitOfMeasure, Sales_Part_Status__c, Category__c)",DS-LEDUNV610-10X8,DS-LEDUNV610-10X8,10X8 Universal wall mount for latching dvLED displays up to 610mm wide,True,Active,EA,False,DVLED,,LED,01tPW000008a15JYAQ
"UPDATE (QuantityUnitOfMeasure, Sales_Part_Status__c, Category__c)",DS-LEDTK-20VX10S,DS-LEDTK-20VX10S,"Universal DV-LED Trim Kit, 20' Vented x 10' Solid",True,Active,EA,False,DVLED,,LED,01tPW000008a153YAA
"UPDATE (QuantityUnitOfMeasure, Sales_Part_Status__c, Category__c)",DS-LEDTK-36VX12S,DS-LEDTK-36VX12S,"Universal DV-LED Trim Kit, 36' Vented x 12' Solid",True,Active,EA,False,DVLED,,LED,01tPW000008a159YAA
INSERT,ACC-SAWPE,ACC-SAWPE,"SmartMount Articulating Wall Plate Extenders for 24"" Stud Spacing",True,No Purchases,EA,False,CORE,Use Up,,
"UPDATE (QuantityUnitOfMeasure, Sales_Part_Status__c, Category__c)",DS-LEDTK-5VX5S,DS-LEDTK-5VX5S,"Universal DV-LED Trim Kit, 5' Vented x 5' Solid",True,Active,EA,False,DVLED,,LED,01tPW000008a15DYAQ
"UPDATE (QuantityUnitOfMeasure, Sales_Part_Status__c, Category__c)",DS-LEDUNV610-3X3,DS-LEDUNV610-3X3,3X3 Universal wall mount for latching dvLED displays up to 610mm wide,True,Active,EA,False,DVLED,,LED,01tPW000008a15SYAQ
"UPDATE (US_Description__c, QuantityUnitOfMeasure, Sales_Part_Status__c, Category__c)",DS-LEDUNV1220-5X5,DS-LEDUNV1220-5X5,5x5 Universal wall mount for latching dvLED displays up to 1220mm wide,True,Active,EA,False,DVLED,,LED,01tPW000006q2yLYAQ
INSERT,DS-BF55-FLOOR,DS-BF55-FLOOR,"Portrait Floor Window Mount for BlueFin 55"" Dual Finished Flex-OS Screen",False,No Sales,EA,False,DS,Presale,LED,
"UPDATE (US_Description__c, QuantityUnitOfMeasure, Sales_Part_Status__c, Category__c)",DS-LEDUNV1220-5X4,DS-LEDUNV1220-5X4,5x4 Universal wall mount for latching dvLED displays up to 1220mm wide,True,No Purchases,EA,False,DVLED,,LED,01tPW00000ICSEHYA5
INSERT,PRJ501185,PRJ501185,Fully Populated Electronics Enclosure per V4.5 Production Build,True,Active,EA,False,KIOSK,,KIOSK,
INSERT,PRJ501185-1,PRJ501185-1,Fully Populated Electronics Enclosure per V4.5 Production Build - No Advatek Controller,True,Active,EA,False,KIOSK,,KIOSK,
"UPDATE (IsActive, QuantityUnitOfMeasure, Sales_Part_Status__c, US_Price_Group_Name__c, ACU_PMPLCM__c, Category__c)",PRJ501008,PRJ501008,12x3 Column Mount for LG LSCB,True,Active,EA,False,DVLED,,LED,01tPW000008a16IYAQ
"UPDATE (QuantityUnitOfMeasure, Sales_Part_Status__c, Category__c)",DS-LEDUNV610-14X5,DS-LEDUNV610-14X5,14x5 Universal wall mount for latching dvLED displays up to 610mm wide,True,Active,EA,False,DVLED,,LED,01tPW000008a15NYAQ
"UPDATE (QuantityUnitOfMeasure, Sales_Part_Status__c, Category__c)",DS-LEDTK-28VX6S,DS-LEDTK-28VX6S,"Universal DV-LED Trim Kit, 28' Vented x 6' Solid",True,Active,EA,False,DVLED,,LED,01tPW000008a155YAA
"UPDATE (QuantityUnitOfMeasure, Sales_Part_Status__c, Category__c)",DS-LEDUNV610-7X3,DS-LEDUNV610-7X3,7X3 Universal wall mount for latching dvLED displays up to 610mm wide,True,No Purchases,EA,False,DVLED,,LED,01tPW000008a15XYAQ
"UPDATE (QuantityUnitOfMeasure, Sales_Part_Status__c, Category__c)",DS-LEDUNV610-6X4,DS-LEDUNV610-6X4,6x4 Universal wall mount for latching dvLED displays up to 610mm wide,True,Active,EA,False,DVLED,,LED,01tPW000008a15WYAQ
"UPDATE (US_Description__c, QuantityUnitOfMeasure, Sales_Part_Status__c)",ACC180,ACC180,PCM150 Ceiling Adapter Acessory,True,Active,EA,False,CORE,Active,MOUNT,01tPW000009Xqx7YAC
"UPDATE (QuantityUnitOfMeasure, Sales_Part_Status__c, Category__c)",DS-LEDUNV610-10X3,DS-LEDUNV610-10X3,10x3 Universal wall mount for latching dvLED displays up to 610mm wide,True,Active,EA,False,DVLED,,LED,01tPW000008a15HYAQ
"UPDATE (QuantityUnitOfMeasure, Sales_Part_Status__c, Category__c)",DS-LEDUNV610-10X5,DS-LEDUNV610-10X5,10x5 universal wall mount for latching dvLED displays up to 610mm wide,True,Active,EA,False,DVLED,,LED,01tPW00000Etlg8YAB
"UPDATE (QuantityUnitOfMeasure, Sales_Part_Status__c, Category__c)",DS-LEDUNV1220-6X6,DS-LEDUNV1220-6X6,6x6 Universal wall mount for latching dvLED displays up to 1220mm wide,True,Active,EA,False,DVLED,,LED,01tPW000008a15FYAQ
"UPDATE (QuantityUnitOfMeasure, Sales_Part_Status__c, Category__c)",DS-LEDUNV610-7X5,DS-LEDUNV610-7X5,7x5 Universal wall mount for latching dvLED displays up to 610mm wide,True,Active,EA,False,DVLED,,LED,01tPW000008a15YYAQ
"UPDATE (QuantityUnitOfMeasure, Sales_Part_Status__c, Category__c)",DS-LEDUNV960-8X6,DS-LEDUNV960-8X6,8x6 Universal wall mount for latching dvLED displays up to 960mm wide,True,Active,EA,False,DVLED,,LED,01tPW000008a15iYAA
"UPDATE (QuantityUnitOfMeasure, Sales_Part_Status__c, US_Price_Group_Name__c, ACU_PMPLCM__c, Category__c)",DS-LEDLSAB-5X10,DS-LEDLSAB-5X10,5x10 Fixed Wall Mount for LG LSAB/LSAP Series,False,Inactive,EA,False,DVLED,,LED,01tPW000008a14zYAA
"UPDATE (QuantityUnitOfMeasure, Sales_Part_Status__c, Category__c)",DS-LEDUNV960-8X5,DS-LEDUNV960-8X5,8x5 Universal wall mount for latching dvLED displays up to 960mm wide,True,Active,EA,False,DVLED,,LED,01tPW000008a15hYAA
"UPDATE (Description, US_Description__c, QuantityUnitOfMeasure, Sales_Part_Status__c, US_Price_Group_Name__c, ACU_PMPLCM__c, Category__c)",DS-LEDLSAB-4X4,DS-LEDLSAB-4X4,4x4  Fixed Wall Mount for LG LSAB/LSAP Series,False,Inactive,EA,False,DVLED,,LED,01tPW000005JR1dYAG
"UPDATE (QuantityUnitOfMeasure, Sales_Part_Status__c, Category__c)",DS-LEDUNV610-12X6,DS-LEDUNV610-12X6,12x6 Universal wall mount for latching dvLED displays up to 610mm wide,True,Active,EA,False,DVLED,,LED,01tPW000008a15MYAQ
"UPDATE (QuantityUnitOfMeasure, Sales_Part_Status__c, Category__c)",DS-LEDUNV610-20X5,DS-LEDUNV610-20X5,20x5 Universal wall mount for latching dvLED displays up to 610mm wide,True,Active,EA,False,DVLED,,LED,01tPW000008a15QYAQ
"UPDATE (Description, US_Description__c, QuantityUnitOfMeasure, Sales_Part_Status__c, Category__c)",DS-LEDIER-24X3,DS-LEDIER-24X3,"24x3 Flat Wall Mount for Samsung IEA, IER and IFR DvLED Displays",True,Active,EA,False,DVLED,,LED,01tPW000008a14wYAA
"UPDATE (QuantityUnitOfMeasure, Sales_Part_Status__c, Category__c)",DS-LEDUNV610-FP1-8X8,DS-LEDUNV610-FP1-8X8,"8x8 Universal wall mount for latching dvLED displays up to 610mm wide, Accessory Fast-Pack 1 Hardware",True,Active,EA,False,DVLED,,LED,01tPW000008a15fYAA
"UPDATE (US_Description__c, QuantityUnitOfMeasure, Sales_Part_Status__c)",PR565ML3,PR565ML3,"Paramount Motorized Height Adjustable Cart for 50-95"" Displays",True,Active,EA,True,CORE,Active,MOUNT,01tPW000009TWSLYA4
"UPDATE (IsActive, QuantityUnitOfMeasure, ACU_Item_Status__c, Sales_Part_Status__c, US_Price_Group_Name__c, ACU_PMPLCM__c, Category__c)",DS-LEDUNV610-10X4,DS-LEDUNV610-10X4,10x4 Universal wall mount for latching dvLED displays up to 610mm wide,True,Active,EA,False,DVLED,Active,LED,01tPW000008a15IYAQ
INSERT,KIT-UNVLED-LATCH3,KIT-UNVLED-LATCH3,"ADAPTOR LATCH, UNIVERSAL LED GEN III",True,Active,EA,False,DVLED,,,
"UPDATE (US_Description__c, QuantityUnitOfMeasure, Sales_Part_Status__c, Category__c)",DS-LEDUNV610-11X5,DS-LEDUNV610-11X5,11x5 universal wall mount for latching dvLED displays up to 610mm wide,True,Active,EA,False,DVLED,Use Up,LED,01tPW00000FBhH7YAL
"UPDATE (US_Description__c, QuantityUnitOfMeasure, Sales_Part_Status__c, Category__c)",DS-LEDTK-22VX6S,DS-LEDTK-22VX6S,"Universal DV-LED Trim Kit, 22' Vented x 6' Solid",True,Active,EA,False,DVLED,,LED,01tPW00000ICQSbYAP
"UPDATE (QuantityUnitOfMeasure, Sales_Part_Status__c, Category__c)",DS-LEDTK-5VX10S,DS-LEDTK-5VX10S,"Universal DV-LED Trim Kit, 10' Vented x 10' Solid",True,Active,EA,False,DVLED,,LED,01tPW000008a15BYAQ
"UPDATE (QuantityUnitOfMeasure, Sales_Part_Status__c, Category__c)",DS-LEDUNV610-8X2,DS-LEDUNV610-8X2,8x2 universal wall mount for latching dvLED displays up to 610mm wide,True,Active,EA,False,DVLED,,LED,01tPW000008a15ZYAQ
"UPDATE (Description, US_Description__c, QuantityUnitOfMeasure, Sales_Part_Status__c, Category__c)",DS-LEDKMT-AWALL-108,DS-LEDKMT-AWALL-108,Kitted+ Mobile Trolley Mount for Awol Vision AWALL 108,True,Active,EA,False,DVLED,,LED,01tPW00000ACJXNYA5
"UPDATE (IsActive, QuantityUnitOfMeasure, Sales_Part_Status__c, Category__c)",DS-LEDKMT-AWALL-135,DS-LEDKMT-AWALL-135,Kitted+ Mobile Trolley Mount for Awol Vision AWALL 135,False,No Sales,EA,False,DVLED,,LED,01tPW000008a14xYAA
"UPDATE (IsActive, QuantityUnitOfMeasure, Sales_Part_Status__c, Category__c)",DS-LEDKMT-AWALL-162,DS-LEDKMT-AWALL-162,Kitted+ Mobile Trolley Mount for Awol Vision AWALL 162,False,No Sales,EA,False,DVLED,,LED,01tPW000008a14yYAA
"UPDATE (Description, US_Description__c, QuantityUnitOfMeasure, Sales_Part_Status__c)",NTSB150,NTSB150,"Powered Soundbar, 150 watts",True,Active,EA,True,NEPTUNE-ACC,Active,TV,01tPW00000ACJkHYAX
"UPDATE (QuantityUnitOfMeasure, Sales_Part_Status__c, Category__c)",DS-LEDUNV610-FP1-11X11,DS-LEDUNV610-FP1-11X11,"11x11 Universal wall mount for latching dvLED displays up to 610mm wide, Accessory Fast-Pack 1 Hardware",True,Active,EA,False,DVLED,,LED,01tPW000008a15dYAA
"UPDATE (QuantityUnitOfMeasure, Sales_Part_Status__c, Category__c)",DS-LEDUNV610-FP1-8X3,DS-LEDUNV610-FP1-8X3,"8x3 Universal wall mount for latching dvLED displays up to 610mm wide, Accessory Fast-Pack 1 Hardware",True,Active,EA,False,DVLED,,LED,01tPW000008a15eYAA
"UPDATE (QuantityUnitOfMeasure, Sales_Part_Status__c, Category__c)",DS-LEDTK-22VX13S,DS-LEDTK-22VX13S,"Universal DV-LED Trim Kit, 22' Vented x 13' Solid",True,Active,EA,False,DVLED,,LED,01tPW000008a154YAA
"UPDATE (QuantityUnitOfMeasure, Sales_Part_Status__c, Category__c)",DS-LEDTK-5VX15S,DS-LEDTK-5VX15S,"Universal DV-LED Trim Kit, 5' Vented x 15' Solid",True,Active,EA,False,DVLED,,LED,01tPW000008a15CYAQ
INSERT,PRJ500876,PRJ500876,"DS-LEDTK, 3rd Generation",True,Active,EA,False,DVLED,,LED,
"UPDATE (US_Description__c, QuantityUnitOfMeasure, Sales_Part_Status__c, ACU_PMPLCM__c)",XHB5541,XHB5541,"55"" XTREME HIGH BRIGHT OUTDOOR DISPLAY GEN 4.1",True,Active,EA,True,ET,,TV,01tPW000008me9pYAA
"UPDATE (QuantityUnitOfMeasure, Sales_Part_Status__c, Category__c)",DS-LEDUNV610-17X6,DS-LEDUNV610-17X6,17X6 Universal wall mount for latching dvLED displays up to 610mm wide,True,Active,EA,False,DVLED,,LED,01tPW000008a15OYAQ
"UPDATE (QuantityUnitOfMeasure, Sales_Part_Status__c, Category__c)",DS-LEDTK-35VX8S,DS-LEDTK-35VX8S,"Universal DV-LED Trim Kit, 35' Vented x 8' Solid",True,Active,EA,False,DVLED,,LED,01tPW000008a158YAA
INSERT,DS-LEDUNV1L,DS-LEDUNV1L,"Universal wall mount for latching dvLED displays up to 55"", including 27"" displays in 2x2 configuration",True,Active,EA,False,DVLED,Active,LED,
"UPDATE (Description, US_Description__c, IsActive, QuantityUnitOfMeasure, ACU_Item_Status__c, Sales_Part_Status__c, ACU_PMPLCM__c)",NTSD55,NTSD55,"55"" 500 Nits Shade, Google OS, No Mount",False,Inactive,EA,True,NEPTUNE,,TV,01tPW00000ACJnVYAX
"UPDATE (Description, US_Description__c, QuantityUnitOfMeasure, Sales_Part_Status__c)",NTSD65,NTSD65,"65"" 500 Nits Shade, Google OS, No Mount",True,Active,EA,True,NEPTUNE,Active,TV,01tPW00000ACIJcYAP
"UPDATE (Description, US_Description__c, IsActive, QuantityUnitOfMeasure, ACU_Item_Status__c, Sales_Part_Status__c, ACU_Authorization_Required__c)",ODSTV55,ODSTV55,"55"" NEPTUNE OUTDOOR SMART TV; SHADE",False,No Sales,EA,False,NEPTUNE-OD,Active,TV,01tPW00000ACK3dYAH
"UPDATE (Description, US_Description__c, QuantityUnitOfMeasure, Sales_Part_Status__c, ACU_Authorization_Required__c)",ODSTV65,ODSTV65,"65"" NEPTUNE OUTDOOR SMART TV; SHADE",True,Active,EA,False,NEPTUNE-OD,Active,TV,01tPW00000ACK5FYAX
INSERT,CODST55,CODST55,"55"" NEPTUNE OUTDOOR SMART TV; SHADE",False,Inactive,EA,False,NEPTUNE,,TV,
INSERT,CODST65,CODST65,"65"" NEPTUNE OUTDOOR SMART TV; SHADE",False,Inactive,EA,False,NEPTUNE,,TV,
"UPDATE (Description, US_Description__c, QuantityUnitOfMeasure, Sales_Part_Status__c, ACU_Authorization_Required__c)",WPSTV55,WPSTV55,"55"" NEPTUNE OUTDOOR SMART TV; SHADE",True,Active,EA,False,NEPTUNE-WP,Active,TV,01tPW00000ACKBhYAP
"UPDATE (Description, US_Description__c, QuantityUnitOfMeasure, Sales_Part_Status__c, ACU_Authorization_Required__c)",WPSTV65,WPSTV65,"65"" NEPTUNE OUTDOOR SMART TV; SHADE",True,Active,EA,False,NEPTUNE-WP,Active,TV,01tPW00000ACKA5YAP
"UPDATE (US_Description__c, QuantityUnitOfMeasure, Sales_Part_Status__c, ACU_PMPLCM__c, Category__c)",BWPSTV55,BWPSTV55,"55"" NEPTUNE OUTDOOR SMART TV; SHADE",True,Active,EA,True,NEPTUNE-BWP,,TV,01tPW00000Gy7OnYAJ
"UPDATE (US_Description__c, QuantityUnitOfMeasure, Sales_Part_Status__c, Category__c)",BWPSTV65,BWPSTV65,"65"" NEPTUNE OUTDOOR SMART TV; SHADE",True,Active,EA,True,NEPTUNE-BWP,Active,TV,01tPW00000Gy7VFYAZ
INSERT,DS-LEDUNV960-3X9,DS-LEDUNV960-3X9,3x9 Universal wall mount for latching dvLED displays up to 960mm wide,True,No Purchases,EA,False,DVLED,,LED,
"UPDATE (QuantityUnitOfMeasure, Sales_Part_Status__c, Category__c)",DS-LEDTK-8VX16S,DS-LEDTK-8VX16S,"Universal DV-LED Trim Kit, 8' Vented x 16' Solid",True,Active,EA,False,DVLED,,LED,01tPW00000Etlg9YAB
INSERT,981-1169,981-1169,"CTN, KIT-UNVLED-LATCH3, CPR",True,Active,EA,False,DVLED,,,
INSERT,981-1170,981-1170,"CTN, KIT-UNVLED-LATCH3 MASTER PACK CARTON, CPR",True,Active,EA,False,DVLED,,,
"UPDATE (IsActive, QuantityUnitOfMeasure, Sales_Part_Status__c, US_Price_Group_Name__c, ACU_PMPLCM__c, Category__c)",PRJ501618,PRJ501618,1:1 Mount for Samsung IEC,True,Active,EA,False,DVLED,,LED,01tPW00000EtlgAYAR
"UPDATE (QuantityUnitOfMeasure, Sales_Part_Status__c, Category__c)",DS-LEDUNV610-7X4,DS-LEDUNV610-7X4,7X4 Universal wall mount for latching dvLED displays up to 610mm wide,True,Active,EA,False,DVLED,,LED,01tPW00000EtlgBYAR
INSERT,KIT-UNVLED-WP3,KIT-UNVLED-WP3,"WALL PLATE KIT, UNIVERSAL LED GEN III",True,Active,EA,False,DVLED,,,
INSERT,KIT-UNVLED-ADJ1200A,KIT-UNVLED-ADJ1200A,"EXPANSION JOINT ASSY 25MM X 80MM X 1200MM, GEN III",True,No Request,EA,False,DVLED,,,
INSERT,KIT-UNVLED-EXT600A,KIT-UNVLED-EXT600A,"ALUMINUM EXTRUSION AND NUT BAR, 25MM X 80MM X 600MM, UNV GEN III",True,No Request,EA,False,DVLED,,,
INSERT,KIT-UNVLED-EXT960A,KIT-UNVLED-EXT960A,"ALUMINUM EXTRUSION AND NUT BAR, 25MM X 80MM X 960MM, UNV GEN III",True,No Request,EA,False,DVLED,,,
INSERT,KIT-UNVLED-EXT1200A,KIT-UNVLED-EXT1200A,"ALUMINUM EXTRUSION AND NUT BAR, 25MM X 80MM X 1200MM, UNV GEN III",True,No Request,EA,False,DVLED,,,
INSERT,KIT-EXTCON3,KIT-EXTCON3,"UNIVERSAL EXTRUSION CONNECTOR ASSY 25MM X 80MM X 200MM, GEN III",True,No Request,EA,False,DVLED,,,
INSERT,KIT-UNVLED-STANDOFF3,KIT-UNVLED-STANDOFF3,"STANDOFF, UNIVERSAL LED Gen III",True,Active,EA,False,DVLED,,,
INSERT,KIT-UNVLED-SPACER3,KIT-UNVLED-SPACER3,"UNIVERSAL SPACER, GEN III",True,No Request,EA,False,DVLED,,,
INSERT,KIT-UNVLED-HW3,KIT-UNVLED-HW3,"DISPLAY HARDWARE KIT, UNIVERSAL LED GEN III",True,Active,EA,False,DVLED,,,
INSERT,KIT-UNVLED-WPK,KIT-UNVLED-WPK,"""OEM"" WALL PLATE / KITTED+ EXTRUSION PLATE",True,No Request,EA,False,DVLED,,,
INSERT,10019843,10019843,"END CAP, PEERLESS-AV UNIVERSAL DVLED GEN III",True,Active,EA,False,DVLED,,,
INSERT,981-1171,981-1171,"CTN, KIT-UNVLED-WP3 CARTON, CPR",True,Active,EA,False,DVLED,,,
INSERT,981-1172,981-1172,"CTN, KIT-UNVLED-WP3 MASTER PACK CARTON, CPR",True,Active,EA,False,DVLED,,,
INSERT,KIT-UNVLED-AFP2,KIT-UNVLED-AFP2,"Fast-Pack, 0.25"" Spacer and M8x35 Screw",True,Active,EA,False,DVLED,,,
INSERT,DS-LEDUNVSPACER3,DS-LEDUNVSPACER3,Universal Spacer for DS-LEDUNV Gen III,True,No Request,EA,False,DVLED,Use Up,LED,
"UPDATE (US_Description__c, QuantityUnitOfMeasure, Sales_Part_Status__c)",OCMUA,OCMUA,"Neptune Outdoor Adjustable Ceiling Mount - 43-75"" Displays",True,Active,EA,True,NEPTUNE-ACC,Active,MOUNT,01tPW00000ACJynYAH
"UPDATE (QuantityUnitOfMeasure, ACU_Item_Status__c, Sales_Part_Status__c, US_Price_Group_Name__c, ACU_PMPLCM__c, Category__c)",PRJ500607,PRJ500607,"Flat Mount for 6x3 Planar DLP PRO (604 x 680mm), attach to a 48"" column.",False,No Sales,EA,False,DVLED,,LED,01tPW00000EtlgCYAR
INSERT,DS-LEDLSAB-5X3,DS-LEDLSAB-5X3,5x3 Fixed Wall Mount for LG LSAB/LSAP Series,False,Inactive,EA,False,DVLED,,LED,
INSERT,DS-LEDLSAB-10X5,DS-LEDLSAB-10X5,10x5 Fixed Wall Mount for LG LSAB/LSAP Series,False,Inactive,EA,False,DVLED,,LED,
"UPDATE (IsActive, QuantityUnitOfMeasure, Sales_Part_Status__c, US_Price_Group_Name__c, ACU_PMPLCM__c, Category__c)",PRJ500913,PRJ500913,"7x2 Pedestal Mount for Planar Matrix G3 55""",True,Active,EA,False,DS,,LED,01tPW00000EtlfoYAB
INSERT,PRJ501658,PRJ501658,5x5 Gen III Universal Flat Wall Mount,True,Active,EA,False,DVLED,,LED,
INSERT,PRJ501637,PRJ501637,Prototype parts for DS-LEDLSAB R&D testing,True,Active,EA,False,DVLED,,LED,
INSERT,KP-VE2-0600,KP-VE2-0600,"Kitted+ Vertical Extrusion, 600mm",True,Active,EA,False,DVLED,Active,LED,
INSERT,KP-VE2-1200,KP-VE2-1200,"Kitted+ Vertical Extrusion, 1200mm",True,Active,EA,False,DVLED,Active,LED,
INSERT,KP-VE2-1800,KP-VE2-1800,"Kitted+ Vertical Extrusion, 1800mm",True,Active,EA,False,DVLED,Active,LED,
INSERT,KP-FBP2,KP-FBP2,SEAMLESS Connect Fixed Base Plate,True,Active,EA,False,DVLED,Active,LED,
INSERT,KP-ACB2,KP-ACB2,Kitted+ Adjustable Ceiling Bracket,True,Active,EA,False,DVLED,Active,LED,
INSERT,KP-LBL2,KP-LBL2,"SEAMLESS Connect Leg, Black",True,Active,EA,False,DVLED,Active,LED,
INSERT,KP-AWB2,KP-AWB2,Kitted+ Adjustable Wall Bracket,True,Active,EA,False,DVLED,Active,LED,
INSERT,KP-WOB2,KP-WOB2,Kitted+ Wall Offset Bracket,True,No Request,EA,False,DVLED,Use Up,LED,
INSERT,PRJ501374-A,PRJ501374-A,5x3 Fixed Wall Mount for LG LSAB/LSAP Series,True,Active,EA,False,DVLED,,LED,
INSERT,PRJ501374-B,PRJ501374-B,10x5 Fixed Wall Mount for LG LSAB/LSAP Series,True,Active,EA,False,DVLED,,LED,
"UPDATE (IsActive, QuantityUnitOfMeasure, Sales_Part_Status__c, US_Price_Group_Name__c, ACU_PMPLCM__c, Category__c)",PRJ501734-A,PRJ501734-A,5x3 Fixed Wall Mount for LG LSAB/LSAP Series,True,Active,EA,False,DVLED,,LED,01tPW00000EtlgDYAR
"UPDATE (IsActive, QuantityUnitOfMeasure, Sales_Part_Status__c, US_Price_Group_Name__c, ACU_PMPLCM__c, Category__c)",PRJ501734-B,PRJ501734-B,10x5 Fixed Wall Mount for LG LSAB/LSAP Series,True,Active,EA,False,DVLED,,LED,01tPW00000EtlgEYAR
INSERT,KP-NB2-0140,KP-NB2-0140,"Nut Bar, 140mm",True,No Request,EA,False,DVLED,Use Up,LED,
INSERT,KP-WPK2,KP-WPK2,Kitted+ Extrusion Plate,True,Active,EA,False,DVLED,Active,LED,
"UPDATE (IsActive, QuantityUnitOfMeasure, Sales_Part_Status__c, US_Price_Group_Name__c, ACU_PMPLCM__c, Category__c)",PRJ501734-C,PRJ501734-C,5x3 Fixed Wall Mount for LG LSAB/LSAP Series,True,Active,EA,False,DVLED,,LED,01tPW00000EtlgFYAR
"UPDATE (IsActive, QuantityUnitOfMeasure, Sales_Part_Status__c, US_Price_Group_Name__c, ACU_PMPLCM__c, Category__c)",PRJ501218,PRJ501218,12x6 Flat Wall Mount for LG LSAB/LSAP,True,Active,EA,False,DVLED,,LED,01tPW00000EtlgGYAR
INSERT,DS-LEDTK-C2,DS-LEDTK-C2,"Universal DV-LED Trim Kit, Corner",False,Inactive,EA,False,DVLED,,LED,
INSERT,DS-LEDTK-1220S,DS-LEDTK-1220S,"Universal DV-LED Trim Kit, 1220mm Solid Trim",True,No Request,EA,False,DVLED,Use Up,LED,
INSERT,DS-LEDTK-1220V,DS-LEDTK-1220V,"Universal DV-LED Trim Kit, 1220mm Vented Trim",True,No Request,EA,False,DVLED,Use Up,LED,
INSERT,DS-LEDTK-S2,DS-LEDTK-S2,"Universal DV-LED Trim Kit, 1220mm Solid Trim",True,No Request,EA,False,DVLED,Use Up,LED,
INSERT,DS-LEDTK-V2,DS-LEDTK-V2,"Universal DV-LED Trim Kit, 1220mm Vented Trim",True,No Request,EA,False,DVLED,Use Up,LED,
"UPDATE (IsActive, QuantityUnitOfMeasure, Sales_Part_Status__c, US_Price_Group_Name__c, ACU_PMPLCM__c, Category__c)",PRJ500913-TEMPLATE,PRJ500913-TEMPLATE,Floor Template for 7x2 LCD Structure PRJ500913 - Planar Clarity MX55,True,Active,EA,False,DS,,LED,01tPW00000EtlfpYAB
INSERT,COSTV55,COSTV55,"55"" NEPTUNE OUTDOOR SMART TV; SHADE",True,Active,EA,False,NEPTUNE,Active,TV,
INSERT,COSTV65,COSTV65,"65"" NEPTUNE OUTDOOR SMART TV; SHADE",True,Active,EA,False,NEPTUNE,Active,TV,
"UPDATE (US_Description__c, QuantityUnitOfMeasure, Sales_Part_Status__c, ACU_Authorization_Required__c)",SOSTV55,SOSTV55,"55"" NEPTUNE OUTDOOR SMART TV; SHADE",True,Active,EA,False,NEPTUNE-SO,Active,TV,01tPW00000ICNPtYAP
"UPDATE (US_Description__c, QuantityUnitOfMeasure, Sales_Part_Status__c, ACU_Authorization_Required__c)",SOSTV65,SOSTV65,"65"" NEPTUNE OUTDOOR SMART TV; SHADE",True,Active,EA,False,NEPTUNE-SO,Active,TV,01tPW00000ICNUjYAP
"UPDATE (Description, US_Description__c, QuantityUnitOfMeasure, ACU_Item_Status__c, Sales_Part_Status__c, US_Price_Group_Name__c, Category__c)",BWPSTV55-BND,BWPSTV55-BND,"55"" NEPTUNE OUTDOOR SHADE SMART TV, DUSTCOVER, TILT MOUNT BUNDLE",True,Active,EA,False,NEPTUNE-BWP,,TV,01tPW00000ACJM5YAP
"UPDATE (Description, US_Description__c, QuantityUnitOfMeasure, Sales_Part_Status__c, ACU_Authorization_Required__c, Category__c)",BWPSTV65-BND,BWPSTV65-BND,"65"" NEPTUNE OUTDOOR SHADE SMART TV, DUSTCOVER, TILT MOUNT BUNDLE",True,Active,EA,False,NEPTUNE-BWP,Active,TV,01tPW00000ACJU9YAP
"UPDATE (QuantityUnitOfMeasure, Sales_Part_Status__c, Category__c)",DS-LEDUNV610-14X7,DS-LEDUNV610-14X7,14x7 Universal wall mount for latching dvLED displays up to 610mm wide,True,Active,EA,False,DVLED,,LED,01tPW00000EtlgHYAR
"UPDATE (QuantityUnitOfMeasure, Sales_Part_Status__c, Category__c)",DS-LEDTK-18VX11S,DS-LEDTK-18VX11S,"Universal DV-LED Trim Kit, 18' Vented x 11' Solid",True,Active,EA,False,DVLED,,LED,01tPW00000EtlgIYAR
INSERT,PRJ500607-F,PRJ500607-F,"Flat Mount for 6x3 Planar DLP PRO (604 x 680mm), attach to a 48"" column.",False,No Sales,EA,False,DVLED,,LED,
"UPDATE (Description, US_Description__c, QuantityUnitOfMeasure, Sales_Part_Status__c, Category__c)",LEDUNVL-2X2,LEDUNVL-2X2,2X2 Universal wall mount for latching dvLED displays up to 1220 x 686mm,True,Active,EA,False,DVLED,Active,LED,01tPW00000CUbhZYAT
INSERT,LEDUNVL-3X3,LEDUNVL-3X3,3X3 Universal wall mount for latching dvLED displays up to 1220 x 686mm,True,Active,EA,False,DVLED,Active,LED,
"UPDATE (Description, US_Description__c, QuantityUnitOfMeasure, Sales_Part_Status__c, Category__c)",LEDUNVL-4X4,LEDUNVL-4X4,4X4 Universal wall mount for latching dvLED displays up to 1220 x 686mm,True,Active,EA,False,DVLED,Active,LED,01tPW00000CUbpdYAD
INSERT,LEDUNVM-4X4,LEDUNVM-4X4,4X4 Universal wall mount for latching dvLED displays up to 960 x 540mm,True,Active,EA,False,DVLED,Active,LED,
INSERT,LEDUNVM-5X5,LEDUNVM-5X5,5X5 Universal wall mount for latching dvLED displays up to 960 x 540mm,True,Active,EA,False,DVLED,Active,LED,
INSERT,LEDUNVS-5X5,LEDUNVS-5X5,5x5 Universal wall mount for latching dvLED displays up to 610 X 343 mm,True,Active,EA,False,DVLED,Active,LED,
INSERT,LEDUNVS-6X6,LEDUNVS-6X6,6X6 Universal wall mount for latching dvLED displays up to 610 X 343 mm,True,Active,EA,False,DVLED,Active,LED,
"UPDATE (US_Description__c, QuantityUnitOfMeasure, Sales_Part_Status__c, Category__c)",LEDUNVS-8X8,LEDUNVS-8X8,8X8 Universal wall mount for latching dvLED displays up to 610 X 343 mm,True,Active,EA,False,DVLED,Active,LED,01tPW00000CKK5JYAX
"UPDATE (US_Description__c, QuantityUnitOfMeasure, Sales_Part_Status__c, Category__c)",LEDUNVSPACER3,LEDUNVSPACER3,Universal Spacer for LEDUNV,True,Active,EA,False,DVLED,Active,LED,01tPW00000BghAHYAZ
"UPDATE (US_Description__c, QuantityUnitOfMeasure, Sales_Part_Status__c, Category__c)",LEDUNVS-4X4,LEDUNVS-4X4,4x4 Universal wall mount for latching dvLED displays up to 610 X 343 mm,True,Active,EA,False,DVLED,Active,LED,01tPW00000CM1plYAD
INSERT,LEDUNVM-3X3,LEDUNVM-3X3,3X3 Universal wall mount for latching dvLED displays up to 960 x 540mm,True,Active,EA,False,DVLED,Active,LED,
"UPDATE (IsActive, QuantityUnitOfMeasure, Sales_Part_Status__c, US_Price_Group_Name__c, Category__c)",DS-LEDKFW-PIM63U12-5X5,DS-LEDKFW-PIM63U12-5X5,5x5 Kitted+ Floor-to-Wall Mount for Pensar Immersize,True,Active,EA,False,DVLED,Active,LED,01tPW00000EtlgJYAR
"UPDATE (QuantityUnitOfMeasure, ACU_Item_Status__c, Sales_Part_Status__c, US_Price_Group_Name__c, Category__c)",DS-LEDKFW-PIM63U12-10X5,DS-LEDKFW-PIM63U12-10X5,10x5 Kitted+ Floor-to-Wall Mount for Pensar Immersize,False,No Sales,EA,False,DVLED,Active,LED,01tPW00000EtlgKYAR
INSERT,LEDUNV1,LEDUNV1,"Universal wall mount for latching dvLED displays up to 55"", including 27"" displays in 2x2 configuration",False,Inactive,EA,False,DVLED,Presale,LED,
INSERT,KP-C2,KP-C2,"Casters (1 locking, 1 non-locking)",True,Active,EA,False,DVLED,Active,LED,
INSERT,KP-F2,KP-F2,Feet/Leveler (2),True,Active,EA,False,DVLED,Active,LED,
INSERT,PRJ501818-25X3,PRJ501818-25X3,Custom One-to-one universal wall mount for latching dvLED displays up to 960mm wide,True,Active,EA,False,DVLED,,LED,
INSERT,PRJ501818-46X3,PRJ501818-46X3,Custom One-to-one universal wall mount for latching dvLED displays up to 960mm wide,True,Active,EA,False,DVLED,,LED,
INSERT,PRJ501790,PRJ501790,6x4 DvLED Cart for InfoComm 2025,False,Inactive,EA,False,DVLED,,LED,
INSERT,PRJ501812,PRJ501812,5x4 DvLED Cart for InfoComm 2025 Meeting Room,False,Inactive,EA,False,DVLED,,LED,
INSERT,DS-LEDKMT-IEA-4X4,DS-LEDKMT-IEA-4X4,4X4 Kitted+ Mobile Trolley Mount for Samsung IEA,True,No Request,EA,False,DVLED,Use Up,LED,
"UPDATE (IsActive, QuantityUnitOfMeasure, Sales_Part_Status__c, US_Price_Group_Name__c, Category__c)",DS-LEDKMT-LSCB-3X3,DS-LEDKMT-LSCB-3X3,3x3 Kitted+ Mobile Trolley Mount for LG LSCB,True,Active,EA,False,DVLED,Active,LED,01tPW00000EtlgLYAR
"UPDATE (US_Description__c, QuantityUnitOfMeasure, Sales_Part_Status__c, Category__c)",DS-LEDLSAB-8X6,DS-LEDLSAB-8X6,8X6 Fixed Wall Mount for LG LSAB Series,True,Active,EA,False,DVLED,Presale,LED,01tPW00000EtlgMYAR
INSERT,KP-TSP2,KP-TSP2,Top Solid Plate Extrusion Cover,False,Inactive,EA,False,DVLED,Active,LED,
INSERT,DS-LEDKMT-LA120V07,DS-LEDKMT-LA120V07,Kitted+ Mobile Trolley Mount for Maxhub LA120V07,True,No Request,EA,False,DVLED,Use Up,LED,
"UPDATE (IsActive, QuantityUnitOfMeasure, Sales_Part_Status__c, US_Price_Group_Name__c, ACU_PMPLCM__c, Category__c)",PRJ501862,PRJ501862,Modified DS-LEDKMT-AWALL-135 Mobile Cart ( 5x5 - 600x337.5 ),True,Active,EA,False,DVLED,,LED,01tPW00000EtlgNYAR
"UPDATE (IsActive, QuantityUnitOfMeasure, Sales_Part_Status__c, US_Price_Group_Name__c, ACU_PMPLCM__c, Category__c)",PRJ501827,PRJ501827,Replacement cladding for Miami 7x2 LCD - Original order PRJ500913,True,Active,EA,False,DS,,LED,01tPW00000EtlfqYAB
INSERT,PRJ501832,PRJ501832,Gen III Kitted + DS-LEDKMT-IEA-4X4 - Demo,False,Inactive,EA,False,DVLED,,LED,
"UPDATE (Description, US_Description__c, QuantityUnitOfMeasure, ACU_Item_Status__c, Sales_Part_Status__c, Category__c)",LEDTK-C,LEDTK-C,"Universal DV-LED Trim Kit, Corner",True,Active,EA,False,DVLED,,LED,01tPW00000J4jGXYAZ
"UPDATE (Description, US_Description__c, QuantityUnitOfMeasure, ACU_Item_Status__c, Sales_Part_Status__c, Category__c)",LEDTK-S,LEDTK-S,"Universal DV-LED Trim Kit, 1220mm Solid Trim",True,Active,EA,False,DVLED,,LED,01tPW00000J4jBhYAJ
INSERT,LEDTK-V,LEDTK-V,"Universal DV-LED Trim Kit, 1220mm Vented Trim",True,Active,EA,False,DVLED,,LED,
INSERT,PRJ501870,PRJ501870,LEDTK Sample Order,True,Active,EA,False,DVLED,,LED,
"UPDATE (Description, US_Description__c, QuantityUnitOfMeasure, Sales_Part_Status__c)",XHB5541-R,XHB5541-R,"55"" XTREME HIGH BRIGHT OUTDOOR DISPLAY GEN 4.1; REFURBISHED",True,Active,EA,False,ET,Active,TV,01tPW00000GzJFpYAN
INSERT,PRJ501617-P,PRJ501617-P,Bespoke Plexi for InfoComm 2025,False,Inactive,EA,False,DVLED,,LED,
INSERT,PRJ501805,PRJ501805,Tool Kit,True,Active,EA,False,DVLED,,LED,
INSERT,PRJ501860,PRJ501860,Corner LED Mount and Plexi for InfoComm 2025,False,Inactive,EA,False,DVLED,,LED,
INSERT,PRJ501871,PRJ501871,"4x4 UNV dvLED flat wall mount, trim kit and plexi, InfoComm 2025",True,Active,EA,False,DVLED,,LED,
INSERT,PRJ501877,PRJ501877,"dvLED Media Wall, InfoComm 2025",False,Inactive,EA,False,DVLED,,LED,
INSERT,PRJ501878,PRJ501878,"Gym Shark, InfoComm 2025",False,Inactive,EA,False,DVLED,,LED,
INSERT,PRJ501879,PRJ501879,Bespoke Assemblies for InfoComm 2025,True,Active,EA,False,DVLED,,LED,
INSERT,PRJ501880,PRJ501880,"Base covers for Bespoke, InfoComm 2025",True,Active,EA,False,DVLED,,LED,
INSERT,PRJ501881,PRJ501881,2x4 interactive display with UpanelS cabinets (no modules),False,Inactive,EA,False,DVLED,,LED,
INSERT,PRJ501882,PRJ501882,"3x4 and 5x5 Meeting Room Mount, InfoComm 2025",True,Active,EA,False,DVLED,,LED,
INSERT,PRJ501883,PRJ501883,"S/M/L UNV dvLED display, InfoComm 2025",True,Active,EA,False,DVLED,,LED,
INSERT,PRJ501270-1,PRJ501270-1,Bespoke parts for California testing,True,No Request,EA,False,DVLED,,LED,
INSERT,PRJ501617-P1,PRJ501617-P1,Bespoke Plexi for InfoComm 2025,True,Active,EA,False,DVLED,,LED,
"UPDATE (US_Description__c, QuantityUnitOfMeasure, Sales_Part_Status__c, Category__c)",LEDTKS-4X4,LEDTKS-4X4,"Universal dvLED Trim Kit for 27"" Displays, up to 610 x 343mm, in a 4x4 Configuration",True,Active,EA,False,DVLED,Active,LED,01tPW00000CM0k2YAD
"UPDATE (Description, US_Description__c, QuantityUnitOfMeasure, Sales_Part_Status__c, Category__c)",LEDTKS-5X5,LEDTKS-5X5,"Universal dvLED Trim Kit for 27"" Displays, up to 610 x 343mm, in a 5X5 Configuration",True,Active,EA,False,DVLED,Active,LED,01tPW00000Db5SuYAJ
"UPDATE (Description, US_Description__c, QuantityUnitOfMeasure, Sales_Part_Status__c, Category__c)",LEDTKS-6X6,LEDTKS-6X6,"Universal dvLED Trim Kit for 27"" Displays, up to 610 x 343mm, in a 6X6 Configuration",True,Active,EA,False,DVLED,Active,LED,01tPW00000Db5SvYAJ
"UPDATE (Description, US_Description__c, QuantityUnitOfMeasure, Sales_Part_Status__c, Category__c)",LEDTKS-8X8,LEDTKS-8X8,"Universal dvLED Trim Kit for 27"" Displays, up to 610 x 343mm, in a 8X8 Configuration",True,Active,EA,False,DVLED,Active,LED,01tPW00000Db5SwYAJ
"UPDATE (US_Description__c, QuantityUnitOfMeasure, Sales_Part_Status__c, Category__c)",LEDTKM-3X3,LEDTKM-3X3,"Universal dvLED Trim Kit for 43"" Displays, up to 960mm Wide, in a 3X3 Configuration",True,Active,EA,False,DVLED,Active,LED,01tPW00000Db5SrYAJ
"UPDATE (US_Description__c, QuantityUnitOfMeasure, Sales_Part_Status__c, Category__c)",LEDTKM-4X4,LEDTKM-4X4,"Universal dvLED Trim Kit for 43"" Displays, up to 960mm Wide, in a 4X4 Configuration",True,Active,EA,False,DVLED,Active,LED,01tPW00000Db5SsYAJ
"UPDATE (US_Description__c, QuantityUnitOfMeasure, Sales_Part_Status__c, Category__c)",LEDTKM-5X5,LEDTKM-5X5,"Universal dvLED Trim Kit for 43"" Displays, up to 960mm Wide, in a 5X5 Configuration",True,Active,EA,False,DVLED,Active,LED,01tPW00000Db5StYAJ
"UPDATE (US_Description__c, QuantityUnitOfMeasure, Sales_Part_Status__c, Category__c)",LEDTKL-2X2,LEDTKL-2X2,"Universal dvLED Trim Kit for 55"" Displays, up to 1220mm Wide, in a 2X2 Configuration",True,Active,EA,False,DVLED,Active,LED,01tPW00000Db5SoYAJ
"UPDATE (US_Description__c, QuantityUnitOfMeasure, Sales_Part_Status__c, Category__c)",LEDTKL-4X4,LEDTKL-4X4,"Universal dvLED Trim Kit for 55"" Displays, up to 1220mm Wide, in a 4X4 Configuration",True,Active,EA,False,DVLED,Active,LED,01tPW00000Db5SqYAJ
"UPDATE (US_Description__c, QuantityUnitOfMeasure, Sales_Part_Status__c, Category__c)",LEDTKL-3X3,LEDTKL-3X3,"Universal dvLED Trim Kit for 55"" Displays, up to 1220mm Wide, in a 3X3 Configuration",True,Active,EA,False,DVLED,Active,LED,01tPW00000Db5SpYAJ
"UPDATE (Description, US_Description__c, QuantityUnitOfMeasure, Sales_Part_Status__c, Category__c)",LEDMTS-4X4,LEDMTS-4X4,"Universal dvLED Cart/Trolley for 27"" Displays up to 610x343mm in a 4x4 Configuration",True,Active,EA,False,DVLED,Active,LED,01tPW00000DMmcbYAD
"UPDATE (Description, US_Description__c, QuantityUnitOfMeasure, Sales_Part_Status__c, Category__c)",LEDMTS-5X5,LEDMTS-5X5,"Universal dvLED Cart/Trolley for 27"" Displays, up to 610x343mm in a 5x5 Configuration",True,Active,EA,False,DVLED,Active,LED,01tPW00000DMmccYAD
"UPDATE (Description, US_Description__c, QuantityUnitOfMeasure, Sales_Part_Status__c, Category__c)",LEDMTS-6X6,LEDMTS-6X6,"Universal dvLED Cart/Trolley for 27"" Displays, up to 610x343mm in a 6X6 Configuration",True,Active,EA,False,DVLED,Active,LED,01tPW00000DMmcdYAD
"UPDATE (Description, US_Description__c, QuantityUnitOfMeasure, Sales_Part_Status__c, Category__c)",LEDMTS-8X8,LEDMTS-8X8,"Universal dvLED Cart/Trolley for 27"" Displays, up to 610x343mm in a 8x8 Configuration",True,Active,EA,False,DVLED,Active,LED,01tPW00000DMmceYAD
"UPDATE (Description, US_Description__c, QuantityUnitOfMeasure, Sales_Part_Status__c, Category__c)",LEDMTM-3X3,LEDMTM-3X3,"Universal dvLED Cart/Trolley for 43"" Displays up to 960x540mm in a 3x3 Configuration",True,Active,EA,False,DVLED,Active,LED,01tPW00000DMmcfYAD
"UPDATE (Description, US_Description__c, QuantityUnitOfMeasure, Sales_Part_Status__c, Category__c)",LEDMTM-4X4,LEDMTM-4X4,"Universal dvLED Cart/Trolley for 43"" Displays up to 960x540mm in a 4x4 Configuration",True,Active,EA,False,DVLED,Active,LED,01tPW00000DMmcgYAD
"UPDATE (Description, US_Description__c, QuantityUnitOfMeasure, Sales_Part_Status__c, Category__c)",LEDMTM-5X5,LEDMTM-5X5,"Universal dvLED Cart/Trolley for 43"" Displays up to 960x540mm in a 5x5 Configuration",True,Active,EA,False,DVLED,Active,LED,01tPW00000DMmchYAD
"UPDATE (Description, US_Description__c, QuantityUnitOfMeasure, Sales_Part_Status__c, Category__c)",LEDMTL-2X2,LEDMTL-2X2,"Universal dvLED Cart/Trolley for 55"" Displays up to 1220x686mm in a 2x2 Configuration",True,Active,EA,False,DVLED,Active,LED,01tPW00000DMmciYAD
"UPDATE (Description, US_Description__c, QuantityUnitOfMeasure, Sales_Part_Status__c, Category__c)",LEDMTL-3X3,LEDMTL-3X3,"Universal dvLED Cart/Trolley for 55"" Displays up to 1220x686mm in a 3x3 Configuration",True,Active,EA,False,DVLED,Active,LED,01tPW00000DMmcjYAD
"UPDATE (Description, US_Description__c, QuantityUnitOfMeasure, Sales_Part_Status__c, Category__c)",LEDMTL-4X4,LEDMTL-4X4,"Universal dvLED Cart/Trolley for 55"" Displays up to 1220x686mm in a 4x4 Configuration",True,Active,EA,False,DVLED,Active,LED,01tPW00000DMmckYAD
"UPDATE (Description, US_Description__c, QuantityUnitOfMeasure, Sales_Part_Status__c, Category__c)",LEDFSS-4X4,LEDFSS-4X4,"Universal dvLED Stand for 27"" Displays up to 610x343mm in a 4x4 Configuration",True,No Request,EA,False,DVLED,Active,LED,01tPW00000DMmcRYAT
"UPDATE (Description, US_Description__c, QuantityUnitOfMeasure, Sales_Part_Status__c, Category__c)",LEDFSS-5X5,LEDFSS-5X5,"Universal dvLED Stand for 27"" Displays up to 610x343mm in a 5X5 Configuration",True,No Request,EA,False,DVLED,Active,LED,01tPW00000DMmcSYAT
"UPDATE (Description, US_Description__c, QuantityUnitOfMeasure, Sales_Part_Status__c, Category__c)",LEDFSS-6X6,LEDFSS-6X6,"Universal dvLED Stand for 27"" Displays up to 610x343mm in a 6X6 Configuration",True,No Request,EA,False,DVLED,Active,LED,01tPW00000DMmcTYAT
"UPDATE (Description, US_Description__c, QuantityUnitOfMeasure, Sales_Part_Status__c, Category__c)",LEDFSS-8X8,LEDFSS-8X8,"Universal dvLED Stand for 27"" Displays up to 610x343mm in a 8x8 Configuration",True,No Request,EA,False,DVLED,Active,LED,01tPW00000DMmcUYAT
"UPDATE (Description, US_Description__c, QuantityUnitOfMeasure, Sales_Part_Status__c, Category__c)",LEDFSM-3X3,LEDFSM-3X3,"Universal dvLED Stand for 43"" Displays, up to 960x540mm, in a 3x3 Configuration",True,No Request,EA,False,DVLED,Active,LED,01tPW00000DMmcVYAT
"UPDATE (Description, US_Description__c, QuantityUnitOfMeasure, Sales_Part_Status__c, Category__c)",LEDFSM-4X4,LEDFSM-4X4,"Universal dvLED Stand for 43"" Displays, up to 960x540mm, in a 4x4 Configuration",True,No Request,EA,False,DVLED,Active,LED,01tPW00000DMmcWYAT
"UPDATE (Description, US_Description__c, QuantityUnitOfMeasure, Sales_Part_Status__c, Category__c)",LEDFSM-5X5,LEDFSM-5X5,"Universal dvLED Stand for 43"" Displays, up to 960x540mm, in a 5x5 Configuration",True,No Request,EA,False,DVLED,Active,LED,01tPW00000DMmcXYAT
"UPDATE (Description, US_Description__c, QuantityUnitOfMeasure, Sales_Part_Status__c, Category__c)",LEDFSL-2X2,LEDFSL-2X2,"Universal dvLED Stand for 55"" Displays up to 1220x686mm in a 2x2 Configuration",True,No Request,EA,False,DVLED,Active,LED,01tPW00000DMmcYYAT
"UPDATE (Description, US_Description__c, QuantityUnitOfMeasure, Sales_Part_Status__c, Category__c)",LEDFSL-3X3,LEDFSL-3X3,"Universal dvLED Stand for 55"" Displays up to 1220x686mm in a 3x3 Configuration",True,No Request,EA,False,DVLED,Active,LED,01tPW00000DMmcZYAT
"UPDATE (Description, US_Description__c, QuantityUnitOfMeasure, Sales_Part_Status__c, Category__c)",LEDFSL-4X4,LEDFSL-4X4,"Universal dvLED Stand for 55"" Displays up to 1220x686mm in a 4x4 Configuration",True,No Request,EA,False,DVLED,Active,LED,01tPW00000DMmcaYAD
"UPDATE (Description, US_Description__c, QuantityUnitOfMeasure, Sales_Part_Status__c, Category__c)",LEDBDS-4X4,LEDBDS-4X4,"Universal dvLED Bolt-Down Pedestal for 27"" Displays, up to 610mm Wide, in a 4x4 Configuration",True,No Request,EA,False,DVLED,Active,LED,01tPW00000DMmclYAD
"UPDATE (Description, US_Description__c, QuantityUnitOfMeasure, Sales_Part_Status__c, Category__c)",LEDBDS-5X5,LEDBDS-5X5,"Universal dvLED Bolt-Down Pedestal for 27"" Displays, up to 610mm Wide, in a 5x5 Configuration",True,No Request,EA,False,DVLED,Active,LED,01tPW00000DMmcmYAD
"UPDATE (Description, US_Description__c, QuantityUnitOfMeasure, Sales_Part_Status__c, Category__c)",LEDBDS-6X6,LEDBDS-6X6,"Universal dvLED Bolt-Down Pedestal for 27"" Displays, up to 610mm Wide, in a 6x6 Configuration",True,No Request,EA,False,DVLED,Active,LED,01tPW00000DMmcnYAD
"UPDATE (Description, US_Description__c, QuantityUnitOfMeasure, Sales_Part_Status__c, Category__c)",LEDBDS-8X8,LEDBDS-8X8,"Universal dvLED Bolt-Down Pedestal for 27"" Displays, up to 610mm Wide, in a 8x8 Configuration",True,No Request,EA,False,DVLED,Active,LED,01tPW00000DMmcoYAD
"UPDATE (Description, US_Description__c, QuantityUnitOfMeasure, Sales_Part_Status__c, Category__c)",LEDBDM-3X3,LEDBDM-3X3,"Universal dvLED Bolt-Down Pedestal for 43"" Displays, up to 960mm Wide, in a 3x3 Configuration",True,No Request,EA,False,DVLED,Active,LED,01tPW00000DMmcpYAD
"UPDATE (Description, US_Description__c, QuantityUnitOfMeasure, Sales_Part_Status__c, Category__c)",LEDBDM-4X4,LEDBDM-4X4,"Universal dvLED Bolt-Down Pedestal for 43"" Displays, up to 960mm Wide, in a 4x4 Configuration",True,No Request,EA,False,DVLED,Active,LED,01tPW00000DMmcqYAD
"UPDATE (Description, US_Description__c, QuantityUnitOfMeasure, Sales_Part_Status__c, Category__c)",LEDBDM-5X5,LEDBDM-5X5,"Universal dvLED Bolt-Down Pedestal for 43"" Displays, up to 960mm Wide, in a 5x5 Configuration",True,No Request,EA,False,DVLED,Active,LED,01tPW00000DMmcrYAD
"UPDATE (Description, US_Description__c, QuantityUnitOfMeasure, Sales_Part_Status__c, Category__c)",LEDBDL-2X2,LEDBDL-2X2,"Universal dvLED Bolt-Down Pedestal for 55"" Displays, up to 1220mm Wide, in a 2x2 Configuration",True,No Request,EA,False,DVLED,Active,LED,01tPW00000DMmcsYAD
"UPDATE (Description, US_Description__c, QuantityUnitOfMeasure, Sales_Part_Status__c, Category__c)",LEDBDL-3X3,LEDBDL-3X3,"Universal dvLED Bolt-Down Pedestal for 55"" Displays, up to 1220mm Wide, in a 3x3 Configuration",True,No Request,EA,False,DVLED,Active,LED,01tPW00000DMmctYAD
"UPDATE (Description, US_Description__c, QuantityUnitOfMeasure, Sales_Part_Status__c, Category__c)",LEDBDL-4X4,LEDBDL-4X4,"Universal dvLED Bolt-Down Pedestal for 55"" Displays, up to 1220mm Wide, in a 4x4 Configuration",True,No Request,EA,False,DVLED,Active,LED,01tPW00000DMmcuYAD
"UPDATE (US_Description__c, QuantityUnitOfMeasure, Sales_Part_Status__c, Category__c)",LEDFCS-4X4,LEDFCS-4X4,"Universal dvLED Floor-to-Ceiling Mount for 27"" Displays, up to 610mm Wide, in a 4x4 Configuration",True,No Request,EA,False,DVLED,Active,LED,01tPW00000FBghdYAD
"UPDATE (US_Description__c, QuantityUnitOfMeasure, Sales_Part_Status__c, Category__c)",LEDFCS-5X5,LEDFCS-5X5,"Universal dvLED Floor-to-Ceiling Mount for 27"" Displays, up to 610mm Wide, in a 5x5 Configuration",True,No Request,EA,False,DVLED,Active,LED,01tPW00000FBgg1YAD
"UPDATE (US_Description__c, QuantityUnitOfMeasure, Sales_Part_Status__c, Category__c)",LEDFCS-6X6,LEDFCS-6X6,"Universal dvLED Floor-to-Ceiling Mount for 27"" Displays, up to 610mm Wide, in a 6x6 Configuration",True,No Request,EA,False,DVLED,Active,LED,01tPW00000FBgrJYAT
"UPDATE (US_Description__c, QuantityUnitOfMeasure, Sales_Part_Status__c, Category__c)",LEDFCS-8X8,LEDFCS-8X8,"Universal dvLED Floor-to-Ceiling Mount for 27"" Displays, up to 610mm Wide, in a 8x8 Configuration",True,No Request,EA,False,DVLED,Active,LED,01tPW00000FBhDtYAL
"UPDATE (US_Description__c, QuantityUnitOfMeasure, Sales_Part_Status__c, Category__c)",LEDFCM-3X3,LEDFCM-3X3,"Universal dvLED Floor-to-Ceiling Mount for 43"" Displays, up to 960mm Wide, in a 3x3 Configuration",True,No Request,EA,False,DVLED,Active,LED,01tPW00000FBgsvYAD
"UPDATE (US_Description__c, QuantityUnitOfMeasure, Sales_Part_Status__c, Category__c)",LEDFCM-4X4,LEDFCM-4X4,"Universal dvLED Floor-to-Ceiling Mount for 43"" Displays, up to 960mm Wide, in a 4x4 Configuration",True,No Request,EA,False,DVLED,Active,LED,01tPW00000FBh7RYAT
"UPDATE (US_Description__c, QuantityUnitOfMeasure, Sales_Part_Status__c, Category__c)",LEDFCM-5X5,LEDFCM-5X5,"Universal dvLED Floor-to-Ceiling Mount for 43"" Displays, up to 960mm Wide, in a 5x5 Configuration",True,No Request,EA,False,DVLED,Active,LED,01tPW00000FBhAfYAL
"UPDATE (US_Description__c, QuantityUnitOfMeasure, Sales_Part_Status__c, Category__c)",LEDFCL-2X2,LEDFCL-2X2,"Universal dvLED Floor-to-Ceiling Mount for 55"" Displays, up to 1220mm Wide, in a 2x2 Configuration",True,No Request,EA,False,DVLED,Active,LED,01tPW00000FBh5pYAD
"UPDATE (US_Description__c, QuantityUnitOfMeasure, Sales_Part_Status__c, Category__c)",LEDFCL-3X3,LEDFCL-3X3,"Universal dvLED Floor-to-Ceiling Mount for 55"" Displays, up to 1220mm Wide, in a 3x3 Configuration",True,No Request,EA,False,DVLED,Active,LED,01tPW00000FBgjFYAT
"UPDATE (US_Description__c, QuantityUnitOfMeasure, Sales_Part_Status__c, Category__c)",LEDFCL-4X4,LEDFCL-4X4,"Universal dvLED Floor-to-Ceiling Mount for 55"" Displays, up to 1220mm Wide, in a 4x4 Configuration",True,No Request,EA,False,DVLED,Active,LED,01tPW00000FBh0zYAD
"UPDATE (US_Description__c, QuantityUnitOfMeasure, Sales_Part_Status__c, Category__c)",LEDFWS-4X4,LEDFWS-4X4,"Universal dvLED Floor-to-Wall Mount for 27"" Displays, up to 610 x 343mm, in a 4x4 Configuration",True,No Request,EA,False,DVLED,Active,LED,01tPW00000FBgo5YAD
"UPDATE (US_Description__c, QuantityUnitOfMeasure, Sales_Part_Status__c, Category__c)",LEDFWS-5X5,LEDFWS-5X5,"Universal dvLED Floor-to-Wall Mount for 27"" Displays, up to 610 x 343mm, in a 5x5 Configuration",True,Active,EA,False,DVLED,Active,LED,01tPW00000FBgcnYAD
"UPDATE (US_Description__c, QuantityUnitOfMeasure, Sales_Part_Status__c, Category__c)",LEDFWS-6X6,LEDFWS-6X6,"Universal dvLED Floor-to-Wall Mount for 27"" Displays, up to 610 x 343mm, in a 6x6 Configuration",True,No Request,EA,False,DVLED,Active,LED,01tPW00000FBguXYAT
"UPDATE (QuantityUnitOfMeasure, Sales_Part_Status__c, Category__c)",LEDFWS-8X8,LEDFWS-8X8,"Universal dvLED Floor-to-Wall Mount for 27"" Displays, up to 610 x 343mm, in a 8x8 Configuration",True,No Request,EA,False,DVLED,Active,LED,01tPW00000EtlgOYAR
"UPDATE (US_Description__c, QuantityUnitOfMeasure, Sales_Part_Status__c, Category__c)",LEDFWM-3X3,LEDFWM-3X3,"Universal dvLED Floor-to-Wall Mount for 43"" Displays, up to 960mm Wide, in a 3x3 Configuration",True,No Request,EA,False,DVLED,Active,LED,01tPW00000FBgxlYAD
"UPDATE (US_Description__c, QuantityUnitOfMeasure, Sales_Part_Status__c, Category__c)",LEDFWM-4X4,LEDFWM-4X4,"Universal dvLED Floor-to-Wall Mount for 43"" Displays, up to 960mm Wide, in a 4x4 Configuration",True,No Request,EA,False,DVLED,Active,LED,01tPW00000FBh2bYAD
"UPDATE (US_Description__c, QuantityUnitOfMeasure, Sales_Part_Status__c, Category__c)",LEDFWM-5X5,LEDFWM-5X5,"Universal dvLED Floor-to-Wall Mount for 43"" Displays, up to 960mm Wide, in a 5x5 Configuration",True,No Request,EA,False,DVLED,Active,LED,01tPW00000FBgePYAT
"UPDATE (US_Description__c, QuantityUnitOfMeasure, Sales_Part_Status__c, Category__c)",LEDFWL-2X2,LEDFWL-2X2,"Universal dvLED Floor-to-Wall Mount for 55"" Displays, up to 1220mm Wide, in a 2x2 Configuration",True,No Request,EA,False,DVLED,Active,LED,01tPW00000FBhIjYAL
"UPDATE (US_Description__c, QuantityUnitOfMeasure, Sales_Part_Status__c, Category__c)",LEDFWL-3X3,LEDFWL-3X3,"Universal dvLED Floor-to-Wall Mount for 55"" Displays, up to 1220mm Wide, in a 3x3 Configuration",True,No Request,EA,False,DVLED,Active,LED,01tPW00000FBh93YAD
"UPDATE (US_Description__c, QuantityUnitOfMeasure, Sales_Part_Status__c, Category__c)",LEDFWL-4X4,LEDFWL-4X4,"Universal dvLED Floor-to-Wall Mount for 55"" Displays, up to 1220mm Wide, in a 4x4 Configuration",True,No Request,EA,False,DVLED,Active,LED,01tPW00000F3oNpYAJ
INSERT,ODTV5503-B,ODTV5503-B,"55"" 500 Nits Partial Sun, Web OS Hub, Includes Outdoor Tilt Mount - B-STOCK",True,Active,EA,False,NEPTUNE-OD,,TV,
INSERT,KIT-UNVLED-CB,KIT-UNVLED-CB,DvLED Corner Bracket Kit,True,Active,EA,False,DVLED,Active,LED,
INSERT,555DNT1S-UA-NM-R,555DNT1S-UA-NM-R,NEPTUNE OUTDOOR SMART TV POWERED BY WEBOS HUB; 500NIT; REFURBISHED,True,Active,EA,False,NEPTUNE,Active,TV,
INSERT,KIT-UNVLED-AFP3,KIT-UNVLED-AFP3,"Fast-Pack, LEDUNV Washer",True,Active,EA,False,DVLED,Active,LED,
INSERT,ODSTV55-BND,ODSTV55-BND,"55"" NEPTUNE OUTDOOR SHADE SMART TV, DUSTCOVER, TILT MOUNT BUNDLE",False,No Sales,EA,False,NEPTUNE-OD,Active,TV,
"UPDATE (US_Description__c, QuantityUnitOfMeasure, Sales_Part_Status__c, ACU_Authorization_Required__c)",ODSTV65-BND,ODSTV65-BND,"65"" NEPTUNE OUTDOOR SHADE SMART TV, DUSTCOVER, TILT MOUNT BUNDLE",True,Active,EA,False,NEPTUNE-OD,Active,TV,01tPW00000Gy7WrYAJ
INSERT,WPSTV55-BND,WPSTV55-BND,"55"" NEPTUNE OUTDOOR SHADE SMART TV, DUSTCOVER, TILT MOUNT BUNDLE",True,Active,EA,False,NEPTUNE-WP,Active,TV,
"UPDATE (US_Description__c, QuantityUnitOfMeasure, Sales_Part_Status__c, ACU_Authorization_Required__c)",WPSTV65-BND,WPSTV65-BND,"65"" NEPTUNE OUTDOOR SHADE SMART TV, DUSTCOVER, TILT MOUNT BUNDLE",True,Active,EA,False,NEPTUNE-WP,Active,TV,01tPW00000ICNmTYAX
INSERT,KP-SSO,KP-SSO,Substructure Standoff,True,Active,EA,False,DVLED,Active,LED,
INSERT,PRJ501914,PRJ501914,Bespoke 4X4 Table Top Mobile Cart - Dakatronics NPN-6600,True,Active,EA,False,DVLED,,LED,
INSERT,NTSD55-BND,NTSD55-BND,"55"" 500 Nits Shade, Google OS, Includes DC and Outdoor Tilt Mount",False,Inactive,EA,False,NEPTUNE,,TV,
"UPDATE (Description, US_Description__c, QuantityUnitOfMeasure, Sales_Part_Status__c)",NTSD65-BND,NTSD65-BND,"65"" 500 Nits Shade, Google OS, Includes DC and Outdoor Tilt Mount",True,Active,EA,True,NEPTUNE,Active,TV,01tPW00000FBhFVYA1
"UPDATE (QuantityUnitOfMeasure, Sales_Part_Status__c, Category__c)",DS-LEDUNV610-13X5,DS-LEDUNV610-13X5,13x5 Universal wall mount for latching dvLED displays up to 610mm wide,True,No Purchases,EA,False,DVLED,,LED,01tPW00000EtlgPYAR
"UPDATE (US_Description__c, QuantityUnitOfMeasure, Sales_Part_Status__c, Category__c)",DS-LEDTK-26VXS,DS-LEDTK-26VXS,"Universal DV-LED Trim Kit, 26' Vented x 6' Solid",True,Active,EA,False,DVLED,,LED,01tPW00000ICQqnYAH
"UPDATE (QuantityUnitOfMeasure, Sales_Part_Status__c, Category__c)",DS-LEDTK-26VX6S,DS-LEDTK-26VX6S,"Universal DV-LED Trim Kit, 26' Vented x 6' Solid",True,Active,EA,False,DVLED,,LED,01tPW00000EtlgQYAR
"UPDATE (QuantityUnitOfMeasure, Sales_Part_Status__c, Category__c)",DS-LEDUNV610-16X4,DS-LEDUNV610-16X4,16x4 Universal wall mount for latching dvLED displays up to 610mm wide,True,Active,EA,False,DVLED,,LED,01tPW00000EtlgRYAR
"UPDATE (QuantityUnitOfMeasure, Sales_Part_Status__c, Category__c)",LEDUNVS-13X13,LEDUNVS-13X13,13x13 Universal wall mount for latching dvLED displays up to 610 X 343 mm,True,No Request,EA,False,DVLED,Presale,LED,01tPW00000EtlgSYAR
"UPDATE (QuantityUnitOfMeasure, Sales_Part_Status__c, Category__c)",DS-LEDUNV610-4X7,DS-LEDUNV610-4X7,4x7 Universal wall mount for latching dvLED displays up to 610mm wide,True,Active,EA,False,DVLED,,LED,01tPW00000EtlgTYAR
"UPDATE (US_Description__c, QuantityUnitOfMeasure, Sales_Part_Status__c, Category__c)",DS-LEDUNV610-7X2,DS-LEDUNV610-7X2,7X2 Universal wall mount for latching dvLED displays up to 610mm wide,True,Active,EA,False,DVLED,,LED,01tPW00000BLnaTYAT
INSERT,NTSB-DEFWAR-150-3,NTSB-DEFWAR-150-3,NTSB150 3-YEAR EXTENDED WARRANTY FOR DEFECTS,True,Active,EA,False,ET,,,
INSERT,NTSB-DEFWAR-150-5,NTSB-DEFWAR-150-5,NTSB150 5-YEAR EXTENDED WARRANTY FOR DEFECTS,True,Active,EA,False,ET,,,
INSERT,NTSD-DEFWAR-55-3,NTSD-DEFWAR-55-3,NTSD55 3-YEAR EXTENDED WARRANTY FOR DEFECTS,True,Active,EA,False,ET,,,
INSERT,NTSD-DEFWAR-65-3,NTSD-DEFWAR-65-3,NTSD65 3-YEAR EXTENDED WARRANTY FOR DEFECTS,True,Active,EA,False,ET,,,
INSERT,NTPS-DEFWAR-55-3,NTPS-DEFWAR-55-3,NT553 3-YEAR EXTENDED WARRANTY FOR DEFECTS,True,Active,EA,False,ET,,,
INSERT,NTFS-DEFWAR-55-3,NTFS-DEFWAR-55-3,NT554 3-YEAR EXTENDED WARRANTY FOR DEFECTS,True,Active,EA,False,ET,,,
INSERT,NTFS-DEFWAR-65-3,NTFS-DEFWAR-65-3,NT654 3-YEAR EXTENDED WARRANTY FOR DEFECTS,True,Active,EA,False,ET,,,
INSERT,NTPS-DEFWAR-65-3,NTPS-DEFWAR-65-3,NT653 3-YEAR EXTENDED WARRANTY FOR DEFECTS,True,Active,EA,False,ET,,,
INSERT,NTSD-DEFWAR-55-5,NTSD-DEFWAR-55-5,NTSD55 5-YEAR EXTENDED WARRANTY FOR DEFECTS,True,Active,EA,False,ET,,,
INSERT,NTSD-DEFWAR-65-5,NTSD-DEFWAR-65-5,NTSD65 5-YEAR EXTENDED WARRANTY FOR DEFECTS,True,Active,EA,False,ET,,,
INSERT,NTPS-DEFWAR-55-5,NTPS-DEFWAR-55-5,NT553 5-YEAR EXTENDED WARRANTY FOR DEFECTS,True,Active,EA,False,ET,,,
INSERT,NTPS-DEFWAR-65-5,NTPS-DEFWAR-65-5,NT653 5-YEAR EXTENDED WARRANTY FOR DEFECTS,True,Active,EA,False,ET,,,
INSERT,NTFS-DEFWAR-55-5,NTFS-DEFWAR-55-5,NT554 5-YEAR EXTENDED WARRANTY FOR DEFECTS,True,Active,EA,False,ET,,,
INSERT,NTFS-DEFWAR-65-5,NTFS-DEFWAR-65-5,NT654 5-YEAR EXTENDED WARRANTY FOR DEFECTS,True,Active,EA,False,ET,,,
"UPDATE (QuantityUnitOfMeasure, Sales_Part_Status__c, Category__c)",DS-LEDTK-21VX10S,DS-LEDTK-21VX10S,"Universal DV-LED Trim Kit, 21 Vented x 10' Solid",True,Active,EA,False,DVLED,,LED,01tPW00000EtlgUYAR
"UPDATE (QuantityUnitOfMeasure, Sales_Part_Status__c, Category__c)",DS-LEDTK-12VX10S,DS-LEDTK-12VX10S,"Universal DV-LED Trim Kit, 12' Vented x 10' Solid",True,Active,EA,False,DVLED,,LED,01tPW00000EtlgVYAR
"UPDATE (QuantityUnitOfMeasure, Sales_Part_Status__c, Category__c)",DS-LEDUNV1220-2X5,DS-LEDUNV1220-2X5,2x5 Universal wall mount for latching dvLED displays up to 1220mm wide,True,Active,EA,False,DVLED,,LED,01tPW00000EtlgWYAR
"UPDATE (QuantityUnitOfMeasure, Sales_Part_Status__c, Category__c)",LEDUNVS-5X7,LEDUNVS-5X7,5X7 Universal wall mount for latching dvLED displays up to 610 X 343 mm,True,Active,EA,False,DVLED,,LED,01tPW00000EtlgXYAR
"UPDATE (Description, US_Description__c, QuantityUnitOfMeasure, ACU_Item_Status__c, Sales_Part_Status__c, ACU_PMPLCM__c, Category__c)",LEDMT-LAPA163-2400,LEDMT-LAPA163-2400,"Cart/Trolley for the LG LAPA 163""",True,No Request,EA,False,DVLED,Presale,LED,01tPW00000JD4KbYAL
"UPDATE (IsActive, QuantityUnitOfMeasure, Sales_Part_Status__c, US_Price_Group_Name__c, ACU_PMPLCM__c, Category__c)",PRJ502034-M,PRJ502034-M,5x2 Floor to Wall Mount,True,Active,EA,False,DS,,LED,01tPW00000EtlfrYAB
"UPDATE (IsActive, QuantityUnitOfMeasure, Sales_Part_Status__c, US_Price_Group_Name__c, ACU_PMPLCM__c, Category__c)",PRJ502034-C,PRJ502034-C,Cladding for 5x2 Floor to Wall Mount,True,Active,EA,False,DS,,LED,01tPW00000EtlfsYAB
INSERT,PRJ502073,PRJ502073,Stand with camera shelf and clock mount for Samsung IW008A,True,Active,EA,False,DVLED,,LED,
"UPDATE (QuantityUnitOfMeasure, Sales_Part_Status__c, Category__c)",LEDMT-LAEC136-3000,LEDMT-LAEC136-3000,Mobile Cart for LG LAEC136 DVLED - 3m (PRJ502085),True,Active,EA,False,DVLED,,LED,01tPW00000EtlgYYAR
INSERT,UST650,UST650,Ultra Slim Micro-Gap Flat Universal Wall Mount for 40-85” TVs,True,Active,EA,False,RETAIL,,MOUNT,
"UPDATE (US_Description__c, QuantityUnitOfMeasure, Sales_Part_Status__c, ACU_Authorization_Required__c, US_Price_Group_Name__c)",RTS450,RTS450,Universal Swivel TV Stand for 40-75” TVs,True,Active,EA,False,TRUVUE+,Active,MOUNT,01tPW00000HcC81YAF
"UPDATE (US_Description__c, QuantityUnitOfMeasure, Sales_Part_Status__c, ACU_Authorization_Required__c, US_Price_Group_Name__c)",SPKSS,SPKSS,Height Adjustable Speaker Stand for Sonos ERA 100 & 300 Smart Speakers,True,Active,EA,False,TRUVUE+,Active,MOUNT,01tPW00000HcCO9YAN
"UPDATE (US_Description__c, QuantityUnitOfMeasure, Sales_Part_Status__c, ACU_Authorization_Required__c, US_Price_Group_Name__c)",ACC-FASTEN,ACC-FASTEN,Universal TV Mounting Hardware Kit for TVs up to 110”,True,Active,EA,False,TRUVUE+,Active,MOUNT,01tPW00000HcBLdYAN
"UPDATE (US_Description__c, QuantityUnitOfMeasure, Sales_Part_Status__c, ACU_Authorization_Required__c, US_Price_Group_Name__c)",RF4X4,RF4X4,"Universal Heavy Duty, Ultra Slim Flat Wall Mount for 32-70”+ TVs",True,Active,EA,False,TRUVUE+,Active,MOUNT,01tPW00000HcBrtYAF
"UPDATE (US_Description__c, QuantityUnitOfMeasure, Sales_Part_Status__c, ACU_Authorization_Required__c, US_Price_Group_Name__c)",RT4X4,RT4X4,"Universal Heavy Duty, Ultra Slim Tilt Wall Mount for 32-70”+ TVs",True,Active,EA,False,TRUVUE+,Active,MOUNT,01tPW00000HcC1ZYAV
"UPDATE (US_Description__c, QuantityUnitOfMeasure, Sales_Part_Status__c, ACU_Authorization_Required__c, US_Price_Group_Name__c)",RF8X4,RF8X4,"Universal Heavy Duty, Ultra Slim Flat Wall Mount for 43-100”+ TVs",True,Active,EA,False,TRUVUE+,Active,MOUNT,01tPW00000HcBv7YAF
"UPDATE (US_Description__c, QuantityUnitOfMeasure, Sales_Part_Status__c, ACU_Authorization_Required__c, US_Price_Group_Name__c)",RT8X4,RT8X4,"Universal Heavy Duty, Ultra Slim Tilt Wall Mount for 43-100”+ TVs",True,Active,EA,False,TRUVUE+,Active,MOUNT,01tPW00000HcC3BYAV
"UPDATE (US_Description__c, QuantityUnitOfMeasure, Sales_Part_Status__c, ACU_Authorization_Required__c, US_Price_Group_Name__c)",RA6X4,RA6X4,"Universal Heavy Duty, Full Motion Wall Mount for 43-100”+ TVs",True,Active,EA,False,TRUVUE+,Active,MOUNT,01tPW00000HcBn3YAF
"UPDATE (US_Description__c, QuantityUnitOfMeasure, Sales_Part_Status__c, ACU_Authorization_Required__c, US_Price_Group_Name__c)",SPKSEB,SPKSEB,Adjustable Speaker Wall Mount for Sonos ERA 100 & 300 (Pair),True,Active,EA,False,TRUVUE+,Active,MOUNT,01tPW00000HcCKvYAN
"UPDATE (US_Description__c, QuantityUnitOfMeasure, Sales_Part_Status__c, ACU_Authorization_Required__c, US_Price_Group_Name__c)",RRG-UNV,RRG-UNV,Universal Heavy Duty Project Ceiling Mount for Flat or Pitched Ceilings,True,Active,EA,False,TRUVUE+,Active,MOUNT,01tPW00000HcBzxYAF
"UPDATE (US_Description__c, QuantityUnitOfMeasure, Sales_Part_Status__c, ACU_Authorization_Required__c, US_Price_Group_Name__c)",RTS88,RTS88,Universal TV Stand Replacement Legs for 24-75” TVs,True,Active,EA,False,TRUVUE+,Active,MOUNT,01tPW00000HcCG5YAN
"UPDATE (US_Description__c, QuantityUnitOfMeasure, Sales_Part_Status__c, ACU_Authorization_Required__c, US_Price_Group_Name__c)",RTS6X4,RTS6X4,Universal Heavy Duty Tilting Scissor Mount for 40-100”+ TVs,True,Active,EA,False,TRUVUE+,Active,MOUNT,01tPW00000HcCETYA3
"UPDATE (US_Description__c, QuantityUnitOfMeasure, Sales_Part_Status__c, ACU_Authorization_Required__c, US_Price_Group_Name__c)",RTS10X6,RTS10X6,Universal Heavy Duty Tilting Scissor Mount for 55-110”+ TVs,True,Active,EA,False,TRUVUE+,Active,MOUNT,01tPW00000HcC6PYAV
"UPDATE (QuantityUnitOfMeasure, Sales_Part_Status__c, Category__c)",LEDUNVS-1X7,LEDUNVS-1X7,1x7 Universal wall mount for latching dvLED displays up to 610 X 343 mm,True,Active,EA,False,DVLED,,LED,01tPW00000EtlgZYAR
"UPDATE (US_Description__c, QuantityUnitOfMeasure, Sales_Part_Status__c, Category__c)",LEDTKS-1X7,LEDTKS-1X7,"Universal dvLED Trim Kit for 27"" Displays, up to 610 x 343mm, in a 1x7 Configuration",True,No Request,EA,False,DVLED,Presale,LED,01tPW00000IHMTBYA5
"UPDATE (IsActive, QuantityUnitOfMeasure, Sales_Part_Status__c, US_Price_Group_Name__c, Category__c)",DS-LEDUNV610-6X3,DS-LEDUNV610-6X3,6x3 Universal wall mount for latching dvLED displays up to 610mm wide,True,Active,EA,False,DVLED,Active,LED,01tPW00000EtlgaYAB
INSERT,EVO10X600T,EVO10X600T,"Universal Tilt Scissor Wall Mount for 55-110""+ TVs",True,Active,EA,False,RETAIL,Active,MOUNT,
"UPDATE (US_Description__c, QuantityUnitOfMeasure, Sales_Part_Status__c)",STS680,STS680,"SmartMount Universal Tilt Scissor Mount for 49-120""+ Displays",True,Active,EA,True,CORE,Active,MOUNT,01tPW00000EezfpYAB
"UPDATE (QuantityUnitOfMeasure, Sales_Part_Status__c, Category__c)",LEDUNVS-5X9,LEDUNVS-5X9,5x9 Universal wall mount for latching dvLED displays up to 610 X 343 mm,True,Active,EA,False,DVLED,,LED,01tPW00000EtlgbYAB
INSERT,SA400,SA400,"400mm Horizontal Adaptor Brackets for SA752PU, SA761PU, SA771PU",False,Marked for Deletion,EA,False,CORE,Use Up,,
INSERT,PRJ502122,PRJ502122,LEDUNV Sample Kit,True,No Purchases,EA,False,DVLED,,LED,
"UPDATE (QuantityUnitOfMeasure, ACU_Item_Status__c, Sales_Part_Status__c, US_Price_Group_Name__c, ACU_PMPLCM__c, Category__c)",PRJ502118,PRJ502118,8x8 Floor to Wall Mount for Jupiter Zavus XP,False,Inactive,EA,False,DVLED,,LED,01tPW00000EtlgcYAB
"UPDATE (Description, US_Description__c, IsActive, QuantityUnitOfMeasure, ACU_Item_Status__c, Sales_Part_Status__c, ACU_PMPLCM__c, Category__c)",SXN-65-4,SXN-65-4,"65"" NEPTUNE FULL SUN OUTDOOR SMART TV, 800NIT W/MOUNT",True,Active,EA,False,NEPTUNE,Active,TV,01tPW000003c6aYYAQ
INSERT,558DNT1S-UA,558DNT1S-UA,"55"" NEPTUNE OUTDOOR SMART TV; FULL SUN; 2026 MODEL",True,Active,EA,False,NEPTUNE,,TV,
INSERT,658DNT1S-UA,658DNT1S-UA,"65"" NEPTUNE OUTDOOR SMART TV; FULL SUN; 2026 MODEL",True,Active,EA,False,NEPTUNE,,TV,
INSERT,758DNT1S-UA,758DNT1S-UA,"75"" NEPTUNE OUTDOOR SMART TV; FULL SUN; 2026 MODEL",True,Active,EA,False,NEPTUNE,Active,TV,
INSERT,556DNT1S-UA,556DNT1S-UA,"55"" NEPTUNE OUTDOOR SMART TV; PARTIAL SUN; 2026 MODEL",True,No Purchases,EA,False,NEPTUNE,,TV,
INSERT,656DNT1S-UA,656DNT1S-UA,"65"" NEPTUNE OUTDOOR SMART TV; PARTIAL SUN; 2026 MODEL",True,No Purchases,EA,False,NEPTUNE,,TV,
INSERT,756DNT1S-UA,756DNT1S-UA,"75"" NEPTUNE OUTDOOR SMART TV; PARTIAL SUN; 2026 MODEL",True,Active,EA,False,NEPTUNE,,TV,
INSERT,LEDFSM-2X3-2400,LEDFSM-2X3-2400,"Universal dvLED Stand for 43"" Displays, up to 960x540mm, in a 2x3 Configuration",True,No Request,EA,False,DVLED,Presale,LED,
"UPDATE (QuantityUnitOfMeasure, ACU_Item_Status__c, Sales_Part_Status__c, US_Price_Group_Name__c, ACU_PMPLCM__c, Category__c)",PRJ502138,PRJ502138,2X3 Floor Stand for Vantage VI Series,False,Inactive,EA,False,DVLED,,LED,01tPW00000EtlgdYAB
"UPDATE (QuantityUnitOfMeasure, Sales_Part_Status__c, Category__c)",LEDUNVS-8X4,LEDUNVS-8X4,8X4 Universal wall mount for latching dvLED displays up to 610 X 343 mm,True,Active,EA,False,DVLED,,LED,01tPW00000EtlgeYAB
"UPDATE (US_Description__c, QuantityUnitOfMeasure, Sales_Part_Status__c, Category__c)",LEDUNVS-14X4,LEDUNVS-14X4,14x4 Universal wall mount for latching dvLED displays up to 610 X 343 mm,True,Active,EA,False,DVLED,,LED,01tPW00000IHS0jYAH
"UPDATE (US_Description__c, QuantityUnitOfMeasure, Sales_Part_Status__c, Category__c)",LEDUNVSS-14X4,LEDUNVSS-14X4,14x4 Universal wall mount for latching dvLED displays up to 500x500 mm,True,No Request,EA,False,DVLED,Presale,LED,01tPW00000IHWNhYAP
"UPDATE (QuantityUnitOfMeasure, Sales_Part_Status__c, Category__c)",LEDTKS-8X4,LEDTKS-8X4,"Universal dvLED Trim Kit for 27"" Displays, up to 610 x 343mm, in a 8X4 Configuration",True,Active,EA,False,DVLED,Presale,LED,01tPW00000EtlgfYAB
INSERT,DS-LEDTKS-16VX8S,DS-LEDTKS-16VX8S,"Trim Kit, Shallow.  16' Vented x 8' Solid",True,No Request,EA,False,DVLED,Use Up,LED,
"UPDATE (QuantityUnitOfMeasure, Sales_Part_Status__c, Category__c)",DS-LEDTK-23VX8S,DS-LEDTK-23VX8S,"Universal DV-LED Trim Kit, 23' Vented x 8' Solid",True,Active,EA,False,DVLED,,LED,01tPW00000EtlggYAB
"UPDATE (IsActive, QuantityUnitOfMeasure, Sales_Part_Status__c, US_Price_Group_Name__c, Category__c)",DS-LEDUNV610-14X4,DS-LEDUNV610-14X4,14x4 Universal wall mount for latching dvLED displays up to 610mm wide,True,Active,EA,False,DVLED,Active,LED,01tPW00000EtlghYAB
INSERT,DS-LEDTKS-4V,DS-LEDTKS-4V,"Universal DV-LED Shallow Trim Kit, 4' Vented",True,No Request,EA,False,DVLED,Use Up,LED,
INSERT,DS-LEDTKS-4S,DS-LEDTKS-4S,"Universal DV-LED Shallow Trim Kit, 4' Solid",True,No Request,EA,False,DVLED,Use Up,LED,
"UPDATE (QuantityUnitOfMeasure, Sales_Part_Status__c, Category__c)",LEDUNV12,LEDUNV12,"Universal wall mount for latching dvLED displays up to 55"", including 27"" displays in 2x2 configuration",True,Active,EA,False,DVLED,Active,LED,01tPW00000EtlgiYAB
"UPDATE (QuantityUnitOfMeasure, Sales_Part_Status__c, Category__c)",LEDUNV6,LEDUNV6,"Universal wall mount for 27"" latching dvLED displays in configurations up to 1x2",True,Active,EA,False,DVLED,Active,LED,01tPW00000EtlgjYAB
INSERT,PRJ501798,PRJ501798,PE Stamp for LEDFWS-13x7-3600 Floor to Wall Solution using LG LSCB - Sixt Denver Consultation,True,Active,EA,False,DVLED,,LED,
"UPDATE (US_Description__c, QuantityUnitOfMeasure, Sales_Part_Status__c, Category__c)",LEDFWS-13X7-3600,LEDFWS-13X7-3600,"Universal dvLED Floor-to-Wall Mount for 27"" Displays, up to 610 x 343mm, in a 13X7 Configuration",True,No Request,EA,False,DVLED,Presale,LED,01tPW00000ICWplYAH
INSERT,PRJ501798-C,PRJ501798-C,Seamless Installation Consultation for LEDFWS-13x7-3600,True,Active,EA,False,DVLED,,LED,
INSERT,PRJ502192,PRJ502192,Trim Kit for LEDUNVS-5x7,True,Active,EA,False,DVLED,,LED,
"UPDATE (QuantityUnitOfMeasure, ACU_Item_Status__c, Sales_Part_Status__c, US_Price_Group_Name__c, ACU_PMPLCM__c, Category__c)",PRJ502200,PRJ502200,"5x4 DvLED Cart for 27"" displays, 7.5' Height",False,Inactive,EA,False,DVLED,,LED,01tPW00000EtlgkYAB
"UPDATE (US_Description__c, QuantityUnitOfMeasure, Sales_Part_Status__c)",ACC-SA800,ACC-SA800,"800mm Horizontal Adaptor Brackets for SA752PU, SA761PU, SA771PU",True,Active,EA,False,CORE,Active,,01tPW00000FBgphYAD
"UPDATE (US_Description__c, QuantityUnitOfMeasure, Sales_Part_Status__c, Category__c)",ACC-SAVAB,ACC-SAVAB,"Vertical Adaptor Bracket for SA752PU, SA761PU, SA771PU",True,Active,EA,False,CORE,Active,,01tPW00000FBhCHYA1
"UPDATE (US_Description__c, QuantityUnitOfMeasure, Sales_Part_Status__c)",ACC-SA600,ACC-SA600,"600mm Horizontal Adaptor Brackets for SA752PU, SA761PU, SA771PU",True,Active,EA,False,CORE,Active,,01tPW00000FBgmTYAT
"UPDATE (US_Description__c, QuantityUnitOfMeasure, Sales_Part_Status__c)",ACC-SA400,ACC-SA400,"400mm Horizontal Adaptor Brackets for SA752PU, SA761PU, SA771PU",True,Active,EA,False,CORE,Active,,01tPW00000FBgbBYAT
"UPDATE (US_Description__c, QuantityUnitOfMeasure, Sales_Part_Status__c, Category__c)",ACC-SA300,ACC-SA300,"300mm Horizontal Adaptor Brackets for SA752PU, SA761PU, SA771PU",True,Active,EA,False,CORE,Active,,01tPW00000FBh4DYAT
"UPDATE (US_Description__c, QuantityUnitOfMeasure, Sales_Part_Status__c)",ACC-SA200,ACC-SA200,"200mm Horizontal Adaptor Brackets for SA752PU, SA761PU, SA771PU",True,Active,EA,False,CORE,Active,,01tPW00000FBgw9YAD
"UPDATE (US_Description__c, QuantityUnitOfMeasure, Sales_Part_Status__c, ACU_Authorization_Required__c)",IB14X14-B,IB14X14-B,"14x14"" In-wall Box - Black",True,Active,EA,False,CORE,Active,MOUNT,01tPW00000HcBThYAN
"UPDATE (QuantityUnitOfMeasure, ACU_Item_Status__c, Sales_Part_Status__c, US_Price_Group_Name__c, ACU_PMPLCM__c, Category__c)",PRJ502218,PRJ502218,Cart for Samsung IAC130,False,Inactive,EA,False,DVLED,,LED,01tPW00000EtlglYAB
"UPDATE (IsActive, QuantityUnitOfMeasure, Sales_Part_Status__c, US_Price_Group_Name__c, ACU_PMPLCM__c, Category__c)",PRJ502221,PRJ502221,Custom trim kit for LEDUNVS-6x6,True,Active,EA,False,DVLED,,LED,01tPW00000EtlgmYAB
"UPDATE (IsActive, QuantityUnitOfMeasure, Sales_Part_Status__c, US_Price_Group_Name__c, ACU_PMPLCM__c, Category__c)",LEDMTS-2X2-1800,LEDMTS-2X2-1800,"Universal dvLED Cart/Trolley for 27"" Displays, up to 610x343mm in a 2x2 Configuration",True,Active,EA,False,DVLED,,LED,01tPW00000EtlgnYAB
"UPDATE (QuantityUnitOfMeasure, ACU_Item_Status__c, Sales_Part_Status__c, US_Price_Group_Name__c, ACU_PMPLCM__c, Category__c)",PRJ502228,PRJ502228,Stand for LG LAAA009,False,Inactive,EA,False,DVLED,,LED,01tPW00000EtlgoYAB
"UPDATE (QuantityUnitOfMeasure, Sales_Part_Status__c, Category__c)",LEDUNVS-16X4,LEDUNVS-16X4,16x4 Universal wall mount for latching dvLED displays up to 610 X 343 mm,True,Active,EA,False,DVLED,,LED,01tPW00000EtlgpYAB
"UPDATE (QuantityUnitOfMeasure, Sales_Part_Status__c, Category__c)",LEDTKS-16X4,LEDTKS-16X4,"Universal dvLED Trim Kit for 27"" Displays up to 610 x 343mm in a 16x4 Configuration",True,Active,EA,False,DVLED,,LED,01tPW00000EtlgqYAB
"UPDATE (US_Description__c, QuantityUnitOfMeasure, Sales_Part_Status__c, Category__c)",LEDUNVS-2X7,LEDUNVS-2X7,2X7 Universal wall mount for latching dvLED displays up to 610 X 343 mm,True,No Request,EA,False,DVLED,,LED,01tPW00000IHTo1YAH
"UPDATE (IsActive, QuantityUnitOfMeasure, Sales_Part_Status__c, US_Price_Group_Name__c, ACU_PMPLCM__c, Category__c)",PRJ502239,PRJ502239,Trim for LEDUNVS-5x5 and LG LSCC,True,Active,EA,False,DVLED,,LED,01tPW00000EtlgrYAB
"UPDATE (QuantityUnitOfMeasure, Sales_Part_Status__c, Category__c)",LEDUNVS-9X7,LEDUNVS-9X7,9X7 Universal wall mount for latching dvLED displays up to 610 X 343 mm,True,Active,EA,False,DVLED,,LED,01tPW00000EtlgsYAB
INSERT,KIT-UNVLED-AFP4,KIT-UNVLED-AFP4,"Fast-Pack, 10mm spacer and Screws",True,No Request,EA,False,DVLED,,LED,
INSERT,PRJ502254,PRJ502254,50x11 Flat Wall Mount for Samsung MMF,True,Active,EA,False,DVLED,,LED,
"UPDATE (US_Description__c, QuantityUnitOfMeasure, Sales_Part_Status__c, Category__c)",LEDUNVS-3X3,LEDUNVS-3X3,3x3 Universal wall mount for latching dvLED displays up to 610 X 343 mm,True,Active,EA,False,DVLED,,LED,01tPW00000IHUQjYAP
"UPDATE (US_Description__c, QuantityUnitOfMeasure, Sales_Part_Status__c, Category__c)",LEDUNVMP-3X2,LEDUNVMP-3X2,3x2 Universal wall mount for latching dvLED displays up to 540 x 1000mm,True,No Request,EA,False,DVLED,,LED,01tPW00000IHQOjYAP
"UPDATE (QuantityUnitOfMeasure, Sales_Part_Status__c, Category__c)",LEDUNVMP-7X4,LEDUNVMP-7X4,7x4 Universal wall mount for latching dvLED displays up to 540 x 1000mm,True,Active,EA,False,DVLED,,LED,01tPW00000EtlgtYAB
"UPDATE (QuantityUnitOfMeasure, ACU_Item_Status__c, Sales_Part_Status__c, US_Price_Group_Name__c, ACU_PMPLCM__c, Category__c)",PRJ502244,PRJ502244,Piece Parts,False,Inactive,EA,False,DVLED,,LED,01tPW00000EtlguYAB
"UPDATE (US_Description__c, QuantityUnitOfMeasure, Sales_Part_Status__c, Category__c)",LEDNVS-10X5,LEDNVS-10X5,10x5 Universal wall mount for latching dvLED displays up to 610 X 343 mm,True,No Request,EA,False,DVLED,,LED,01tPW00000ICbvtYAD
"UPDATE (US_Description__c, QuantityUnitOfMeasure, Sales_Part_Status__c, Category__c)",LEDTKS-10X5,LEDTKS-10X5,"Universal dvLED Trim Kit for 27"" Displays, up to 610 x 343mm, in a 10X5 Configuration",True,Active,EA,False,DVLED,,LED,01tPW00000IHJzxYAH
"UPDATE (QuantityUnitOfMeasure, ACU_Item_Status__c, Sales_Part_Status__c, US_Price_Group_Name__c, ACU_PMPLCM__c, Category__c)",PRJ502191-MT,PRJ502191-MT,"12x7 Flat Wall Mount for LG LSCC, Top",False,Inactive,EA,False,DVLED,,LED,01tPW00000EtlgvYAB
"UPDATE (QuantityUnitOfMeasure, ACU_Item_Status__c, Sales_Part_Status__c, US_Price_Group_Name__c, ACU_PMPLCM__c, Category__c)",PRJ502191-ML,PRJ502191-ML,"2x12 Flat Wall Mount for LG LSCC, Left Side",False,Inactive,EA,False,DVLED,,LED,01tPW00000EtlgwYAB
"UPDATE (QuantityUnitOfMeasure, ACU_Item_Status__c, Sales_Part_Status__c, US_Price_Group_Name__c, ACU_PMPLCM__c, Category__c)",PRJ502191-MR,PRJ502191-MR,"2x12 Flat Wall Mount for LG LSCC, Right Side",False,Inactive,EA,False,DVLED,,LED,01tPW00000EtlgxYAB
"UPDATE (IsActive, QuantityUnitOfMeasure, Sales_Part_Status__c, US_Price_Group_Name__c, ACU_PMPLCM__c, Category__c)",PRJ502191-TT,PRJ502191-TT,"Trim Kit, Top",True,Active,EA,False,DVLED,,LED,01tPW00000EtlgyYAB
"UPDATE (IsActive, QuantityUnitOfMeasure, Sales_Part_Status__c, US_Price_Group_Name__c, ACU_PMPLCM__c, Category__c)",PRJ502191-TL,PRJ502191-TL,"Trim Kit, Left Column",True,Active,EA,False,DVLED,,LED,01tPW00000EtlgzYAB
INSERT,LEDTKSTR,LEDTKSTR,"Trim Kit, Right Column",True,Active,EA,False,DVLED,,LED,
"UPDATE (IsActive, QuantityUnitOfMeasure, Sales_Part_Status__c, US_Price_Group_Name__c, ACU_PMPLCM__c, Category__c)",PRJ502191-TR,PRJ502191-TR,"Trim Kit, Right Column",True,Active,EA,False,DVLED,,LED,01tPW00000Etlh0YAB
"UPDATE (US_Description__c, QuantityUnitOfMeasure, Sales_Part_Status__c, Category__c)",LEDUNVS-10X5,LEDUNVS-10X5,10x5 Universal wall mount for latching dvLED displays up to 610 X 343 mm,True,No Request,EA,False,DVLED,,LED,01tPW00000IHR33YAH
"UPDATE (QuantityUnitOfMeasure, Sales_Part_Status__c, Category__c)",LEDUNVS-4X7,LEDUNVS-4X7,4x7 Universal wall mount for latching dvLED displays up to 610 X 343 mm,True,Active,EA,False,DVLED,,LED,01tPW00000Etlh1YAB
"UPDATE (QuantityUnitOfMeasure, Sales_Part_Status__c, Category__c)",LEDUNVS-7X6,LEDUNVS-7X6,7X6 Universal wall mount for latching dvLED displays up to 610 X 343 mm,True,Active,EA,False,DVLED,,LED,01tPW00000Etlh2YAB
"UPDATE (US_Description__c, QuantityUnitOfMeasure, Sales_Part_Status__c, Category__c)",LEDTKS-7X7,LEDTKS-7X7,"Universal dvLED Trim Kit for 27"" Displays, up to 610 x 343mm, in a 7x7 Configuration",True,Active,EA,False,DVLED,Presale,LED,01tPW00000IHObRYAX
"UPDATE (QuantityUnitOfMeasure, Sales_Part_Status__c, Category__c)",LEDUNVS-6X4,LEDUNVS-6X4,6X4 Universal wall mount for latching dvLED displays up to 610 X 343 mm,True,Active,EA,False,DVLED,,LED,01tPW00000Etlh3YAB
"UPDATE (QuantityUnitOfMeasure, Sales_Part_Status__c, Category__c)",LEDUNVS-9X8,LEDUNVS-9X8,9X8 Universal wall mount for latching dvLED displays up to 610 X 343 mm,True,Active,EA,False,DVLED,,LED,01tPW00000Etlh4YAB
"UPDATE (QuantityUnitOfMeasure, Sales_Part_Status__c, Category__c)",LEDUNVS-8X7,LEDUNVS-8X7,8X7 Universal wall mount for latching dvLED displays up to 610 X 343 mm,True,Active,EA,False,DVLED,,LED,01tPW00000Etlh5YAB
"UPDATE (US_Description__c, QuantityUnitOfMeasure, Sales_Part_Status__c, Category__c)",LEDUNVL-9X3,LEDUNVL-9X3,9X3 Universal wall mount for latching dvLED displays up to 1220 x 686mm,True,Active,EA,False,DVLED,,LED,01tPW00000IHPcLYAX
"UPDATE (QuantityUnitOfMeasure, Sales_Part_Status__c, Category__c)",LEDUNVS-18X6,LEDUNVS-18X6,18X6 Universal wall mount for latching dvLED displays up to 610 X 343 mm,True,Active,EA,False,DVLED,,LED,01tPW00000Etlh6YAB
"UPDATE (QuantityUnitOfMeasure, Sales_Part_Status__c, Category__c)",LEDUNVS-24X6,LEDUNVS-24X6,24X6 Universal wall mount for latching dvLED displays up to 610 X 343 mm,True,Active,EA,False,DVLED,,LED,01tPW00000Etlh7YAB
"UPDATE (QuantityUnitOfMeasure, Sales_Part_Status__c, Category__c)",LEDUNVS-9X9,LEDUNVS-9X9,9X9 Universal wall mount for latching dvLED displays up to 610 X 343 mm,True,No Request,EA,False,DVLED,,LED,01tPW00000Etlh8YAB
"UPDATE (QuantityUnitOfMeasure, ACU_Item_Status__c, Sales_Part_Status__c, US_Price_Group_Name__c, ACU_PMPLCM__c, Category__c)",PRJ502276,PRJ502276,"6x6 Pedestal Mount for Sharp NEC FA, FC, FE",False,Inactive,EA,False,DVLED,,LED,01tPW00000Etlh9YAB
"UPDATE (US_Description__c, QuantityUnitOfMeasure, Sales_Part_Status__c, Category__c)",LEDUNVS-26X10,LEDUNVS-26X10,26x10 Universal wall mount for latching dvLED displays up to 610 X 343 mm,True,No Request,EA,False,DVLED,,LED,01tPW00000IHT4rYAH
INSERT,DS-LEDTK-53VX12S,DS-LEDTK-53VX12S,"Universal DV-LED Trim Kit, 53 Vented x 12' Solid",True,No Request,EA,False,DVLED,,LED,
"UPDATE (US_Description__c, QuantityUnitOfMeasure, Sales_Part_Status__c, Category__c)",LEDUNVS-16X2,LEDUNVS-16X2,16x2 Universal wall mount for latching dvLED displays up to 610 X 343 mm,True,No Request,EA,False,DVLED,,LED,01tPW00000IHSGrYAP
"UPDATE (QuantityUnitOfMeasure, Sales_Part_Status__c, Category__c)",LEDUNVS-24X10,LEDUNVS-24X10,24x10 Universal wall mount for latching dvLED displays up to 610 X 343 mm,True,Active,EA,False,DVLED,,LED,01tPW00000EtlhAYAR
"UPDATE (US_Description__c, QuantityUnitOfMeasure, Sales_Part_Status__c, Category__c)",DS-LEDTK-24VX12S,DS-LEDTK-24VX12S,"Universal DV-LED Trim Kit, 24' Vented x 12' Solid",True,No Request,EA,False,DVLED,,LED,01tPW00000ICQh7YAH
"UPDATE (US_Description__c, QuantityUnitOfMeasure, Sales_Part_Status__c, Category__c)",LEDTKS-16X2,LEDTKS-16X2,"Universal dvLED Trim Kit for 27"" Displays up to 610 x 343mm in a 16x2 Configuration",True,No Request,EA,False,DVLED,,LED,01tPW00000IHLP3YAP
"UPDATE (QuantityUnitOfMeasure, Sales_Part_Status__c, Category__c)",DS-LEDTK-49VX12S,DS-LEDTK-49VX12S,"Universal DV-LED Trim Kit, 49 Vented x 12' Solid",True,Active,EA,False,DVLED,,LED,01tPW00000EtlhBYAR
"UPDATE (US_Description__c, QuantityUnitOfMeasure, Sales_Part_Status__c, Category__c)",LEDTKS-6X4,LEDTKS-6X4,"Universal dvLED Trim Kit for 27"" Displays, up to 610 x 343mm, in a 6X4 Configuration",True,Active,EA,False,DVLED,,LED,01tPW00000IHO3ZYAX
"UPDATE (US_Description__c, QuantityUnitOfMeasure, Sales_Part_Status__c, Category__c)",LEDTKL-3X4,LEDTKL-3X4,"Universal dvLED Trim Kit for 55"" Displays, up to 1220mm Wide, in a 3X4 Configuration",True,Active,EA,False,DVLED,,LED,01tPW00000ICciHYAT
"UPDATE (US_Description__c, QuantityUnitOfMeasure, Sales_Part_Status__c, Category__c)",LEDUNVL-3X4,LEDUNVL-3X4,3X4 Universal wall mount for latching dvLED displays up to 1220 x 686mm,True,Active,EA,False,DVLED,,LED,01tPW00000IHPUHYA5
"UPDATE (US_Description__c, QuantityUnitOfMeasure, Sales_Part_Status__c, ACU_Authorization_Required__c)",ACCD-REM-NTSD25,ACCD-REM-NTSD25,Remote Control for Neptune Shade TV; Voice-Activated; Non-IP Rated,True,Active,EA,False,NEPTUNE-ACC,Active,TV,01tPW00000ICKyHYAX
"UPDATE (US_Description__c, QuantityUnitOfMeasure, ACU_Item_Status__c, Sales_Part_Status__c, ACU_Authorization_Required__c)",ACCD-REM-NTSB150,ACCD-REM-NTSB150,Remote Control for Neptune Outdoor Soundbar; IP65,True,Active,EA,False,NEPTUNE-ACC,Active,TV,01tPW00000ICKrpYAH
INSERT,PRJ502282,PRJ502282,DvLED Tabletop Display,False,Inactive,EA,False,DVLED,,LED,
"UPDATE (US_Description__c, QuantityUnitOfMeasure, Sales_Part_Status__c, Category__c)",LEDMTS-6X6-3000,LEDMTS-6X6-3000,"Universal dvLED Cart/Trolley for 27"" Displays, up to 610x343mm in a 6x6 Configuration",True,No Request,EA,False,DVLED,,LED,01tPW00000ICXCLYA5
"UPDATE (US_Description__c, QuantityUnitOfMeasure, Sales_Part_Status__c, Category__c)",LEDTKS-8X6,LEDTKS-8X6,"Universal dvLED Trim Kit for 27"" Displays, up to 610 x 343mm, in a 8X6 Configuration",True,Active,EA,False,DVLED,,LED,01tPW00000IHOrZYAX
"UPDATE (QuantityUnitOfMeasure, Sales_Part_Status__c, Category__c)",LEDUNVL-8X4,LEDUNVL-8X4,8X4 Universal wall mount for latching dvLED displays up to 1220 x 686mm,True,No Request,EA,False,DVLED,,LED,01tPW00000EtlhCYAR
"UPDATE (US_Description__c, QuantityUnitOfMeasure, Sales_Part_Status__c, Category__c)",LEDUNVS-8X3,LEDUNVS-8X3,8X3 Universal wall mount for latching dvLED displays up to 610 X 343 mm,True,No Request,EA,False,DVLED,,LED,01tPW00000IHVppYAH
"UPDATE (US_Description__c, QuantityUnitOfMeasure, Sales_Part_Status__c, Category__c)",LEDUNVS-4X3,LEDUNVS-4X3,4X3 Universal wall mount for latching dvLED displays up to 610 X 343 mm,True,No Request,EA,False,DVLED,,LED,01tPW00000IHUnJYAX
INSERT,PRJ501991,PRJ501991,"Nut Bar, Drop In",True,Active,EA,False,DVLED,,LED,
INSERT,FMPF660,FMPF660,"Paramount Flat Wall Mount 39""-100""",True,Active,EA,False,CORE,,MOUNT,
INSERT,PRJ502034-R,PRJ502034-R,Replacement parts,True,Active,EA,False,DS,,LED,
"UPDATE (US_Description__c, QuantityUnitOfMeasure, Sales_Part_Status__c, Category__c)",LEDUNVS-4X4-SP3,LEDUNVS-4X4-SP3,4x4 Universal wall mount and spacer kit for latching dvLED displays up to 610 X 343 mm,True,Active,EA,False,DVLED,,LED,01tPW00000IHNPGYA5
"UPDATE (US_Description__c, QuantityUnitOfMeasure, Sales_Part_Status__c, Category__c)",LEDUNVS-5X5-SP3,LEDUNVS-5X5-SP3,5x5 Universal wall mount and spacer kit for latching dvLED displays up to 610 X 343 mm,True,Active,EA,False,DVLED,,LED,01tPW00000IHV3RYAX
"UPDATE (US_Description__c, QuantityUnitOfMeasure, Sales_Part_Status__c, Category__c)",LEDUNVS-6X6-SP3,LEDUNVS-6X6-SP3,6x6 Universal wall mount and spacer kit for latching dvLED displays up to 610 X 343 mm,True,Active,EA,False,DVLED,,LED,01tPW00000IHVBVYA5
"UPDATE (US_Description__c, QuantityUnitOfMeasure, Sales_Part_Status__c, Category__c)",LEDUNVS-7X7-SP3,LEDUNVS-7X7-SP3,7x7 Universal wall mount and spacer kit for latching dvLED displays up to 610 X 343 mm,True,No Request,EA,False,DVLED,,LED,01tPW00000IHVeXYAX
"UPDATE (US_Description__c, QuantityUnitOfMeasure, Sales_Part_Status__c, Category__c)",LEDUNVS-8X8-SP3,LEDUNVS-8X8-SP3,8x8 Universal wall mount and spacer kit for latching dvLED displays up to 610 X 343 mm,True,Active,EA,False,DVLED,,LED,01tPW00000IHW7ZYAX
"UPDATE (US_Description__c, QuantityUnitOfMeasure, Sales_Part_Status__c, Category__c)",LEDUNVS-9X9-SP3,LEDUNVS-9X9-SP3,9x9 Universal wall mount and spacer kit for latching dvLED displays up to 610 X 343 mm,True,Active,EA,False,DVLED,,LED,01tPW00000IHWIrYAP
"UPDATE (US_Description__c, QuantityUnitOfMeasure, Sales_Part_Status__c, Category__c)",LEDUNVS-10X10-SP3,LEDUNVS-10X10-SP3,10x10 Universal wall mount and spacer kit for latching dvLED displays up to 610 X 343 mm,True,No Request,EA,False,DVLED,,LED,01tPW00000IHQwbYAH
"UPDATE (US_Description__c, QuantityUnitOfMeasure, Sales_Part_Status__c, Category__c)",LEDMTS-4X4-SP3,LEDMTS-4X4-SP3,"Universal dvLED Cart/Trolley and Spacer for 27"" Displays up to 610x343mm in a 4x4 Configuration",True,No Request,EA,False,DVLED,,LED,01tPW00000ICX2fYAH
"UPDATE (US_Description__c, QuantityUnitOfMeasure, Sales_Part_Status__c, Category__c)",LEDMTS-5X5-SP3,LEDMTS-5X5-SP3,"Universal dvLED Cart/Trolley and Spacer for 27"" Displays up to 610x343mm in a 5x5 Configuration",True,Active,EA,False,DVLED,,LED,01tPW00000ICX7VYAX
"UPDATE (US_Description__c, QuantityUnitOfMeasure, Sales_Part_Status__c, Category__c)",LEDMTS-6X6-SP3,LEDMTS-6X6-SP3,"Universal dvLED Cart/Trolley and Spacer for 27"" Displays up to 610x343mm in a 6x6 Configuration",True,Active,EA,False,DVLED,,LED,01tPW00000ICXFZYA5
"UPDATE (US_Description__c, QuantityUnitOfMeasure, Sales_Part_Status__c, Category__c)",LEDMTS-7X7-SP3,LEDMTS-7X7-SP3,"Universal dvLED Cart/Trolley and Spacer for 27"" Displays up to 610x343mm in a 7x7 Configuration",True,No Request,EA,False,DVLED,,LED,01tPW00000ICXInYAP
"UPDATE (US_Description__c, QuantityUnitOfMeasure, Sales_Part_Status__c, Category__c)",LEDMTS-8X8-SP3,LEDMTS-8X8-SP3,"Universal dvLED Cart/Trolley and Spacer for 27"" Displays up to 610x343mm in a 8x8 Configuration",True,No Request,EA,False,DVLED,,LED,01tPW00000ICXNdYAP
"UPDATE (US_Description__c, QuantityUnitOfMeasure, Sales_Part_Status__c, Category__c)",LEDUNVL-1X5,LEDUNVL-1X5,1x5 Universal wall mount for latching dvLED displays up to 1220 x 686mm,True,Active,EA,False,DVLED,,LED,01tPW00000IHPFlYAP
"UPDATE (US_Description__c, QuantityUnitOfMeasure, Sales_Part_Status__c, Category__c)",LEDTKL-1X5,LEDTKL-1X5,"Universal dvLED Trim Kit for 55"" Displays, up to 1220mm Wide, in a 1x5 Configuration",True,Active,EA,False,DVLED,,LED,01tPW00000ICcgfYAD
INSERT,PRJ502273,PRJ502273,Top and Bottom Cladding,True,Active,EA,False,DVLED,,LED,
"UPDATE (QuantityUnitOfMeasure, ACU_Item_Status__c, Sales_Part_Status__c, US_Price_Group_Name__c, ACU_PMPLCM__c, Category__c)",PRJ502274,PRJ502274,6x7 Stand for Sony B/C Series Display,False,Inactive,EA,False,DVLED,,LED,01tPW00000EtlhDYAR
INSERT,LEDMT-LAEC018-2400,LEDMT-LAEC018-2400,Cart/Trolley for LG LAEC018,True,No Request,EA,False,DVLED,,LED,
INSERT,LEDMT-LAEC018-3000,LEDMT-LAEC018-3000,Cart/Trolley for LG LAEC018,True,No Request,EA,False,DVLED,,LED,
"UPDATE (IsActive, QuantityUnitOfMeasure, Sales_Part_Status__c, US_Price_Group_Name__c, ACU_PMPLCM__c, Category__c)",PRJ502306,PRJ502306,Trim for LEDUNVS-4x4,True,Active,EA,False,DVLED,,LED,01tPW00000EtlhEYAR
INSERT,PRJ502305,PRJ502305,Cart for LG LAEC018,True,Active,EA,False,DVLED,,LED,
"UPDATE (US_Description__c, QuantityUnitOfMeasure, Sales_Part_Status__c, Category__c)",LEDUNVS-20X5,LEDUNVS-20X5,20x5 Universal wall mount for latching dvLED displays up to 610 X 343 mm,True,Active,EA,False,DVLED,,LED,01tPW00000IHSn7YAH
"UPDATE (US_Description__c, QuantityUnitOfMeasure, Sales_Part_Status__c, Category__c)",LEDTKS-20X5,LEDTKS-20X5,"Universal dvLED Trim Kit for 27"" Displays, up to 610 x 343mm, in a 20X5 Configuration",True,Active,EA,False,DVLED,,LED,01tPW00000IHMeTYAX
INSERT,NT55PS1K,NT55PS1K,"55"" 1000 Nits Partial Sun, Web OS Hub, No Mount",True,No Request,EA,False,NEPTUNE,,TV,
INSERT,NT65PS1K,NT65PS1K,"65"" 1000 Nits Partial Sun, Web OS Hub, No Mount",True,No Request,EA,False,NEPTUNE,,TV,
"UPDATE (Description, US_Description__c, QuantityUnitOfMeasure, Sales_Part_Status__c, ACU_Authorization_Required__c)",NT75PS1K,NT75PS1K,"75"" 1000 Nits Partial Sun, Web OS Hub, No Mount",True,Active,EA,False,NEPTUNE,Active,TV,01tPW00000GwHSHYA3
INSERT,ODTV55PS1K,ODTV55PS1K,"55"" 1000 Nits Partial Sun, Web OS Hub, No Mount",True,No Request,EA,False,NEPTUNE-OD,,TV,
INSERT,ODTV65PS1K,ODTV65PS1K,"65"" 1000 Nits Partial Sun, Web OS Hub, No Mount",True,No Request,EA,False,NEPTUNE-OD,,TV,
"UPDATE (US_Description__c, QuantityUnitOfMeasure, Sales_Part_Status__c, ACU_Authorization_Required__c)",ODTV75PS1K,ODTV75PS1K,"75"" 1000 Nits Partial Sun, Web OS Hub, No Mount",True,Active,EA,False,NEPTUNE-OD,Active,TV,01tPW00000HcBgbYAF
INSERT,KP-BC,KP-BC,Base Cover,True,Active,EA,False,DVLED,,LED,
INSERT,WPTV55PS1K,WPTV55PS1K,"55"" 1000 Nits Partial Sun, Web OS Hub, No Mount",True,Active,EA,False,NEPTUNE-WP,,TV,
INSERT,WPTV65PS1K,WPTV65PS1K,"65"" 1000 Nits Partial Sun, Web OS Hub, No Mount",True,No Request,EA,False,NEPTUNE-WP,,TV,
"UPDATE (US_Description__c, QuantityUnitOfMeasure, Sales_Part_Status__c, ACU_Authorization_Required__c)",WPTV75PS1K,WPTV75PS1K,"75"" 1000 Nits Partial Sun, Web OS Hub, No Mount",True,Active,EA,False,NEPTUNE-WP,Active,TV,01tPW00000ICNzNYAX
INSERT,BWPTV55PS1K,BWPTV55PS1K,"55"" 1000 Nits Partial Sun, Web OS Hub, No Mount",True,No Request,EA,False,NEPTUNE-BWP,,TV,
INSERT,BWPTV65PS1K,BWPTV65PS1K,"75"" 1000 Nits Partial Sun, Web OS Hub, No Mount",True,No Request,EA,False,NEPTUNE-BWP,,TV,
"UPDATE (US_Description__c, QuantityUnitOfMeasure, Sales_Part_Status__c)",BWPTV75PS1K,BWPTV75PS1K,"75"" 1000 Nits Partial Sun, Web OS Hub, No Mount",True,Active,EA,True,NEPTUNE-BWP,Active,TV,01tPW00000ICLXlYAP
"UPDATE (US_Description__c, QuantityUnitOfMeasure, Sales_Part_Status__c, ACU_Authorization_Required__c)",SOSB150,SOSB150,"NEPTUNE OUTDOOR SOUNDBAR, IP55, 150W",True,No Request,EA,False,NEPTUNE-SO,Active,TV,01tPW00000ICN1hYAH
"UPDATE (US_Description__c, QuantityUnitOfMeasure, Sales_Part_Status__c, ACU_Authorization_Required__c)",SODC553,SODC553,"55"" Neptune Outdoor TV Dust Cover - Gen3",True,No Request,EA,False,NEPTUNE-SO,Active,TV,01tPW00000ICMYfYAP
"UPDATE (US_Description__c, QuantityUnitOfMeasure, Sales_Part_Status__c, ACU_Authorization_Required__c)",SODC653,SODC653,"65"" Neptune Outdoor TV Dust Cover - Gen3",True,No Request,EA,False,NEPTUNE-SO,Active,TV,01tPW00000ICMf7YAH
"UPDATE (US_Description__c, QuantityUnitOfMeasure, Sales_Part_Status__c, ACU_Authorization_Required__c)",SODC753,SODC753,"75"" Neptune Outdoor TV Dust Cover - Gen3",True,No Request,EA,False,NEPTUNE-SO,Active,TV,01tPW00000ICMlZYAX
"UPDATE (Description, US_Description__c, QuantityUnitOfMeasure, Sales_Part_Status__c, ACU_Authorization_Required__c, Category__c)",SOTV7504,SOTV7504,"75"" 1500 Nits Full Sun, Web OS Hub, Includes Outdoor Tilt Mount",True,No Request,EA,False,NEPTUNE-SO,Active,TV,01tPW00000GwHVVYA3
"UPDATE (US_Description__c, QuantityUnitOfMeasure, Sales_Part_Status__c, Category__c)",SOMA,SOMA,"Outdoor Articulating Wall Mount for 42-75"" TVs",True,No Request,EA,False,NEPTUNE-SO,Active,MOUNT,01tPW00000ICMs1YAH
"UPDATE (US_Description__c, QuantityUnitOfMeasure, Sales_Part_Status__c, Category__c)",SOMT,SOMT,"Outdoor Universal Tilt Wall Mount for 32"" to 75"" TVs",True,No Request,EA,False,NEPTUNE-SO,Active,MOUNT,01tPW00000ICMwrYAH
"UPDATE (US_Description__c, QuantityUnitOfMeasure, Sales_Part_Status__c, Category__c)",SOCU,SOCU,"Outdoor Adjustable Ceiling Mount - 43-75"" Displays",True,No Request,EA,False,NEPTUNE-SO,Active,MOUNT,01tPW00000ICM0nYAH
INSERT,PRJ502302-M,PRJ502302-M,7x2 Floor-to-Wall Concave LCD Mount,True,Active,EA,False,DS,,LED,
INSERT,PRJ502302-C,PRJ502302-C,7x2 Bottom Cladding,True,Active,EA,False,DS,,LED,
"UPDATE (Description, US_Description__c, QuantityUnitOfMeasure, Sales_Part_Status__c, ACU_Authorization_Required__c)",NT754,NT754,"75"" 1500 Nits Full Sun, Web OS Hub, Includes Outdoor Tilt Mount",True,Active,EA,False,NEPTUNE,Active,TV,01tPW00000GwHQfYAN
"UPDATE (US_Description__c, QuantityUnitOfMeasure, Sales_Part_Status__c, ACU_Authorization_Required__c)",ODTV7504,ODTV7504,"75"" 1500 Nits Full Sun, Web OS Hub, Includes Outdoor Tilt Mount",True,Active,EA,False,NEPTUNE-OD,Active,TV,01tPW00000HcBblYAF
"UPDATE (US_Description__c, QuantityUnitOfMeasure, Sales_Part_Status__c)",BWPTV754,BWPTV754,"75"" 1500 Nits Full Sun, Web OS Hub, Includes Outdoor Tilt Mount",True,Active,EA,True,NEPTUNE-BWP,Active,TV,01tPW00000ICLKrYAP
INSERT,SOTV55PS1K,SOTV55PS1K,"55"" 1000 Nits Partial Sun, Web OS Hub, No Mount",True,No Request,EA,False,NEPTUNE-SO,,TV,
INSERT,SOTV65PS1K,SOTV65PS1K,"75"" 1000 Nits Partial Sun, Web OS Hub, No Mount",True,No Request,EA,False,NEPTUNE-SO,,TV,
"UPDATE (Description, US_Description__c, QuantityUnitOfMeasure, Sales_Part_Status__c, ACU_Authorization_Required__c, Category__c)",SOTV75PS1K,SOTV75PS1K,"75"" 1000 Nits Partial Sun, Web OS Hub, No Mount",True,Active,EA,False,NEPTUNE-SO,Active,TV,01tPW00000GwHTtYAN
"UPDATE (US_Description__c, QuantityUnitOfMeasure, Sales_Part_Status__c, ACU_Authorization_Required__c)",WPTV754,WPTV754,"75"" 1500 Nits Full Sun, Web OS Hub, Includes Outdoor Tilt Mount",True,Active,EA,False,NEPTUNE-WP,Active,TV,01tPW00000ICNuXYAX
INSERT,SOCAL CLADDING,SOCAL CLADDING,SoCal Bespoke Cladding,False,Marked for Deletion,EA,False,DVLED,,,
INSERT,SOCAL MOUNT SYSTEM,SOCAL MOUNT SYSTEM,SoCal Bespoke Mount System,False,Marked for Deletion,EA,False,DVLED,,,
INSERT,SOCAL NRE FEE,SOCAL NRE FEE,SoCal Non Refndable Fee for Services,False,Marked for Deletion,EA,False,DVLED,,,
INSERT,SOCAL PERIMETER EDGE TRIM,SOCAL PERIMETER EDGE TRIM,SoCal Perimeter Trim,False,Marked for Deletion,EA,False,DVLED,,,
INSERT,SOCAL PE STAMPED DRAWINGS,SOCAL PE STAMPED DRAWINGS,SoCal PE Stamped Drawings,False,Marked for Deletion,EA,False,DVLED,,,
"UPDATE (IsActive, QuantityUnitOfMeasure, Sales_Part_Status__c, US_Price_Group_Name__c, ACU_PMPLCM__c, Category__c)",PRJ502313,PRJ502313,8x8 Flat wall mount for LG LSAB/LSAP,True,Active,EA,False,DVLED,,LED,01tPW00000EtlhFYAR
"UPDATE (QuantityUnitOfMeasure, Sales_Part_Status__c, Category__c)",LEDTKS-6X7,LEDTKS-6X7,"Universal dvLED Trim Kit for 27"" Displays, up to 610 x 343mm, in a 6X7 Configuration",True,Active,EA,False,DVLED,Active,LED,01tPW00000EtlhGYAR
"UPDATE (QuantityUnitOfMeasure, Sales_Part_Status__c, Category__c)",LEDUNVS-6X7,LEDUNVS-6X7,6X7 Universal wall mount for latching dvLED displays up to 610 X 343 mm,True,Active,EA,False,DVLED,,LED,01tPW00000EtlhHYAR
INSERT,NTSB-DEFWAR-150-2,NTSB-DEFWAR-150-2,NTSB150 2-YEAR EXTENDED WARRANTY FOR DEFECTS,True,Active,EA,False,ET,,,
INSERT,NTSD-DEFWAR-55-2,NTSD-DEFWAR-55-2,NTSD55 2-YEAR EXTENDED WARRANTY FOR DEFECTS,True,Active,EA,False,ET,,,
INSERT,NTSD-DEFWAR-65-2,NTSD-DEFWAR-65-2,NTSD65 2-YEAR EXTENDED WARRANTY FOR DEFECTS,True,Active,EA,False,ET,,,
INSERT,NTPS-DEFWAR-55-2,NTPS-DEFWAR-55-2,NT553 2-YEAR EXTENDED WARRANTY FOR DEFECTS,True,Active,EA,False,ET DD,,,
INSERT,NTPS-DEFWAR-65-2,NTPS-DEFWAR-65-2,NT653 2-YEAR EXTENDED WARRANTY FOR DEFECTS,True,Active,EA,False,ET,,,
INSERT,NTFS-DEFWAR-55-2,NTFS-DEFWAR-55-2,NT554 2-YEAR EXTENDED WARRANTY FOR DEFECTS,True,Active,EA,False,ET,,,
INSERT,NTFS-DEFWAR-65-2,NTFS-DEFWAR-65-2,NT654 2-YEAR EXTENDED WARRANTY FOR DEFECTS,True,Active,EA,False,ET,,,
"UPDATE (US_Description__c, QuantityUnitOfMeasure, Sales_Part_Status__c, Category__c)",LEDUNVS-32X8,LEDUNVS-32X8,32x8 Universal wall mount for latching dvLED displays up to 610 X 343 mm,True,Active,EA,False,DVLED,,LED,01tPW00000IHU8zYAH
"UPDATE (QuantityUnitOfMeasure, Sales_Part_Status__c, Category__c)",LEDUNVS-12X4,LEDUNVS-12X4,12x4 Universal wall mount for latching dvLED displays up to 610 X 343 mm,True,Active,EA,False,DVLED,,LED,01tPW00000EtlhIYAR
"UPDATE (IsActive, QuantityUnitOfMeasure, Sales_Part_Status__c, US_Price_Group_Name__c, ACU_PMPLCM__c, Category__c)",PRJ502321,PRJ502321,Custom trim for LEDUNVS-12x4 and Philips 5000 Series,True,Active,EA,False,DVLED,,LED,01tPW00000EtlhJYAR
"UPDATE (QuantityUnitOfMeasure, Sales_Part_Status__c, Category__c)",LEDUNVMP-7X2,LEDUNVMP-7X2,7x2 Universal wall mount for latching dvLED displays up to 540 x 1000mm,True,Active,EA,False,DVLED,,LED,01tPW00000EtlhKYAR
"UPDATE (QuantityUnitOfMeasure, Sales_Part_Status__c, Category__c)",LEDTKMP-7X2,LEDTKMP-7X2,"Universal dvLED Trim Kit for Displays up to 540 x 1000mm, in a 7x2 Configuration",True,Active,EA,False,DVLED,,LED,01tPW00000EtlhLYAR
"UPDATE (Description, US_Description__c, QuantityUnitOfMeasure, Sales_Part_Status__c)",ACC-UCM3,ACC-UCM3,STS680 Universal Component Mount,True,Active,EA,False,CORE,Active,MOUNT,01tPW00000EtlfmYAB
"UPDATE (US_Description__c, QuantityUnitOfMeasure, Sales_Part_Status__c)",ACC-STSPTZ,ACC-STSPTZ,STS680 Pan Tilt Zoom Camera Mount,True,Active,EA,False,CORE,Active,MOUNT,01tPW00000Eg2GfYAJ
"UPDATE (US_Description__c, QuantityUnitOfMeasure, Sales_Part_Status__c)",ACC-STSVCB,ACC-STSVCB,STS680 Video Conferencing Bar Mount,True,Active,EA,False,CORE,Active,MOUNT,01tPW00000Eg2WnYAJ
"UPDATE (US_Description__c, QuantityUnitOfMeasure, Sales_Part_Status__c)",ACC-STSLB,ACC-STSLB,STS680 Cable Management Lacing Bar,True,Active,EA,False,CORE,Active,MOUNT,01tPW00000Eg2YPYAZ
"UPDATE (US_Description__c, QuantityUnitOfMeasure, Sales_Part_Status__c)",ACC-STSPDU,ACC-STSPDU,STS680 Surge X DisplayPak+ PDU Mounting Bracket,True,Active,EA,False,CORE,Active,MOUNT,01tPW00000Eg2TZYAZ
"UPDATE (US_Description__c, QuantityUnitOfMeasure, Sales_Part_Status__c)",ACC-STSCF1,ACC-STSCF1,STS680 Creston Flex 260/200 Mounting Bracket,True,Active,EA,False,CORE,Active,MOUNT,01tPW00000Eg2VBYAZ
"UPDATE (IsActive, QuantityUnitOfMeasure, Sales_Part_Status__c, US_Price_Group_Name__c, ACU_PMPLCM__c, Category__c)",PRJ502334,PRJ502334,"Pedestal for Viewsonic LDM136-151, 3 meters",True,Active,EA,False,DVLED,,LED,01tPW00000EtlhMYAR
"UPDATE (IsActive, QuantityUnitOfMeasure, Sales_Part_Status__c, US_Price_Group_Name__c, ACU_PMPLCM__c, Category__c)",PRJ502337,PRJ502337,Trim Kit for LG LSAB 6x4 Video Wall,True,Active,EA,False,DVLED,,LED,01tPW00000EtlhNYAR
"UPDATE (QuantityUnitOfMeasure, Sales_Part_Status__c, Category__c)",LEDUNVS-7X5,LEDUNVS-7X5,7X5 Universal wall mount for latching dvLED displays up to 610 X 343 mm,True,Active,EA,False,DVLED,,LED,01tPW00000EtlhOYAR
INSERT,PRJ502034-R2,PRJ502034-R2,Replacement parts,True,Active,EA,False,DS,,LED,
"UPDATE (US_Description__c, QuantityUnitOfMeasure, Sales_Part_Status__c, Category__c)",LEDUNVL-3X1,LEDUNVL-3X1,3X1 Universal wall mount for latching dvLED displays up to 1220 x 686mm,True,Active,EA,False,DVLED,,LED,01tPW00000IHPMDYA5
"UPDATE (QuantityUnitOfMeasure, Sales_Part_Status__c, Category__c)",LEDUNVS-5X6,LEDUNVS-5X6,5X6 Universal wall mount for latching dvLED displays up to 610 X 343 mm,True,Active,EA,False,DVLED,,LED,01tPW00000EtlhPYAR
"UPDATE (US_Description__c, QuantityUnitOfMeasure, Sales_Part_Status__c, Category__c)",LEDUNVMP-10X5,LEDUNVMP-10X5,10x5 Universal wall mount for latching dvLED displays up to 540 x 1000mm,True,Active,EA,False,DVLED,,LED,01tPW00000IHPkPYAX
"UPDATE (US_Description__c, QuantityUnitOfMeasure, Sales_Part_Status__c)",STS680-1UCM3,STS680-1UCM3,"SmartMount Universal Tilt Scissor Mount for 49-120""+ Displays + (1) ACC-UCM3 Component Plate",True,Active,EA,True,CORE,Active,MOUNT,01tPW00000EnQu9YAF
"UPDATE (US_Description__c, QuantityUnitOfMeasure, Sales_Part_Status__c)",STS680-2UCM3,STS680-2UCM3,"SmartMount Universal Tilt Scissor Mount for 49-120""+ Displays + (2) ACC-UCM3 Component Plates",True,Active,EA,True,CORE,Active,MOUNT,01tPW00000EnQvlYAF
INSERT,PRJ502273-F,PRJ502273-F,Top and Bottom Cladding,True,Active,EA,False,DVLED,,LED,
INSERT,PRJ502353,PRJ502353,"Trim, Sharp design",True,Active,EA,False,DVLED,,LED,
INSERT,PRJ502358,PRJ502358,Custom Trim for a 6x4 LG LSAB Video Wall,True,Active,EA,False,DVLED,,LED,
"UPDATE (US_Description__c, QuantityUnitOfMeasure, Sales_Part_Status__c, ACU_Authorization_Required__c)",ACCD-REM-NTNWP,ACCD-REM-NTNWP,Remote Control for Neptune TV; Non-IP Rated,True,Active,EA,False,NEPTUNE-ACC,Active,TV,01tPW00000ICKi9YAH
"UPDATE (US_Description__c, QuantityUnitOfMeasure, Sales_Part_Status__c, ACU_Authorization_Required__c)",ACCD-REM-MR26,ACCD-REM-MR26,Magic Remote Control for Neptune TV; Non-IP Rated,True,Active,EA,False,NEPTUNE-ACC,Active,TV,01tPW00000ICKQPYA5
"UPDATE (US_Description__c, QuantityUnitOfMeasure, Sales_Part_Status__c, ACU_Authorization_Required__c)",ACCD-REM-NT26,ACCD-REM-NT26,Neptune Outdoor SMART Remote; IP65,True,Active,EA,False,NEPTUNE-ACC,Active,TV,01tPW00000ICL6LYAX
"UPDATE (US_Description__c, QuantityUnitOfMeasure, Sales_Part_Status__c, Category__c)",LEDTKSS-3X3,LEDTKSS-3X3,"Universal dvLED Trim Kit for Displays up to 500 x 500mm, in a 3x3 Configuration",True,Active,EA,False,DVLED,,LED,01tPW00000IHP2rYAH
"UPDATE (US_Description__c, QuantityUnitOfMeasure, Sales_Part_Status__c, Category__c)",LEDUNVSS-3X3,LEDUNVSS-3X3,3x3 Universal wall mount for latching dvLED displays up to 500x500 mm,True,Active,EA,False,DVLED,,LED,01tPW00000IHWU9YAP
"UPDATE (US_Description__c, QuantityUnitOfMeasure, Sales_Part_Status__c, Category__c)",DS-LEDTK-17VX5S,DS-LEDTK-17VX5S,"Universal DV-LED Trim Kit, 17' Vented x 5' Solid",True,Active,EA,False,DVLED,,LED,01tPW00000ICQ2nYAH
INSERT,PRJ502369,PRJ502369,"Floor stand for Sharp AiO LD-A1381F, 138""",True,Active,EA,False,DVLED,,LED,
"UPDATE (US_Description__c, QuantityUnitOfMeasure, Sales_Part_Status__c, Category__c)",LEDUNVS-26X5,LEDUNVS-26X5,26x5 Universal wall mount for latching dvLED displays up to 610 X 343 mm,True,Active,EA,False,DVLED,,LED,01tPW00000IHTCvYAP
"UPDATE (US_Description__c, QuantityUnitOfMeasure, Sales_Part_Status__c, Category__c)",LEDTKS-26X5,LEDTKS-26X5,"Universal dvLED Trim Kit for 27"" Displays, up to 610 x 343mm, in a 26 x 5 Configuration",True,Active,EA,False,DVLED,,LED,01tPW00000IHMxpYAH
INSERT,PRJ502380,PRJ502380,"Universal dvLED Cart/Trolley for 27"" Displays, up to 610x343mm in a 5x5 Configuration",True,Active,EA,False,DVLED,,LED,
"UPDATE (US_Description__c, QuantityUnitOfMeasure, Sales_Part_Status__c, Category__c)",LEDUNVS-22X5,LEDUNVS-22X5,22x5 Universal wall mount for latching dvLED displays up to 610 X 343 mm,True,Active,EA,False,DVLED,,LED,01tPW00000IHStZYAX
"UPDATE (US_Description__c, QuantityUnitOfMeasure, Sales_Part_Status__c, Category__c)",LEDTKS-22X5,LEDTKS-22X5,"Universal dvLED Trim Kit for 27"" Displays up to 610 x 343mm in a 22x5 Configuration",True,Active,EA,False,DVLED,,LED,01tPW00000IHMkvYAH
"UPDATE (US_Description__c, QuantityUnitOfMeasure, Sales_Part_Status__c, Category__c)",LEDUNVS-18X5,LEDUNVS-18X5,18X5 Universal wall mount for latching dvLED displays up to 610 X 343 mm,True,Active,EA,False,DVLED,,LED,01tPW00000IHSdRYAX
"UPDATE (US_Description__c, QuantityUnitOfMeasure, Sales_Part_Status__c, Category__c)",LEDTKS-18X5,LEDTKS-18X5,"Universal dvLED Trim Kit for 27"" Displays up to 610 x 343mm in a 18x5 Configuration",True,Active,EA,False,DVLED,,LED,01tPW00000IHML7YAP
"UPDATE (US_Description__c, QuantityUnitOfMeasure, Sales_Part_Status__c, Category__c)",LEDUNVS-30X5,LEDUNVS-30X5,30x5 Universal wall mount for latching dvLED displays up to 610 X 343 mm,True,Active,EA,False,DVLED,,LED,01tPW00000IHTsrYAH
"UPDATE (US_Description__c, QuantityUnitOfMeasure, Sales_Part_Status__c, Category__c)",LEDTKS-30X5,LEDTKS-30X5,"Universal dvLED Trim Kit for 27"" Displays up to 610 x 343mm in a 30x5 Configuration",True,Active,EA,False,DVLED,,LED,01tPW00000IHN97YAH
"UPDATE (US_Description__c, QuantityUnitOfMeasure, Sales_Part_Status__c, Category__c)",LEDTKS-32X5,LEDTKS-32X5,"Universal dvLED Trim Kit for 27"" Displays up to 610 x 343mm in a 32x5 Configuration",True,Active,EA,False,DVLED,,LED,01tPW00000IHNDxYAP
"UPDATE (US_Description__c, QuantityUnitOfMeasure, Sales_Part_Status__c, Category__c)",LEDUNVS-32X5,LEDUNVS-32X5,32x5 Universal wall mount for latching dvLED displays up to 610 X 343 mm,True,Active,EA,False,DVLED,,LED,01tPW00000IHU0vYAH
"UPDATE (US_Description__c, QuantityUnitOfMeasure, Sales_Part_Status__c, Category__c)",LEDUNVS-80X5,LEDUNVS-80X5,80x5 Universal wall mount for latching dvLED displays up to 610 X 343 mm,True,No Request,EA,False,DVLED,,LED,01tPW00000IHVhlYAH
"UPDATE (US_Description__c, QuantityUnitOfMeasure, Sales_Part_Status__c, Category__c)",LEDTKS-80X5,LEDTKS-80X5,"Universal dvLED Trim Kit for 27"" Displays up to 610 x 343mm in a 80x5 Configuration",True,No Request,EA,False,DVLED,,LED,01tPW00000IHOefYAH
INSERT,PRJ502051,PRJ502051,5x3 Outdoor Flat Wall Mount for HIKVISION DS-D4239CD-1AAB P3.9,False,Inactive,EA,False,DVLED,,LED,
INSERT,KIT-UNVLED-AFP5,KIT-UNVLED-AFP5,"Fast-Pack,",True,No Request,EA,False,DVLED,,LED,
"UPDATE (US_Description__c, QuantityUnitOfMeasure, Sales_Part_Status__c, Category__c)",LEDUNVMP-12X3-C,LEDUNVMP-12X3-C,12x3 Universal corner wall mount for 6x3 + 6x3 configuration,True,No Request,EA,False,DVLED,,LED,01tPW00000IHPsTYAX
"UPDATE (US_Description__c, QuantityUnitOfMeasure, Sales_Part_Status__c, Category__c)",LEDTKMP-12X3,LEDTKMP-12X3,"Universal dvLED Trim Kit for Displays up to 540 x 1000mm, in a 12x3 Configuration",True,Active,EA,False,DVLED,,LED,01tPW00000ICZ1GYAX
INSERT,LEDUNVS-10X6,LEDUNVS-10X6,10x6 Universal wall mount for latching dvLED displays up to 610 X 343 mm,True,Active,EA,False,DVLED,,LED,
"UPDATE (US_Description__c, QuantityUnitOfMeasure, Sales_Part_Status__c, Category__c)",LEDTKS-10X6,LEDTKS-10X6,"Universal dvLED Trim Kit for 27"" Displays, up to 610 x 343mm, in a 10X6 Configuration",True,Active,EA,False,DVLED,,LED,01tPW00000IHKeHYAX
INSERT,PRJ502401,PRJ502401,"6x4 Floor-to-Wall Mount, 3000mm Height",True,Active,EA,False,DVLED,,LED,
"UPDATE (US_Description__c, QuantityUnitOfMeasure, Sales_Part_Status__c, Category__c)",DS-LEDLSAB-6X6,DS-LEDLSAB-6X6,6x6 Fixed Wall Mount for LG LSAB/LSAP Series,True,No Request,EA,False,DVLED,,LED,01tPW00000ICOk9YAH
"UPDATE (US_Description__c, QuantityUnitOfMeasure, Sales_Part_Status__c, Category__c)",LEDTKS-7X6,LEDTKS-7X6,"Universal dvLED Trim Kit for 27"" Displays, up to 610 x 343mm, in a 7x6 Configuration",True,Active,EA,False,DVLED,,LED,01tPW00000HXFHpYAP
INSERT,LEDUNV4X4-JVW,LEDUNV4X4-JVW,XYZ Mounting Bracket V2.0 for 4x4,True,Active,EA,False,DVLED,,LED,
INSERT,LEDUNV5X5-JVW,LEDUNV5X5-JVW,XYZ Mounting Bracket V2.0 for 5X5,True,Active,EA,False,DVLED,,LED,
INSERT,LEDUNV6X6-JVW,LEDUNV6X6-JVW,XYZ Mounting Bracket V2.0 for 6X6,True,Active,EA,False,DVLED,,LED,
INSERT,LEDUNV7X7-JVW,LEDUNV7X7-JVW,XYZ Mounting Bracket V2.0 for 7X7,True,Active,EA,False,DVLED,,LED,
INSERT,LEDUNV6X4-JVW,LEDUNV6X4-JVW,XYZ Mounting Bracket V2.0 for 6X4,True,Active,EA,False,DVLED,,LED,
INSERT,LEDUNV6X5-JVW,LEDUNV6X5-JVW,XYZ Mounting Bracket V2.0 for 6X5,True,Active,EA,False,DVLED,,LED,
INSERT,LEDUNV7X5-JVW,LEDUNV7X5-JVW,XYZ Mounting Bracket V2.0 for 7X5,True,Active,EA,False,DVLED,,LED,
INSERT,LEDUNV8X6-JVW,LEDUNV8X6-JVW,XYZ Mounting Bracket V2.0 for 8X6,True,Active,EA,False,DVLED,,LED,
INSERT,KIT-UNVLED-EC12,KIT-UNVLED-EC12,10019346 Extrusion connectors - 12 pk.,True,Active,EA,False,DVLED,,LED,
INSERT,PRJ502433,PRJ502433,10022210 SCREW M6X1.0X20MM JACKING SS BLK OUTDOOR UNIVERSAL,True,Active,EA,False,DVLED,,LED,
"UPDATE (US_Description__c, QuantityUnitOfMeasure, Sales_Part_Status__c, Category__c)",LEDUNVS-4X6,LEDUNVS-4X6,4x6 Universal wall mount for latching dvLED displays up to 610 X 343 mm,True,Active,EA,False,DVLED,,LED,01tPW00000IHUtlYAH
"UPDATE (US_Description__c, QuantityUnitOfMeasure, Sales_Part_Status__c, Category__c)",LEDTKS-4X6,LEDTKS-4X6,"Universal dvLED Trim Kit for 27"" Displays, up to 610 x 343mm, in a 4x6 Configuration",True,Active,EA,False,DVLED,,LED,01tPW00000IHO0LYAX
"UPDATE (US_Description__c, QuantityUnitOfMeasure, Sales_Part_Status__c, Category__c)",LEDUNVMP-13X4,LEDUNVMP-13X4,13x4 Universal wall mount for latching dvLED displays up to 540 x 1000mm,True,Active,EA,False,DVLED,,LED,01tPW00000IHQBpYAP
"UPDATE (US_Description__c, QuantityUnitOfMeasure, Sales_Part_Status__c, Category__c)",LEDTKMP-13X4,LEDTKMP-13X4,"Universal dvLED Trim Kit for Displays up to 540 x 1000mm, in a 13x4 Configuration",True,No Request,EA,False,DVLED,,LED,01tPW00000ICdHlYAL
INSERT,KIT-UNVLED-AFP5-M8,KIT-UNVLED-AFP5-M8,"Fast-Pack, M8x50 screw and 30mm Spacer",True,Active,EA,False,DVLED,,,
INSERT,KIT-UNVLED-AFP5-M6,KIT-UNVLED-AFP5-M6,"Fast-Pack, M6x50 screw and 30mm spacer",True,Active,EA,False,DVLED,,,
"UPDATE (US_Description__c, QuantityUnitOfMeasure, Sales_Part_Status__c, Category__c)",LEDUNVS-8X6,LEDUNVS-8X6,8X6 Universal wall mount for latching dvLED displays up to 610 X 343 mm,True,Active,EA,False,DVLED,,LED,01tPW00000IHVwHYAX
INSERT,NTSD65-R,NTSD65-R,"65"" 500 Nits Shade, Google OS, No Mount - REFURBISHED",True,Active,EA,False,NEPTUNE,,TV,
INSERT,NTSD65-B,NTSD65-B,"65"" 500 Nits Shade, Google OS, No Mount - B-STOCK",True,No Request,EA,False,NEPTUNE,,TV,
INSERT,NTSD55-B,NTSD55-B,"55"" 500 Nits Shade, Google OS, No Mount - B-STOCK",False,Inactive,EA,False,NEPTUNE,,TV,
INSERT,NTSD55-R,NTSD55-R,"55"" 500 Nits Shade, Google OS, No Mount - REFURBISHED",False,Inactive,EA,False,NEPTUNE,,TV,
"UPDATE (US_Description__c, QuantityUnitOfMeasure, Sales_Part_Status__c, Category__c)",LEDUNVS-15X5,LEDUNVS-15X5,15x5 Universal wall mount for latching dvLED displays up to 610 X 343 mm,True,Active,EA,False,DVLED,,LED,01tPW00000IHSC1YAP
"UPDATE (US_Description__c, QuantityUnitOfMeasure, Sales_Part_Status__c, Category__c)",LEDTKS-15X5,LEDTKS-15X5,"Universal dvLED Trim Kit for 27"" Displays, up to 610 x 343mm, in a 15X5 Configuration",True,Active,EA,False,DVLED,,LED,01tPW00000IHLIbYAP
"UPDATE (US_Description__c, QuantityUnitOfMeasure, Sales_Part_Status__c, Category__c)",LEDTKS-8X3,LEDTKS-8X3,"Universal dvLED Trim Kit for 27"" Displays, up to 610 x 343mm, in a 8X3 Configuration",True,Active,EA,False,DVLED,Presale,LED,01tPW00000IHOjVYAX
INSERT,PRJ502405,PRJ502405,"Flat Mount for 6x6 Planar DLP PRO 1.5  (604.8 x 340.2mm), attach to a 48"" column.",True,Active,EA,False,DVLED,,LED,
"UPDATE (US_Description__c, QuantityUnitOfMeasure, Sales_Part_Status__c, Category__c)",LEDUNVS-10X8,LEDUNVS-10X8,10x8 Universal wall mount for latching dvLED displays up to 610 X 343 mm,True,Active,EA,False,DVLED,,LED,01tPW00000IHR7tYAH
INSERT,KIT-UNVLED-AFP5-M10,KIT-UNVLED-AFP5-M10,"Fast-Pack, M10x40 screw and 20mm Spacer",True,No Request,EA,False,DVLED,,,
"UPDATE (US_Description__c, QuantityUnitOfMeasure, Sales_Part_Status__c, Category__c)",LEDTKS-4X3,LEDTKS-4X3,"Universal dvLED Trim Kit for 27"" Displays, up to 610 x 343mm, in a 4x3 Configuration",True,No Request,EA,False,DVLED,,LED,01tPW00000IHNttYAH
INSERT,LEDUNV8X4-JVW,LEDUNV8X4-JVW,XYZ Mounting Bracket V2.0 for 8X4,True,Active,EA,False,DVLED,,LED,
INSERT,LEDUNV2X4-JVW,LEDUNV2X4-JVW,XYZ Mounting Bracket V2.0 for 2X4,True,Active,EA,False,DVLED,,LED,
INSERT,LEDUNV10X5-JVW,LEDUNV10X5-JVW,XYZ Mounting Bracket V2.0 for 10X5,True,Active,EA,False,DVLED,,LED,
INSERT,EL-CI12P,EL-CI12P,"CORE INDOOR DvLED PANEL; 1.2pp, 600nit, 480x270",True,No Request,EA,False,ET DD,Active,,
INSERT,EL-CI15P,EL-CI15P,"CORE INDOOR DvLED PANEL; 1.5pp, 600nit, 384x216",True,No Request,EA,False,ET DD,Active,,
INSERT,EL-CI18P,EL-CI18P,"CORE INDOOR DvLED PANEL; 1.8pp, 600nit, 320x180",True,No Request,EA,False,ET DD,Active,,
INSERT,EL-CI07P,EL-CI07P,"CORE INDOOR DvLED PANEL; 0.7pp, 600nit, 768x432",True,No Request,EA,False,ET DD,Active,,
INSERT,EL-CI09P,EL-CI09P,"CORE INDOOR DvLED PANEL; 0.9pp, 600nit, 640x360",True,No Request,EA,False,ET DD,Active,,
INSERT,EL-PI12P,EL-PI12P,"PROFESSIONAL INDOOR DvLED PANEL; 1.2pp, 600nit, 480x270, TAA Compliant",True,No Request,EA,False,ET DD,Active,,
INSERT,EL-PI15P,EL-PI15P,"PROFESSIONAL INDOOR DvLED PANEL; 1.5pp, 600nit, 384x216, TAA Compliant",True,No Request,EA,False,ET DD,Active,,
INSERT,EL-PI09P,EL-PI09P,"PROFESSIONAL INDOOR DvLED PANEL; 0.9pp, 600nit, 640x360, TAA Compliant",True,No Request,EA,False,ET DD,Active,,
INSERT,NTX612P,NTX612P,"NEPTUNE PROFESSIONAL OUTDOOR DvLED; 1.2pp, 3800cd/m2, 480x270",True,No Request,EA,False,NEPTUNE,,,
INSERT,NTX615P,NTX615P,"NEPTUNE PROFESSIONAL OUTDOOR DvLED; 1.5pp, 3800cd/m2, 384x216",True,No Request,EA,False,NEPTUNE,,,
INSERT,NTX512B,NTX512B,"1.2pp, 4500cd/m2, 480x270 Outdoor DvLED Cabinet",True,No Request,EA,False,NEPTUNE,,,
INSERT,NTX518B,NTX518B,"1.8pp, 4500cd/m2, 320x180 Outdoor DvLED Cabinet",True,No Request,EA,False,NEPTUNE,,,
INSERT,NTX515B,NTX515B,"1.5pp, 4500cd/m2, 384x216 Outdoor DvLED Cabinet",True,No Request,EA,False,NEPTUNE,,,
"UPDATE (US_Description__c, QuantityUnitOfMeasure, Sales_Part_Status__c, Category__c)",LEDTKS-7X4,LEDTKS-7X4,"Universal dvLED Trim Kit for 27"" Displays, up to 610 x 343mm, in a 7X4 Configuration",True,Active,EA,False,DVLED,,LED,01tPW00000IHOWbYAP
"UPDATE (US_Description__c, QuantityUnitOfMeasure, Sales_Part_Status__c, Category__c)",LEDUNVS-7X4,LEDUNVS-7X4,7X4 Universal wall mount for latching dvLED displays up to 610 X 343 mm,True,Active,EA,False,DVLED,,LED,01tPW00000IHVJZYA5
"UPDATE (US_Description__c, QuantityUnitOfMeasure, Sales_Part_Status__c, Category__c)",LEDUNVS-13X7,LEDUNVS-13X7,13x7 Universal wall mount for latching dvLED displays up to 610 X 343 mm,True,Active,EA,False,DVLED,,LED,01tPW00000IHRuHYAX
"UPDATE (US_Description__c, QuantityUnitOfMeasure, Sales_Part_Status__c, Category__c)",LEDTKS-13X7,LEDTKS-13X7,"Universal dvLED Trim Kit for 27"" Displays, up to 610 x 343mm, in a 13x7 Configuration",True,Active,EA,False,DVLED,,LED,01tPW00000IHLAXYA5
"UPDATE (US_Description__c, QuantityUnitOfMeasure, Sales_Part_Status__c, Category__c)",LEDTKS-6X8,LEDTKS-6X8,"Universal dvLED Trim Kit for 27"" Displays, up to 610 x 343mm, in a 6x8 Configuration",True,Active,EA,False,DVLED,,LED,01tPW00000IHOOXYA5
"UPDATE (US_Description__c, QuantityUnitOfMeasure, Sales_Part_Status__c, Category__c)",LEDUNVS-20X4,LEDUNVS-20X4,20x4 Universal wall mount for latching dvLED displays up to 610 X 343 mm,True,Active,EA,False,DVLED,,LED,01tPW00000IHSiHYAX
"UPDATE (US_Description__c, QuantityUnitOfMeasure, Sales_Part_Status__c, Category__c)",LEDTKS-20X4,LEDTKS-20X4,"Universal dvLED Trim Kit for 27"" Displays, up to 610 x 343mm, in a 20X4 Configuration",True,Active,EA,False,DVLED,,LED,01tPW00000IHMZdYAP
"UPDATE (US_Description__c, QuantityUnitOfMeasure, Sales_Part_Status__c, Category__c)",LEDMW-108-2KB,LEDMW-108-2KB,"Refinio Media Wall 108"", FHD, Black Cabinet",True,No Request,EA,False,DVLED,Active,,01tPW00000ICXSTYA5
"UPDATE (US_Description__c, QuantityUnitOfMeasure, Sales_Part_Status__c, Category__c)",LEDMW-108-2KW,LEDMW-108-2KW,"Refinio Media Wall 108"", FHD, White Cabinet",True,No Request,EA,False,DVLED,Active,,01tPW00000ICZAvYAP
"UPDATE (US_Description__c, QuantityUnitOfMeasure, Sales_Part_Status__c, Category__c)",LEDMW-108-2KG,LEDMW-108-2KG,"Refinio Media Wall 108"", FHD, Grey Cabinet",True,No Request,EA,False,DVLED,Active,,01tPW00000ICXfNYAX
"UPDATE (US_Description__c, QuantityUnitOfMeasure, Sales_Part_Status__c, Category__c)",LEDMW-108-2KL,LEDMW-108-2KL,"Refinio Media Wall 108"", FHD, White Casella Oak Cabinet",True,No Request,EA,False,DVLED,Active,,01tPW00000ICXlpYAH
"UPDATE (US_Description__c, QuantityUnitOfMeasure, Sales_Part_Status__c, Category__c)",LEDMW-108-2KM,LEDMW-108-2KM,"Refinio Media Wall 108"", FHD, Natural Casella Oak Cabinet",True,No Request,EA,False,DVLED,Active,,01tPW00000ICTwDYAX
"UPDATE (US_Description__c, QuantityUnitOfMeasure, Sales_Part_Status__c, Category__c)",LEDMW-108-2KD,LEDMW-108-2KD,"Refinio Media Wall 108"", FHD, Lincoln Walnut Cabinet",True,No Request,EA,False,DVLED,Active,,01tPW00000ICTwCYAX
"UPDATE (US_Description__c, QuantityUnitOfMeasure, Sales_Part_Status__c, Category__c)",LEDMW-136-2KB,LEDMW-136-2KB,"Refinio Media Wall 136"", FHD, Black Cabinet",True,No Request,EA,False,DVLED,Active,,01tPW00000ICZFlYAP
"UPDATE (US_Description__c, QuantityUnitOfMeasure, Sales_Part_Status__c, Category__c)",LEDMW-136-2KW,LEDMW-136-2KW,"Refinio Media Wall 136"", FHD, White Cabinet",True,No Request,EA,False,DVLED,Active,,01tPW00000ICZvhYAH
"UPDATE (US_Description__c, QuantityUnitOfMeasure, Sales_Part_Status__c, Category__c)",LEDMW-136-2KG,LEDMW-136-2KG,"Refinio Media Wall 136"", FHD, Grey Cabinet",True,No Request,EA,False,DVLED,Active,,01tPW00000ICZNpYAP
"UPDATE (US_Description__c, QuantityUnitOfMeasure, Sales_Part_Status__c, Category__c)",LEDMW-136-2KL,LEDMW-136-2KL,"Refinio Media Wall 136"", FHD, White Casella Oak Cabinet",True,No Request,EA,False,DVLED,Active,,01tPW00000ICZVtYAP
"UPDATE (US_Description__c, QuantityUnitOfMeasure, Sales_Part_Status__c, Category__c)",LEDMW-136-2KM,LEDMW-136-2KM,"Refinio Media Wall 136"", FHD, Natural Casella Oak Cabinet",True,No Request,EA,False,DVLED,Active,,01tPW00000ICZpFYAX
"UPDATE (US_Description__c, QuantityUnitOfMeasure, Sales_Part_Status__c, Category__c)",LEDMW-136-2KD,LEDMW-136-2KD,"Refinio Media Wall 136"", FHD, Lincoln Walnut Cabinet",True,No Request,EA,False,DVLED,Active,,01tPW00000ICZKbYAP
"UPDATE (US_Description__c, QuantityUnitOfMeasure, Sales_Part_Status__c, Category__c)",LEDMW-136-4KB,LEDMW-136-4KB,"Refinio Media Wall 136"", UHD, Black Cabinet",True,No Request,EA,False,DVLED,Active,,01tPW00000ICa0XYAT
"UPDATE (US_Description__c, QuantityUnitOfMeasure, Sales_Part_Status__c, Category__c)",LEDMW-136-4KW,LEDMW-136-4KW,"Refinio Media Wall 136"", UHD, White Cabinet",True,No Request,EA,False,DVLED,Active,,01tPW00000ICaIHYA1
"UPDATE (US_Description__c, QuantityUnitOfMeasure, Sales_Part_Status__c, Category__c)",LEDMW-136-4KG,LEDMW-136-4KG,"Refinio Media Wall 136"", UHD, Grey Cabinet",True,No Request,EA,False,DVLED,Active,,01tPW00000ICa5NYAT
"UPDATE (US_Description__c, QuantityUnitOfMeasure, Sales_Part_Status__c, Category__c)",LEDMW-136-4KL,LEDMW-136-4KL,"Refinio Media Wall 136"", UHD, White Casella Oak Cabinet",True,No Request,EA,False,DVLED,Active,,01tPW00000ICa8bYAD
"UPDATE (US_Description__c, QuantityUnitOfMeasure, Sales_Part_Status__c, Category__c)",LEDMW-136-4KM,LEDMW-136-4KM,"Refinio Media Wall 136"", UHD, Natural Casella Oak Cabinet",True,No Request,EA,False,DVLED,Active,,01tPW00000ICaDRYA1
"UPDATE (US_Description__c, QuantityUnitOfMeasure, Sales_Part_Status__c, Category__c)",LEDMW-136-4KD,LEDMW-136-4KD,"Refinio Media Wall 136"", UHD, Lincoln Walnut Cabinet",True,No Request,EA,False,DVLED,Active,,01tPW00000ICa29YAD
"UPDATE (US_Description__c, QuantityUnitOfMeasure, Sales_Part_Status__c, Category__c)",LEDMW-163-2KB,LEDMW-163-2KB,"Refinio Media Wall 163"", FHD, Black Cabinet",True,No Request,EA,False,DVLED,Active,,01tPW00000ICalJYAT
"UPDATE (US_Description__c, QuantityUnitOfMeasure, Sales_Part_Status__c, Category__c)",LEDMW-163-2KW,LEDMW-163-2KW,"Refinio Media Wall 163"", FHD, White Cabinet",True,No Request,EA,False,DVLED,Active,,01tPW00000ICbCjYAL
"UPDATE (US_Description__c, QuantityUnitOfMeasure, Sales_Part_Status__c, Category__c)",LEDMW-163-2KG,LEDMW-163-2KG,"Refinio Media Wall 163"", FHD, Grey Cabinet",True,No Request,EA,False,DVLED,Active,,01tPW00000ICayDYAT
"UPDATE (US_Description__c, QuantityUnitOfMeasure, Sales_Part_Status__c, Category__c)",LEDMW-163-2KL,LEDMW-163-2KL,"Refinio Media Wall 163"", FHD, White Casella Oak Cabinet",True,No Request,EA,False,DVLED,Active,,01tPW00000ICb4fYAD
"UPDATE (US_Description__c, QuantityUnitOfMeasure, Sales_Part_Status__c, Category__c)",LEDMW-163-2KM,LEDMW-163-2KM,"Refinio Media Wall 163"", FHD, Natural Casella Oak Cabinet",True,No Request,EA,False,DVLED,Active,,01tPW00000ICb9VYAT
"UPDATE (US_Description__c, QuantityUnitOfMeasure, Sales_Part_Status__c, Category__c)",LEDMW-163-2KD,LEDMW-163-2KD,"Refinio Media Wall 163"", FHD, Lincoln Walnut Cabinet",True,No Request,EA,False,DVLED,Active,,01tPW00000ICarlYAD
"UPDATE (US_Description__c, QuantityUnitOfMeasure, Sales_Part_Status__c, Category__c)",LEDMW-163-4KD,LEDMW-163-4KD,"Refinio Media Wall 163"", UHD, Lincoln Walnut Cabinet",True,No Request,EA,False,DVLED,Active,,01tPW00000ICbSrYAL
"UPDATE (US_Description__c, QuantityUnitOfMeasure, Sales_Part_Status__c, Category__c)",LEDMW-163-4KW,LEDMW-163-4KW,"Refinio Media Wall 163"", UHD, White Cabinet",True,No Request,EA,False,DVLED,Active,,01tPW00000ICYQAYA5
"UPDATE (US_Description__c, QuantityUnitOfMeasure, Sales_Part_Status__c, Category__c)",LEDMW-163-4KB,LEDMW-163-4KB,"Refinio Media Wall 163"", UHD, Black Cabinet",True,No Request,EA,False,DVLED,Active,,01tPW00000ICbO1YAL
"UPDATE (US_Description__c, QuantityUnitOfMeasure, Sales_Part_Status__c, Category__c)",LEDMW-163-4KG,LEDMW-163-4KG,"Refinio Media Wall 163"", UHD, Grey Cabinet",True,No Request,EA,False,DVLED,Active,,01tPW00000ICbZJYA1
"UPDATE (US_Description__c, QuantityUnitOfMeasure, Sales_Part_Status__c, Category__c)",LEDMW-163-4KL,LEDMW-163-4KL,"Refinio Media Wall 163"", UHD, White Casella Oak Cabinet",True,No Request,EA,False,DVLED,Active,,01tPW00000ICbe9YAD
"UPDATE (US_Description__c, QuantityUnitOfMeasure, Sales_Part_Status__c, Category__c)",LEDMW-163-4KM,LEDMW-163-4KM,"Refinio Media Wall 163"", UHD, Natural Casella Oak Cabinet",True,No Request,EA,False,DVLED,Active,,01tPW00000ICbizYAD
"UPDATE (US_Description__c, QuantityUnitOfMeasure, Sales_Part_Status__c, Category__c)",LEDMW-108-2KVCBB,LEDMW-108-2KVCBB,"Refinio Media Wall 108"" w/ VC, FHD, Black Cabinet, Black Acoustic Fabric",True,No Request,EA,False,DVLED,Active,,01tPW00000ICXttYAH
"UPDATE (US_Description__c, QuantityUnitOfMeasure, Sales_Part_Status__c, Category__c)",LEDMW-108-2KVCWB,LEDMW-108-2KVCWB,"Refinio Media Wall 108"" w/ VC, FHD, White Cabinet, Black Acoustic Fabric",True,No Request,EA,False,DVLED,Active,,01tPW00000ICYzdYAH
"UPDATE (US_Description__c, QuantityUnitOfMeasure, Sales_Part_Status__c, Category__c)",LEDMW-108-2KVCGB,LEDMW-108-2KVCGB,"Refinio Media Wall 108"" w/ VC, FHD, Grey Cabinet, Black Acoustic Fabric",True,No Request,EA,False,DVLED,Active,,01tPW00000ICYErYAP
"UPDATE (US_Description__c, QuantityUnitOfMeasure, Sales_Part_Status__c, Category__c)",LEDMW-108-2KVCLB,LEDMW-108-2KVCLB,"Refinio Media Wall 108"" w/ VC, FHD, White Casella Oak Cabinet, Black Acoustic Fabric",True,No Request,EA,False,DVLED,Active,,01tPW00000ICYWbYAP
"UPDATE (US_Description__c, QuantityUnitOfMeasure, Sales_Part_Status__c, Category__c)",LEDMW-108-2KVCMB,LEDMW-108-2KVCMB,"Refinio Media Wall 108"" w/ VC, FHD, Natural Casella Oak Cabinet, Black Acoustic Fabric",True,No Request,EA,False,DVLED,Active,,01tPW00000ICYoLYAX
"UPDATE (US_Description__c, QuantityUnitOfMeasure, Sales_Part_Status__c, Category__c)",LEDMW-108-2KVCDB,LEDMW-108-2KVCDB,"Refinio Media Wall 108"" w/ VC, FHD, Lincoln Walnut Cabinet, Black Acoustic Fabric",True,No Request,EA,False,DVLED,Active,,01tPW00000ICY3ZYAX
"UPDATE (US_Description__c, QuantityUnitOfMeasure, Sales_Part_Status__c, Category__c)",LEDMW-108-2KVCDG,LEDMW-108-2KVCDG,"Refinio Media Wall 108"" w/ VC, FHD, Lincoln Walnut Cabinet, Grey Acoustic Fabric",True,No Request,EA,False,DVLED,Active,,01tPW00000ICY8PYAX
"UPDATE (US_Description__c, QuantityUnitOfMeasure, Sales_Part_Status__c, Category__c)",LEDMW-108-2KVCBG,LEDMW-108-2KVCBG,"Refinio Media Wall 108"" w/ VC, FHD, Black Cabinet, Grey Acoustic Fabric",True,No Request,EA,False,DVLED,Active,,01tPW00000ICY0LYAX
"UPDATE (US_Description__c, QuantityUnitOfMeasure, Sales_Part_Status__c, Category__c)",LEDMW-108-2KVCWG,LEDMW-108-2KVCWG,"Refinio Media Wall 108"" w/ VC, FHD, White Cabinet, Grey Acoustic Fabric",True,No Request,EA,False,DVLED,Active,,01tPW00000ICZ65YAH
"UPDATE (US_Description__c, QuantityUnitOfMeasure, Sales_Part_Status__c, Category__c)",LEDMW-108-2KVCGG,LEDMW-108-2KVCGG,"Refinio Media Wall 108"" w/ VC, FHD, Grey Cabinet, Grey Acoustic Fabric",True,No Request,EA,False,DVLED,Active,,01tPW00000ICYLJYA5
"UPDATE (US_Description__c, QuantityUnitOfMeasure, Sales_Part_Status__c, Category__c)",LEDMW-108-2KVCLG,LEDMW-108-2KVCLG,"Refinio Media Wall 108"" w/ VC, FHD, White Casella Oak Cabinet, Grey Acoustic Fabric",True,No Request,EA,False,DVLED,Active,,01tPW00000ICYgHYAX
"UPDATE (US_Description__c, QuantityUnitOfMeasure, Sales_Part_Status__c, Category__c)",LEDMW-108-2KVCMG,LEDMW-108-2KVCMG,"Refinio Media Wall 108"" w/ VC, FHD, Natural Casella Oak Cabinet, Grey Acoustic Fabric",True,No Request,EA,False,DVLED,Active,,01tPW00000ICYpxYAH
"UPDATE (US_Description__c, QuantityUnitOfMeasure, Sales_Part_Status__c, Category__c)",LEDUNVS-12X6,LEDUNVS-12X6,12X6 Universal wall mount for latching dvLED displays up to 610 X 343 mm,True,Active,EA,False,DVLED,,LED,01tPW00000IHRmDYAX
INSERT,CI12K108,CI12K108,"CORE INDOOR DvLED P1.2; 108"", 600nit, FHD KIT",False,No Sales,EA,False,ET DD,Active,,
"UPDATE (US_Description__c, QuantityUnitOfMeasure, Sales_Part_Status__c, Category__c)",LEDUNVS-24X5,LEDUNVS-24X5,24x5 Universal wall mount for latching dvLED displays up to 610 X 343 mm,True,No Request,EA,False,DVLED,,LED,01tPW00000IHT01YAH
"UPDATE (US_Description__c, QuantityUnitOfMeasure, Sales_Part_Status__c, Category__c)",LEDTKS-24X5,LEDTKS-24X5,"Universal dvLED Trim Kit for 27"" Displays up to 610 x 343mm in a 24x5 Configuration",True,No Request,EA,False,DVLED,,LED,01tPW00000IHMrNYAX
"UPDATE (US_Description__c, QuantityUnitOfMeasure, Sales_Part_Status__c, Category__c)",LEDUNVS-16X5,LEDUNVS-16X5,16x5 Universal wall mount for latching dvLED displays up to 610 X 343 mm,True,Active,EA,False,DVLED,,LED,01tPW00000IHSTlYAP
"UPDATE (US_Description__c, QuantityUnitOfMeasure, Sales_Part_Status__c, Category__c)",LEDTKS-16X5,LEDTKS-16X5,"Universal dvLED Trim Kit for 27"" Displays up to 610 x 343mm in a 16x5 Configuration",True,Active,EA,False,DVLED,,LED,01tPW00000IHMD3YAP
INSERT,EL-SI09P,EL-SI09P,"SLIM PROFESSIONAL INDOOR DvLED PANEL; 0.9pp, 600nit, 640x360",True,Active,EA,False,ET,Active,,
"UPDATE (US_Description__c, QuantityUnitOfMeasure, Sales_Part_Status__c, Category__c)",LEDUNVMP-6X3,LEDUNVMP-6X3,6x3 Universal wall mount for latching dvLED displays up to 540 x 1000mm,True,Active,EA,False,DVLED,,LED,01tPW00000IHQVBYA5
INSERT,CI15K136,CI15K136,"CORE INDOOR DvLED P1.5; 136"", 600nit, FHD KIT",True,No Request,EA,False,ET DD,Active,,
INSERT,CI18K163,CI18K163,"CORE INDOOR DvLED P1.8; 163"", 600nit, FHD KIT",True,Active,EA,False,ET DD,Active,,
INSERT,SI09K163,SI09K163,"CORE INDOOR DvLED P0.9; 163"", 600nit, UHD KIT",True,No Request,EA,False,ET DD,Active,,
INSERT,CI07K136,CI07K136,"CORE INDOOR DvLED P0.7; 136"", 600nit, UHD KIT",True,No Request,EA,False,ET DD,Active,,
INSERT,TEMP-TEMP-001,TEMP-TEMP-001,"CORE INDOOR DvLED PANEL; 0.7pp, 600nit, 768x432",False,Inactive,EA,False,ET DD,,TV,
INSERT,NTLED108-2K,NTLED108-2K,"108"", 4500nit, FHD Outdoor DvLED System",True,Active,EA,False,ET DD,,,
INSERT,NTLED136-2K,NTLED136-2K,"136"", 4500nit, FHD Outdoor DvLED System",True,Active,EA,False,ET DD,,,
INSERT,NTLED163-2K,NTLED163-2K,"163"", 4500nit, FHD Outdoor DvLED System",True,Active,EA,False,ET DD,,,
"UPDATE (US_Description__c, QuantityUnitOfMeasure, Sales_Part_Status__c, Category__c)",LEDOWM-NT108,LEDOWM-NT108,"Outdoor Flat Wall Mount for Neptune 108""",True,No Request,EA,False,DVLED,,LED,01tPW00000ICcNJYA1
"UPDATE (US_Description__c, QuantityUnitOfMeasure, Sales_Part_Status__c, Category__c)",LEDOWM-NT163,LEDOWM-NT163,"Outdoor Flat Wall Mount for Neptune 163""",True,No Request,EA,False,DVLED,,LED,01tPW00000ICcbpYAD
"UPDATE (US_Description__c, QuantityUnitOfMeasure, Sales_Part_Status__c, Category__c)",LEDOWM-NT136,LEDOWM-NT136,"Outdoor Flat Wall Mount for Neptune 136""",True,No Request,EA,False,DVLED,,LED,01tPW00000ICcTlYAL
"UPDATE (US_Description__c, QuantityUnitOfMeasure, Sales_Part_Status__c, Category__c)",LEDOWM-8090-4X2,LEDOWM-8090-4X2,4x2 Outdoor Flat Wall Mount for 800 x 900mm Display,True,No Request,EA,False,DVLED,,LED,01tPW00000ICcFFYA1
INSERT,LEDOBD-NT108,LEDOBD-NT108,"Outdoor Bolt-Down Pedestal Mount for Neptune 108""",True,No Request,EA,False,DVLED,,LED,
INSERT,LEDOBD-NT136,LEDOBD-NT136,"Outdoor Bolt-Down Pedestal Mount for Neptune 136""",True,No Request,EA,False,DVLED,,LED,
INSERT,LEDOBD-NT163,LEDOBD-NT163,"Outdoor Bolt-Down Pedestal Mount for Neptune 163""",True,No Request,EA,False,DVLED,,LED,
INSERT,ACC153,ACC153,Dual Display Video Conferencing Wall Plate Extender for SR898,False,Inactive,EA,False,CORE,,MOUNT,
"UPDATE (US_Description__c, QuantityUnitOfMeasure, ACU_Item_Status__c, Sales_Part_Status__c)",ACC-STSCCC,ACC-STSCCC,Crestron Collab Compute 110/120 Mounting Bracket for STS680,True,Active,EA,False,CORE,,MOUNT,01tPW00000Iskt7YAB
"UPDATE (US_Description__c, QuantityUnitOfMeasure, Sales_Part_Status__c, Category__c)",LEDUNVS-36X5,LEDUNVS-36X5,36x5 Universal wall mount for latching dvLED displays up to 610 X 343 mm,True,Active,EA,False,DVLED,,LED,01tPW00000IHUIfYAP
"UPDATE (US_Description__c, QuantityUnitOfMeasure, Sales_Part_Status__c, Category__c)",LEDUNVS-45X5,LEDUNVS-45X5,45x5 Universal wall mount for latching dvLED displays up to 610 X 343 mm,True,Active,EA,False,DVLED,,LED,01tPW00000IHUddYAH
"UPDATE (US_Description__c, QuantityUnitOfMeasure, Sales_Part_Status__c, Category__c)",LEDBDS-AFP2-5X5-2400,LEDBDS-AFP2-5X5-2400,"Universal dvLED Bolt-Down Pedestal for 27"" Displays, up to 610mm Wide, in a 5x5 Configuration",True,No Request,EA,False,DVLED,,LED,01tPW00000ICWkvYAH
"UPDATE (US_Description__c, QuantityUnitOfMeasure, Sales_Part_Status__c, Category__c)",LEDOWM-5050-6X4,LEDOWM-5050-6X4,6x4 Outdoor Flat Wall Mount for 500 x 500mm Display,True,No Request,EA,False,DVLED,,LED,01tPW00000ICc3xYAD
"UPDATE (US_Description__c, QuantityUnitOfMeasure, Sales_Part_Status__c, Category__c)",LEDTKS-7X5,LEDTKS-7X5,"Universal dvLED Trim Kit for 27"" Displays, up to 610 x 343mm, in a 7x5 Configuration",True,Active,EA,False,DVLED,,LED,01tPW00000IHOYDYA5
INSERT,NTPS1K-DEFWAR-75-4,NTPS1K-DEFWAR-75-4,"Neptune 75"" Partial Sun 4-Year Warranty for Defects",True,Active,EA,False,ET DD,Active,,
INSERT,NTFS26-DEFWAR-55-4,NTFS26-DEFWAR-55-4,"Neptune 55"" Full Sun 4-Year Warranty for Defects",True,Active,EA,False,ET DD,Active,,
INSERT,NTFS26-DEFWAR-65-4,NTFS26-DEFWAR-65-4,"Neptune 65"" Full Sun 4-Year Warranty for Defects",True,Active,EA,False,ET DD,Active,,
INSERT,NTFS26-DEFWAR-75-4,NTFS26-DEFWAR-75-4,"Neptune 75"" Full Sun 4-Year Warranty for Defects",True,Active,EA,False,ET DD,Active,,
INSERT,NTPS1K-DEFWAR-75-5,NTPS1K-DEFWAR-75-5,"Neptune 75"" Partial Sun 5-Year Warranty for Defects",True,Active,EA,False,ET DD,Active,,
INSERT,NTFS26-DEFWAR-55-5,NTFS26-DEFWAR-55-5,"Neptune 55"" Full Sun 5-Year Warranty for Defects",True,Active,EA,False,ET DD,Active,,
INSERT,NTFS26-DEFWAR-65-5,NTFS26-DEFWAR-65-5,"Neptune 65"" Full Sun 5-Year Warranty for Defects",True,Active,EA,False,ET DD,Active,,
INSERT,NTFS26-DEFWAR-75-5,NTFS26-DEFWAR-75-5,"Neptune 75"" Full Sun 5-Year Warranty for Defects",True,Active,EA,False,ET DD,Active,,
INSERT,ACC-STSSB,ACC-STSSB,"STS680 Video Conferencing Spacer Bracket for 55-75"" Dual Displays",True,No Request,EA,False,CORE,Presale,MOUNT,
INSERT,STS680-VCKIT2,STS680-VCKIT2,"STS680 Dual Display Video Conferencing Bundle for 55-75"" Dual Displays",False,Inactive,EA,False,CORE,,MOUNT,
"UPDATE (US_Description__c, QuantityUnitOfMeasure, Sales_Part_Status__c, Category__c)",LEDUNVSS-15X5,LEDUNVSS-15X5,15x5 Universal wall mount for latching dvLED displays up to 500x500 mm,True,Active,EA,False,DVLED,,LED,01tPW00000IHWPJYA5
"UPDATE (US_Description__c, QuantityUnitOfMeasure, ACU_Item_Status__c, Sales_Part_Status__c, ACU_PMPLCM__c, Category__c)",XHB555,XHB555,"55"" XTREME HIGH BRIGHT OUTDOOR DISPLAY GEN 5",True,Active,EA,False,ET,Active,TV,01tPW00000JAUwLYAX
"UPDATE (US_Description__c, QuantityUnitOfMeasure, Sales_Part_Status__c, Category__c)",LEDUNVS-7X7,LEDUNVS-7X7,7X7 Universal wall mount for latching dvLED displays up to 610 X 343 mm,True,Active,EA,False,DVLED,,LED,01tPW00000IHVY5YAP
INSERT,PRJ502510,PRJ502510,6x4 Curved dvLED Mount for InfoComm 2026,True,Active,EA,False,DVLED,,LED,
INSERT,PRJ502512,PRJ502512,Media Wall for InfoComm 2026,True,Active,EA,False,DVLED,,LED,
INSERT,PRJ502513,PRJ502513,dvLED Substructure Mount for InfoComm 2026,True,Active,EA,False,DVLED,,LED,
INSERT,PRJ502516,PRJ502516,2x2 Outdoor Mount for InfoComm 2026,True,Active,EA,False,DVLED,,LED,
INSERT,VXS-101G2A-W,VXS-101G2A-W,"Vodxs 10.1"" Gen 2 LCD Ad Display Faucet with WiFi",True,Active,EA,False,ET DD,Active,TV,
INSERT,VXS-101G2A-H,VXS-101G2A-H,"Vodxs 10.1"" Gen 2 LCD Ad Display Faucet with HDMI",True,Active,EA,False,ET DD,Active,TV,
"UPDATE (US_Description__c, QuantityUnitOfMeasure, Sales_Part_Status__c, Category__c)",LEDUNVMP-12X4,LEDUNVMP-12X4,12x4 Universal wall mount for latching dvLED displays up to 540 x 1000mm,True,Active,EA,False,DVLED,,LED,01tPW00000IHQ3lYAH
"UPDATE (US_Description__c, QuantityUnitOfMeasure, Sales_Part_Status__c, Category__c)",LEDTKS-3X3,LEDTKS-3X3,"Universal dvLED Trim Kit for 27"" Displays up to 610 x 343mm in a 3x3 Configuration",True,Active,EA,False,DVLED,,LED,01tPW00000IHNXJYA5
"UPDATE (US_Description__c, QuantityUnitOfMeasure, Sales_Part_Status__c, Category__c)",LEDUNVS-11X11,LEDUNVS-11X11,11x11 Universal wall mount for latching dvLED displays up to 610 X 343 mm,True,Active,EA,False,DVLED,,LED,01tPW00000IHRCjYAP
"UPDATE (US_Description__c, QuantityUnitOfMeasure, Sales_Part_Status__c, Category__c)",LEDTKS-11X11,LEDTKS-11X11,"Universal dvLED Trim Kit for 27"" Displays, up to 610 x 343mm, in a 11x11 Configuration",True,Active,EA,False,DVLED,,LED,01tPW00000IHKsnYAH
"UPDATE (US_Description__c, QuantityUnitOfMeasure, Sales_Part_Status__c, Category__c)",LEDUNVMP-14X3,LEDUNVMP-14X3,14x3 Universal wall mount for latching dvLED displays up to 540 x 1000mm,True,Active,EA,False,DVLED,,LED,01tPW00000IHQIHYA5
"UPDATE (US_Description__c, QuantityUnitOfMeasure, Sales_Part_Status__c, Category__c)",LEDTKS-12X6,LEDTKS-12X6,"Universal dvLED Trim Kit for 27"" Displays, up to 610 x 343mm, in a 12x6 Configuration",True,Active,EA,False,DVLED,,LED,01tPW00000IHL45YAH
"UPDATE (US_Description__c, QuantityUnitOfMeasure, Sales_Part_Status__c, Category__c)",LEDMTS-3X3-2400,LEDMTS-3X3-2400,"Universal dvLED Cart/Trolley for 27"" Displays up to 610x343mm in a 3x3 Configuration",True,Active,EA,False,DVLED,,LED,01tPW00000ICWwDYAX
"UPDATE (US_Description__c, QuantityUnitOfMeasure, Sales_Part_Status__c, Category__c)",LEDUNVS-4X1,LEDUNVS-4X1,4X1 Universal wall mount for latching dvLED displays up to 610 X 343 mm,True,No Request,EA,False,DVLED,,LED,01tPW00000IHUgrYAH
"UPDATE (US_Description__c, QuantityUnitOfMeasure, Sales_Part_Status__c, Category__c)",LEDUNVS-2X6,LEDUNVS-2X6,2x6 Universal wall mount for latching dvLED displays up to 610 X 343 mm,True,No Request,EA,False,DVLED,,LED,01tPW00000IHTfxYAH
"UPDATE (US_Description__c, QuantityUnitOfMeasure, Sales_Part_Status__c, Category__c)",LEDTKS-4X1,LEDTKS-4X1,"Universal dvLED Trim Kit for 27"" Displays, up to 610 x 343mm, in a 4x1 Configuration",True,No Request,EA,False,DVLED,,LED,01tPW00000IHNnRYAX
"UPDATE (US_Description__c, QuantityUnitOfMeasure, Sales_Part_Status__c, Category__c)",LEDTKS-2X6,LEDTKS-2X6,"Universal dvLED Trim Kit for 27"" Displays, up to 610 x 343mm, in a 2x6 Configuration",True,No Request,EA,False,DVLED,,LED,01tPW00000IHN2fYAH
"UPDATE (US_Description__c, QuantityUnitOfMeasure, Sales_Part_Status__c, Category__c)",LEDTKS-15X3,LEDTKS-15X3,"Universal dvLED Trim Kit for 27"" Displays, up to 610 x 343mm, in a 15x3 Configuration",True,Active,EA,False,DVLED,,LED,01tPW00000IHLDlYAP
"UPDATE (US_Description__c, QuantityUnitOfMeasure, Sales_Part_Status__c, Category__c)",LEDUNVS-15X3,LEDUNVS-15X3,15x3 Universal wall mount for latching dvLED displays up to 610 X 343 mm,True,Active,EA,False,DVLED,,LED,01tPW00000IHS3xYAH
"UPDATE (US_Description__c, QuantityUnitOfMeasure, Sales_Part_Status__c, Category__c)",LEDTKS-45X5,LEDTKS-45X5,"Universal dvLED Trim Kit for 27"" Displays, up to 610 x 343mm, in a 45X5 Configuration",True,Active,EA,False,DVLED,,LED,01tPW00000IHNdlYAH
"UPDATE (US_Description__c, QuantityUnitOfMeasure, Sales_Part_Status__c, Category__c)",LEDTKS-36X5,LEDTKS-36X5,"Universal dvLED Trim Kit for 27"" Displays, up to 610 x 343mm, in a 36X5 Configuration",True,Active,EA,False,DVLED,,LED,01tPW00000IHNQrYAP
INSERT,XHB555-EUK,XHB555-EUK,"55"" XTREME HIGH BRIGHT OUTDOOR DISPLAY GEN 5",True,Active,EA,False,ET DD,Active,TV,
INSERT,PRJ502532,PRJ502532,Pedestal mount for Samsung MMF-A 136,True,Active,EA,False,DVLED,,LED,
"UPDATE (US_Description__c, QuantityUnitOfMeasure, Sales_Part_Status__c, ACU_PMPLCM__c, Category__c)",LEDOWM-5050-7X4,LEDOWM-5050-7X4,7x4 Outdoor Flat Wall Mount for 500 x 500mm Display,True,No Request,EA,False,DVLED,Active,LED,01tPW00000ICc8nYAD
"UPDATE (US_Description__c, QuantityUnitOfMeasure, Sales_Part_Status__c, Category__c)",LEDUNVS-12X5,LEDUNVS-12X5,12X5 Universal wall mount for latching dvLED displays up to 610 X 343 mm,True,Active,EA,False,DVLED,,LED,01tPW00000IHRUTYA5
"UPDATE (US_Description__c, QuantityUnitOfMeasure, Sales_Part_Status__c, Category__c)",LEDTKS-12X5,LEDTKS-12X5,"Universal dvLED Trim Kit for 27"" Displays, up to 610 x 343mm, in a 12x5 Configuration",True,Active,EA,False,DVLED,,LED,01tPW00000IHL0rYAH
INSERT,PRJ502534,PRJ502534,"Cart for LG LAAA 136"" and TSi Touch Frame",True,Active,EA,False,DVLED,,LED,
INSERT,PRJ502534-F,PRJ502534-F,"Cart for LG LAAA 136"" and TSi Touch Frame, FAB",True,Active,EA,False,DVLED,,LED,
INSERT,LEDOWM-6038-4X4,LEDOWM-6038-4X4,4x4 Outdoor Flat Wall Mount for 600 x 337.5mm Display,True,No Request,EA,False,DVLED,,LED,
INSERT,LEDOWM-6038-5X5,LEDOWM-6038-5X5,5x5 Outdoor Flat Wall Mount for 600 x 337.5mm Display,True,No Request,EA,False,DVLED,,LED,
INSERT,LEDOWM-6038-6X6,LEDOWM-6038-6X6,6x6 Outdoor Flat Wall Mount for 600 x 337.5mm Display,True,No Request,EA,False,DVLED,,LED,
INSERT,CO-FS75,CO-FS75,"(Customer Owned) 75"" Neptune Full Sun",True,No Request,EA,False,NEPTUNE,Active,TV,
INSERT,LEDMTS-7X7,LEDMTS-7X7,"Universal dvLED Cart/Trolley for 27"" Displays, up to 610x343mm in a 7x7 Configuration",True,No Request,EA,False,DVLED,,LED,
INSERT,LEDTKS-9X6,LEDTKS-9X6,"Universal dvLED Trim Kit for 27"" Displays, up to 610 x 343mm, in a 9X6 Configuration",True,Active,EA,False,DVLED,,LED,
INSERT,LEDUNVMP-16X2,LEDUNVMP-16X2,16x2 Universal wall mount for latching dvLED displays up to 540 x 1000mm,True,Active,EA,False,DVLED,,LED,
INSERT,LEDTKMP-16X2,LEDTKMP-16X2,"Universal dvLED Trim Kit for Displays up to 540 x 1000mm, in a 16x2 Configuration",True,Active,EA,False,DVLED,,LED,
INSERT,LEDUNVS-3X10,LEDUNVS-3X10,3x10 Universal wall mount for latching dvLED displays up to 610 X 343 mm,True,Active,EA,False,DVLED,,LED,
INSERT,LEDUNVS-7X8,LEDUNVS-7X8,7x8 Universal wall mount for latching dvLED displays up to 610 X 343 mm,True,Active,EA,False,DVLED,,LED,
INSERT,LEDUNVS-11X8,LEDUNVS-11X8,11x8 Universal wall mount for latching dvLED displays up to 610 X 343 mm,True,Active,EA,False,DVLED,,LED,
INSERT,LEDUNVS-27X8,LEDUNVS-27X8,27x8 Universal wall mount for latching dvLED displays up to 610 X 343 mm,True,Active,EA,False,DVLED,,LED,
INSERT,LEDUNVS-28X7,LEDUNVS-28X7,28X7 Universal wall mount for latching dvLED displays up to 610 X 343 mm,True,Active,EA,False,DVLED,,LED,
INSERT,LEDTKS-28X7,LEDTKS-28X7,"Universal dvLED Trim Kit for 27"" Displays, up to 610 x 343mm, in a 28X7 Configuration",True,Active,EA,False,DVLED,,LED,
INSERT,LEDUNVS-67X6,LEDUNVS-67X6,67x6 Universal wall mount for latching dvLED displays up to 610 X 343 mm,True,Active,EA,False,DVLED,,LED,
INSERT,LEDTKS-67X6,LEDTKS-67X6,"Universal dvLED Trim Kit for 27"" Displays, up to 610 x 343mm, in a 67X6 Configuration",True,Active,EA,False,DVLED,,LED,
INSERT,NTLED108-WM,NTLED108-WM,"108"", 4500nit, FHD Outdoor DvLED System with Wall Mount",True,Active,EA,True,ET DD,,,
INSERT,NTLED108-BD,NTLED108-BD,"108"", 4500nit, FHD Outdoor DvLED System with Bolt-Down Pedestal Mount",True,Active,EA,True,ET DD,,,
INSERT,NTLED136-BD,NTLED136-BD,"136"", 4500nit, FHD Outdoor DvLED System with Bolt-Down Pedestal Mount",True,Active,EA,True,ET DD,,,
INSERT,NTLED136-WM,NTLED136-WM,"136"", 4500nit, FHD Outdoor DvLED System with Wall Mount",True,Active,EA,True,ET DD,,,
INSERT,NTLED163-WM,NTLED163-WM,"163"", 4500nit, FHD Outdoor DvLED System with Wall Mount",True,Active,EA,True,ET DD,,,
INSERT,NTLED163-BD,NTLED163-BD,"163"", 4500nit, FHD Outdoor DvLED System with Bolt-Down Pedestal Mount",True,Active,EA,True,ET DD,,,
INSERT,PRJ502513-F,PRJ502513-F,dvLED Substructure Mount for InfoComm 2026,True,Active,EA,False,DVLED,,LED,
INSERT,LEDUNVS-3X6,LEDUNVS-3X6,3x6 Universal wall mount for latching dvLED displays up to 610 X 343 mm,True,Active,EA,False,DVLED,,LED,
INSERT,10023478,10023478,"FAN 80MM X 38MM 120VAC, 30CFM",True,Active,EA,False,KIOSK,,,
INSERT,PRJ502584,PRJ502584,"3x1 Menu Board Ceiling Mount, Single Column",True,Active,EA,False,DS,,LED,
INSERT,LEDFCS-8X4-3600,LEDFCS-8X4-3600,"Universal dvLED Floor-to-Ceiling Mount for 27"" Displays, up to 610mm Wide, in a 8x4 Configuration",True,No Request,EA,False,DVLED,,LED,
"UPDATE (Description, US_Description__c, QuantityUnitOfMeasure, ACU_Item_Status__c, Sales_Part_Status__c, Category__c)",PRJ502430,PRJ502430,Side Cladding,True,Active,EA,False,DVLED,,LED,01tPW00000J5tXBYAZ
INSERT,PRJ502587,PRJ502587,Cart / Stand for LG LAPA 136 GF,True,Active,EA,False,DVLED,,LED,
INSERT,PRJ502551,PRJ502551,"Media Wall 108"" VC",True,Active,EA,False,DVLED,,,
INSERT,PRJ502485,PRJ502485,Prototype parts,True,Active,EA,False,DVLED,,LED,
INSERT,PRJ502485-F,PRJ502485-F,"Prototype parts, fab",True,Active,EA,False,DVLED,,LED,
INSERT,LEDUNVS-1X6,LEDUNVS-1X6,1x6 Universal wall mount for latching dvLED displays up to 610 X 343 mm,True,Active,EA,False,DVLED,,LED,
INSERT,LEDTKS-1X6,LEDTKS-1X6,"Universal dvLED Trim Kit for 27"" Displays, up to 610 x 343mm, in a 1x6 Configuration",True,Active,EA,False,DVLED,,LED,
INSERT,LEDUNVMP-10X3,LEDUNVMP-10X3,10x3 Universal wall mount for latching dvLED displays up to 540 x 1000mm,True,Active,EA,False,DVLED,,LED,
INSERT,LEDTKMP-10X3,LEDTKMP-10X3,"Universal dvLED Trim Kit for Displays up to 540 x 1000mm, in a 10x3 Configuration",True,Active,EA,False,DVLED,,LED,
INSERT,PRJ502603,PRJ502603,"Pedestal Mount that will hold the LG LAPA 136""",True,Active,EA,False,DVLED,,LED,
INSERT,LEDUNVS-7X1,LEDUNVS-7X1,7x1 Universal wall mount for latching dvLED displays up to 610 X 343 mm,True,No Request,EA,False,DVLED,,LED,
INSERT,LEDTKS-7X1,LEDTKS-7X1,"Universal dvLED Trim Kit for 27"" Displays, up to 610 x 343mm, in a 7x1 Configuration",True,No Request,EA,False,DVLED,,LED,
INSERT,LEDUNVMP-15X1,LEDUNVMP-15X1,15x1 Universal wall mount for latching dvLED displays up to 540 x 1000mm,True,No Request,EA,False,DVLED,,LED,
INSERT,LEDTKMP-15X1,LEDTKMP-15X1,"Universal dvLED Trim Kit for Displays up to 540 x 1000mm, in a 15x1 Configuration",True,No Request,EA,False,DVLED,,LED,
INSERT,PRJ502603-F,PRJ502603-F,"Pedestal Mount that will hold the LG LAPA 136""",True,Active,EA,False,DVLED,,LED,
INSERT,LEDTKS-12X4,LEDTKS-12X4,"Universal dvLED Trim Kit for 27"" Displays, up to 610 x 343mm, in a 12x4 Configuration",True,Active,EA,False,DVLED,,LED,
INSERT,LEDTKMP-26X1,LEDTKMP-26X1,"Universal dvLED Trim Kit for Displays up to 540 x 1000mm, in a 26x1 Configuration",True,No Request,EA,False,DVLED,,LED,
INSERT,LEDUNVMP-7X1-C,LEDUNVMP-7X1-C,"7x1 Universal wall mount for latching dvLED displays up to 540 x 1000mm, with Corner",True,No Request,EA,False,DVLED,,LED,
INSERT,LEDOWM-5050-10X5,LEDOWM-5050-10X5,10x5 Outdoor Flat Wall Mount for 500 x 500mm Display,True,No Request,EA,False,DVLED,,LED,
