Object,ComboKey,PriceListSFID,ProductSFID,AccountSFID,ExistingRecordID,CurrentPrice,NewPrice,Action,SFResult,FailureReason
Price_List_Entry__c,LCT100S - DEAL - USD,MISSING,01t6A000000as7kQAA,,,,83.800000,SKIP,,Price List 'DEAL' not found in Price_List__c
Price_List_Entry__c,LCT100S - PART - USD,MISSING,01t6A000000as7kQAA,,,,66.150000,SKIP,,Price List 'PART' not found in Price_List__c
Price_List_Entry__c,LCT100S - DIST - USD,MISSING,01t6A000000as7kQAA,,,,62.840000,SKIP,,Price List 'DIST' not found in Price_List__c
Price_List_Entry__c,LCT100S - SPEC - USD,MISSING,01t6A000000as7kQAA,,,,59.530000,SKIP,,Price List 'SPEC' not found in Price_List__c
Price_List_Entry__c,ACC-FLIP65 - DEAL - USD,MISSING,01t2K000006WSOPQA4,,,,77.390000,SKIP,,Price List 'DEAL' not found in Price_List__c
Price_List_Entry__c,ACC-FLIP65 - PART - USD,MISSING,01t2K000006WSOPQA4,,,,61.370000,SKIP,,Price List 'PART' not found in Price_List__c
Price_List_Entry__c,ACC-FLIP65 - DIST - USD,MISSING,01t2K000006WSOPQA4,,,,58.700000,SKIP,,Price List 'DIST' not found in Price_List__c
Price_List_Entry__c,ACC-FLIP65 - SPEC - USD,MISSING,01t2K000006WSOPQA4,,,,56.030000,SKIP,,Price List 'SPEC' not found in Price_List__c
Price_List_Entry__c,ACC-HPF650 - DEAL - USD,MISSING,01t6A000000ardlQAA,,,,68.880000,SKIP,,Price List 'DEAL' not found in Price_List__c
Price_List_Entry__c,ACC-HPF650 - PART - USD,MISSING,01t6A000000ardlQAA,,,,54.400000,SKIP,,Price List 'PART' not found in Price_List__c
Price_List_Entry__c,ACC-HPF650 - DIST - USD,MISSING,01t6A000000ardlQAA,,,,51.670000,SKIP,,Price List 'DIST' not found in Price_List__c
Price_List_Entry__c,ACC-HPF650 - SPEC - USD,MISSING,01t6A000000ardlQAA,,,,48.950000,SKIP,,Price List 'SPEC' not found in Price_List__c
Price_List_Entry__c,ACC-LGOLED - DEAL - USD,MISSING,01t6A000000arA7QAI,,,,55.580000,SKIP,,Price List 'DEAL' not found in Price_List__c
Price_List_Entry__c,ACC-LGOLED - PART - USD,MISSING,01t6A000000arA7QAI,,,,43.880000,SKIP,,Price List 'PART' not found in Price_List__c
Price_List_Entry__c,ACC-LGOLED - DIST - USD,MISSING,01t6A000000arA7QAI,,,,41.690000,SKIP,,Price List 'DIST' not found in Price_List__c
Price_List_Entry__c,ACC-LGOLED - SPEC - USD,MISSING,01t6A000000arA7QAI,,,,39.490000,SKIP,,Price List 'SPEC' not found in Price_List__c
Price_List_Entry__c,ACC-M835 - DEAL - USD,MISSING,01t6A000000aqr7QAA,,,,8.570000,SKIP,,Price List 'DEAL' not found in Price_List__c
Price_List_Entry__c,ACC-M835 - PART - USD,MISSING,01t6A000000aqr7QAA,,,,6.770000,SKIP,,Price List 'PART' not found in Price_List__c
Price_List_Entry__c,ACC-M835 - DIST - USD,MISSING,01t6A000000aqr7QAA,,,,6.420000,SKIP,,Price List 'DIST' not found in Price_List__c
Price_List_Entry__c,ACC-M835 - SPEC - USD,MISSING,01t6A000000aqr7QAA,,,,6.080000,SKIP,,Price List 'SPEC' not found in Price_List__c
Price_List_Entry__c,ACC-M8X50 - DEAL - USD,MISSING,01t6A000000asjvQAA,,,,12.000000,SKIP,,Price List 'DEAL' not found in Price_List__c
Price_List_Entry__c,ACC-M8X50 - PART - USD,MISSING,01t6A000000asjvQAA,,,,9.340000,SKIP,,Price List 'PART' not found in Price_List__c
Price_List_Entry__c,ACC-M8X50 - DIST - USD,MISSING,01t6A000000asjvQAA,,,,8.870000,SKIP,,Price List 'DIST' not found in Price_List__c
Price_List_Entry__c,ACC-M8X50 - SPEC - USD,MISSING,01t6A000000asjvQAA,,,,8.420000,SKIP,,Price List 'SPEC' not found in Price_List__c
Price_List_Entry__c,ACC-MCCM - DEAL - USD,MISSING,01t2K000006RrGJQA0,,,,57.370000,SKIP,,Price List 'DEAL' not found in Price_List__c
Price_List_Entry__c,ACC-MCCM - PART - USD,MISSING,01t2K000006RrGJQA0,,,,45.360000,SKIP,,Price List 'PART' not found in Price_List__c
Price_List_Entry__c,ACC-MCCM - DIST - USD,MISSING,01t2K000006RrGJQA0,,,,42.690000,SKIP,,Price List 'DIST' not found in Price_List__c
Price_List_Entry__c,ACC-MCCM - SPEC - USD,MISSING,01t2K000006RrGJQA0,,,,40.030000,SKIP,,Price List 'SPEC' not found in Price_List__c
Price_List_Entry__c,ACC-ML3ECW - DEAL - USD,MISSING,01t6A000003QGriQAG,,,,30.240000,SKIP,,Price List 'DEAL' not found in Price_List__c
Price_List_Entry__c,ACC-ML3ECW - PART - USD,MISSING,01t6A000003QGriQAG,,,,23.860000,SKIP,,Price List 'PART' not found in Price_List__c
Price_List_Entry__c,ACC-ML3ECW - DIST - USD,MISSING,01t6A000003QGriQAG,,,,22.670000,SKIP,,Price List 'DIST' not found in Price_List__c
Price_List_Entry__c,ACC-ML3ECW - SPEC - USD,MISSING,01t6A000003QGriQAG,,,,21.510000,SKIP,,Price List 'SPEC' not found in Price_List__c
Price_List_Entry__c,ACC-ML3ELS - DEAL - USD,MISSING,01t6A000003QGrnQAG,,,,87.150000,SKIP,,Price List 'DEAL' not found in Price_List__c
Price_List_Entry__c,ACC-ML3ELS - PART - USD,MISSING,01t6A000003QGrnQAG,,,,68.820000,SKIP,,Price List 'PART' not found in Price_List__c
Price_List_Entry__c,ACC-ML3ELS - DIST - USD,MISSING,01t6A000003QGrnQAG,,,,65.360000,SKIP,,Price List 'DIST' not found in Price_List__c
Price_List_Entry__c,ACC-ML3ELS - SPEC - USD,MISSING,01t6A000003QGrnQAG,,,,61.930000,SKIP,,Price List 'SPEC' not found in Price_List__c
Price_List_Entry__c,ACC-QRL - DEAL - USD,MISSING,01t6A000000asWjQAI,,,,106.310000,SKIP,,Price List 'DEAL' not found in Price_List__c
Price_List_Entry__c,ACC-QRL - PART - USD,MISSING,01t6A000000asWjQAI,,,,83.930000,SKIP,,Price List 'PART' not found in Price_List__c
Price_List_Entry__c,ACC-QRL - DIST - USD,MISSING,01t6A000000asWjQAI,,,,79.730000,SKIP,,Price List 'DIST' not found in Price_List__c
Price_List_Entry__c,ACC-QRL - SPEC - USD,MISSING,01t6A000000asWjQAI,,,,75.750000,SKIP,,Price List 'SPEC' not found in Price_List__c
Price_List_Entry__c,ACC-QRP - DEAL - USD,MISSING,01t6A000000aqzLQAQ,,,,113.720000,SKIP,,Price List 'DEAL' not found in Price_List__c
Price_List_Entry__c,ACC-QRP - PART - USD,MISSING,01t6A000000aqzLQAQ,,,,89.780000,SKIP,,Price List 'PART' not found in Price_List__c
Price_List_Entry__c,ACC-QRP - DIST - USD,MISSING,01t6A000000aqzLQAQ,,,,85.290000,SKIP,,Price List 'DIST' not found in Price_List__c
Price_List_Entry__c,ACC-QRP - SPEC - USD,MISSING,01t6A000000aqzLQAQ,,,,81.020000,SKIP,,Price List 'SPEC' not found in Price_List__c
Price_List_Entry__c,ACC-SPARK55 - DEAL - USD,MISSING,01t6A000000atcpQAA,,,,98.010000,SKIP,,Price List 'DEAL' not found in Price_List__c
Price_List_Entry__c,ACC-SPARK55 - PART - USD,MISSING,01t6A000000atcpQAA,,,,77.440000,SKIP,,Price List 'PART' not found in Price_List__c
Price_List_Entry__c,ACC-SPARK55 - DIST - USD,MISSING,01t6A000000atcpQAA,,,,73.810000,SKIP,,Price List 'DIST' not found in Price_List__c
Price_List_Entry__c,ACC-SPARK55 - SPEC - USD,MISSING,01t6A000000atcpQAA,,,,70.180000,SKIP,,Price List 'SPEC' not found in Price_List__c
Price_List_Entry__c,ACC-SPARK70 - DEAL - USD,MISSING,01t6A000000asboQAA,,,,214.720000,SKIP,,Price List 'DEAL' not found in Price_List__c
Price_List_Entry__c,ACC-SPARK70 - PART - USD,MISSING,01t6A000000asboQAA,,,,169.500000,SKIP,,Price List 'PART' not found in Price_List__c
Price_List_Entry__c,ACC-SPARK70 - DIST - USD,MISSING,01t6A000000asboQAA,,,,161.040000,SKIP,,Price List 'DIST' not found in Price_List__c
Price_List_Entry__c,ACC-SPARK70 - SPEC - USD,MISSING,01t6A000000asboQAA,,,,152.560000,SKIP,,Price List 'SPEC' not found in Price_List__c
Price_List_Entry__c,ACC-V600800 - DEAL - USD,MISSING,01t6A000000asw3QAA,,,,44.000000,SKIP,,Price List 'DEAL' not found in Price_List__c
Price_List_Entry__c,ACC-V600800 - PART - USD,MISSING,01t6A000000asw3QAA,,,,35.200000,SKIP,,Price List 'PART' not found in Price_List__c
Price_List_Entry__c,ACC-V600800 - DIST - USD,MISSING,01t6A000000asw3QAA,,,,33.000000,SKIP,,Price List 'DIST' not found in Price_List__c
Price_List_Entry__c,ACC-V600800 - SPEC - USD,MISSING,01t6A000000asw3QAA,,,,30.800000,SKIP,,Price List 'SPEC' not found in Price_List__c
Price_List_Entry__c,ACC-V600X - DEAL - USD,MISSING,01t6A000000argdQAA,,,,64.030000,SKIP,,Price List 'DEAL' not found in Price_List__c
Price_List_Entry__c,ACC-V600X - PART - USD,MISSING,01t6A000000argdQAA,,,,50.550000,SKIP,,Price List 'PART' not found in Price_List__c
Price_List_Entry__c,ACC-V600X - DIST - USD,MISSING,01t6A000000argdQAA,,,,48.030000,SKIP,,Price List 'DIST' not found in Price_List__c
Price_List_Entry__c,ACC-V600X - SPEC - USD,MISSING,01t6A000000argdQAA,,,,45.500000,SKIP,,Price List 'SPEC' not found in Price_List__c
Price_List_Entry__c,ACC-V900X - DEAL - USD,MISSING,01t6A000000ar5BQAQ,,,,158.220000,SKIP,,Price List 'DEAL' not found in Price_List__c
Price_List_Entry__c,ACC-V900X - PART - USD,MISSING,01t6A000000ar5BQAQ,,,,124.910000,SKIP,,Price List 'PART' not found in Price_List__c
Price_List_Entry__c,ACC-V900X - DIST - USD,MISSING,01t6A000000ar5BQAQ,,,,118.670000,SKIP,,Price List 'DIST' not found in Price_List__c
Price_List_Entry__c,ACC-V900X - SPEC - USD,MISSING,01t6A000000ar5BQAQ,,,,112.410000,SKIP,,Price List 'SPEC' not found in Price_List__c
Price_List_Entry__c,ACC020 - DEAL - USD,MISSING,01t6A000000aqyTQAQ,,,,105.390000,SKIP,,Price List 'DEAL' not found in Price_List__c
Price_List_Entry__c,ACC020 - PART - USD,MISSING,01t6A000000aqyTQAQ,,,,82.720000,SKIP,,Price List 'PART' not found in Price_List__c
Price_List_Entry__c,ACC020 - DIST - USD,MISSING,01t6A000000aqyTQAQ,,,,78.720000,SKIP,,Price List 'DIST' not found in Price_List__c
Price_List_Entry__c,ACC020 - SPEC - USD,MISSING,01t6A000000aqyTQAQ,,,,74.700000,SKIP,,Price List 'SPEC' not found in Price_List__c
Price_List_Entry__c,ACC050 - DEAL - USD,MISSING,01t6A000000ar20QAA,,,,71.220000,SKIP,,Price List 'DEAL' not found in Price_List__c
Price_List_Entry__c,ACC050 - PART - USD,MISSING,01t6A000000ar20QAA,,,,56.220000,SKIP,,Price List 'PART' not found in Price_List__c
Price_List_Entry__c,ACC050 - DIST - USD,MISSING,01t6A000000ar20QAA,,,,53.410000,SKIP,,Price List 'DIST' not found in Price_List__c
Price_List_Entry__c,ACC050 - SPEC - USD,MISSING,01t6A000000ar20QAA,,,,50.740000,SKIP,,Price List 'SPEC' not found in Price_List__c
Price_List_Entry__c,ACC109 - DEAL - USD,MISSING,01t6A000000arCAQAY,,,,53.900000,SKIP,,Price List 'DEAL' not found in Price_List__c
Price_List_Entry__c,ACC109 - PART - USD,MISSING,01t6A000000arCAQAY,,,,41.800000,SKIP,,Price List 'PART' not found in Price_List__c
Price_List_Entry__c,ACC109 - DIST - USD,MISSING,01t6A000000arCAQAY,,,,39.600000,SKIP,,Price List 'DIST' not found in Price_List__c
Price_List_Entry__c,ACC109 - SPEC - USD,MISSING,01t6A000000arCAQAY,,,,38.500000,SKIP,,Price List 'SPEC' not found in Price_List__c
Price_List_Entry__c,ACC120 - DEAL - USD,MISSING,01t6A000000at3jQAA,,,,113.390000,SKIP,,Price List 'DEAL' not found in Price_List__c
Price_List_Entry__c,ACC120 - PART - USD,MISSING,01t6A000000at3jQAA,,,,89.390000,SKIP,,Price List 'PART' not found in Price_List__c
Price_List_Entry__c,ACC120 - DIST - USD,MISSING,01t6A000000at3jQAA,,,,85.380000,SKIP,,Price List 'DIST' not found in Price_List__c
Price_List_Entry__c,ACC120 - SPEC - USD,MISSING,01t6A000000at3jQAA,,,,81.380000,SKIP,,Price List 'SPEC' not found in Price_List__c
Price_List_Entry__c,ACC166 - DEAL - USD,MISSING,01t2K000006XREoQAO,,,,68.040000,SKIP,,Price List 'DEAL' not found in Price_List__c
Price_List_Entry__c,ACC166 - PART - USD,MISSING,01t2K000006XREoQAO,,,,53.360000,SKIP,,Price List 'PART' not found in Price_List__c
Price_List_Entry__c,ACC166 - DIST - USD,MISSING,01t2K000006XREoQAO,,,,50.700000,SKIP,,Price List 'DIST' not found in Price_List__c
Price_List_Entry__c,ACC166 - SPEC - USD,MISSING,01t2K000006XREoQAO,,,,48.030000,SKIP,,Price List 'SPEC' not found in Price_List__c
Price_List_Entry__c,ACC200 - DEAL - USD,MISSING,01t6A000000ar8xQAA,,,,4.090000,SKIP,,Price List 'DEAL' not found in Price_List__c
Price_List_Entry__c,ACC200 - PART - USD,MISSING,01t6A000000ar8xQAA,,,,3.230000,SKIP,,Price List 'PART' not found in Price_List__c
Price_List_Entry__c,ACC200 - DIST - USD,MISSING,01t6A000000ar8xQAA,,,,3.070000,SKIP,,Price List 'DIST' not found in Price_List__c
Price_List_Entry__c,ACC200 - SPEC - USD,MISSING,01t6A000000ar8xQAA,,,,2.900000,SKIP,,Price List 'SPEC' not found in Price_List__c
Price_List_Entry__c,ACC210 - DEAL - USD,MISSING,01t6A000000arCBQAY,,,,6.130000,SKIP,,Price List 'DEAL' not found in Price_List__c
Price_List_Entry__c,ACC210 - PART - USD,MISSING,01t6A000000arCBQAY,,,,4.830000,SKIP,,Price List 'PART' not found in Price_List__c
Price_List_Entry__c,ACC210 - DIST - USD,MISSING,01t6A000000arCBQAY,,,,4.590000,SKIP,,Price List 'DIST' not found in Price_List__c
Price_List_Entry__c,ACC210 - SPEC - USD,MISSING,01t6A000000arCBQAY,,,,4.350000,SKIP,,Price List 'SPEC' not found in Price_List__c
Price_List_Entry__c,ACC215 - DEAL - USD,MISSING,01t6A000000arCLQAY,,,,11.000000,SKIP,,Price List 'DEAL' not found in Price_List__c
Price_List_Entry__c,ACC215 - PART - USD,MISSING,01t6A000000arCLQAY,,,,8.680000,SKIP,,Price List 'PART' not found in Price_List__c
Price_List_Entry__c,ACC215 - DIST - USD,MISSING,01t6A000000arCLQAY,,,,8.250000,SKIP,,Price List 'DIST' not found in Price_List__c
Price_List_Entry__c,ACC215 - SPEC - USD,MISSING,01t6A000000arCLQAY,,,,7.840000,SKIP,,Price List 'SPEC' not found in Price_List__c
Price_List_Entry__c,ACC217 - DEAL - USD,MISSING,01t6A000000asz8QAA,,,,104.500000,SKIP,,Price List 'DEAL' not found in Price_List__c
Price_List_Entry__c,ACC217 - PART - USD,MISSING,01t6A000000asz8QAA,,,,81.400000,SKIP,,Price List 'PART' not found in Price_List__c
Price_List_Entry__c,ACC217 - DIST - USD,MISSING,01t6A000000asz8QAA,,,,78.100000,SKIP,,Price List 'DIST' not found in Price_List__c
Price_List_Entry__c,ACC217 - SPEC - USD,MISSING,01t6A000000asz8QAA,,,,73.520000,SKIP,,Price List 'SPEC' not found in Price_List__c
Price_List_Entry__c,ACC230 - DEAL - USD,MISSING,01t6A000000arGBQAY,,,,28.600000,SKIP,,Price List 'DEAL' not found in Price_List__c
Price_List_Entry__c,ACC230 - PART - USD,MISSING,01t6A000000arGBQAY,,,,22.000000,SKIP,,Price List 'PART' not found in Price_List__c
Price_List_Entry__c,ACC230 - DIST - USD,MISSING,01t6A000000arGBQAY,,,,20.900000,SKIP,,Price List 'DIST' not found in Price_List__c
Price_List_Entry__c,ACC230 - SPEC - USD,MISSING,01t6A000000arGBQAY,,,,19.760000,SKIP,,Price List 'SPEC' not found in Price_List__c
Price_List_Entry__c,ACC234 - DEAL - USD,MISSING,01t6A000000asKmQAI,,,,9.340000,SKIP,,Price List 'DEAL' not found in Price_List__c
Price_List_Entry__c,ACC234 - PART - USD,MISSING,01t6A000000asKmQAI,,,,7.160000,SKIP,,Price List 'PART' not found in Price_List__c
Price_List_Entry__c,ACC234 - DIST - USD,MISSING,01t6A000000asKmQAI,,,,6.820000,SKIP,,Price List 'DIST' not found in Price_List__c
Price_List_Entry__c,ACC234 - SPEC - USD,MISSING,01t6A000000asKmQAI,,,,6.670000,SKIP,,Price List 'SPEC' not found in Price_List__c
Price_List_Entry__c,ACC244 - DEAL - USD,MISSING,01t6A000000arGCQAY,,,,4.640000,SKIP,,Price List 'DEAL' not found in Price_List__c
Price_List_Entry__c,ACC244 - PART - USD,MISSING,01t6A000000arGCQAY,,,,3.660000,SKIP,,Price List 'PART' not found in Price_List__c
Price_List_Entry__c,ACC244 - DIST - USD,MISSING,01t6A000000arGCQAY,,,,3.480000,SKIP,,Price List 'DIST' not found in Price_List__c
Price_List_Entry__c,ACC244 - SPEC - USD,MISSING,01t6A000000arGCQAY,,,,3.300000,SKIP,,Price List 'SPEC' not found in Price_List__c
Price_List_Entry__c,ACC310VWC4 - DEAL - USD,MISSING,01t6A000000ar0qQAA,,,,194.000000,SKIP,,Price List 'DEAL' not found in Price_List__c
Price_List_Entry__c,ACC310VWC4 - PART - USD,MISSING,01t6A000000ar0qQAA,,,,153.000000,SKIP,,Price List 'PART' not found in Price_List__c
Price_List_Entry__c,ACC310VWC4 - DIST - USD,MISSING,01t6A000000ar0qQAA,,,,145.000000,SKIP,,Price List 'DIST' not found in Price_List__c
Price_List_Entry__c,ACC310VWC4 - SPEC - USD,MISSING,01t6A000000ar0qQAA,,,,137.000000,SKIP,,Price List 'SPEC' not found in Price_List__c
Price_List_Entry__c,ACC310VWC6 - DEAL - USD,MISSING,01t6A000000arNCQAY,,,,219.460000,SKIP,,Price List 'DEAL' not found in Price_List__c
Price_List_Entry__c,ACC310VWC6 - PART - USD,MISSING,01t6A000000arNCQAY,,,,180.730000,SKIP,,Price List 'PART' not found in Price_List__c
Price_List_Entry__c,ACC310VWC6 - DIST - USD,MISSING,01t6A000000arNCQAY,,,,171.440000,SKIP,,Price List 'DIST' not found in Price_List__c
Price_List_Entry__c,ACC310VWC6 - SPEC - USD,MISSING,01t6A000000arNCQAY,,,,162.670000,SKIP,,Price List 'SPEC' not found in Price_List__c
Price_List_Entry__c,ACC415 - DEAL - USD,MISSING,01t6A000000arWtQAI,,,,14.660000,SKIP,,Price List 'DEAL' not found in Price_List__c
Price_List_Entry__c,ACC415 - PART - USD,MISSING,01t6A000000arWtQAI,,,,11.580000,SKIP,,Price List 'PART' not found in Price_List__c
Price_List_Entry__c,ACC415 - DIST - USD,MISSING,01t6A000000arWtQAI,,,,11.000000,SKIP,,Price List 'DIST' not found in Price_List__c
Price_List_Entry__c,ACC415 - SPEC - USD,MISSING,01t6A000000arWtQAI,,,,10.450000,SKIP,,Price List 'SPEC' not found in Price_List__c
Price_List_Entry__c,ACC515 - DEAL - USD,MISSING,01t6A000000aqwuQAA,,,,113.000000,SKIP,,Price List 'DEAL' not found in Price_List__c
Price_List_Entry__c,ACC515 - PART - USD,MISSING,01t6A000000aqwuQAA,,,,90.000000,SKIP,,Price List 'PART' not found in Price_List__c
Price_List_Entry__c,ACC515 - DIST - USD,MISSING,01t6A000000aqwuQAA,,,,85.000000,SKIP,,Price List 'DIST' not found in Price_List__c
Price_List_Entry__c,ACC515 - SPEC - USD,MISSING,01t6A000000aqwuQAA,,,,81.000000,SKIP,,Price List 'SPEC' not found in Price_List__c
Price_List_Entry__c,ACC550 - DEAL - USD,MISSING,01t6A000000at8rQAA,,,,41.060000,SKIP,,Price List 'DEAL' not found in Price_List__c
Price_List_Entry__c,ACC550 - PART - USD,MISSING,01t6A000000at8rQAA,,,,32.420000,SKIP,,Price List 'PART' not found in Price_List__c
Price_List_Entry__c,ACC550 - DIST - USD,MISSING,01t6A000000at8rQAA,,,,30.800000,SKIP,,Price List 'DIST' not found in Price_List__c
Price_List_Entry__c,ACC550 - SPEC - USD,MISSING,01t6A000000at8rQAA,,,,29.260000,SKIP,,Price List 'SPEC' not found in Price_List__c
Price_List_Entry__c,ACC556 - DEAL - USD,MISSING,01t6A000000at4QQAQ,,,,59.210000,SKIP,,Price List 'DEAL' not found in Price_List__c
Price_List_Entry__c,ACC556 - PART - USD,MISSING,01t6A000000at4QQAQ,,,,46.740000,SKIP,,Price List 'PART' not found in Price_List__c
Price_List_Entry__c,ACC556 - DIST - USD,MISSING,01t6A000000at4QQAQ,,,,44.410000,SKIP,,Price List 'DIST' not found in Price_List__c
Price_List_Entry__c,ACC556 - SPEC - USD,MISSING,01t6A000000at4QQAQ,,,,42.190000,SKIP,,Price List 'SPEC' not found in Price_List__c
Price_List_Entry__c,ACC557 - DEAL - USD,MISSING,01t6A000000asNKQAY,,,,47.750000,SKIP,,Price List 'DEAL' not found in Price_List__c
Price_List_Entry__c,ACC557 - PART - USD,MISSING,01t6A000000asNKQAY,,,,37.700000,SKIP,,Price List 'PART' not found in Price_List__c
Price_List_Entry__c,ACC557 - DIST - USD,MISSING,01t6A000000asNKQAY,,,,35.810000,SKIP,,Price List 'DIST' not found in Price_List__c
Price_List_Entry__c,ACC557 - SPEC - USD,MISSING,01t6A000000asNKQAY,,,,34.020000,SKIP,,Price List 'SPEC' not found in Price_List__c
Price_List_Entry__c,ACC558 - DEAL - USD,MISSING,01t6A000000asNLQAY,,,,104.640000,SKIP,,Price List 'DEAL' not found in Price_List__c
Price_List_Entry__c,ACC558 - PART - USD,MISSING,01t6A000000asNLQAY,,,,82.610000,SKIP,,Price List 'PART' not found in Price_List__c
Price_List_Entry__c,ACC558 - DIST - USD,MISSING,01t6A000000asNLQAY,,,,78.480000,SKIP,,Price List 'DIST' not found in Price_List__c
Price_List_Entry__c,ACC558 - SPEC - USD,MISSING,01t6A000000asNLQAY,,,,74.560000,SKIP,,Price List 'SPEC' not found in Price_List__c
Price_List_Entry__c,ACC559 - DEAL - USD,MISSING,01t6A000000asNMQAY,,,,114.400000,SKIP,,Price List 'DEAL' not found in Price_List__c
Price_List_Entry__c,ACC559 - PART - USD,MISSING,01t6A000000asNMQAY,,,,90.320000,SKIP,,Price List 'PART' not found in Price_List__c
Price_List_Entry__c,ACC559 - DIST - USD,MISSING,01t6A000000asNMQAY,,,,85.800000,SKIP,,Price List 'DIST' not found in Price_List__c
Price_List_Entry__c,ACC559 - SPEC - USD,MISSING,01t6A000000asNMQAY,,,,81.510000,SKIP,,Price List 'SPEC' not found in Price_List__c
Price_List_Entry__c,ACC560 - DEAL - USD,MISSING,01t6A000000atBCQAY,,,,27.860000,SKIP,,Price List 'DEAL' not found in Price_List__c
Price_List_Entry__c,ACC560 - PART - USD,MISSING,01t6A000000atBCQAY,,,,22.000000,SKIP,,Price List 'PART' not found in Price_List__c
Price_List_Entry__c,ACC560 - DIST - USD,MISSING,01t6A000000atBCQAY,,,,20.900000,SKIP,,Price List 'DIST' not found in Price_List__c
Price_List_Entry__c,ACC560 - SPEC - USD,MISSING,01t6A000000atBCQAY,,,,19.860000,SKIP,,Price List 'SPEC' not found in Price_List__c
Price_List_Entry__c,ACC600 - DEAL - USD,MISSING,01t6A000000asNOQAY,,,,64.580000,SKIP,,Price List 'DEAL' not found in Price_List__c
Price_List_Entry__c,ACC600 - PART - USD,MISSING,01t6A000000asNOQAY,,,,50.990000,SKIP,,Price List 'PART' not found in Price_List__c
Price_List_Entry__c,ACC600 - DIST - USD,MISSING,01t6A000000asNOQAY,,,,48.440000,SKIP,,Price List 'DIST' not found in Price_List__c
Price_List_Entry__c,ACC600 - SPEC - USD,MISSING,01t6A000000asNOQAY,,,,45.890000,SKIP,,Price List 'SPEC' not found in Price_List__c
Price_List_Entry__c,ACC615 - DEAL - USD,MISSING,01t6A000000arPCQAY,,,,18.000000,SKIP,,Price List 'DEAL' not found in Price_List__c
Price_List_Entry__c,ACC615 - PART - USD,MISSING,01t6A000000arPCQAY,,,,14.210000,SKIP,,Price List 'PART' not found in Price_List__c
Price_List_Entry__c,ACC615 - DIST - USD,MISSING,01t6A000000arPCQAY,,,,13.500000,SKIP,,Price List 'DIST' not found in Price_List__c
Price_List_Entry__c,ACC615 - SPEC - USD,MISSING,01t6A000000arPCQAY,,,,12.790000,SKIP,,Price List 'SPEC' not found in Price_List__c
Price_List_Entry__c,ACC640 - DEAL - USD,MISSING,01t6A000000asNPQAY,,,,22.000000,SKIP,,Price List 'DEAL' not found in Price_List__c
Price_List_Entry__c,ACC640 - PART - USD,MISSING,01t6A000000asNPQAY,,,,17.370000,SKIP,,Price List 'PART' not found in Price_List__c
Price_List_Entry__c,ACC640 - DIST - USD,MISSING,01t6A000000asNPQAY,,,,16.500000,SKIP,,Price List 'DIST' not found in Price_List__c
Price_List_Entry__c,ACC640 - SPEC - USD,MISSING,01t6A000000asNPQAY,,,,15.680000,SKIP,,Price List 'SPEC' not found in Price_List__c
Price_List_Entry__c,ACC640-B - DEAL - USD,MISSING,01t6A000000asrmQAA,,,,26.400000,SKIP,,Price List 'DEAL' not found in Price_List__c
Price_List_Entry__c,ACC640-B - PART - USD,MISSING,01t6A000000asrmQAA,,,,20.850000,SKIP,,Price List 'PART' not found in Price_List__c
Price_List_Entry__c,ACC640-B - DIST - USD,MISSING,01t6A000000asrmQAA,,,,19.800000,SKIP,,Price List 'DIST' not found in Price_List__c
Price_List_Entry__c,ACC640-B - SPEC - USD,MISSING,01t6A000000asrmQAA,,,,18.810000,SKIP,,Price List 'SPEC' not found in Price_List__c
Price_List_Entry__c,ACC640-W - DEAL - USD,MISSING,01t6A000000atEkQAI,,,,30.000000,SKIP,,Price List 'DEAL' not found in Price_List__c
Price_List_Entry__c,ACC640-W - PART - USD,MISSING,01t6A000000atEkQAI,,,,24.000000,SKIP,,Price List 'PART' not found in Price_List__c
Price_List_Entry__c,ACC640-W - DIST - USD,MISSING,01t6A000000atEkQAI,,,,22.000000,SKIP,,Price List 'DIST' not found in Price_List__c
Price_List_Entry__c,ACC640-W - SPEC - USD,MISSING,01t6A000000atEkQAI,,,,20.840000,SKIP,,Price List 'SPEC' not found in Price_List__c
Price_List_Entry__c,ACC666 - DEAL - USD,MISSING,01t6A000000asNQQAY,,,,23.100000,SKIP,,Price List 'DEAL' not found in Price_List__c
Price_List_Entry__c,ACC666 - PART - USD,MISSING,01t6A000000asNQQAY,,,,17.600000,SKIP,,Price List 'PART' not found in Price_List__c
Price_List_Entry__c,ACC666 - DIST - USD,MISSING,01t6A000000asNQQAY,,,,16.500000,SKIP,,Price List 'DIST' not found in Price_List__c
Price_List_Entry__c,ACC666 - SPEC - USD,MISSING,01t6A000000asNQQAY,,,,15.400000,SKIP,,Price List 'SPEC' not found in Price_List__c
Price_List_Entry__c,ACC912 - DEAL - USD,MISSING,01t6A000000asuPQAQ,,,,50.480000,SKIP,,Price List 'DEAL' not found in Price_List__c
Price_List_Entry__c,ACC912 - PART - USD,MISSING,01t6A000000asuPQAQ,,,,39.840000,SKIP,,Price List 'PART' not found in Price_List__c
Price_List_Entry__c,ACC912 - DIST - USD,MISSING,01t6A000000asuPQAQ,,,,37.860000,SKIP,,Price List 'DIST' not found in Price_List__c
Price_List_Entry__c,ACC912 - SPEC - USD,MISSING,01t6A000000asuPQAQ,,,,35.860000,SKIP,,Price List 'SPEC' not found in Price_List__c
Price_List_Entry__c,ACC952 - DEAL - USD,MISSING,01t6A000000ataxQAA,,,,136.810000,SKIP,,Price List 'DEAL' not found in Price_List__c
Price_List_Entry__c,ACC952 - PART - USD,MISSING,01t6A000000ataxQAA,,,,108.010000,SKIP,,Price List 'PART' not found in Price_List__c
Price_List_Entry__c,ACC952 - DIST - USD,MISSING,01t6A000000ataxQAA,,,,102.610000,SKIP,,Price List 'DIST' not found in Price_List__c
Price_List_Entry__c,ACC952 - SPEC - USD,MISSING,01t6A000000ataxQAA,,,,97.200000,SKIP,,Price List 'SPEC' not found in Price_List__c
Price_List_Entry__c,ACC954 - DEAL - USD,MISSING,01t6A000000aslMQAQ,,,,38.140000,SKIP,,Price List 'DEAL' not found in Price_List__c
Price_List_Entry__c,ACC954 - PART - USD,MISSING,01t6A000000aslMQAQ,,,,30.110000,SKIP,,Price List 'PART' not found in Price_List__c
Price_List_Entry__c,ACC954 - DIST - USD,MISSING,01t6A000000aslMQAQ,,,,28.600000,SKIP,,Price List 'DIST' not found in Price_List__c
Price_List_Entry__c,ACC954 - SPEC - USD,MISSING,01t6A000000aslMQAQ,,,,27.170000,SKIP,,Price List 'SPEC' not found in Price_List__c
Price_List_Entry__c,ACC957 - DEAL - USD,MISSING,01t6A000000asZBQAY,,,,40.430000,SKIP,,Price List 'DEAL' not found in Price_List__c
Price_List_Entry__c,ACC957 - PART - USD,MISSING,01t6A000000asZBQAY,,,,31.920000,SKIP,,Price List 'PART' not found in Price_List__c
Price_List_Entry__c,ACC957 - DIST - USD,MISSING,01t6A000000asZBQAY,,,,30.320000,SKIP,,Price List 'DIST' not found in Price_List__c
Price_List_Entry__c,ACC957 - SPEC - USD,MISSING,01t6A000000asZBQAY,,,,28.710000,SKIP,,Price List 'SPEC' not found in Price_List__c
Price_List_Entry__c,ACC964 - DEAL - USD,MISSING,01t6A000000atExQAI,,,,234.300000,SKIP,,Price List 'DEAL' not found in Price_List__c
Price_List_Entry__c,ACC964 - PART - USD,MISSING,01t6A000000atExQAI,,,,184.800000,SKIP,,Price List 'PART' not found in Price_List__c
Price_List_Entry__c,ACC964 - DIST - USD,MISSING,01t6A000000atExQAI,,,,174.900000,SKIP,,Price List 'DIST' not found in Price_List__c
Price_List_Entry__c,ACC964 - SPEC - USD,MISSING,01t6A000000atExQAI,,,,166.100000,SKIP,,Price List 'SPEC' not found in Price_List__c
Price_List_Entry__c,ACC973 - DEAL - USD,MISSING,01t6A000000arOOQAY,,,,20.370000,SKIP,,Price List 'DEAL' not found in Price_List__c
Price_List_Entry__c,ACC973 - PART - USD,MISSING,01t6A000000arOOQAY,,,,16.080000,SKIP,,Price List 'PART' not found in Price_List__c
Price_List_Entry__c,ACC973 - DIST - USD,MISSING,01t6A000000arOOQAY,,,,15.280000,SKIP,,Price List 'DIST' not found in Price_List__c
Price_List_Entry__c,ACC973 - SPEC - USD,MISSING,01t6A000000arOOQAY,,,,14.490000,SKIP,,Price List 'SPEC' not found in Price_List__c
Price_List_Entry__c,ACCXT400 - DEAL - USD,MISSING,01t6A000000ar16QAA,,,,117.390000,SKIP,,Price List 'DEAL' not found in Price_List__c
Price_List_Entry__c,ACCXT400 - PART - USD,MISSING,01t6A000000ar16QAA,,,,93.390000,SKIP,,Price List 'PART' not found in Price_List__c
Price_List_Entry__c,ACCXT400 - DIST - USD,MISSING,01t6A000000ar16QAA,,,,88.060000,SKIP,,Price List 'DIST' not found in Price_List__c
Price_List_Entry__c,ACCXT400 - SPEC - USD,MISSING,01t6A000000ar16QAA,,,,84.050000,SKIP,,Price List 'SPEC' not found in Price_List__c
Price_List_Entry__c,ACCXT402 - DEAL - USD,MISSING,01t6A000000aswlQAA,,,,117.390000,SKIP,,Price List 'DEAL' not found in Price_List__c
Price_List_Entry__c,ACCXT402 - PART - USD,MISSING,01t6A000000aswlQAA,,,,93.390000,SKIP,,Price List 'PART' not found in Price_List__c
Price_List_Entry__c,ACCXT402 - DIST - USD,MISSING,01t6A000000aswlQAA,,,,88.060000,SKIP,,Price List 'DIST' not found in Price_List__c
Price_List_Entry__c,ACCXT402 - SPEC - USD,MISSING,01t6A000000aswlQAA,,,,84.050000,SKIP,,Price List 'SPEC' not found in Price_List__c
Price_List_Entry__c,ADD012018 - DEAL - USD,MISSING,01t6A000000asNRQAY,,,,68.850000,SKIP,,Price List 'DEAL' not found in Price_List__c
Price_List_Entry__c,ADD012018 - PART - USD,MISSING,01t6A000000asNRQAY,,,,54.360000,SKIP,,Price List 'PART' not found in Price_List__c
Price_List_Entry__c,ADD012018 - DIST - USD,MISSING,01t6A000000asNRQAY,,,,51.650000,SKIP,,Price List 'DIST' not found in Price_List__c
Price_List_Entry__c,ADD012018 - SPEC - USD,MISSING,01t6A000000asNRQAY,,,,48.920000,SKIP,,Price List 'SPEC' not found in Price_List__c
Price_List_Entry__c,ADD018024 - DEAL - USD,MISSING,01t6A000000ar63QAA,,,,69.820000,SKIP,,Price List 'DEAL' not found in Price_List__c
Price_List_Entry__c,ADD018024 - PART - USD,MISSING,01t6A000000ar63QAA,,,,55.130000,SKIP,,Price List 'PART' not found in Price_List__c
Price_List_Entry__c,ADD018024 - DIST - USD,MISSING,01t6A000000ar63QAA,,,,52.360000,SKIP,,Price List 'DIST' not found in Price_List__c
Price_List_Entry__c,ADD018024 - SPEC - USD,MISSING,01t6A000000ar63QAA,,,,49.600000,SKIP,,Price List 'SPEC' not found in Price_List__c
Price_List_Entry__c,ADD0203 - DEAL - USD,MISSING,01t6A000000asNSQAY,,,,83.780000,SKIP,,Price List 'DEAL' not found in Price_List__c
Price_List_Entry__c,ADD0203 - PART - USD,MISSING,01t6A000000asNSQAY,,,,66.140000,SKIP,,Price List 'PART' not found in Price_List__c
Price_List_Entry__c,ADD0203 - DIST - USD,MISSING,01t6A000000asNSQAY,,,,62.830000,SKIP,,Price List 'DIST' not found in Price_List__c
Price_List_Entry__c,ADD0203 - SPEC - USD,MISSING,01t6A000000asNSQAY,,,,59.520000,SKIP,,Price List 'SPEC' not found in Price_List__c
Price_List_Entry__c,ADD0305 - DEAL - USD,MISSING,01t6A000000asNTQAY,,,,115.860000,SKIP,,Price List 'DEAL' not found in Price_List__c
Price_List_Entry__c,ADD0305 - PART - USD,MISSING,01t6A000000asNTQAY,,,,91.480000,SKIP,,Price List 'PART' not found in Price_List__c
Price_List_Entry__c,ADD0305 - DIST - USD,MISSING,01t6A000000asNTQAY,,,,86.900000,SKIP,,Price List 'DIST' not found in Price_List__c
Price_List_Entry__c,ADD0305 - SPEC - USD,MISSING,01t6A000000asNTQAY,,,,82.560000,SKIP,,Price List 'SPEC' not found in Price_List__c
Price_List_Entry__c,ADD0507 - DEAL - USD,MISSING,01t6A000000asNUQAY,,,,137.860000,SKIP,,Price List 'DEAL' not found in Price_List__c
Price_List_Entry__c,ADD0507 - PART - USD,MISSING,01t6A000000asNUQAY,,,,108.850000,SKIP,,Price List 'PART' not found in Price_List__c
Price_List_Entry__c,ADD0507 - DIST - USD,MISSING,01t6A000000asNUQAY,,,,103.400000,SKIP,,Price List 'DIST' not found in Price_List__c
Price_List_Entry__c,ADD0507 - SPEC - USD,MISSING,01t6A000000asNUQAY,,,,98.230000,SKIP,,Price List 'SPEC' not found in Price_List__c
Price_List_Entry__c,ADD0810 - DEAL - USD,MISSING,01t6A000000arPZQAY,,,,198.000000,SKIP,,Price List 'DEAL' not found in Price_List__c
Price_List_Entry__c,ADD0810 - PART - USD,MISSING,01t6A000000arPZQAY,,,,156.320000,SKIP,,Price List 'PART' not found in Price_List__c
Price_List_Entry__c,ADD0810 - DIST - USD,MISSING,01t6A000000arPZQAY,,,,148.500000,SKIP,,Price List 'DIST' not found in Price_List__c
Price_List_Entry__c,ADD0810 - SPEC - USD,MISSING,01t6A000000arPZQAY,,,,141.080000,SKIP,,Price List 'SPEC' not found in Price_List__c
Price_List_Entry__c,ADD1012 - DEAL - USD,MISSING,01t6A000000atJ4QAI,,,,145.080000,SKIP,,Price List 'DEAL' not found in Price_List__c
Price_List_Entry__c,ADD1012 - PART - USD,MISSING,01t6A000000atJ4QAI,,,,114.530000,SKIP,,Price List 'PART' not found in Price_List__c
Price_List_Entry__c,ADD1012 - DIST - USD,MISSING,01t6A000000atJ4QAI,,,,108.800000,SKIP,,Price List 'DIST' not found in Price_List__c
Price_List_Entry__c,ADD1012 - SPEC - USD,MISSING,01t6A000000atJ4QAI,,,,103.080000,SKIP,,Price List 'SPEC' not found in Price_List__c
Price_List_Entry__c,ADD102 - DEAL - USD,MISSING,01t6A000000atJ5QAI,,,,66.000000,SKIP,,Price List 'DEAL' not found in Price_List__c
Price_List_Entry__c,ADD102 - PART - USD,MISSING,01t6A000000atJ5QAI,,,,52.110000,SKIP,,Price List 'PART' not found in Price_List__c
Price_List_Entry__c,ADD102 - DIST - USD,MISSING,01t6A000000atJ5QAI,,,,49.500000,SKIP,,Price List 'DIST' not found in Price_List__c
Price_List_Entry__c,ADD102 - SPEC - USD,MISSING,01t6A000000atJ5QAI,,,,47.030000,SKIP,,Price List 'SPEC' not found in Price_List__c
Price_List_Entry__c,ADD105 - DEAL - USD,MISSING,01t6A000000atJ7QAI,,,,81.280000,SKIP,,Price List 'DEAL' not found in Price_List__c
Price_List_Entry__c,ADD105 - PART - USD,MISSING,01t6A000000atJ7QAI,,,,64.140000,SKIP,,Price List 'PART' not found in Price_List__c
Price_List_Entry__c,ADD105 - DIST - USD,MISSING,01t6A000000atJ7QAI,,,,60.950000,SKIP,,Price List 'DIST' not found in Price_List__c
Price_List_Entry__c,ADD105 - SPEC - USD,MISSING,01t6A000000atJ7QAI,,,,57.740000,SKIP,,Price List 'SPEC' not found in Price_List__c
Price_List_Entry__c,ADD106 - DEAL - USD,MISSING,01t6A000000atJ8QAI,,,,88.210000,SKIP,,Price List 'DEAL' not found in Price_List__c
Price_List_Entry__c,ADD106 - PART - USD,MISSING,01t6A000000atJ8QAI,,,,69.640000,SKIP,,Price List 'PART' not found in Price_List__c
Price_List_Entry__c,ADD106 - DIST - USD,MISSING,01t6A000000atJ8QAI,,,,66.150000,SKIP,,Price List 'DIST' not found in Price_List__c
Price_List_Entry__c,ADD106 - SPEC - USD,MISSING,01t6A000000atJ8QAI,,,,62.680000,SKIP,,Price List 'SPEC' not found in Price_List__c
Price_List_Entry__c,ADD107 - DEAL - USD,MISSING,01t6A000000arseQAA,,,,95.470000,SKIP,,Price List 'DEAL' not found in Price_List__c
Price_List_Entry__c,ADD107 - PART - USD,MISSING,01t6A000000arseQAA,,,,75.360000,SKIP,,Price List 'PART' not found in Price_List__c
Price_List_Entry__c,ADD107 - DIST - USD,MISSING,01t6A000000arseQAA,,,,71.600000,SKIP,,Price List 'DIST' not found in Price_List__c
Price_List_Entry__c,ADD107 - SPEC - USD,MISSING,01t6A000000arseQAA,,,,67.840000,SKIP,,Price List 'SPEC' not found in Price_List__c
Price_List_Entry__c,ADD110 - DEAL - USD,MISSING,01t6A000000at45QAA,,,,118.180000,SKIP,,Price List 'DEAL' not found in Price_List__c
Price_List_Entry__c,ADD110 - PART - USD,MISSING,01t6A000000at45QAA,,,,93.300000,SKIP,,Price List 'PART' not found in Price_List__c
Price_List_Entry__c,ADD110 - DIST - USD,MISSING,01t6A000000at45QAA,,,,88.640000,SKIP,,Price List 'DIST' not found in Price_List__c
Price_List_Entry__c,ADD110 - SPEC - USD,MISSING,01t6A000000at45QAA,,,,83.960000,SKIP,,Price List 'SPEC' not found in Price_List__c
Price_List_Entry__c,AEC006009 - DEAL - USD,MISSING,01t6A000000atAJQAY,,,,57.820000,SKIP,,Price List 'DEAL' not found in Price_List__c
Price_List_Entry__c,AEC006009 - PART - USD,MISSING,01t6A000000atAJQAY,,,,45.640000,SKIP,,Price List 'PART' not found in Price_List__c
Price_List_Entry__c,AEC006009 - DIST - USD,MISSING,01t6A000000atAJQAY,,,,43.360000,SKIP,,Price List 'DIST' not found in Price_List__c
Price_List_Entry__c,AEC006009 - SPEC - USD,MISSING,01t6A000000atAJQAY,,,,41.090000,SKIP,,Price List 'SPEC' not found in Price_List__c
Price_List_Entry__c,AEC006009-S - DEAL - USD,MISSING,01t6A000000atAKQAY,,,,57.820000,SKIP,,Price List 'DEAL' not found in Price_List__c
Price_List_Entry__c,AEC006009-S - PART - USD,MISSING,01t6A000000atAKQAY,,,,45.640000,SKIP,,Price List 'PART' not found in Price_List__c
Price_List_Entry__c,AEC006009-S - DIST - USD,MISSING,01t6A000000atAKQAY,,,,43.360000,SKIP,,Price List 'DIST' not found in Price_List__c
Price_List_Entry__c,AEC006009-S - SPEC - USD,MISSING,01t6A000000atAKQAY,,,,41.090000,SKIP,,Price List 'SPEC' not found in Price_List__c
Price_List_Entry__c,AEC006009-W - DEAL - USD,MISSING,01t6A000000atUUQAY,,,,57.820000,SKIP,,Price List 'DEAL' not found in Price_List__c
Price_List_Entry__c,AEC006009-W - PART - USD,MISSING,01t6A000000atUUQAY,,,,45.640000,SKIP,,Price List 'PART' not found in Price_List__c
Price_List_Entry__c,AEC006009-W - DIST - USD,MISSING,01t6A000000atUUQAY,,,,43.360000,SKIP,,Price List 'DIST' not found in Price_List__c
Price_List_Entry__c,AEC006009-W - SPEC - USD,MISSING,01t6A000000atUUQAY,,,,41.090000,SKIP,,Price List 'SPEC' not found in Price_List__c
Price_List_Entry__c,AEC009012 - DEAL - USD,MISSING,01t6A000000arfMQAQ,,,,68.560000,SKIP,,Price List 'DEAL' not found in Price_List__c
Price_List_Entry__c,AEC009012 - PART - USD,MISSING,01t6A000000arfMQAQ,,,,54.120000,SKIP,,Price List 'PART' not found in Price_List__c
Price_List_Entry__c,AEC009012 - DIST - USD,MISSING,01t6A000000arfMQAQ,,,,51.410000,SKIP,,Price List 'DIST' not found in Price_List__c
Price_List_Entry__c,AEC009012 - SPEC - USD,MISSING,01t6A000000arfMQAQ,,,,48.720000,SKIP,,Price List 'SPEC' not found in Price_List__c
Price_List_Entry__c,AEC009012-S - DEAL - USD,MISSING,01t6A000000arfNQAQ,,,,68.560000,SKIP,,Price List 'DEAL' not found in Price_List__c
Price_List_Entry__c,AEC009012-S - PART - USD,MISSING,01t6A000000arfNQAQ,,,,54.120000,SKIP,,Price List 'PART' not found in Price_List__c
Price_List_Entry__c,AEC009012-S - DIST - USD,MISSING,01t6A000000arfNQAQ,,,,51.410000,SKIP,,Price List 'DIST' not found in Price_List__c
Price_List_Entry__c,AEC009012-S - SPEC - USD,MISSING,01t6A000000arfNQAQ,,,,48.720000,SKIP,,Price List 'SPEC' not found in Price_List__c
Price_List_Entry__c,AEC009012-W - DEAL - USD,MISSING,01t6A000000arfOQAQ,,,,68.560000,SKIP,,Price List 'DEAL' not found in Price_List__c
Price_List_Entry__c,AEC009012-W - PART - USD,MISSING,01t6A000000arfOQAQ,,,,54.120000,SKIP,,Price List 'PART' not found in Price_List__c
Price_List_Entry__c,AEC009012-W - DIST - USD,MISSING,01t6A000000arfOQAQ,,,,51.410000,SKIP,,Price List 'DIST' not found in Price_List__c
Price_List_Entry__c,AEC009012-W - SPEC - USD,MISSING,01t6A000000arfOQAQ,,,,48.720000,SKIP,,Price List 'SPEC' not found in Price_List__c
Price_List_Entry__c,AEC012018 - DEAL - USD,MISSING,01t6A000000aqlMQAQ,,,,88.060000,SKIP,,Price List 'DEAL' not found in Price_List__c
Price_List_Entry__c,AEC012018 - PART - USD,MISSING,01t6A000000aqlMQAQ,,,,69.530000,SKIP,,Price List 'PART' not found in Price_List__c
Price_List_Entry__c,AEC012018 - DIST - USD,MISSING,01t6A000000aqlMQAQ,,,,66.040000,SKIP,,Price List 'DIST' not found in Price_List__c
Price_List_Entry__c,AEC012018 - SPEC - USD,MISSING,01t6A000000aqlMQAQ,,,,62.550000,SKIP,,Price List 'SPEC' not found in Price_List__c
Price_List_Entry__c,AEC012018-S - DEAL - USD,MISSING,01t6A000000atUVQAY,,,,88.060000,SKIP,,Price List 'DEAL' not found in Price_List__c
Price_List_Entry__c,AEC012018-S - PART - USD,MISSING,01t6A000000atUVQAY,,,,69.530000,SKIP,,Price List 'PART' not found in Price_List__c
Price_List_Entry__c,AEC012018-S - DIST - USD,MISSING,01t6A000000atUVQAY,,,,66.040000,SKIP,,Price List 'DIST' not found in Price_List__c
Price_List_Entry__c,AEC012018-S - SPEC - USD,MISSING,01t6A000000atUVQAY,,,,62.550000,SKIP,,Price List 'SPEC' not found in Price_List__c
Price_List_Entry__c,AEC012018-W - DEAL - USD,MISSING,01t6A000000atUWQAY,,,,88.060000,SKIP,,Price List 'DEAL' not found in Price_List__c
Price_List_Entry__c,AEC012018-W - PART - USD,MISSING,01t6A000000atUWQAY,,,,69.530000,SKIP,,Price List 'PART' not found in Price_List__c
Price_List_Entry__c,AEC012018-W - DIST - USD,MISSING,01t6A000000atUWQAY,,,,66.040000,SKIP,,Price List 'DIST' not found in Price_List__c
Price_List_Entry__c,AEC012018-W - SPEC - USD,MISSING,01t6A000000atUWQAY,,,,62.550000,SKIP,,Price List 'SPEC' not found in Price_List__c
Price_List_Entry__c,AEC018024 - DEAL - USD,MISSING,01t6A000000atUXQAY,,,,96.940000,SKIP,,Price List 'DEAL' not found in Price_List__c
Price_List_Entry__c,AEC018024 - PART - USD,MISSING,01t6A000000atUXQAY,,,,76.540000,SKIP,,Price List 'PART' not found in Price_List__c
Price_List_Entry__c,AEC018024 - DIST - USD,MISSING,01t6A000000atUXQAY,,,,72.710000,SKIP,,Price List 'DIST' not found in Price_List__c
Price_List_Entry__c,AEC018024 - SPEC - USD,MISSING,01t6A000000atUXQAY,,,,68.870000,SKIP,,Price List 'SPEC' not found in Price_List__c
Price_List_Entry__c,AEC018024-S - DEAL - USD,MISSING,01t6A000000atUYQAY,,,,96.940000,SKIP,,Price List 'DEAL' not found in Price_List__c
Price_List_Entry__c,AEC018024-S - PART - USD,MISSING,01t6A000000atUYQAY,,,,76.540000,SKIP,,Price List 'PART' not found in Price_List__c
Price_List_Entry__c,AEC018024-S - DIST - USD,MISSING,01t6A000000atUYQAY,,,,72.710000,SKIP,,Price List 'DIST' not found in Price_List__c
Price_List_Entry__c,AEC018024-S - SPEC - USD,MISSING,01t6A000000atUYQAY,,,,68.870000,SKIP,,Price List 'SPEC' not found in Price_List__c
Price_List_Entry__c,AEC018024-W - DEAL - USD,MISSING,01t6A000000atUZQAY,,,,96.940000,SKIP,,Price List 'DEAL' not found in Price_List__c
Price_List_Entry__c,AEC018024-W - PART - USD,MISSING,01t6A000000atUZQAY,,,,76.540000,SKIP,,Price List 'PART' not found in Price_List__c
Price_List_Entry__c,AEC018024-W - DIST - USD,MISSING,01t6A000000atUZQAY,,,,72.710000,SKIP,,Price List 'DIST' not found in Price_List__c
Price_List_Entry__c,AEC018024-W - SPEC - USD,MISSING,01t6A000000atUZQAY,,,,68.870000,SKIP,,Price List 'SPEC' not found in Price_List__c
Price_List_Entry__c,AEC0203 - DEAL - USD,MISSING,01t6A000000ar5UQAQ,,,,105.840000,SKIP,,Price List 'DEAL' not found in Price_List__c
Price_List_Entry__c,AEC0203 - PART - USD,MISSING,01t6A000000ar5UQAQ,,,,83.560000,SKIP,,Price List 'PART' not found in Price_List__c
Price_List_Entry__c,AEC0203 - DIST - USD,MISSING,01t6A000000ar5UQAQ,,,,79.380000,SKIP,,Price List 'DIST' not found in Price_List__c
Price_List_Entry__c,AEC0203 - SPEC - USD,MISSING,01t6A000000ar5UQAQ,,,,75.210000,SKIP,,Price List 'SPEC' not found in Price_List__c
Price_List_Entry__c,AEC0203-S - DEAL - USD,MISSING,01t6A000000ar5VQAQ,,,,105.840000,SKIP,,Price List 'DEAL' not found in Price_List__c
Price_List_Entry__c,AEC0203-S - PART - USD,MISSING,01t6A000000ar5VQAQ,,,,83.560000,SKIP,,Price List 'PART' not found in Price_List__c
Price_List_Entry__c,AEC0203-S - DIST - USD,MISSING,01t6A000000ar5VQAQ,,,,79.380000,SKIP,,Price List 'DIST' not found in Price_List__c
Price_List_Entry__c,AEC0203-S - SPEC - USD,MISSING,01t6A000000ar5VQAQ,,,,75.210000,SKIP,,Price List 'SPEC' not found in Price_List__c
Price_List_Entry__c,AEC0203-W - DEAL - USD,MISSING,01t6A000000ar5WQAQ,,,,105.840000,SKIP,,Price List 'DEAL' not found in Price_List__c
Price_List_Entry__c,AEC0203-W - PART - USD,MISSING,01t6A000000ar5WQAQ,,,,83.560000,SKIP,,Price List 'PART' not found in Price_List__c
Price_List_Entry__c,AEC0203-W - DIST - USD,MISSING,01t6A000000ar5WQAQ,,,,79.380000,SKIP,,Price List 'DIST' not found in Price_List__c
Price_List_Entry__c,AEC0203-W - SPEC - USD,MISSING,01t6A000000ar5WQAQ,,,,75.210000,SKIP,,Price List 'SPEC' not found in Price_List__c
Price_List_Entry__c,AEC0305 - DEAL - USD,MISSING,01t6A000000ar8vQAA,,,,132.520000,SKIP,,Price List 'DEAL' not found in Price_List__c
Price_List_Entry__c,AEC0305 - PART - USD,MISSING,01t6A000000ar8vQAA,,,,104.620000,SKIP,,Price List 'PART' not found in Price_List__c
Price_List_Entry__c,AEC0305 - DIST - USD,MISSING,01t6A000000ar8vQAA,,,,99.390000,SKIP,,Price List 'DIST' not found in Price_List__c
Price_List_Entry__c,AEC0305 - SPEC - USD,MISSING,01t6A000000ar8vQAA,,,,94.160000,SKIP,,Price List 'SPEC' not found in Price_List__c
Price_List_Entry__c,AEC0305-S - DEAL - USD,MISSING,01t6A000000asqNQAQ,,,,132.520000,SKIP,,Price List 'DEAL' not found in Price_List__c
Price_List_Entry__c,AEC0305-S - PART - USD,MISSING,01t6A000000asqNQAQ,,,,104.620000,SKIP,,Price List 'PART' not found in Price_List__c
Price_List_Entry__c,AEC0305-S - DIST - USD,MISSING,01t6A000000asqNQAQ,,,,99.390000,SKIP,,Price List 'DIST' not found in Price_List__c
Price_List_Entry__c,AEC0305-S - SPEC - USD,MISSING,01t6A000000asqNQAQ,,,,94.160000,SKIP,,Price List 'SPEC' not found in Price_List__c
Price_List_Entry__c,AEC0305-W - DEAL - USD,MISSING,01t6A000000aqhLQAQ,,,,132.520000,SKIP,,Price List 'DEAL' not found in Price_List__c
Price_List_Entry__c,AEC0305-W - PART - USD,MISSING,01t6A000000aqhLQAQ,,,,104.620000,SKIP,,Price List 'PART' not found in Price_List__c
Price_List_Entry__c,AEC0305-W - DIST - USD,MISSING,01t6A000000aqhLQAQ,,,,99.390000,SKIP,,Price List 'DIST' not found in Price_List__c
Price_List_Entry__c,AEC0305-W - SPEC - USD,MISSING,01t6A000000aqhLQAQ,,,,94.160000,SKIP,,Price List 'SPEC' not found in Price_List__c
Price_List_Entry__c,AEC0406 - DEAL - USD,MISSING,01t6A000000aqhMQAQ,,,,141.420000,SKIP,,Price List 'DEAL' not found in Price_List__c
Price_List_Entry__c,AEC0406 - PART - USD,MISSING,01t6A000000aqhMQAQ,,,,111.630000,SKIP,,Price List 'PART' not found in Price_List__c
Price_List_Entry__c,AEC0406 - DIST - USD,MISSING,01t6A000000aqhMQAQ,,,,106.060000,SKIP,,Price List 'DIST' not found in Price_List__c
Price_List_Entry__c,AEC0406 - SPEC - USD,MISSING,01t6A000000aqhMQAQ,,,,100.470000,SKIP,,Price List 'SPEC' not found in Price_List__c
Price_List_Entry__c,AEC0406-S - DEAL - USD,MISSING,01t6A000000aqhNQAQ,,,,141.420000,SKIP,,Price List 'DEAL' not found in Price_List__c
Price_List_Entry__c,AEC0406-S - PART - USD,MISSING,01t6A000000aqhNQAQ,,,,111.630000,SKIP,,Price List 'PART' not found in Price_List__c
Price_List_Entry__c,AEC0406-S - DIST - USD,MISSING,01t6A000000aqhNQAQ,,,,106.060000,SKIP,,Price List 'DIST' not found in Price_List__c
Price_List_Entry__c,AEC0406-S - SPEC - USD,MISSING,01t6A000000aqhNQAQ,,,,100.470000,SKIP,,Price List 'SPEC' not found in Price_List__c
Price_List_Entry__c,AEC0406-W - DEAL - USD,MISSING,01t6A000000aqhOQAQ,,,,141.420000,SKIP,,Price List 'DEAL' not found in Price_List__c
Price_List_Entry__c,AEC0406-W - PART - USD,MISSING,01t6A000000aqhOQAQ,,,,111.630000,SKIP,,Price List 'PART' not found in Price_List__c
Price_List_Entry__c,AEC0406-W - DIST - USD,MISSING,01t6A000000aqhOQAQ,,,,106.060000,SKIP,,Price List 'DIST' not found in Price_List__c
Price_List_Entry__c,AEC0406-W - SPEC - USD,MISSING,01t6A000000aqhOQAQ,,,,100.470000,SKIP,,Price List 'SPEC' not found in Price_List__c
Price_List_Entry__c,AEC0507 - DEAL - USD,MISSING,01t6A000000aqyXQAQ,,,,157.400000,SKIP,,Price List 'DEAL' not found in Price_List__c
Price_List_Entry__c,AEC0507 - PART - USD,MISSING,01t6A000000aqyXQAQ,,,,124.260000,SKIP,,Price List 'PART' not found in Price_List__c
Price_List_Entry__c,AEC0507 - DIST - USD,MISSING,01t6A000000aqyXQAQ,,,,118.050000,SKIP,,Price List 'DIST' not found in Price_List__c
Price_List_Entry__c,AEC0507 - SPEC - USD,MISSING,01t6A000000aqyXQAQ,,,,112.150000,SKIP,,Price List 'SPEC' not found in Price_List__c
Price_List_Entry__c,AEC0507-S - DEAL - USD,MISSING,01t6A000000arTJQAY,,,,154.720000,SKIP,,Price List 'DEAL' not found in Price_List__c
Price_List_Entry__c,AEC0507-S - PART - USD,MISSING,01t6A000000arTJQAY,,,,122.160000,SKIP,,Price List 'PART' not found in Price_List__c
Price_List_Entry__c,AEC0507-S - DIST - USD,MISSING,01t6A000000arTJQAY,,,,116.040000,SKIP,,Price List 'DIST' not found in Price_List__c
Price_List_Entry__c,AEC0507-S - SPEC - USD,MISSING,01t6A000000arTJQAY,,,,109.930000,SKIP,,Price List 'SPEC' not found in Price_List__c
Price_List_Entry__c,AEC0507-W - DEAL - USD,MISSING,01t6A000000arTKQAY,,,,156.140000,SKIP,,Price List 'DEAL' not found in Price_List__c
Price_List_Entry__c,AEC0507-W - PART - USD,MISSING,01t6A000000arTKQAY,,,,123.270000,SKIP,,Price List 'PART' not found in Price_List__c
Price_List_Entry__c,AEC0507-W - DIST - USD,MISSING,01t6A000000arTKQAY,,,,117.110000,SKIP,,Price List 'DIST' not found in Price_List__c
Price_List_Entry__c,AEC0507-W - SPEC - USD,MISSING,01t6A000000arTKQAY,,,,111.250000,SKIP,,Price List 'SPEC' not found in Price_List__c
Price_List_Entry__c,AEC0608 - DEAL - USD,MISSING,01t6A000000aqhPQAQ,,,,160.560000,SKIP,,Price List 'DEAL' not found in Price_List__c
Price_List_Entry__c,AEC0608 - PART - USD,MISSING,01t6A000000aqhPQAQ,,,,126.760000,SKIP,,Price List 'PART' not found in Price_List__c
Price_List_Entry__c,AEC0608 - DIST - USD,MISSING,01t6A000000aqhPQAQ,,,,120.420000,SKIP,,Price List 'DIST' not found in Price_List__c
Price_List_Entry__c,AEC0608 - SPEC - USD,MISSING,01t6A000000aqhPQAQ,,,,114.400000,SKIP,,Price List 'SPEC' not found in Price_List__c
Price_List_Entry__c,AEC0608-S - DEAL - USD,MISSING,01t6A000000aqhQQAQ,,,,150.300000,SKIP,,Price List 'DEAL' not found in Price_List__c
Price_List_Entry__c,AEC0608-S - PART - USD,MISSING,01t6A000000aqhQQAQ,,,,118.670000,SKIP,,Price List 'PART' not found in Price_List__c
Price_List_Entry__c,AEC0608-S - DIST - USD,MISSING,01t6A000000aqhQQAQ,,,,112.740000,SKIP,,Price List 'DIST' not found in Price_List__c
Price_List_Entry__c,AEC0608-S - SPEC - USD,MISSING,01t6A000000aqhQQAQ,,,,106.790000,SKIP,,Price List 'SPEC' not found in Price_List__c
Price_List_Entry__c,AEC0608-W - DEAL - USD,MISSING,01t6A000000asqSQAQ,,,,162.550000,SKIP,,Price List 'DEAL' not found in Price_List__c
Price_List_Entry__c,AEC0608-W - PART - USD,MISSING,01t6A000000asqSQAQ,,,,128.330000,SKIP,,Price List 'PART' not found in Price_List__c
Price_List_Entry__c,AEC0608-W - DIST - USD,MISSING,01t6A000000asqSQAQ,,,,121.910000,SKIP,,Price List 'DIST' not found in Price_List__c
Price_List_Entry__c,AEC0608-W - SPEC - USD,MISSING,01t6A000000asqSQAQ,,,,115.810000,SKIP,,Price List 'SPEC' not found in Price_List__c
Price_List_Entry__c,AEC0810 - DEAL - USD,MISSING,01t6A000000aqhRQAQ,,,,190.860000,SKIP,,Price List 'DEAL' not found in Price_List__c
Price_List_Entry__c,AEC0810 - PART - USD,MISSING,01t6A000000aqhRQAQ,,,,150.680000,SKIP,,Price List 'PART' not found in Price_List__c
Price_List_Entry__c,AEC0810 - DIST - USD,MISSING,01t6A000000aqhRQAQ,,,,143.150000,SKIP,,Price List 'DIST' not found in Price_List__c
Price_List_Entry__c,AEC0810 - SPEC - USD,MISSING,01t6A000000aqhRQAQ,,,,135.990000,SKIP,,Price List 'SPEC' not found in Price_List__c
Price_List_Entry__c,AEC0810-S - DEAL - USD,MISSING,01t6A000000aqhSQAQ,,,,183.210000,SKIP,,Price List 'DEAL' not found in Price_List__c
Price_List_Entry__c,AEC0810-S - PART - USD,MISSING,01t6A000000aqhSQAQ,,,,144.630000,SKIP,,Price List 'PART' not found in Price_List__c
Price_List_Entry__c,AEC0810-S - DIST - USD,MISSING,01t6A000000aqhSQAQ,,,,137.410000,SKIP,,Price List 'DIST' not found in Price_List__c
Price_List_Entry__c,AEC0810-S - SPEC - USD,MISSING,01t6A000000aqhSQAQ,,,,130.170000,SKIP,,Price List 'SPEC' not found in Price_List__c
Price_List_Entry__c,AEC0810-W - DEAL - USD,MISSING,01t6A000000aqhTQAQ,,,,192.850000,SKIP,,Price List 'DEAL' not found in Price_List__c
Price_List_Entry__c,AEC0810-W - PART - USD,MISSING,01t6A000000aqhTQAQ,,,,152.250000,SKIP,,Price List 'PART' not found in Price_List__c
Price_List_Entry__c,AEC0810-W - DIST - USD,MISSING,01t6A000000aqhTQAQ,,,,144.640000,SKIP,,Price List 'DIST' not found in Price_List__c
Price_List_Entry__c,AEC0810-W - SPEC - USD,MISSING,01t6A000000aqhTQAQ,,,,137.410000,SKIP,,Price List 'SPEC' not found in Price_List__c
Price_List_Entry__c,AEC1012 - DEAL - USD,MISSING,01t6A000000as66QAA,,,,201.420000,SKIP,,Price List 'DEAL' not found in Price_List__c
Price_List_Entry__c,AEC1012 - PART - USD,MISSING,01t6A000000as66QAA,,,,159.020000,SKIP,,Price List 'PART' not found in Price_List__c
Price_List_Entry__c,AEC1012 - DIST - USD,MISSING,01t6A000000as66QAA,,,,151.070000,SKIP,,Price List 'DIST' not found in Price_List__c
Price_List_Entry__c,AEC1012 - SPEC - USD,MISSING,01t6A000000as66QAA,,,,143.510000,SKIP,,Price List 'SPEC' not found in Price_List__c
Price_List_Entry__c,AEC1012-S - DEAL - USD,MISSING,01t6A000000as67QAA,,,,199.210000,SKIP,,Price List 'DEAL' not found in Price_List__c
Price_List_Entry__c,AEC1012-S - PART - USD,MISSING,01t6A000000as67QAA,,,,157.270000,SKIP,,Price List 'PART' not found in Price_List__c
Price_List_Entry__c,AEC1012-S - DIST - USD,MISSING,01t6A000000as67QAA,,,,149.410000,SKIP,,Price List 'DIST' not found in Price_List__c
Price_List_Entry__c,AEC1012-S - SPEC - USD,MISSING,01t6A000000as67QAA,,,,141.560000,SKIP,,Price List 'SPEC' not found in Price_List__c
Price_List_Entry__c,AEC1012-W - DEAL - USD,MISSING,01t6A000000as68QAA,,,,199.210000,SKIP,,Price List 'DEAL' not found in Price_List__c
Price_List_Entry__c,AEC1012-W - PART - USD,MISSING,01t6A000000as68QAA,,,,157.270000,SKIP,,Price List 'PART' not found in Price_List__c
Price_List_Entry__c,AEC1012-W - DIST - USD,MISSING,01t6A000000as68QAA,,,,149.410000,SKIP,,Price List 'DIST' not found in Price_List__c
Price_List_Entry__c,AEC1012-W - SPEC - USD,MISSING,01t6A000000as68QAA,,,,141.560000,SKIP,,Price List 'SPEC' not found in Price_List__c
Price_List_Entry__c,BM-5005A - DEAL - USD,MISSING,MISSING,,,,86.710000,SKIP,,Price List 'DEAL' not found in Price_List__c | InventoryCD 'BM-5005A' not found in Product2.Part_Number__c
Price_List_Entry__c,BM-5005A - PART - USD,MISSING,MISSING,,,,68.040000,SKIP,,Price List 'PART' not found in Price_List__c | InventoryCD 'BM-5005A' not found in Product2.Part_Number__c
Price_List_Entry__c,BM-5005A - DIST - USD,MISSING,MISSING,,,,65.360000,SKIP,,Price List 'DIST' not found in Price_List__c | InventoryCD 'BM-5005A' not found in Product2.Part_Number__c
Price_List_Entry__c,BM-5005A - SPEC - USD,MISSING,MISSING,,,,61.370000,SKIP,,Price List 'SPEC' not found in Price_List__c | InventoryCD 'BM-5005A' not found in Product2.Part_Number__c
Price_List_Entry__c,CMJ300 - DEAL - USD,MISSING,01t6A000000asgvQAA,,,,36.620000,SKIP,,Price List 'DEAL' not found in Price_List__c
Price_List_Entry__c,CMJ300 - PART - USD,MISSING,01t6A000000asgvQAA,,,,28.910000,SKIP,,Price List 'PART' not found in Price_List__c
Price_List_Entry__c,CMJ300 - DIST - USD,MISSING,01t6A000000asgvQAA,,,,27.470000,SKIP,,Price List 'DIST' not found in Price_List__c
Price_List_Entry__c,CMJ300 - SPEC - USD,MISSING,01t6A000000asgvQAA,,,,26.030000,SKIP,,Price List 'SPEC' not found in Price_List__c
Price_List_Entry__c,CMJ310 - DEAL - USD,MISSING,01t6A000000asgwQAA,,,,48.030000,SKIP,,Price List 'DEAL' not found in Price_List__c
Price_List_Entry__c,CMJ310 - PART - USD,MISSING,01t6A000000asgwQAA,,,,37.920000,SKIP,,Price List 'PART' not found in Price_List__c
Price_List_Entry__c,CMJ310 - DIST - USD,MISSING,01t6A000000asgwQAA,,,,36.030000,SKIP,,Price List 'DIST' not found in Price_List__c
Price_List_Entry__c,CMJ310 - SPEC - USD,MISSING,01t6A000000asgwQAA,,,,34.220000,SKIP,,Price List 'SPEC' not found in Price_List__c
Price_List_Entry__c,CMJ450 - DEAL - USD,MISSING,01t6A000000asnnQAA,,,,154.000000,SKIP,,Price List 'DEAL' not found in Price_List__c
Price_List_Entry__c,CMJ450 - PART - USD,MISSING,01t6A000000asnnQAA,,,,121.580000,SKIP,,Price List 'PART' not found in Price_List__c
Price_List_Entry__c,CMJ450 - DIST - USD,MISSING,01t6A000000asnnQAA,,,,115.500000,SKIP,,Price List 'DIST' not found in Price_List__c
Price_List_Entry__c,CMJ450 - SPEC - USD,MISSING,01t6A000000asnnQAA,,,,109.730000,SKIP,,Price List 'SPEC' not found in Price_List__c
Price_List_Entry__c,CMJ453 - DEAL - USD,MISSING,01t6A000000asnoQAA,,,,174.540000,SKIP,,Price List 'DEAL' not found in Price_List__c
Price_List_Entry__c,CMJ453 - PART - USD,MISSING,01t6A000000asnoQAA,,,,137.790000,SKIP,,Price List 'PART' not found in Price_List__c
Price_List_Entry__c,CMJ453 - DIST - USD,MISSING,01t6A000000asnoQAA,,,,130.900000,SKIP,,Price List 'DIST' not found in Price_List__c
Price_List_Entry__c,CMJ453 - SPEC - USD,MISSING,01t6A000000asnoQAA,,,,124.360000,SKIP,,Price List 'SPEC' not found in Price_List__c
Price_List_Entry__c,CMJ455 - DEAL - USD,MISSING,01t6A000000asnpQAA,,,,130.540000,SKIP,,Price List 'DEAL' not found in Price_List__c
Price_List_Entry__c,CMJ455 - PART - USD,MISSING,01t6A000000asnpQAA,,,,103.050000,SKIP,,Price List 'PART' not found in Price_List__c
Price_List_Entry__c,CMJ455 - DIST - USD,MISSING,01t6A000000asnpQAA,,,,97.900000,SKIP,,Price List 'DIST' not found in Price_List__c
Price_List_Entry__c,CMJ455 - SPEC - USD,MISSING,01t6A000000asnpQAA,,,,93.010000,SKIP,,Price List 'SPEC' not found in Price_List__c
Price_List_Entry__c,CMJ470 - DEAL - USD,MISSING,01t6A000000asnqQAA,,,,43.210000,SKIP,,Price List 'DEAL' not found in Price_List__c
Price_List_Entry__c,CMJ470 - PART - USD,MISSING,01t6A000000asnqQAA,,,,34.110000,SKIP,,Price List 'PART' not found in Price_List__c
Price_List_Entry__c,CMJ470 - DIST - USD,MISSING,01t6A000000asnqQAA,,,,32.410000,SKIP,,Price List 'DIST' not found in Price_List__c
Price_List_Entry__c,CMJ470 - SPEC - USD,MISSING,01t6A000000asnqQAA,,,,30.700000,SKIP,,Price List 'SPEC' not found in Price_List__c
Price_List_Entry__c,CMJ470W - DEAL - USD,MISSING,01t6A000000ar0gQAA,,,,43.210000,SKIP,,Price List 'DEAL' not found in Price_List__c
Price_List_Entry__c,CMJ470W - PART - USD,MISSING,01t6A000000ar0gQAA,,,,34.110000,SKIP,,Price List 'PART' not found in Price_List__c
Price_List_Entry__c,CMJ470W - DIST - USD,MISSING,01t6A000000ar0gQAA,,,,32.410000,SKIP,,Price List 'DIST' not found in Price_List__c
Price_List_Entry__c,CMJ470W - SPEC - USD,MISSING,01t6A000000ar0gQAA,,,,30.700000,SKIP,,Price List 'SPEC' not found in Price_List__c
Price_List_Entry__c,CMJ480 - DEAL - USD,MISSING,01t6A000000aryDQAQ,,,,52.800000,SKIP,,Price List 'DEAL' not found in Price_List__c
Price_List_Entry__c,CMJ480 - PART - USD,MISSING,01t6A000000aryDQAQ,,,,40.700000,SKIP,,Price List 'PART' not found in Price_List__c
Price_List_Entry__c,CMJ480 - DIST - USD,MISSING,01t6A000000aryDQAQ,,,,38.500000,SKIP,,Price List 'DIST' not found in Price_List__c
Price_List_Entry__c,CMJ480 - SPEC - USD,MISSING,01t6A000000aryDQAQ,,,,37.400000,SKIP,,Price List 'SPEC' not found in Price_List__c
Price_List_Entry__c,CMJ490 - DEAL - USD,MISSING,01t6A000000asnrQAA,,,,66.000000,SKIP,,Price List 'DEAL' not found in Price_List__c
Price_List_Entry__c,CMJ490 - PART - USD,MISSING,01t6A000000asnrQAA,,,,51.700000,SKIP,,Price List 'PART' not found in Price_List__c
Price_List_Entry__c,CMJ490 - DIST - USD,MISSING,01t6A000000asnrQAA,,,,49.500000,SKIP,,Price List 'DIST' not found in Price_List__c
Price_List_Entry__c,CMJ490 - SPEC - USD,MISSING,01t6A000000asnrQAA,,,,46.200000,SKIP,,Price List 'SPEC' not found in Price_List__c
Price_List_Entry__c,CMJ500R1 - DEAL - USD,MISSING,01t6A000000aryMQAQ,,,,115.860000,SKIP,,Price List 'DEAL' not found in Price_List__c
Price_List_Entry__c,CMJ500R1 - PART - USD,MISSING,01t6A000000aryMQAQ,,,,91.480000,SKIP,,Price List 'PART' not found in Price_List__c
Price_List_Entry__c,CMJ500R1 - DIST - USD,MISSING,01t6A000000aryMQAQ,,,,86.900000,SKIP,,Price List 'DIST' not found in Price_List__c
Price_List_Entry__c,CMJ500R1 - SPEC - USD,MISSING,01t6A000000aryMQAQ,,,,82.560000,SKIP,,Price List 'SPEC' not found in Price_List__c
Price_List_Entry__c,DCS200 - DEAL - USD,MISSING,01t6A000000asNBQAY,,,,110.000000,SKIP,,Price List 'DEAL' not found in Price_List__c
Price_List_Entry__c,DCS200 - PART - USD,MISSING,01t6A000000asNBQAY,,,,86.850000,SKIP,,Price List 'PART' not found in Price_List__c
Price_List_Entry__c,DCS200 - DIST - USD,MISSING,01t6A000000asNBQAY,,,,82.500000,SKIP,,Price List 'DIST' not found in Price_List__c
Price_List_Entry__c,DCS200 - SPEC - USD,MISSING,01t6A000000asNBQAY,,,,78.380000,SKIP,,Price List 'SPEC' not found in Price_List__c
Price_List_Entry__c,DCS400 - DEAL - USD,MISSING,01t6A000000asNCQAY,,,,117.340000,SKIP,,Price List 'DEAL' not found in Price_List__c
Price_List_Entry__c,DCS400 - PART - USD,MISSING,01t6A000000asNCQAY,,,,92.630000,SKIP,,Price List 'PART' not found in Price_List__c
Price_List_Entry__c,DCS400 - DIST - USD,MISSING,01t6A000000asNCQAY,,,,88.000000,SKIP,,Price List 'DIST' not found in Price_List__c
Price_List_Entry__c,DCS400 - SPEC - USD,MISSING,01t6A000000asNCQAY,,,,83.600000,SKIP,,Price List 'SPEC' not found in Price_List__c
Price_List_Entry__c,DCT100 - DEAL - USD,MISSING,01t6A000000asNDQAY,,,,86.540000,SKIP,,Price List 'DEAL' not found in Price_List__c
Price_List_Entry__c,DCT100 - PART - USD,MISSING,01t6A000000asNDQAY,,,,68.320000,SKIP,,Price List 'PART' not found in Price_List__c
Price_List_Entry__c,DCT100 - DIST - USD,MISSING,01t6A000000asNDQAY,,,,64.900000,SKIP,,Price List 'DIST' not found in Price_List__c
Price_List_Entry__c,DCT100 - SPEC - USD,MISSING,01t6A000000asNDQAY,,,,61.660000,SKIP,,Price List 'SPEC' not found in Price_List__c
Price_List_Entry__c,DCT300 - DEAL - USD,MISSING,01t6A000000asNEQAY,,,,98.260000,SKIP,,Price List 'DEAL' not found in Price_List__c
Price_List_Entry__c,DCT300 - PART - USD,MISSING,01t6A000000asNEQAY,,,,77.580000,SKIP,,Price List 'PART' not found in Price_List__c
Price_List_Entry__c,DCT300 - DIST - USD,MISSING,01t6A000000asNEQAY,,,,73.700000,SKIP,,Price List 'DIST' not found in Price_List__c
Price_List_Entry__c,DCT300 - SPEC - USD,MISSING,01t6A000000asNEQAY,,,,70.020000,SKIP,,Price List 'SPEC' not found in Price_List__c
Price_List_Entry__c,DCT500 - DEAL - USD,MISSING,01t6A000000asNFQAY,,,,168.660000,SKIP,,Price List 'DEAL' not found in Price_List__c
Price_List_Entry__c,DCT500 - PART - USD,MISSING,01t6A000000asNFQAY,,,,133.160000,SKIP,,Price List 'PART' not found in Price_List__c
Price_List_Entry__c,DCT500 - DIST - USD,MISSING,01t6A000000asNFQAY,,,,126.500000,SKIP,,Price List 'DIST' not found in Price_List__c
Price_List_Entry__c,DCT500 - SPEC - USD,MISSING,01t6A000000asNFQAY,,,,120.180000,SKIP,,Price List 'SPEC' not found in Price_List__c
Price_List_Entry__c,DCT600 - DEAL - USD,MISSING,01t6A000000asNGQAY,,,,215.600000,SKIP,,Price List 'DEAL' not found in Price_List__c
Price_List_Entry__c,DCT600 - PART - USD,MISSING,01t6A000000asNGQAY,,,,170.210000,SKIP,,Price List 'PART' not found in Price_List__c
Price_List_Entry__c,DCT600 - DIST - USD,MISSING,01t6A000000asNGQAY,,,,161.700000,SKIP,,Price List 'DIST' not found in Price_List__c
Price_List_Entry__c,DCT600 - SPEC - USD,MISSING,01t6A000000asNGQAY,,,,153.620000,SKIP,,Price List 'SPEC' not found in Price_List__c
Price_List_Entry__c,DCT900 - DEAL - USD,MISSING,01t6A000000asWxQAI,,,,159.090000,SKIP,,Price List 'DEAL' not found in Price_List__c
Price_List_Entry__c,DCT900 - PART - USD,MISSING,01t6A000000asWxQAI,,,,125.600000,SKIP,,Price List 'PART' not found in Price_List__c
Price_List_Entry__c,DCT900 - DIST - USD,MISSING,01t6A000000asWxQAI,,,,119.320000,SKIP,,Price List 'DIST' not found in Price_List__c
Price_List_Entry__c,DCT900 - SPEC - USD,MISSING,01t6A000000asWxQAI,,,,113.350000,SKIP,,Price List 'SPEC' not found in Price_List__c
Price_List_Entry__c,DS-VWRS013 - DEAL - USD,MISSING,01t6A000000aqfCQAQ,,,,100.060000,SKIP,,Price List 'DEAL' not found in Price_List__c
Price_List_Entry__c,DS-VWRS013 - PART - USD,MISSING,01t6A000000aqfCQAQ,,,,100.060000,SKIP,,Price List 'PART' not found in Price_List__c
Price_List_Entry__c,DS-VWRS013 - DIST - USD,MISSING,01t6A000000aqfCQAQ,,,,100.060000,SKIP,,Price List 'DIST' not found in Price_List__c
Price_List_Entry__c,DS-VWRS013 - SPEC - USD,MISSING,01t6A000000aqfCQAQ,,,,100.060000,SKIP,,Price List 'SPEC' not found in Price_List__c
Price_List_Entry__c,DS-VWRS029 - DEAL - USD,MISSING,01t6A000000aqfGQAQ,,,,157.300000,SKIP,,Price List 'DEAL' not found in Price_List__c
Price_List_Entry__c,DS-VWRS029 - PART - USD,MISSING,01t6A000000aqfGQAQ,,,,124.300000,SKIP,,Price List 'PART' not found in Price_List__c
Price_List_Entry__c,DS-VWRS029 - DIST - USD,MISSING,01t6A000000aqfGQAQ,,,,117.700000,SKIP,,Price List 'DIST' not found in Price_List__c
Price_List_Entry__c,DS-VWRS029 - SPEC - USD,MISSING,01t6A000000aqfGQAQ,,,,111.100000,SKIP,,Price List 'SPEC' not found in Price_List__c
Price_List_Entry__c,DS-VWRS039 - DEAL - USD,MISSING,01t6A000000aqfHQAQ,,,,152.900000,SKIP,,Price List 'DEAL' not found in Price_List__c
Price_List_Entry__c,DS-VWRS039 - PART - USD,MISSING,01t6A000000aqfHQAQ,,,,121.000000,SKIP,,Price List 'PART' not found in Price_List__c
Price_List_Entry__c,DS-VWRS039 - DIST - USD,MISSING,01t6A000000aqfHQAQ,,,,115.500000,SKIP,,Price List 'DIST' not found in Price_List__c
Price_List_Entry__c,DS-VWRS039 - SPEC - USD,MISSING,01t6A000000aqfHQAQ,,,,108.900000,SKIP,,Price List 'SPEC' not found in Price_List__c
Price_List_Entry__c,DS-VWRS040 - DEAL - USD,MISSING,01t6A000000aqfIQAQ,,,,100.060000,SKIP,,Price List 'DEAL' not found in Price_List__c
Price_List_Entry__c,DS-VWRS040 - PART - USD,MISSING,01t6A000000aqfIQAQ,,,,100.060000,SKIP,,Price List 'PART' not found in Price_List__c
Price_List_Entry__c,DS-VWRS040 - DIST - USD,MISSING,01t6A000000aqfIQAQ,,,,100.060000,SKIP,,Price List 'DIST' not found in Price_List__c
Price_List_Entry__c,DS-VWRS040 - SPEC - USD,MISSING,01t6A000000aqfIQAQ,,,,100.060000,SKIP,,Price List 'SPEC' not found in Price_List__c
Price_List_Entry__c,DS-VWRS045 - DEAL - USD,MISSING,01t6A000000aqmmQAA,,,,100.060000,SKIP,,Price List 'DEAL' not found in Price_List__c
Price_List_Entry__c,DS-VWRS045 - PART - USD,MISSING,01t6A000000aqmmQAA,,,,100.060000,SKIP,,Price List 'PART' not found in Price_List__c
Price_List_Entry__c,DS-VWRS045 - DIST - USD,MISSING,01t6A000000aqmmQAA,,,,100.060000,SKIP,,Price List 'DIST' not found in Price_List__c
Price_List_Entry__c,DS-VWRS045 - SPEC - USD,MISSING,01t6A000000aqmmQAA,,,,100.060000,SKIP,,Price List 'SPEC' not found in Price_List__c
Price_List_Entry__c,DS-VWRS052 - DEAL - USD,MISSING,01t6A000000aqmnQAA,,,,100.060000,SKIP,,Price List 'DEAL' not found in Price_List__c
Price_List_Entry__c,DS-VWRS052 - PART - USD,MISSING,01t6A000000aqmnQAA,,,,100.060000,SKIP,,Price List 'PART' not found in Price_List__c
Price_List_Entry__c,DS-VWRS052 - DIST - USD,MISSING,01t6A000000aqmnQAA,,,,100.060000,SKIP,,Price List 'DIST' not found in Price_List__c
Price_List_Entry__c,DS-VWRS052 - SPEC - USD,MISSING,01t6A000000aqmnQAA,,,,100.060000,SKIP,,Price List 'SPEC' not found in Price_List__c
Price_List_Entry__c,DS-VWRS053 - DEAL - USD,MISSING,01t6A000000aqmoQAA,,,,152.900000,SKIP,,Price List 'DEAL' not found in Price_List__c
Price_List_Entry__c,DS-VWRS053 - PART - USD,MISSING,01t6A000000aqmoQAA,,,,121.000000,SKIP,,Price List 'PART' not found in Price_List__c
Price_List_Entry__c,DS-VWRS053 - DIST - USD,MISSING,01t6A000000aqmoQAA,,,,115.500000,SKIP,,Price List 'DIST' not found in Price_List__c
Price_List_Entry__c,DS-VWRS053 - SPEC - USD,MISSING,01t6A000000aqmoQAA,,,,108.900000,SKIP,,Price List 'SPEC' not found in Price_List__c
Price_List_Entry__c,DS-VWRS086 - DEAL - USD,MISSING,01t6A000000aqfJQAQ,,,,152.900000,SKIP,,Price List 'DEAL' not found in Price_List__c
Price_List_Entry__c,DS-VWRS086 - PART - USD,MISSING,01t6A000000aqfJQAQ,,,,121.000000,SKIP,,Price List 'PART' not found in Price_List__c
Price_List_Entry__c,DS-VWRS086 - DIST - USD,MISSING,01t6A000000aqfJQAQ,,,,115.500000,SKIP,,Price List 'DIST' not found in Price_List__c
Price_List_Entry__c,DS-VWRS086 - SPEC - USD,MISSING,01t6A000000aqfJQAQ,,,,108.900000,SKIP,,Price List 'SPEC' not found in Price_List__c
Price_List_Entry__c,DS-VWRS090 - DEAL - USD,MISSING,01t6A000000arZDQAY,,,,173.800000,SKIP,,Price List 'DEAL' not found in Price_List__c
Price_List_Entry__c,DS-VWRS090 - PART - USD,MISSING,01t6A000000arZDQAY,,,,137.500000,SKIP,,Price List 'PART' not found in Price_List__c
Price_List_Entry__c,DS-VWRS090 - DIST - USD,MISSING,01t6A000000arZDQAY,,,,130.900000,SKIP,,Price List 'DIST' not found in Price_List__c
Price_List_Entry__c,DS-VWRS090 - SPEC - USD,MISSING,01t6A000000arZDQAY,,,,124.300000,SKIP,,Price List 'SPEC' not found in Price_List__c
Price_List_Entry__c,DS-VWRS091 - DEAL - USD,MISSING,01t6A000002iG1rQAE,,,,160.510000,SKIP,,Price List 'DEAL' not found in Price_List__c
Price_List_Entry__c,DS-VWRS091 - PART - USD,MISSING,01t6A000002iG1rQAE,,,,126.720000,SKIP,,Price List 'PART' not found in Price_List__c
Price_List_Entry__c,DS-VWRS091 - DIST - USD,MISSING,01t6A000002iG1rQAE,,,,120.380000,SKIP,,Price List 'DIST' not found in Price_List__c
Price_List_Entry__c,DS-VWRS091 - SPEC - USD,MISSING,01t6A000002iG1rQAE,,,,114.360000,SKIP,,Price List 'SPEC' not found in Price_List__c
Price_List_Entry__c,DS-VWRS092 - DEAL - USD,MISSING,01t6A000000aqulQAA,,,,205.070000,SKIP,,Price List 'DEAL' not found in Price_List__c
Price_List_Entry__c,DS-VWRS092 - PART - USD,MISSING,01t6A000000aqulQAA,,,,161.900000,SKIP,,Price List 'PART' not found in Price_List__c
Price_List_Entry__c,DS-VWRS092 - DIST - USD,MISSING,01t6A000000aqulQAA,,,,153.800000,SKIP,,Price List 'DIST' not found in Price_List__c
Price_List_Entry__c,DS-VWRS092 - SPEC - USD,MISSING,01t6A000000aqulQAA,,,,146.110000,SKIP,,Price List 'SPEC' not found in Price_List__c
Price_List_Entry__c,DS-VWS013 - DEAL - USD,MISSING,01t6A000000arDbQAI,,,,26.690000,SKIP,,Price List 'DEAL' not found in Price_List__c
Price_List_Entry__c,DS-VWS013 - PART - USD,MISSING,01t6A000000arDbQAI,,,,26.690000,SKIP,,Price List 'PART' not found in Price_List__c
Price_List_Entry__c,DS-VWS013 - DIST - USD,MISSING,01t6A000000arDbQAI,,,,26.690000,SKIP,,Price List 'DIST' not found in Price_List__c
Price_List_Entry__c,DS-VWS013 - SPEC - USD,MISSING,01t6A000000arDbQAI,,,,26.690000,SKIP,,Price List 'SPEC' not found in Price_List__c
Price_List_Entry__c,DS-VWS040 - DEAL - USD,MISSING,01t6A000000asfiQAA,,,,26.690000,SKIP,,Price List 'DEAL' not found in Price_List__c
Price_List_Entry__c,DS-VWS040 - PART - USD,MISSING,01t6A000000asfiQAA,,,,26.690000,SKIP,,Price List 'PART' not found in Price_List__c
Price_List_Entry__c,DS-VWS040 - DIST - USD,MISSING,01t6A000000asfiQAA,,,,26.690000,SKIP,,Price List 'DIST' not found in Price_List__c
Price_List_Entry__c,DS-VWS040 - SPEC - USD,MISSING,01t6A000000asfiQAA,,,,26.690000,SKIP,,Price List 'SPEC' not found in Price_List__c
Price_List_Entry__c,DS-VWS040-P - DEAL - USD,MISSING,01t6A000000atFOQAY,,,,44.000000,SKIP,,Price List 'DEAL' not found in Price_List__c
Price_List_Entry__c,DS-VWS040-P - PART - USD,MISSING,01t6A000000atFOQAY,,,,35.080000,SKIP,,Price List 'PART' not found in Price_List__c
Price_List_Entry__c,DS-VWS040-P - DIST - USD,MISSING,01t6A000000atFOQAY,,,,33.000000,SKIP,,Price List 'DIST' not found in Price_List__c
Price_List_Entry__c,DS-VWS040-P - SPEC - USD,MISSING,01t6A000000atFOQAY,,,,31.900000,SKIP,,Price List 'SPEC' not found in Price_List__c
Price_List_Entry__c,DS-VWS079 - DEAL - USD,MISSING,01t6A000000arF6QAI,,,,64.810000,SKIP,,Price List 'DEAL' not found in Price_List__c
Price_List_Entry__c,DS-VWS079 - PART - USD,MISSING,01t6A000000arF6QAI,,,,51.170000,SKIP,,Price List 'PART' not found in Price_List__c
Price_List_Entry__c,DS-VWS079 - DIST - USD,MISSING,01t6A000000arF6QAI,,,,48.610000,SKIP,,Price List 'DIST' not found in Price_List__c
Price_List_Entry__c,DS-VWS079 - SPEC - USD,MISSING,01t6A000000arF6QAI,,,,46.180000,SKIP,,Price List 'SPEC' not found in Price_List__c
Price_List_Entry__c,DS-VWS090 - DEAL - USD,MISSING,01t6A000000aqmGQAQ,,,,26.690000,SKIP,,Price List 'DEAL' not found in Price_List__c
Price_List_Entry__c,DS-VWS090 - PART - USD,MISSING,01t6A000000aqmGQAQ,,,,26.690000,SKIP,,Price List 'PART' not found in Price_List__c
Price_List_Entry__c,DS-VWS090 - DIST - USD,MISSING,01t6A000000aqmGQAQ,,,,26.690000,SKIP,,Price List 'DIST' not found in Price_List__c
Price_List_Entry__c,DS-VWS090 - SPEC - USD,MISSING,01t6A000000aqmGQAQ,,,,26.690000,SKIP,,Price List 'SPEC' not found in Price_List__c
Price_List_Entry__c,DS25 - DEAL - USD,MISSING,01t6A000000arqQQAQ,,,,82.560000,SKIP,,Price List 'DEAL' not found in Price_List__c
Price_List_Entry__c,DS25 - PART - USD,MISSING,01t6A000000arqQQAQ,,,,65.190000,SKIP,,Price List 'PART' not found in Price_List__c
Price_List_Entry__c,DS25 - DIST - USD,MISSING,01t6A000000arqQQAQ,,,,61.930000,SKIP,,Price List 'DIST' not found in Price_List__c
Price_List_Entry__c,DS25 - SPEC - USD,MISSING,01t6A000000arqQQAQ,,,,58.670000,SKIP,,Price List 'SPEC' not found in Price_List__c
Price_List_Entry__c,DS45 - DEAL - USD,MISSING,01t6A000000aqkkQAA,,,,54.150000,SKIP,,Price List 'DEAL' not found in Price_List__c
Price_List_Entry__c,DS45 - PART - USD,MISSING,01t6A000000aqkkQAA,,,,42.740000,SKIP,,Price List 'PART' not found in Price_List__c
Price_List_Entry__c,DS45 - DIST - USD,MISSING,01t6A000000aqkkQAA,,,,40.610000,SKIP,,Price List 'DIST' not found in Price_List__c
Price_List_Entry__c,DS45 - SPEC - USD,MISSING,01t6A000000aqkkQAA,,,,38.470000,SKIP,,Price List 'SPEC' not found in Price_List__c
Price_List_Entry__c,DSX200 - DEAL - USD,MISSING,01t6A000000arGHQAY,,,,181.910000,SKIP,,Price List 'DEAL' not found in Price_List__c
Price_List_Entry__c,DSX200 - PART - USD,MISSING,01t6A000000arGHQAY,,,,143.610000,SKIP,,Price List 'PART' not found in Price_List__c
Price_List_Entry__c,DSX200 - DIST - USD,MISSING,01t6A000000arGHQAY,,,,136.430000,SKIP,,Price List 'DIST' not found in Price_List__c
Price_List_Entry__c,DSX200 - SPEC - USD,MISSING,01t6A000000arGHQAY,,,,129.250000,SKIP,,Price List 'SPEC' not found in Price_List__c
Price_List_Entry__c,ESHV10 - DEAL - USD,MISSING,01t6A000000aqpeQAA,,,,31.480000,SKIP,,Price List 'DEAL' not found in Price_List__c
Price_List_Entry__c,ESHV10 - PART - USD,MISSING,01t6A000000aqpeQAA,,,,24.850000,SKIP,,Price List 'PART' not found in Price_List__c
Price_List_Entry__c,ESHV10 - DIST - USD,MISSING,01t6A000000aqpeQAA,,,,23.620000,SKIP,,Price List 'DIST' not found in Price_List__c
Price_List_Entry__c,ESHV10 - SPEC - USD,MISSING,01t6A000000aqpeQAA,,,,22.370000,SKIP,,Price List 'SPEC' not found in Price_List__c
Price_List_Entry__c,ESHV10-S1 - DEAL - USD,MISSING,01t6A000000arxkQAA,,,,31.480000,SKIP,,Price List 'DEAL' not found in Price_List__c
Price_List_Entry__c,ESHV10-S1 - PART - USD,MISSING,01t6A000000arxkQAA,,,,24.850000,SKIP,,Price List 'PART' not found in Price_List__c
Price_List_Entry__c,ESHV10-S1 - DIST - USD,MISSING,01t6A000000arxkQAA,,,,23.620000,SKIP,,Price List 'DIST' not found in Price_List__c
Price_List_Entry__c,ESHV10-S1 - SPEC - USD,MISSING,01t6A000000arxkQAA,,,,22.370000,SKIP,,Price List 'SPEC' not found in Price_List__c
Price_List_Entry__c,ESHV20 - DEAL - USD,MISSING,01t6A000000aqpfQAA,,,,50.000000,SKIP,,Price List 'DEAL' not found in Price_List__c
Price_List_Entry__c,ESHV20 - PART - USD,MISSING,01t6A000000aqpfQAA,,,,39.470000,SKIP,,Price List 'PART' not found in Price_List__c
Price_List_Entry__c,ESHV20 - DIST - USD,MISSING,01t6A000000aqpfQAA,,,,37.510000,SKIP,,Price List 'DIST' not found in Price_List__c
Price_List_Entry__c,ESHV20 - SPEC - USD,MISSING,01t6A000000aqpfQAA,,,,35.530000,SKIP,,Price List 'SPEC' not found in Price_List__c
Price_List_Entry__c,ESHV20-S1 - DEAL - USD,MISSING,01t6A000000arxlQAA,,,,50.000000,SKIP,,Price List 'DEAL' not found in Price_List__c
Price_List_Entry__c,ESHV20-S1 - PART - USD,MISSING,01t6A000000arxlQAA,,,,39.470000,SKIP,,Price List 'PART' not found in Price_List__c
Price_List_Entry__c,ESHV20-S1 - DIST - USD,MISSING,01t6A000000arxlQAA,,,,37.510000,SKIP,,Price List 'DIST' not found in Price_List__c
Price_List_Entry__c,ESHV20-S1 - SPEC - USD,MISSING,01t6A000000arxlQAA,,,,35.530000,SKIP,,Price List 'SPEC' not found in Price_List__c
Price_List_Entry__c,ESHV30 - DEAL - USD,MISSING,01t6A000000aqpgQAA,,,,79.660000,SKIP,,Price List 'DEAL' not found in Price_List__c
Price_List_Entry__c,ESHV30 - PART - USD,MISSING,01t6A000000aqpgQAA,,,,62.900000,SKIP,,Price List 'PART' not found in Price_List__c
Price_List_Entry__c,ESHV30 - DIST - USD,MISSING,01t6A000000aqpgQAA,,,,59.740000,SKIP,,Price List 'DIST' not found in Price_List__c
Price_List_Entry__c,ESHV30 - SPEC - USD,MISSING,01t6A000000aqpgQAA,,,,56.600000,SKIP,,Price List 'SPEC' not found in Price_List__c
Price_List_Entry__c,ESHV30-S1 - DEAL - USD,MISSING,01t6A000000asIvQAI,,,,79.660000,SKIP,,Price List 'DEAL' not found in Price_List__c
Price_List_Entry__c,ESHV30-S1 - PART - USD,MISSING,01t6A000000asIvQAI,,,,62.900000,SKIP,,Price List 'PART' not found in Price_List__c
Price_List_Entry__c,ESHV30-S1 - DIST - USD,MISSING,01t6A000000asIvQAI,,,,59.740000,SKIP,,Price List 'DIST' not found in Price_List__c
Price_List_Entry__c,ESHV30-S1 - SPEC - USD,MISSING,01t6A000000asIvQAI,,,,56.600000,SKIP,,Price List 'SPEC' not found in Price_List__c
Price_List_Entry__c,EXT006 - DEAL - USD,MISSING,01t6A000000aqklQAA,,,,30.860000,SKIP,,Price List 'DEAL' not found in Price_List__c
Price_List_Entry__c,EXT006 - PART - USD,MISSING,01t6A000000aqklQAA,,,,24.360000,SKIP,,Price List 'PART' not found in Price_List__c
Price_List_Entry__c,EXT006 - DIST - USD,MISSING,01t6A000000aqklQAA,,,,23.140000,SKIP,,Price List 'DIST' not found in Price_List__c
Price_List_Entry__c,EXT006 - SPEC - USD,MISSING,01t6A000000aqklQAA,,,,21.990000,SKIP,,Price List 'SPEC' not found in Price_List__c
Price_List_Entry__c,EXT101 - DEAL - USD,MISSING,01t6A000000asNAQAY,,,,35.310000,SKIP,,Price List 'DEAL' not found in Price_List__c
Price_List_Entry__c,EXT101 - PART - USD,MISSING,01t6A000000asNAQAY,,,,27.880000,SKIP,,Price List 'PART' not found in Price_List__c
Price_List_Entry__c,EXT101 - DIST - USD,MISSING,01t6A000000asNAQAY,,,,26.480000,SKIP,,Price List 'DIST' not found in Price_List__c
Price_List_Entry__c,EXT101 - SPEC - USD,MISSING,01t6A000000asNAQAY,,,,25.160000,SKIP,,Price List 'SPEC' not found in Price_List__c
Price_List_Entry__c,EXT102 - DEAL - USD,MISSING,01t6A000000arB2QAI,,,,48.380000,SKIP,,Price List 'DEAL' not found in Price_List__c
Price_List_Entry__c,EXT102 - PART - USD,MISSING,01t6A000000arB2QAI,,,,38.200000,SKIP,,Price List 'PART' not found in Price_List__c
Price_List_Entry__c,EXT102 - DIST - USD,MISSING,01t6A000000arB2QAI,,,,36.290000,SKIP,,Price List 'DIST' not found in Price_List__c
Price_List_Entry__c,EXT102 - SPEC - USD,MISSING,01t6A000000arB2QAI,,,,34.470000,SKIP,,Price List 'SPEC' not found in Price_List__c
Price_List_Entry__c,EXT106 - DEAL - USD,MISSING,01t6A000000arB5QAI,,,,64.220000,SKIP,,Price List 'DEAL' not found in Price_List__c
Price_List_Entry__c,EXT106 - PART - USD,MISSING,01t6A000000arB5QAI,,,,50.700000,SKIP,,Price List 'PART' not found in Price_List__c
Price_List_Entry__c,EXT106 - DIST - USD,MISSING,01t6A000000arB5QAI,,,,48.170000,SKIP,,Price List 'DIST' not found in Price_List__c
Price_List_Entry__c,EXT106 - SPEC - USD,MISSING,01t6A000000arB5QAI,,,,45.630000,SKIP,,Price List 'SPEC' not found in Price_List__c
Price_List_Entry__c,EXT107 - DEAL - USD,MISSING,01t6A000000arB6QAI,,,,78.270000,SKIP,,Price List 'DEAL' not found in Price_List__c
Price_List_Entry__c,EXT107 - PART - USD,MISSING,01t6A000000arB6QAI,,,,61.800000,SKIP,,Price List 'PART' not found in Price_List__c
Price_List_Entry__c,EXT107 - DIST - USD,MISSING,01t6A000000arB6QAI,,,,58.700000,SKIP,,Price List 'DIST' not found in Price_List__c
Price_List_Entry__c,EXT107 - SPEC - USD,MISSING,01t6A000000arB6QAI,,,,55.610000,SKIP,,Price List 'SPEC' not found in Price_List__c
Price_List_Entry__c,IB14X14-W - DEAL - USD,MISSING,01t2K000006MDPiQAO,,,,124.060000,SKIP,,Price List 'DEAL' not found in Price_List__c
Price_List_Entry__c,IB14X14-W - PART - USD,MISSING,01t2K000006MDPiQAO,,,,98.730000,SKIP,,Price List 'PART' not found in Price_List__c
Price_List_Entry__c,IB14X14-W - DIST - USD,MISSING,01t2K000006MDPiQAO,,,,93.390000,SKIP,,Price List 'DIST' not found in Price_List__c
Price_List_Entry__c,IB14X14-W - SPEC - USD,MISSING,01t2K000006MDPiQAO,,,,89.390000,SKIP,,Price List 'SPEC' not found in Price_List__c
Price_List_Entry__c,IB14X9-W - DEAL - USD,MISSING,01t2K000006NaLuQAK,,,,97.380000,SKIP,,Price List 'DEAL' not found in Price_List__c
Price_List_Entry__c,IB14X9-W - PART - USD,MISSING,01t2K000006NaLuQAK,,,,77.390000,SKIP,,Price List 'PART' not found in Price_List__c
Price_List_Entry__c,IB14X9-W - DIST - USD,MISSING,01t2K000006NaLuQAK,,,,73.370000,SKIP,,Price List 'DIST' not found in Price_List__c
Price_List_Entry__c,IB14X9-W - SPEC - USD,MISSING,01t2K000006NaLuQAK,,,,70.700000,SKIP,,Price List 'SPEC' not found in Price_List__c
Price_List_Entry__c,IBMP - DEAL - USD,MISSING,01t2K000006VpINQA0,,,,29.360000,SKIP,,Price List 'DEAL' not found in Price_List__c
Price_List_Entry__c,IBMP - PART - USD,MISSING,01t2K000006VpINQA0,,,,22.670000,SKIP,,Price List 'PART' not found in Price_List__c
Price_List_Entry__c,IBMP - DIST - USD,MISSING,01t2K000006VpINQA0,,,,21.340000,SKIP,,Price List 'DIST' not found in Price_List__c
Price_List_Entry__c,IBMP - SPEC - USD,MISSING,01t2K000006VpINQA0,,,,20.010000,SKIP,,Price List 'SPEC' not found in Price_List__c
Price_List_Entry__c,MIS213 - DEAL - USD,MISSING,01t6A000000aqs6QAA,,,,67.660000,SKIP,,Price List 'DEAL' not found in Price_List__c
Price_List_Entry__c,MIS213 - PART - USD,MISSING,01t6A000000aqs6QAA,,,,53.410000,SKIP,,Price List 'PART' not found in Price_List__c
Price_List_Entry__c,MIS213 - DIST - USD,MISSING,01t6A000000aqs6QAA,,,,50.740000,SKIP,,Price List 'DIST' not found in Price_List__c
Price_List_Entry__c,MIS213 - SPEC - USD,MISSING,01t6A000000aqs6QAA,,,,48.070000,SKIP,,Price List 'SPEC' not found in Price_List__c
Price_List_Entry__c,MIS995 - DEAL - USD,MISSING,01t6A000000arAJQAY,,,,106.720000,SKIP,,Price List 'DEAL' not found in Price_List__c
Price_List_Entry__c,MIS995 - PART - USD,MISSING,01t6A000000arAJQAY,,,,84.260000,SKIP,,Price List 'PART' not found in Price_List__c
Price_List_Entry__c,MIS995 - DIST - USD,MISSING,01t6A000000arAJQAY,,,,80.050000,SKIP,,Price List 'DIST' not found in Price_List__c
Price_List_Entry__c,MIS995 - SPEC - USD,MISSING,01t6A000000arAJQAY,,,,75.820000,SKIP,,Price List 'SPEC' not found in Price_List__c
Price_List_Entry__c,MOD-ACAP - DEAL - USD,MISSING,01t6A000000ascFQAQ,,,,7.410000,SKIP,,Price List 'DEAL' not found in Price_List__c
Price_List_Entry__c,MOD-ACAP - PART - USD,MISSING,01t6A000000ascFQAQ,,,,5.850000,SKIP,,Price List 'PART' not found in Price_List__c
Price_List_Entry__c,MOD-ACAP - DIST - USD,MISSING,01t6A000000ascFQAQ,,,,5.570000,SKIP,,Price List 'DIST' not found in Price_List__c
Price_List_Entry__c,MOD-ACAP - SPEC - USD,MISSING,01t6A000000ascFQAQ,,,,5.280000,SKIP,,Price List 'SPEC' not found in Price_List__c
Price_List_Entry__c,MOD-ACF - DEAL - USD,MISSING,01t6A000000asyZQAQ,,,,73.360000,SKIP,,Price List 'DEAL' not found in Price_List__c
Price_List_Entry__c,MOD-ACF - PART - USD,MISSING,01t6A000000asyZQAQ,,,,57.920000,SKIP,,Price List 'PART' not found in Price_List__c
Price_List_Entry__c,MOD-ACF - DIST - USD,MISSING,01t6A000000asyZQAQ,,,,55.020000,SKIP,,Price List 'DIST' not found in Price_List__c
Price_List_Entry__c,MOD-ACF - SPEC - USD,MISSING,01t6A000000asyZQAQ,,,,52.270000,SKIP,,Price List 'SPEC' not found in Price_List__c
Price_List_Entry__c,MOD-ACF-W - DEAL - USD,MISSING,01t6A000000atMnQAI,,,,72.140000,SKIP,,Price List 'DEAL' not found in Price_List__c
Price_List_Entry__c,MOD-ACF-W - PART - USD,MISSING,01t6A000000atMnQAI,,,,56.950000,SKIP,,Price List 'PART' not found in Price_List__c
Price_List_Entry__c,MOD-ACF-W - DIST - USD,MISSING,01t6A000000atMnQAI,,,,54.110000,SKIP,,Price List 'DIST' not found in Price_List__c
Price_List_Entry__c,MOD-ACF-W - SPEC - USD,MISSING,01t6A000000atMnQAI,,,,51.400000,SKIP,,Price List 'SPEC' not found in Price_List__c
Price_List_Entry__c,MOD-ADF - DEAL - USD,MISSING,01t6A000000at68QAA,,,,43.220000,SKIP,,Price List 'DEAL' not found in Price_List__c
Price_List_Entry__c,MOD-ADF - PART - USD,MISSING,01t6A000000at68QAA,,,,34.120000,SKIP,,Price List 'PART' not found in Price_List__c
Price_List_Entry__c,MOD-ADF - DIST - USD,MISSING,01t6A000000at68QAA,,,,32.430000,SKIP,,Price List 'DIST' not found in Price_List__c
Price_List_Entry__c,MOD-ADF - SPEC - USD,MISSING,01t6A000000at68QAA,,,,30.710000,SKIP,,Price List 'SPEC' not found in Price_List__c
Price_List_Entry__c,MOD-APC - DEAL - USD,MISSING,01t6A000000arIwQAI,,,,25.640000,SKIP,,Price List 'DEAL' not found in Price_List__c
Price_List_Entry__c,MOD-APC - PART - USD,MISSING,01t6A000000arIwQAI,,,,20.240000,SKIP,,Price List 'PART' not found in Price_List__c
Price_List_Entry__c,MOD-APC - DIST - USD,MISSING,01t6A000000arIwQAI,,,,19.230000,SKIP,,Price List 'DIST' not found in Price_List__c
Price_List_Entry__c,MOD-APC - SPEC - USD,MISSING,01t6A000000arIwQAI,,,,18.270000,SKIP,,Price List 'SPEC' not found in Price_List__c
Price_List_Entry__c,MOD-ASC - DEAL - USD,MISSING,01t6A000000atFwQAI,,,,29.390000,SKIP,,Price List 'DEAL' not found in Price_List__c
Price_List_Entry__c,MOD-ASC - PART - USD,MISSING,01t6A000000atFwQAI,,,,23.200000,SKIP,,Price List 'PART' not found in Price_List__c
Price_List_Entry__c,MOD-ASC - DIST - USD,MISSING,01t6A000000atFwQAI,,,,22.040000,SKIP,,Price List 'DIST' not found in Price_List__c
Price_List_Entry__c,MOD-ASC - SPEC - USD,MISSING,01t6A000000atFwQAI,,,,20.880000,SKIP,,Price List 'SPEC' not found in Price_List__c
Price_List_Entry__c,MOD-ASC-W - DEAL - USD,MISSING,01t6A000000at1fQAA,,,,22.000000,SKIP,,Price List 'DEAL' not found in Price_List__c
Price_List_Entry__c,MOD-ASC-W - PART - USD,MISSING,01t6A000000at1fQAA,,,,16.500000,SKIP,,Price List 'PART' not found in Price_List__c
Price_List_Entry__c,MOD-ASC-W - DIST - USD,MISSING,01t6A000000at1fQAA,,,,15.400000,SKIP,,Price List 'DIST' not found in Price_List__c
Price_List_Entry__c,MOD-ASC-W - SPEC - USD,MISSING,01t6A000000at1fQAA,,,,15.400000,SKIP,,Price List 'SPEC' not found in Price_List__c
Price_List_Entry__c,MOD-ATA - DEAL - USD,MISSING,01t6A000000atZBQAY,,,,37.510000,SKIP,,Price List 'DEAL' not found in Price_List__c
Price_List_Entry__c,MOD-ATA - PART - USD,MISSING,01t6A000000atZBQAY,,,,29.610000,SKIP,,Price List 'PART' not found in Price_List__c
Price_List_Entry__c,MOD-ATA - DIST - USD,MISSING,01t6A000000atZBQAY,,,,28.130000,SKIP,,Price List 'DIST' not found in Price_List__c
Price_List_Entry__c,MOD-ATA - SPEC - USD,MISSING,01t6A000000atZBQAY,,,,26.730000,SKIP,,Price List 'SPEC' not found in Price_List__c
Price_List_Entry__c,MOD-ATA-W - DEAL - USD,MISSING,01t6A000000aqwfQAA,,,,31.900000,SKIP,,Price List 'DEAL' not found in Price_List__c
Price_List_Entry__c,MOD-ATA-W - PART - USD,MISSING,01t6A000000aqwfQAA,,,,25.300000,SKIP,,Price List 'PART' not found in Price_List__c
Price_List_Entry__c,MOD-ATA-W - DIST - USD,MISSING,01t6A000000aqwfQAA,,,,24.200000,SKIP,,Price List 'DIST' not found in Price_List__c
Price_List_Entry__c,MOD-ATA-W - SPEC - USD,MISSING,01t6A000000aqwfQAA,,,,23.100000,SKIP,,Price List 'SPEC' not found in Price_List__c
Price_List_Entry__c,MOD-ATD-W - DEAL - USD,MISSING,01t6A000000armVQAQ,,,,8.420000,SKIP,,Price List 'DEAL' not found in Price_List__c
Price_List_Entry__c,MOD-ATD-W - PART - USD,MISSING,01t6A000000armVQAQ,,,,6.640000,SKIP,,Price List 'PART' not found in Price_List__c
Price_List_Entry__c,MOD-ATD-W - DIST - USD,MISSING,01t6A000000armVQAQ,,,,6.310000,SKIP,,Price List 'DIST' not found in Price_List__c
Price_List_Entry__c,MOD-ATD-W - SPEC - USD,MISSING,01t6A000000armVQAQ,,,,6.000000,SKIP,,Price List 'SPEC' not found in Price_List__c
Price_List_Entry__c,MOD-AUB - DEAL - USD,MISSING,01t6A000000at1gQAA,,,,46.120000,SKIP,,Price List 'DEAL' not found in Price_List__c
Price_List_Entry__c,MOD-AUB - PART - USD,MISSING,01t6A000000at1gQAA,,,,36.410000,SKIP,,Price List 'PART' not found in Price_List__c
Price_List_Entry__c,MOD-AUB - DIST - USD,MISSING,01t6A000000at1gQAA,,,,34.590000,SKIP,,Price List 'DIST' not found in Price_List__c
Price_List_Entry__c,MOD-AUB - SPEC - USD,MISSING,01t6A000000at1gQAA,,,,32.860000,SKIP,,Price List 'SPEC' not found in Price_List__c
Price_List_Entry__c,MOD-CPC - DEAL - USD,MISSING,01t6A000000at1hQAA,,,,41.510000,SKIP,,Price List 'DEAL' not found in Price_List__c
Price_List_Entry__c,MOD-CPC - PART - USD,MISSING,01t6A000000at1hQAA,,,,32.770000,SKIP,,Price List 'PART' not found in Price_List__c
Price_List_Entry__c,MOD-CPC - DIST - USD,MISSING,01t6A000000at1hQAA,,,,31.130000,SKIP,,Price List 'DIST' not found in Price_List__c
Price_List_Entry__c,MOD-CPC - SPEC - USD,MISSING,01t6A000000at1hQAA,,,,29.580000,SKIP,,Price List 'SPEC' not found in Price_List__c
Price_List_Entry__c,MOD-CPC-W - DEAL - USD,MISSING,01t6A000000at1iQAA,,,,45.800000,SKIP,,Price List 'DEAL' not found in Price_List__c
Price_List_Entry__c,MOD-CPC-W - PART - USD,MISSING,01t6A000000at1iQAA,,,,36.160000,SKIP,,Price List 'PART' not found in Price_List__c
Price_List_Entry__c,MOD-CPC-W - DIST - USD,MISSING,01t6A000000at1iQAA,,,,34.350000,SKIP,,Price List 'DIST' not found in Price_List__c
Price_List_Entry__c,MOD-CPC-W - SPEC - USD,MISSING,01t6A000000at1iQAA,,,,32.630000,SKIP,,Price List 'SPEC' not found in Price_List__c
Price_List_Entry__c,MOD-CPF - DEAL - USD,MISSING,01t6A000000at1jQAA,,,,67.540000,SKIP,,Price List 'DEAL' not found in Price_List__c
Price_List_Entry__c,MOD-CPF - PART - USD,MISSING,01t6A000000at1jQAA,,,,53.320000,SKIP,,Price List 'PART' not found in Price_List__c
Price_List_Entry__c,MOD-CPF - DIST - USD,MISSING,01t6A000000at1jQAA,,,,50.650000,SKIP,,Price List 'DIST' not found in Price_List__c
Price_List_Entry__c,MOD-CPF - SPEC - USD,MISSING,01t6A000000at1jQAA,,,,48.120000,SKIP,,Price List 'SPEC' not found in Price_List__c
Price_List_Entry__c,MOD-CPF-W - DEAL - USD,MISSING,01t6A000000at1kQAA,,,,60.500000,SKIP,,Price List 'DEAL' not found in Price_List__c
Price_List_Entry__c,MOD-CPF-W - PART - USD,MISSING,01t6A000000at1kQAA,,,,47.300000,SKIP,,Price List 'PART' not found in Price_List__c
Price_List_Entry__c,MOD-CPF-W - DIST - USD,MISSING,01t6A000000at1kQAA,,,,45.100000,SKIP,,Price List 'DIST' not found in Price_List__c
Price_List_Entry__c,MOD-CPF-W - SPEC - USD,MISSING,01t6A000000at1kQAA,,,,42.900000,SKIP,,Price List 'SPEC' not found in Price_List__c
Price_List_Entry__c,MOD-CPI - DEAL - USD,MISSING,01t6A000000at1lQAA,,,,115.780000,SKIP,,Price List 'DEAL' not found in Price_List__c
Price_List_Entry__c,MOD-CPI - PART - USD,MISSING,01t6A000000at1lQAA,,,,91.410000,SKIP,,Price List 'PART' not found in Price_List__c
Price_List_Entry__c,MOD-CPI - DIST - USD,MISSING,01t6A000000at1lQAA,,,,86.840000,SKIP,,Price List 'DIST' not found in Price_List__c
Price_List_Entry__c,MOD-CPI - SPEC - USD,MISSING,01t6A000000at1lQAA,,,,82.500000,SKIP,,Price List 'SPEC' not found in Price_List__c
Price_List_Entry__c,MOD-FPMD - DEAL - USD,MISSING,01t6A000000at1mQAA,,,,127.170000,SKIP,,Price List 'DEAL' not found in Price_List__c
Price_List_Entry__c,MOD-FPMD - PART - USD,MISSING,01t6A000000at1mQAA,,,,100.400000,SKIP,,Price List 'PART' not found in Price_List__c
Price_List_Entry__c,MOD-FPMD - DIST - USD,MISSING,01t6A000000at1mQAA,,,,95.380000,SKIP,,Price List 'DIST' not found in Price_List__c
Price_List_Entry__c,MOD-FPMD - SPEC - USD,MISSING,01t6A000000at1mQAA,,,,90.610000,SKIP,,Price List 'SPEC' not found in Price_List__c
Price_List_Entry__c,MOD-FPMS - DEAL - USD,MISSING,01t6A000000at1nQAA,,,,63.830000,SKIP,,Price List 'DEAL' not found in Price_List__c
Price_List_Entry__c,MOD-FPMS - PART - USD,MISSING,01t6A000000at1nQAA,,,,50.390000,SKIP,,Price List 'PART' not found in Price_List__c
Price_List_Entry__c,MOD-FPMS - DIST - USD,MISSING,01t6A000000at1nQAA,,,,47.870000,SKIP,,Price List 'DIST' not found in Price_List__c
Price_List_Entry__c,MOD-FPMS - SPEC - USD,MISSING,01t6A000000at1nQAA,,,,45.480000,SKIP,,Price List 'SPEC' not found in Price_List__c
Price_List_Entry__c,MOD-FPMS-W - DEAL - USD,MISSING,01t6A000000at1oQAA,,,,68.640000,SKIP,,Price List 'DEAL' not found in Price_List__c
Price_List_Entry__c,MOD-FPMS-W - PART - USD,MISSING,01t6A000000at1oQAA,,,,54.190000,SKIP,,Price List 'PART' not found in Price_List__c
Price_List_Entry__c,MOD-FPMS-W - DIST - USD,MISSING,01t6A000000at1oQAA,,,,51.480000,SKIP,,Price List 'DIST' not found in Price_List__c
Price_List_Entry__c,MOD-FPMS-W - SPEC - USD,MISSING,01t6A000000at1oQAA,,,,48.910000,SKIP,,Price List 'SPEC' not found in Price_List__c
Price_List_Entry__c,MOD-P100 - DEAL - USD,MISSING,01t6A000000arLGQAY,,,,59.400000,SKIP,,Price List 'DEAL' not found in Price_List__c
Price_List_Entry__c,MOD-P100 - PART - USD,MISSING,01t6A000000arLGQAY,,,,46.200000,SKIP,,Price List 'PART' not found in Price_List__c
Price_List_Entry__c,MOD-P100 - DIST - USD,MISSING,01t6A000000arLGQAY,,,,44.000000,SKIP,,Price List 'DIST' not found in Price_List__c
Price_List_Entry__c,MOD-P100 - SPEC - USD,MISSING,01t6A000000arLGQAY,,,,41.800000,SKIP,,Price List 'SPEC' not found in Price_List__c
Price_List_Entry__c,MOD-P100-B - DEAL - USD,MISSING,01t6A000000arUHQAY,,,,40.700000,SKIP,,Price List 'DEAL' not found in Price_List__c
Price_List_Entry__c,MOD-P100-B - PART - USD,MISSING,01t6A000000arUHQAY,,,,31.900000,SKIP,,Price List 'PART' not found in Price_List__c
Price_List_Entry__c,MOD-P100-B - DIST - USD,MISSING,01t6A000000arUHQAY,,,,29.700000,SKIP,,Price List 'DIST' not found in Price_List__c
Price_List_Entry__c,MOD-P100-B - SPEC - USD,MISSING,01t6A000000arUHQAY,,,,28.600000,SKIP,,Price List 'SPEC' not found in Price_List__c
Price_List_Entry__c,MOD-P100-S - DEAL - USD,MISSING,01t6A000000atbHQAQ,,,,50.380000,SKIP,,Price List 'DEAL' not found in Price_List__c
Price_List_Entry__c,MOD-P100-S - PART - USD,MISSING,01t6A000000atbHQAQ,,,,39.790000,SKIP,,Price List 'PART' not found in Price_List__c
Price_List_Entry__c,MOD-P100-S - DIST - USD,MISSING,01t6A000000atbHQAQ,,,,37.800000,SKIP,,Price List 'DIST' not found in Price_List__c
Price_List_Entry__c,MOD-P100-S - SPEC - USD,MISSING,01t6A000000atbHQAQ,,,,35.810000,SKIP,,Price List 'SPEC' not found in Price_List__c
Price_List_Entry__c,MOD-P100-W - DEAL - USD,MISSING,01t6A000000arvZQAQ,,,,50.380000,SKIP,,Price List 'DEAL' not found in Price_List__c
Price_List_Entry__c,MOD-P100-W - PART - USD,MISSING,01t6A000000arvZQAQ,,,,39.790000,SKIP,,Price List 'PART' not found in Price_List__c
Price_List_Entry__c,MOD-P100-W - DIST - USD,MISSING,01t6A000000arvZQAQ,,,,37.800000,SKIP,,Price List 'DIST' not found in Price_List__c
Price_List_Entry__c,MOD-P100-W - SPEC - USD,MISSING,01t6A000000arvZQAQ,,,,35.810000,SKIP,,Price List 'SPEC' not found in Price_List__c
Price_List_Entry__c,MOD-P150 - DEAL - USD,MISSING,01t6A000000ar7CQAQ,,,,85.800000,SKIP,,Price List 'DEAL' not found in Price_List__c
Price_List_Entry__c,MOD-P150 - PART - USD,MISSING,01t6A000000ar7CQAQ,,,,67.100000,SKIP,,Price List 'PART' not found in Price_List__c
Price_List_Entry__c,MOD-P150 - DIST - USD,MISSING,01t6A000000ar7CQAQ,,,,63.800000,SKIP,,Price List 'DIST' not found in Price_List__c
Price_List_Entry__c,MOD-P150 - SPEC - USD,MISSING,01t6A000000ar7CQAQ,,,,60.500000,SKIP,,Price List 'SPEC' not found in Price_List__c
Price_List_Entry__c,MOD-P150-B - DEAL - USD,MISSING,01t6A000000arp1QAA,,,,51.700000,SKIP,,Price List 'DEAL' not found in Price_List__c
Price_List_Entry__c,MOD-P150-B - PART - USD,MISSING,01t6A000000arp1QAA,,,,39.600000,SKIP,,Price List 'PART' not found in Price_List__c
Price_List_Entry__c,MOD-P150-B - DIST - USD,MISSING,01t6A000000arp1QAA,,,,38.500000,SKIP,,Price List 'DIST' not found in Price_List__c
Price_List_Entry__c,MOD-P150-B - SPEC - USD,MISSING,01t6A000000arp1QAA,,,,36.300000,SKIP,,Price List 'SPEC' not found in Price_List__c
Price_List_Entry__c,MOD-P150-W - DEAL - USD,MISSING,01t6A000000arvaQAA,,,,72.360000,SKIP,,Price List 'DEAL' not found in Price_List__c
Price_List_Entry__c,MOD-P150-W - PART - USD,MISSING,01t6A000000arvaQAA,,,,57.120000,SKIP,,Price List 'PART' not found in Price_List__c
Price_List_Entry__c,MOD-P150-W - DIST - USD,MISSING,01t6A000000arvaQAA,,,,54.270000,SKIP,,Price List 'DIST' not found in Price_List__c
Price_List_Entry__c,MOD-P150-W - SPEC - USD,MISSING,01t6A000000arvaQAA,,,,51.410000,SKIP,,Price List 'SPEC' not found in Price_List__c
Price_List_Entry__c,MOD-P200 - DEAL - USD,MISSING,01t6A000000armUQAQ,,,,111.100000,SKIP,,Price List 'DEAL' not found in Price_List__c
Price_List_Entry__c,MOD-P200 - PART - USD,MISSING,01t6A000000armUQAQ,,,,86.900000,SKIP,,Price List 'PART' not found in Price_List__c
Price_List_Entry__c,MOD-P200 - DIST - USD,MISSING,01t6A000000armUQAQ,,,,82.500000,SKIP,,Price List 'DIST' not found in Price_List__c
Price_List_Entry__c,MOD-P200 - SPEC - USD,MISSING,01t6A000000armUQAQ,,,,79.200000,SKIP,,Price List 'SPEC' not found in Price_List__c
Price_List_Entry__c,MOD-P200-B - DEAL - USD,MISSING,01t6A000000arp2QAA,,,,62.700000,SKIP,,Price List 'DEAL' not found in Price_List__c
Price_List_Entry__c,MOD-P200-B - PART - USD,MISSING,01t6A000000arp2QAA,,,,49.500000,SKIP,,Price List 'PART' not found in Price_List__c
Price_List_Entry__c,MOD-P200-B - DIST - USD,MISSING,01t6A000000arp2QAA,,,,47.300000,SKIP,,Price List 'DIST' not found in Price_List__c
Price_List_Entry__c,MOD-P200-B - SPEC - USD,MISSING,01t6A000000arp2QAA,,,,44.000000,SKIP,,Price List 'SPEC' not found in Price_List__c
Price_List_Entry__c,MOD-P200-W - DEAL - USD,MISSING,01t6A000000arvbQAA,,,,95.460000,SKIP,,Price List 'DEAL' not found in Price_List__c
Price_List_Entry__c,MOD-P200-W - PART - USD,MISSING,01t6A000000arvbQAA,,,,75.350000,SKIP,,Price List 'PART' not found in Price_List__c
Price_List_Entry__c,MOD-P200-W - DIST - USD,MISSING,01t6A000000arvbQAA,,,,71.590000,SKIP,,Price List 'DIST' not found in Price_List__c
Price_List_Entry__c,MOD-P200-W - SPEC - USD,MISSING,01t6A000000arvbQAA,,,,67.830000,SKIP,,Price List 'SPEC' not found in Price_List__c
Price_List_Entry__c,MOD-P300 - DEAL - USD,MISSING,01t6A000000ar2pQAA,,,,157.300000,SKIP,,Price List 'DEAL' not found in Price_List__c
Price_List_Entry__c,MOD-P300 - PART - USD,MISSING,01t6A000000ar2pQAA,,,,123.200000,SKIP,,Price List 'PART' not found in Price_List__c
Price_List_Entry__c,MOD-P300 - DIST - USD,MISSING,01t6A000000ar2pQAA,,,,117.700000,SKIP,,Price List 'DIST' not found in Price_List__c
Price_List_Entry__c,MOD-P300 - SPEC - USD,MISSING,01t6A000000ar2pQAA,,,,112.200000,SKIP,,Price List 'SPEC' not found in Price_List__c
Price_List_Entry__c,MOD-P300-B - DEAL - USD,MISSING,01t6A000000arp3QAA,,,,92.400000,SKIP,,Price List 'DEAL' not found in Price_List__c
Price_List_Entry__c,MOD-P300-B - PART - USD,MISSING,01t6A000000arp3QAA,,,,72.600000,SKIP,,Price List 'PART' not found in Price_List__c
Price_List_Entry__c,MOD-P300-B - DIST - USD,MISSING,01t6A000000arp3QAA,,,,68.200000,SKIP,,Price List 'DIST' not found in Price_List__c
Price_List_Entry__c,MOD-P300-B - SPEC - USD,MISSING,01t6A000000arp3QAA,,,,64.900000,SKIP,,Price List 'SPEC' not found in Price_List__c
Price_List_Entry__c,MOD-P300-W - DEAL - USD,MISSING,01t6A000000arkMQAQ,,,,136.090000,SKIP,,Price List 'DEAL' not found in Price_List__c
Price_List_Entry__c,MOD-P300-W - PART - USD,MISSING,01t6A000000arkMQAQ,,,,107.450000,SKIP,,Price List 'PART' not found in Price_List__c
Price_List_Entry__c,MOD-P300-W - DIST - USD,MISSING,01t6A000000arkMQAQ,,,,102.080000,SKIP,,Price List 'DIST' not found in Price_List__c
Price_List_Entry__c,MOD-P300-W - SPEC - USD,MISSING,01t6A000000arkMQAQ,,,,96.690000,SKIP,,Price List 'SPEC' not found in Price_List__c
Price_List_Entry__c,MOD-UNL - DEAL - USD,MISSING,01t6A000000ar2qQAA,,,,132.520000,SKIP,,Price List 'DEAL' not found in Price_List__c
Price_List_Entry__c,MOD-UNL - PART - USD,MISSING,01t6A000000ar2qQAA,,,,104.620000,SKIP,,Price List 'PART' not found in Price_List__c
Price_List_Entry__c,MOD-UNL - DIST - USD,MISSING,01t6A000000ar2qQAA,,,,99.390000,SKIP,,Price List 'DIST' not found in Price_List__c
Price_List_Entry__c,MOD-UNL - SPEC - USD,MISSING,01t6A000000ar2qQAA,,,,94.160000,SKIP,,Price List 'SPEC' not found in Price_List__c
Price_List_Entry__c,MOD-UNM - DEAL - USD,MISSING,01t6A000000arOYQAY,,,,59.650000,SKIP,,Price List 'DEAL' not found in Price_List__c
Price_List_Entry__c,MOD-UNM - PART - USD,MISSING,01t6A000000arOYQAY,,,,47.070000,SKIP,,Price List 'PART' not found in Price_List__c
Price_List_Entry__c,MOD-UNM - DIST - USD,MISSING,01t6A000000arOYQAY,,,,44.740000,SKIP,,Price List 'DIST' not found in Price_List__c
Price_List_Entry__c,MOD-UNM - SPEC - USD,MISSING,01t6A000000arOYQAY,,,,42.380000,SKIP,,Price List 'SPEC' not found in Price_List__c
Price_List_Entry__c,PAP250-EPSON1 - DEAL - USD,MISSING,01t6A000002ZPcJQAW,,,,289.930000,SKIP,,Price List 'DEAL' not found in Price_List__c
Price_List_Entry__c,PAP250-EPSON1 - PART - USD,MISSING,01t6A000002ZPcJQAW,,,,228.900000,SKIP,,Price List 'PART' not found in Price_List__c
Price_List_Entry__c,PAP250-EPSON1 - DIST - USD,MISSING,01t6A000002ZPcJQAW,,,,217.450000,SKIP,,Price List 'DIST' not found in Price_List__c
Price_List_Entry__c,PAP250-EPSON1 - SPEC - USD,MISSING,01t6A000002ZPcJQAW,,,,206.010000,SKIP,,Price List 'SPEC' not found in Price_List__c
Price_List_Entry__c,PB-1 - DEAL - USD,MISSING,01t6A000000arESQAY,,,,99.760000,SKIP,,Price List 'DEAL' not found in Price_List__c
Price_List_Entry__c,PB-1 - PART - USD,MISSING,01t6A000000arESQAY,,,,78.760000,SKIP,,Price List 'PART' not found in Price_List__c
Price_List_Entry__c,PB-1 - DIST - USD,MISSING,01t6A000000arESQAY,,,,74.820000,SKIP,,Price List 'DIST' not found in Price_List__c
Price_List_Entry__c,PB-1 - SPEC - USD,MISSING,01t6A000000arESQAY,,,,71.080000,SKIP,,Price List 'SPEC' not found in Price_List__c
Price_List_Entry__c,PCC - DEAL - USD,MISSING,01t6A000000ar5hQAA,,,,16.010000,SKIP,,Price List 'DEAL' not found in Price_List__c
Price_List_Entry__c,PCC - PART - USD,MISSING,01t6A000000ar5hQAA,,,,13.340000,SKIP,,Price List 'PART' not found in Price_List__c
Price_List_Entry__c,PCC - DIST - USD,MISSING,01t6A000000ar5hQAA,,,,12.000000,SKIP,,Price List 'DIST' not found in Price_List__c
Price_List_Entry__c,PCC - SPEC - USD,MISSING,01t6A000000ar5hQAA,,,,12.000000,SKIP,,Price List 'SPEC' not found in Price_List__c
Price_List_Entry__c,PLP-V8X4 - DEAL - USD,MISSING,01t6A000000ar39QAA,,,,159.500000,SKIP,,Price List 'DEAL' not found in Price_List__c
Price_List_Entry__c,PLP-V8X4 - PART - USD,MISSING,01t6A000000ar39QAA,,,,125.400000,SKIP,,Price List 'PART' not found in Price_List__c
Price_List_Entry__c,PLP-V8X4 - DIST - USD,MISSING,01t6A000000ar39QAA,,,,118.800000,SKIP,,Price List 'DIST' not found in Price_List__c
Price_List_Entry__c,PLP-V8X4 - SPEC - USD,MISSING,01t6A000000ar39QAA,,,,113.300000,SKIP,,Price List 'SPEC' not found in Price_List__c
Price_List_Entry__c,PLP-V9X6 - DEAL - USD,MISSING,01t6A000002iNHjQAM,,,,251.900000,SKIP,,Price List 'DEAL' not found in Price_List__c
Price_List_Entry__c,PLP-V9X6 - PART - USD,MISSING,01t6A000002iNHjQAM,,,,198.000000,SKIP,,Price List 'PART' not found in Price_List__c
Price_List_Entry__c,PLP-V9X6 - DIST - USD,MISSING,01t6A000002iNHjQAM,,,,188.100000,SKIP,,Price List 'DIST' not found in Price_List__c
Price_List_Entry__c,PLP-V9X6 - SPEC - USD,MISSING,01t6A000002iNHjQAM,,,,178.200000,SKIP,,Price List 'SPEC' not found in Price_List__c
Price_List_Entry__c,PVP1200-CPL6 - DEAL - USD,MISSING,01t2K000006W062QAC,,,,45.360000,SKIP,,Price List 'DEAL' not found in Price_List__c
Price_List_Entry__c,PVP1200-CPL6 - PART - USD,MISSING,01t2K000006W062QAC,,,,36.030000,SKIP,,Price List 'PART' not found in Price_List__c
Price_List_Entry__c,PVP1200-CPL6 - DIST - USD,MISSING,01t2K000006W062QAC,,,,33.350000,SKIP,,Price List 'DIST' not found in Price_List__c
Price_List_Entry__c,PVP1200-CPL6 - SPEC - USD,MISSING,01t2K000006W062QAC,,,,32.020000,SKIP,,Price List 'SPEC' not found in Price_List__c
Price_List_Entry__c,SPK26 - DEAL - USD,MISSING,01t6A000000aqv5QAA,,,,31.050000,SKIP,,Price List 'DEAL' not found in Price_List__c
Price_List_Entry__c,SPK26 - PART - USD,MISSING,01t6A000000aqv5QAA,,,,26.150000,SKIP,,Price List 'PART' not found in Price_List__c
Price_List_Entry__c,SPK26 - DIST - USD,MISSING,01t6A000000aqv5QAA,,,,24.840000,SKIP,,Price List 'DIST' not found in Price_List__c
Price_List_Entry__c,SPK26 - SPEC - USD,MISSING,01t6A000000aqv5QAA,,,,24.090000,SKIP,,Price List 'SPEC' not found in Price_List__c
Price_List_Entry__c,WMJ018 - DEAL - USD,MISSING,01t6A000000arazQAA,,,,115.860000,SKIP,,Price List 'DEAL' not found in Price_List__c
Price_List_Entry__c,WMJ018 - PART - USD,MISSING,01t6A000000arazQAA,,,,91.480000,SKIP,,Price List 'PART' not found in Price_List__c
Price_List_Entry__c,WMJ018 - DIST - USD,MISSING,01t6A000000arazQAA,,,,86.900000,SKIP,,Price List 'DIST' not found in Price_List__c
Price_List_Entry__c,WMJ018 - SPEC - USD,MISSING,01t6A000000arazQAA,,,,82.560000,SKIP,,Price List 'SPEC' not found in Price_List__c
Price_List_Entry__c,WMJ022 - DEAL - USD,MISSING,01t6A000000arb0QAA,,,,174.570000,SKIP,,Price List 'DEAL' not found in Price_List__c
Price_List_Entry__c,WMJ022 - PART - USD,MISSING,01t6A000000arb0QAA,,,,137.820000,SKIP,,Price List 'PART' not found in Price_List__c
Price_List_Entry__c,WMJ022 - DIST - USD,MISSING,01t6A000000arb0QAA,,,,130.930000,SKIP,,Price List 'DIST' not found in Price_List__c
Price_List_Entry__c,WMJ022 - SPEC - USD,MISSING,01t6A000000arb0QAA,,,,124.380000,SKIP,,Price List 'SPEC' not found in Price_List__c
Price_List_Entry__c,WSP700 - DEAL - USD,MISSING,01t6A000000aseZQAQ,,,,66.000000,SKIP,,Price List 'DEAL' not found in Price_List__c
Price_List_Entry__c,WSP700 - PART - USD,MISSING,01t6A000000aseZQAQ,,,,52.000000,SKIP,,Price List 'PART' not found in Price_List__c
Price_List_Entry__c,WSP700 - DIST - USD,MISSING,01t6A000000aseZQAQ,,,,50.000000,SKIP,,Price List 'DIST' not found in Price_List__c
Price_List_Entry__c,WSP700 - SPEC - USD,MISSING,01t6A000000aseZQAQ,,,,47.000000,SKIP,,Price List 'SPEC' not found in Price_List__c
Price_List_Entry__c,WSP701 - DEAL - USD,MISSING,01t6A000000aseaQAA,,,,107.800000,SKIP,,Price List 'DEAL' not found in Price_List__c
Price_List_Entry__c,WSP701 - PART - USD,MISSING,01t6A000000aseaQAA,,,,84.700000,SKIP,,Price List 'PART' not found in Price_List__c
Price_List_Entry__c,WSP701 - DIST - USD,MISSING,01t6A000000aseaQAA,,,,80.300000,SKIP,,Price List 'DIST' not found in Price_List__c
Price_List_Entry__c,WSP701 - SPEC - USD,MISSING,01t6A000000aseaQAA,,,,77.000000,SKIP,,Price List 'SPEC' not found in Price_List__c
Price_List_Entry__c,WSP716 - DEAL - USD,MISSING,01t6A000000asIhQAI,,,,119.170000,SKIP,,Price List 'DEAL' not found in Price_List__c
Price_List_Entry__c,WSP716 - PART - USD,MISSING,01t6A000000asIhQAI,,,,94.090000,SKIP,,Price List 'PART' not found in Price_List__c
Price_List_Entry__c,WSP716 - DIST - USD,MISSING,01t6A000000asIhQAI,,,,89.390000,SKIP,,Price List 'DIST' not found in Price_List__c
Price_List_Entry__c,WSP716 - SPEC - USD,MISSING,01t6A000000asIhQAI,,,,84.670000,SKIP,,Price List 'SPEC' not found in Price_List__c
Price_List_Entry__c,WSP716-S - DEAL - USD,MISSING,01t6A000000asIiQAI,,,,119.170000,SKIP,,Price List 'DEAL' not found in Price_List__c
Price_List_Entry__c,WSP716-S - PART - USD,MISSING,01t6A000000asIiQAI,,,,94.090000,SKIP,,Price List 'PART' not found in Price_List__c
Price_List_Entry__c,WSP716-S - DIST - USD,MISSING,01t6A000000asIiQAI,,,,89.390000,SKIP,,Price List 'DIST' not found in Price_List__c
Price_List_Entry__c,WSP716-S - SPEC - USD,MISSING,01t6A000000asIiQAI,,,,84.670000,SKIP,,Price List 'SPEC' not found in Price_List__c
Price_List_Entry__c,WSP716-W - DEAL - USD,MISSING,01t6A000000atEbQAI,,,,119.170000,SKIP,,Price List 'DEAL' not found in Price_List__c
Price_List_Entry__c,WSP716-W - PART - USD,MISSING,01t6A000000atEbQAI,,,,94.090000,SKIP,,Price List 'PART' not found in Price_List__c
Price_List_Entry__c,WSP716-W - DIST - USD,MISSING,01t6A000000atEbQAI,,,,89.390000,SKIP,,Price List 'DIST' not found in Price_List__c
Price_List_Entry__c,WSP716-W - SPEC - USD,MISSING,01t6A000000atEbQAI,,,,84.670000,SKIP,,Price List 'SPEC' not found in Price_List__c
Price_List_Entry__c,WSP724 - DEAL - USD,MISSING,01t6A000000asBBQAY,,,,128.060000,SKIP,,Price List 'DEAL' not found in Price_List__c
Price_List_Entry__c,WSP724 - PART - USD,MISSING,01t6A000000asBBQAY,,,,101.110000,SKIP,,Price List 'PART' not found in Price_List__c
Price_List_Entry__c,WSP724 - DIST - USD,MISSING,01t6A000000asBBQAY,,,,96.050000,SKIP,,Price List 'DIST' not found in Price_List__c
Price_List_Entry__c,WSP724 - SPEC - USD,MISSING,01t6A000000asBBQAY,,,,90.990000,SKIP,,Price List 'SPEC' not found in Price_List__c
Price_List_Entry__c,WSP756 - DEAL - USD,MISSING,01t6A000000ar7BQAQ,,,,133.000000,SKIP,,Price List 'DEAL' not found in Price_List__c
Price_List_Entry__c,WSP756 - PART - USD,MISSING,01t6A000000ar7BQAQ,,,,106.000000,SKIP,,Price List 'PART' not found in Price_List__c
Price_List_Entry__c,WSP756 - DIST - USD,MISSING,01t6A000000ar7BQAQ,,,,100.000000,SKIP,,Price List 'DIST' not found in Price_List__c
Price_List_Entry__c,WSP756 - SPEC - USD,MISSING,01t6A000000ar7BQAQ,,,,95.000000,SKIP,,Price List 'SPEC' not found in Price_List__c
Price_List_Entry__c,WSP756-V - DEAL - USD,MISSING,01t6A000000atDrQAI,,,,114.160000,SKIP,,Price List 'DEAL' not found in Price_List__c
Price_List_Entry__c,WSP756-V - PART - USD,MISSING,01t6A000000atDrQAI,,,,90.130000,SKIP,,Price List 'PART' not found in Price_List__c
Price_List_Entry__c,WSP756-V - DIST - USD,MISSING,01t6A000000atDrQAI,,,,85.620000,SKIP,,Price List 'DIST' not found in Price_List__c
Price_List_Entry__c,WSP756-V - SPEC - USD,MISSING,01t6A000000atDrQAI,,,,81.100000,SKIP,,Price List 'SPEC' not found in Price_List__c
Price_List_Entry__c,ACCD-DC49 - DEAL - USD,MISSING,01t6A000002i8O6QAI,,,,53.360000,SKIP,,Price List 'DEAL' not found in Price_List__c
Price_List_Entry__c,ACCD-DC49 - PART - USD,MISSING,01t6A000002i8O6QAI,,,,50.820000,SKIP,,Price List 'PART' not found in Price_List__c
Price_List_Entry__c,ACCD-DC49 - DIST - USD,MISSING,01t6A000002i8O6QAI,,,,48.280000,SKIP,,Price List 'DIST' not found in Price_List__c
Price_List_Entry__c,ACCD-DC49 - SPEC - USD,MISSING,01t6A000002i8O6QAI,,,,45.740000,SKIP,,Price List 'SPEC' not found in Price_List__c
Price_List_Entry__c,ACCD-DC55 - DEAL - USD,MISSING,01t6A000002i8OBQAY,,,,58.910000,SKIP,,Price List 'DEAL' not found in Price_List__c
Price_List_Entry__c,ACCD-DC55 - PART - USD,MISSING,01t6A000002i8OBQAY,,,,55.440000,SKIP,,Price List 'PART' not found in Price_List__c
Price_List_Entry__c,ACCD-DC55 - DIST - USD,MISSING,01t6A000002i8OBQAY,,,,53.130000,SKIP,,Price List 'DIST' not found in Price_List__c
Price_List_Entry__c,ACCD-DC55 - SPEC - USD,MISSING,01t6A000002i8OBQAY,,,,49.670000,SKIP,,Price List 'SPEC' not found in Price_List__c
Price_List_Entry__c,ACCD-DC65 - DEAL - USD,MISSING,01t6A000002i8NwQAI,,,,72.770000,SKIP,,Price List 'DEAL' not found in Price_List__c
Price_List_Entry__c,ACCD-DC65 - PART - USD,MISSING,01t6A000002i8NwQAI,,,,69.300000,SKIP,,Price List 'PART' not found in Price_List__c
Price_List_Entry__c,ACCD-DC65 - DIST - USD,MISSING,01t6A000002i8NwQAI,,,,65.840000,SKIP,,Price List 'DIST' not found in Price_List__c
Price_List_Entry__c,ACCD-DC65 - SPEC - USD,MISSING,01t6A000002i8NwQAI,,,,62.370000,SKIP,,Price List 'SPEC' not found in Price_List__c
Price_List_Entry__c,ACCD-IREX - DEAL - USD,MISSING,01t6A000002i8NxQAI,,,,29.360000,SKIP,,Price List 'DEAL' not found in Price_List__c
Price_List_Entry__c,ACCD-IREX - PART - USD,MISSING,01t6A000002i8NxQAI,,,,28.020000,SKIP,,Price List 'PART' not found in Price_List__c
Price_List_Entry__c,ACCD-IREX - DIST - USD,MISSING,01t6A000002i8NxQAI,,,,26.690000,SKIP,,Price List 'DIST' not found in Price_List__c
Price_List_Entry__c,ACCD-IREX - SPEC - USD,MISSING,01t6A000002i8NxQAI,,,,25.360000,SKIP,,Price List 'SPEC' not found in Price_List__c
Price_List_Entry__c,UV492 - DEAL - USD,MISSING,01t6A000000asIYQAY,,,,2719.180000,SKIP,,Price List 'DEAL' not found in Price_List__c
Price_List_Entry__c,UV492 - PART - USD,MISSING,01t6A000000asIYQAY,,,,2576.070000,SKIP,,Price List 'PART' not found in Price_List__c
Price_List_Entry__c,UV492 - DIST - USD,MISSING,01t6A000000asIYQAY,,,,2447.260000,SKIP,,Price List 'DIST' not found in Price_List__c
Price_List_Entry__c,UV492 - SPEC - USD,MISSING,01t6A000000asIYQAY,,,,2318.470000,SKIP,,Price List 'SPEC' not found in Price_List__c
Price_List_Entry__c,UV552 - DEAL - USD,MISSING,01t6A000000arSGQAY,,,,3263.240000,SKIP,,Price List 'DEAL' not found in Price_List__c
Price_List_Entry__c,UV552 - PART - USD,MISSING,01t6A000000arSGQAY,,,,3091.480000,SKIP,,Price List 'PART' not found in Price_List__c
Price_List_Entry__c,UV552 - DIST - USD,MISSING,01t6A000000arSGQAY,,,,2936.900000,SKIP,,Price List 'DIST' not found in Price_List__c
Price_List_Entry__c,UV552 - SPEC - USD,MISSING,01t6A000000arSGQAY,,,,2782.340000,SKIP,,Price List 'SPEC' not found in Price_List__c
Price_List_Entry__c,UV652 - DEAL - USD,MISSING,01t6A000000arJ2QAI,,,,3955.760000,SKIP,,Price List 'DEAL' not found in Price_List__c
Price_List_Entry__c,UV652 - PART - USD,MISSING,01t6A000000arJ2QAI,,,,3747.570000,SKIP,,Price List 'PART' not found in Price_List__c
Price_List_Entry__c,UV652 - DIST - USD,MISSING,01t6A000000arJ2QAI,,,,3560.180000,SKIP,,Price List 'DIST' not found in Price_List__c
Price_List_Entry__c,UV652 - SPEC - USD,MISSING,01t6A000000arJ2QAI,,,,3372.810000,SKIP,,Price List 'SPEC' not found in Price_List__c
Price_List_Entry__c,XHB432 - DEAL - USD,MISSING,01t6A000000bVzoQAE,,,,5934.140000,SKIP,,Price List 'DEAL' not found in Price_List__c
Price_List_Entry__c,XHB432 - PART - USD,MISSING,01t6A000000bVzoQAE,,,,5621.820000,SKIP,,Price List 'PART' not found in Price_List__c
Price_List_Entry__c,XHB432 - DIST - USD,MISSING,01t6A000000bVzoQAE,,,,5340.720000,SKIP,,Price List 'DIST' not found in Price_List__c
Price_List_Entry__c,XHB432 - SPEC - USD,MISSING,01t6A000000bVzoQAE,,,,5059.640000,SKIP,,Price List 'SPEC' not found in Price_List__c
Price_List_Entry__c,XHB492 - DEAL - USD,MISSING,01t6A000000bVzjQAE,,,,7071.600000,SKIP,,Price List 'DEAL' not found in Price_List__c
Price_List_Entry__c,XHB492 - PART - USD,MISSING,01t6A000000bVzjQAE,,,,6699.420000,SKIP,,Price List 'PART' not found in Price_List__c
Price_List_Entry__c,XHB492 - DIST - USD,MISSING,01t6A000000bVzjQAE,,,,6364.450000,SKIP,,Price List 'DIST' not found in Price_List__c
Price_List_Entry__c,XHB492 - SPEC - USD,MISSING,01t6A000000bVzjQAE,,,,6029.490000,SKIP,,Price List 'SPEC' not found in Price_List__c
Price_List_Entry__c,XHB552 - DEAL - USD,MISSING,01t6A000000bVzeQAE,,,,8403.140000,SKIP,,Price List 'DEAL' not found in Price_List__c
Price_List_Entry__c,XHB552 - PART - USD,MISSING,01t6A000000bVzeQAE,,,,8002.940000,SKIP,,Price List 'PART' not found in Price_List__c
Price_List_Entry__c,XHB552 - DIST - USD,MISSING,01t6A000000bVzeQAE,,,,7562.710000,SKIP,,Price List 'DIST' not found in Price_List__c
Price_List_Entry__c,XHB552 - SPEC - USD,MISSING,01t6A000000bVzeQAE,,,,7202.650000,SKIP,,Price List 'SPEC' not found in Price_List__c
Price_List_Entry__c,XHB553 - DEAL - USD,MISSING,01t2K000006T0OGQA0,,,,7639.220000,SKIP,,Price List 'DEAL' not found in Price_List__c
Price_List_Entry__c,XHB553 - PART - USD,MISSING,01t2K000006T0OGQA0,,,,7275.400000,SKIP,,Price List 'PART' not found in Price_List__c
Price_List_Entry__c,XHB553 - DIST - USD,MISSING,01t2K000006T0OGQA0,,,,6875.190000,SKIP,,Price List 'DIST' not found in Price_List__c
Price_List_Entry__c,XHB553 - SPEC - USD,MISSING,01t2K000006T0OGQA0,,,,6547.860000,SKIP,,Price List 'SPEC' not found in Price_List__c
Price_List_Entry__c,XHB652 - DEAL - USD,MISSING,01t6A000000bVzyQAE,,,,14612.420000,SKIP,,Price List 'DEAL' not found in Price_List__c
Price_List_Entry__c,XHB652 - PART - USD,MISSING,01t6A000000bVzyQAE,,,,13763.500000,SKIP,,Price List 'PART' not found in Price_List__c
Price_List_Entry__c,XHB652 - DIST - USD,MISSING,01t6A000000bVzyQAE,,,,13084.360000,SKIP,,Price List 'DIST' not found in Price_List__c
Price_List_Entry__c,XHB652 - SPEC - USD,MISSING,01t6A000000bVzyQAE,,,,12393.100000,SKIP,,Price List 'SPEC' not found in Price_List__c
Price_List_Entry__c,ACC-FV - DEAL - USD,MISSING,01t6A000000atFUQAY,,,,13.320000,SKIP,,Price List 'DEAL' not found in Price_List__c
Price_List_Entry__c,ACC-FV - PART - USD,MISSING,01t6A000000atFUQAY,,,,10.510000,SKIP,,Price List 'PART' not found in Price_List__c
Price_List_Entry__c,ACC-FV - DIST - USD,MISSING,01t6A000000atFUQAY,,,,9.990000,SKIP,,Price List 'DIST' not found in Price_List__c
Price_List_Entry__c,ACC-FV - SPEC - USD,MISSING,01t6A000000atFUQAY,,,,9.470000,SKIP,,Price List 'SPEC' not found in Price_List__c
Price_List_Entry__c,ACC-V - DEAL - USD,MISSING,01t6A000000at0wQAA,,,,4.860000,SKIP,,Price List 'DEAL' not found in Price_List__c
Price_List_Entry__c,ACC-V - PART - USD,MISSING,01t6A000000at0wQAA,,,,3.840000,SKIP,,Price List 'PART' not found in Price_List__c
Price_List_Entry__c,ACC-V - DIST - USD,MISSING,01t6A000000at0wQAA,,,,3.650000,SKIP,,Price List 'DIST' not found in Price_List__c
Price_List_Entry__c,ACC-V - SPEC - USD,MISSING,01t6A000000at0wQAA,,,,3.480000,SKIP,,Price List 'SPEC' not found in Price_List__c
Price_List_Entry__c,PS200 - DEAL - USD,MISSING,01t6A000000arR5QAI,,,,103.400000,SKIP,,Price List 'DEAL' not found in Price_List__c
Price_List_Entry__c,PS200 - PART - USD,MISSING,01t6A000000arR5QAI,,,,81.630000,SKIP,,Price List 'PART' not found in Price_List__c
Price_List_Entry__c,PS200 - DIST - USD,MISSING,01t6A000000arR5QAI,,,,77.550000,SKIP,,Price List 'DIST' not found in Price_List__c
Price_List_Entry__c,PS200 - SPEC - USD,MISSING,01t6A000000arR5QAI,,,,73.680000,SKIP,,Price List 'SPEC' not found in Price_List__c
Price_List_Entry__c,PSP2 - DEAL - USD,MISSING,01t6A000000assFQAQ,,,,22.410000,SKIP,,Price List 'DEAL' not found in Price_List__c
Price_List_Entry__c,PSP2 - PART - USD,MISSING,01t6A000000assFQAQ,,,,17.690000,SKIP,,Price List 'PART' not found in Price_List__c
Price_List_Entry__c,PSP2 - DIST - USD,MISSING,01t6A000000assFQAQ,,,,16.810000,SKIP,,Price List 'DIST' not found in Price_List__c
Price_List_Entry__c,PSP2 - SPEC - USD,MISSING,01t6A000000assFQAQ,,,,15.940000,SKIP,,Price List 'SPEC' not found in Price_List__c
Price_List_Entry__c,PSP5 - DEAL - USD,MISSING,01t6A000000arI0QAI,,,,38.210000,SKIP,,Price List 'DEAL' not found in Price_List__c
Price_List_Entry__c,PSP5 - PART - USD,MISSING,01t6A000000arI0QAI,,,,30.160000,SKIP,,Price List 'PART' not found in Price_List__c
Price_List_Entry__c,PSP5 - DIST - USD,MISSING,01t6A000000arI0QAI,,,,28.660000,SKIP,,Price List 'DIST' not found in Price_List__c
Price_List_Entry__c,PSP5 - SPEC - USD,MISSING,01t6A000000arI0QAI,,,,27.160000,SKIP,,Price List 'SPEC' not found in Price_List__c
Price_List_Entry__c,ACC-BPR - DEAL - USD,MISSING,01t6A000000asvDQAQ,,,,58.660000,SKIP,,Price List 'DEAL' not found in Price_List__c
Price_List_Entry__c,ACC-BPR - PART - USD,MISSING,01t6A000000asvDQAQ,,,,46.320000,SKIP,,Price List 'PART' not found in Price_List__c
Price_List_Entry__c,ACC-BPR - DIST - USD,MISSING,01t6A000000asvDQAQ,,,,44.000000,SKIP,,Price List 'DIST' not found in Price_List__c
Price_List_Entry__c,ACC-BPR - SPEC - USD,MISSING,01t6A000000asvDQAQ,,,,41.800000,SKIP,,Price List 'SPEC' not found in Price_List__c
Price_List_Entry__c,ACC-CARTGH - DEAL - USD,MISSING,01t6A000000arvAQAQ,,,,126.730000,SKIP,,Price List 'DEAL' not found in Price_List__c
Price_List_Entry__c,ACC-CARTGH - PART - USD,MISSING,01t6A000000arvAQAQ,,,,99.770000,SKIP,,Price List 'PART' not found in Price_List__c
Price_List_Entry__c,ACC-CARTGH - DIST - USD,MISSING,01t6A000000arvAQAQ,,,,94.770000,SKIP,,Price List 'DIST' not found in Price_List__c
Price_List_Entry__c,ACC-CARTGH - SPEC - USD,MISSING,01t6A000000arvAQAQ,,,,89.780000,SKIP,,Price List 'SPEC' not found in Price_List__c
Price_List_Entry__c,ACC-CCP - DEAL - USD,MISSING,01t6A000000as4mQAA,,,,53.360000,SKIP,,Price List 'DEAL' not found in Price_List__c
Price_List_Entry__c,ACC-CCP - PART - USD,MISSING,01t6A000000as4mQAA,,,,42.130000,SKIP,,Price List 'PART' not found in Price_List__c
Price_List_Entry__c,ACC-CCP - DIST - USD,MISSING,01t6A000000as4mQAA,,,,40.030000,SKIP,,Price List 'DIST' not found in Price_List__c
Price_List_Entry__c,ACC-CCP - SPEC - USD,MISSING,01t6A000000as4mQAA,,,,37.910000,SKIP,,Price List 'SPEC' not found in Price_List__c
Price_List_Entry__c,ACC-CCPHD - DEAL - USD,MISSING,01t6A000000aqgiQAA,,,,67.600000,SKIP,,Price List 'DEAL' not found in Price_List__c
Price_List_Entry__c,ACC-CCPHD - PART - USD,MISSING,01t6A000000aqgiQAA,,,,53.360000,SKIP,,Price List 'PART' not found in Price_List__c
Price_List_Entry__c,ACC-CCPHD - DIST - USD,MISSING,01t6A000000aqgiQAA,,,,50.700000,SKIP,,Price List 'DIST' not found in Price_List__c
Price_List_Entry__c,ACC-CCPHD - SPEC - USD,MISSING,01t6A000000aqgiQAA,,,,48.030000,SKIP,,Price List 'SPEC' not found in Price_List__c
Price_List_Entry__c,ACC-DHP6 - DEAL - USD,MISSING,01t6A000000arUtQAI,,,,48.920000,SKIP,,Price List 'DEAL' not found in Price_List__c
Price_List_Entry__c,ACC-DHP6 - PART - USD,MISSING,01t6A000000arUtQAI,,,,38.620000,SKIP,,Price List 'PART' not found in Price_List__c
Price_List_Entry__c,ACC-DHP6 - DIST - USD,MISSING,01t6A000000arUtQAI,,,,36.690000,SKIP,,Price List 'DIST' not found in Price_List__c
Price_List_Entry__c,ACC-DHP6 - SPEC - USD,MISSING,01t6A000000arUtQAI,,,,34.760000,SKIP,,Price List 'SPEC' not found in Price_List__c
Price_List_Entry__c,ACC-FT - DEAL - USD,MISSING,01t6A000000askWQAQ,,,,14.300000,SKIP,,Price List 'DEAL' not found in Price_List__c
Price_List_Entry__c,ACC-FT - PART - USD,MISSING,01t6A000000askWQAQ,,,,11.000000,SKIP,,Price List 'PART' not found in Price_List__c
Price_List_Entry__c,ACC-FT - DIST - USD,MISSING,01t6A000000askWQAQ,,,,9.900000,SKIP,,Price List 'DIST' not found in Price_List__c
Price_List_Entry__c,ACC-FT - SPEC - USD,MISSING,01t6A000000askWQAQ,,,,9.900000,SKIP,,Price List 'SPEC' not found in Price_List__c
Price_List_Entry__c,ACC-GBASE - DEAL - USD,MISSING,01t6A000000asM6QAI,,,,28.600000,SKIP,,Price List 'DEAL' not found in Price_List__c
Price_List_Entry__c,ACC-GBASE - PART - USD,MISSING,01t6A000000asM6QAI,,,,28.600000,SKIP,,Price List 'PART' not found in Price_List__c
Price_List_Entry__c,ACC-GBASE - DIST - USD,MISSING,01t6A000000asM6QAI,,,,27.500000,SKIP,,Price List 'DIST' not found in Price_List__c
Price_List_Entry__c,ACC-GBASE - SPEC - USD,MISSING,01t6A000000asM6QAI,,,,26.400000,SKIP,,Price List 'SPEC' not found in Price_List__c
Price_List_Entry__c,ACC-GS1 - DEAL - USD,MISSING,01t6A000000atC0QAI,,,,144.520000,SKIP,,Price List 'DEAL' not found in Price_List__c
Price_List_Entry__c,ACC-GS1 - PART - USD,MISSING,01t6A000000atC0QAI,,,,114.100000,SKIP,,Price List 'PART' not found in Price_List__c
Price_List_Entry__c,ACC-GS1 - DIST - USD,MISSING,01t6A000000atC0QAI,,,,108.390000,SKIP,,Price List 'DIST' not found in Price_List__c
Price_List_Entry__c,ACC-GS1 - SPEC - USD,MISSING,01t6A000000atC0QAI,,,,102.690000,SKIP,,Price List 'SPEC' not found in Price_List__c
Price_List_Entry__c,ACC-GS1E - DEAL - USD,MISSING,01t6A000000as9QQAQ,,,,183.450000,SKIP,,Price List 'DEAL' not found in Price_List__c
Price_List_Entry__c,ACC-GS1E - PART - USD,MISSING,01t6A000000as9QQAQ,,,,144.830000,SKIP,,Price List 'PART' not found in Price_List__c
Price_List_Entry__c,ACC-GS1E - DIST - USD,MISSING,01t6A000000as9QQAQ,,,,137.580000,SKIP,,Price List 'DIST' not found in Price_List__c
Price_List_Entry__c,ACC-GS1E - SPEC - USD,MISSING,01t6A000000as9QQAQ,,,,130.340000,SKIP,,Price List 'SPEC' not found in Price_List__c
Price_List_Entry__c,ACC-LA - DEAL - USD,MISSING,01t6A000000atBzQAI,,,,146.660000,SKIP,,Price List 'DEAL' not found in Price_List__c
Price_List_Entry__c,ACC-LA - PART - USD,MISSING,01t6A000000atBzQAI,,,,115.790000,SKIP,,Price List 'PART' not found in Price_List__c
Price_List_Entry__c,ACC-LA - DIST - USD,MISSING,01t6A000000atBzQAI,,,,110.000000,SKIP,,Price List 'DIST' not found in Price_List__c
Price_List_Entry__c,ACC-LA - SPEC - USD,MISSING,01t6A000000atBzQAI,,,,104.500000,SKIP,,Price List 'SPEC' not found in Price_List__c
Price_List_Entry__c,ACC-M820 - DEAL - USD,MISSING,01t6A000000ariLQAQ,,,,9.580000,SKIP,,Price List 'DEAL' not found in Price_List__c
Price_List_Entry__c,ACC-M820 - PART - USD,MISSING,01t6A000000ariLQAQ,,,,7.570000,SKIP,,Price List 'PART' not found in Price_List__c
Price_List_Entry__c,ACC-M820 - DIST - USD,MISSING,01t6A000000ariLQAQ,,,,7.180000,SKIP,,Price List 'DIST' not found in Price_List__c
Price_List_Entry__c,ACC-M820 - SPEC - USD,MISSING,01t6A000000ariLQAQ,,,,6.810000,SKIP,,Price List 'SPEC' not found in Price_List__c
Price_List_Entry__c,ACC-MB0800 - DEAL - USD,MISSING,01t6A000000asUWQAY,,,,75.540000,SKIP,,Price List 'DEAL' not found in Price_List__c
Price_List_Entry__c,ACC-MB0800 - PART - USD,MISSING,01t6A000000asUWQAY,,,,59.640000,SKIP,,Price List 'PART' not found in Price_List__c
Price_List_Entry__c,ACC-MB0800 - DIST - USD,MISSING,01t6A000000asUWQAY,,,,56.650000,SKIP,,Price List 'DIST' not found in Price_List__c
Price_List_Entry__c,ACC-MB0800 - SPEC - USD,MISSING,01t6A000000asUWQAY,,,,53.820000,SKIP,,Price List 'SPEC' not found in Price_List__c
Price_List_Entry__c,ACC-MB2200 - DEAL - USD,MISSING,01t6A000000asUXQAY,,,,95.600000,SKIP,,Price List 'DEAL' not found in Price_List__c
Price_List_Entry__c,ACC-MB2200 - PART - USD,MISSING,01t6A000000asUXQAY,,,,75.480000,SKIP,,Price List 'PART' not found in Price_List__c
Price_List_Entry__c,ACC-MB2200 - DIST - USD,MISSING,01t6A000000asUXQAY,,,,71.700000,SKIP,,Price List 'DIST' not found in Price_List__c
Price_List_Entry__c,ACC-MB2200 - SPEC - USD,MISSING,01t6A000000asUXQAY,,,,68.120000,SKIP,,Price List 'SPEC' not found in Price_List__c
Price_List_Entry__c,ACC-MB3500 - DEAL - USD,MISSING,01t6A000000asUYQAY,,,,69.370000,SKIP,,Price List 'DEAL' not found in Price_List__c
Price_List_Entry__c,ACC-MB3500 - PART - USD,MISSING,01t6A000000asUYQAY,,,,54.770000,SKIP,,Price List 'PART' not found in Price_List__c
Price_List_Entry__c,ACC-MB3500 - DIST - USD,MISSING,01t6A000000asUYQAY,,,,52.030000,SKIP,,Price List 'DIST' not found in Price_List__c
Price_List_Entry__c,ACC-MB3500 - SPEC - USD,MISSING,01t6A000000asUYQAY,,,,49.290000,SKIP,,Price List 'SPEC' not found in Price_List__c
Price_List_Entry__c,ACC-MB3875 - DEAL - USD,MISSING,01t6A000000asUZQAY,,,,88.560000,SKIP,,Price List 'DEAL' not found in Price_List__c
Price_List_Entry__c,ACC-MB3875 - PART - USD,MISSING,01t6A000000asUZQAY,,,,69.910000,SKIP,,Price List 'PART' not found in Price_List__c
Price_List_Entry__c,ACC-MB3875 - DIST - USD,MISSING,01t6A000000asUZQAY,,,,66.420000,SKIP,,Price List 'DIST' not found in Price_List__c
Price_List_Entry__c,ACC-MB3875 - SPEC - USD,MISSING,01t6A000000asUZQAY,,,,63.100000,SKIP,,Price List 'SPEC' not found in Price_List__c
Price_List_Entry__c,ACC-MBC - DEAL - USD,MISSING,01t6A000000asMIQAY,,,,229.450000,SKIP,,Price List 'DEAL' not found in Price_List__c
Price_List_Entry__c,ACC-MBC - PART - USD,MISSING,01t6A000000asMIQAY,,,,181.150000,SKIP,,Price List 'PART' not found in Price_List__c
Price_List_Entry__c,ACC-MBC - DIST - USD,MISSING,01t6A000000asMIQAY,,,,172.080000,SKIP,,Price List 'DIST' not found in Price_List__c
Price_List_Entry__c,ACC-MBC - SPEC - USD,MISSING,01t6A000000asMIQAY,,,,163.030000,SKIP,,Price List 'SPEC' not found in Price_List__c
Price_List_Entry__c,ACC-MBF - DEAL - USD,MISSING,01t6A000000arVWQAY,,,,359.700000,SKIP,,Price List 'DEAL' not found in Price_List__c
Price_List_Entry__c,ACC-MBF - PART - USD,MISSING,01t6A000000arVWQAY,,,,283.800000,SKIP,,Price List 'PART' not found in Price_List__c
Price_List_Entry__c,ACC-MBF - DIST - USD,MISSING,01t6A000000arVWQAY,,,,269.500000,SKIP,,Price List 'DIST' not found in Price_List__c
Price_List_Entry__c,ACC-MBF - SPEC - USD,MISSING,01t6A000000arVWQAY,,,,255.200000,SKIP,,Price List 'SPEC' not found in Price_List__c
Price_List_Entry__c,ACC-MCH - DEAL - USD,MISSING,01t6A000000asZyQAI,,,,44.470000,SKIP,,Price List 'DEAL' not found in Price_List__c
Price_List_Entry__c,ACC-MCH - PART - USD,MISSING,01t6A000000asZyQAI,,,,35.110000,SKIP,,Price List 'PART' not found in Price_List__c
Price_List_Entry__c,ACC-MCH - DIST - USD,MISSING,01t6A000000asZyQAI,,,,33.350000,SKIP,,Price List 'DIST' not found in Price_List__c
Price_List_Entry__c,ACC-MCH - SPEC - USD,MISSING,01t6A000000asZyQAI,,,,31.580000,SKIP,,Price List 'SPEC' not found in Price_List__c
Price_List_Entry__c,ACC-MS - DEAL - USD,MISSING,01t6A000000arYjQAI,,,,77.200000,SKIP,,Price List 'DEAL' not found in Price_List__c
Price_List_Entry__c,ACC-MS - PART - USD,MISSING,01t6A000000arYjQAI,,,,60.940000,SKIP,,Price List 'PART' not found in Price_List__c
Price_List_Entry__c,ACC-MS - DIST - USD,MISSING,01t6A000000arYjQAI,,,,57.900000,SKIP,,Price List 'DIST' not found in Price_List__c
Price_List_Entry__c,ACC-MS - SPEC - USD,MISSING,01t6A000000arYjQAI,,,,54.860000,SKIP,,Price List 'SPEC' not found in Price_List__c
Price_List_Entry__c,ACC-MSF-W - DEAL - USD,MISSING,01t6A000003QCU0QAO,,,,135.180000,SKIP,,Price List 'DEAL' not found in Price_List__c
Price_List_Entry__c,ACC-MSF-W - PART - USD,MISSING,01t6A000003QCU0QAO,,,,106.720000,SKIP,,Price List 'PART' not found in Price_List__c
Price_List_Entry__c,ACC-MSF-W - DIST - USD,MISSING,01t6A000003QCU0QAO,,,,101.390000,SKIP,,Price List 'DIST' not found in Price_List__c
Price_List_Entry__c,ACC-MSF-W - SPEC - USD,MISSING,01t6A000003QCU0QAO,,,,96.050000,SKIP,,Price List 'SPEC' not found in Price_List__c
Price_List_Entry__c,ACC-UCM - DEAL - USD,MISSING,01t6A000000ard2QAA,,,,27.790000,SKIP,,Price List 'DEAL' not found in Price_List__c
Price_List_Entry__c,ACC-UCM - PART - USD,MISSING,01t6A000000ard2QAA,,,,21.920000,SKIP,,Price List 'PART' not found in Price_List__c
Price_List_Entry__c,ACC-UCM - DIST - USD,MISSING,01t6A000000ard2QAA,,,,20.830000,SKIP,,Price List 'DIST' not found in Price_List__c
Price_List_Entry__c,ACC-UCM - SPEC - USD,MISSING,01t6A000000ard2QAA,,,,19.750000,SKIP,,Price List 'SPEC' not found in Price_List__c
Price_List_Entry__c,ACC-VCS - DEAL - USD,MISSING,01t6A000000askUQAQ,,,,183.450000,SKIP,,Price List 'DEAL' not found in Price_List__c
Price_List_Entry__c,ACC-VCS - PART - USD,MISSING,01t6A000000askUQAQ,,,,144.830000,SKIP,,Price List 'PART' not found in Price_List__c
Price_List_Entry__c,ACC-VCS - DIST - USD,MISSING,01t6A000000askUQAQ,,,,137.580000,SKIP,,Price List 'DIST' not found in Price_List__c
Price_List_Entry__c,ACC-VCS - SPEC - USD,MISSING,01t6A000000askUQAQ,,,,130.340000,SKIP,,Price List 'SPEC' not found in Price_List__c
Price_List_Entry__c,ACC-WMVCS - DEAL - USD,MISSING,01t6A000000aqrcQAA,,,,108.540000,SKIP,,Price List 'DEAL' not found in Price_List__c
Price_List_Entry__c,ACC-WMVCS - PART - USD,MISSING,01t6A000000aqrcQAA,,,,85.680000,SKIP,,Price List 'PART' not found in Price_List__c
Price_List_Entry__c,ACC-WMVCS - DIST - USD,MISSING,01t6A000000aqrcQAA,,,,81.400000,SKIP,,Price List 'DIST' not found in Price_List__c
Price_List_Entry__c,ACC-WMVCS - SPEC - USD,MISSING,01t6A000000aqrcQAA,,,,77.330000,SKIP,,Price List 'SPEC' not found in Price_List__c
Price_List_Entry__c,ACC002 - DEAL - USD,MISSING,01t6A000000arCVQAY,,,,40.880000,SKIP,,Price List 'DEAL' not found in Price_List__c
Price_List_Entry__c,ACC002 - PART - USD,MISSING,01t6A000000arCVQAY,,,,32.270000,SKIP,,Price List 'PART' not found in Price_List__c
Price_List_Entry__c,ACC002 - DIST - USD,MISSING,01t6A000000arCVQAY,,,,30.690000,SKIP,,Price List 'DIST' not found in Price_List__c
Price_List_Entry__c,ACC002 - SPEC - USD,MISSING,01t6A000000arCVQAY,,,,29.040000,SKIP,,Price List 'SPEC' not found in Price_List__c
Price_List_Entry__c,ACC114 - DEAL - USD,MISSING,01t2K000006W0RAQA0,,,,225.450000,SKIP,,Price List 'DEAL' not found in Price_List__c
Price_List_Entry__c,ACC114 - PART - USD,MISSING,01t2K000006W0RAQA0,,,,178.760000,SKIP,,Price List 'PART' not found in Price_List__c
Price_List_Entry__c,ACC114 - DIST - USD,MISSING,01t2K000006W0RAQA0,,,,169.420000,SKIP,,Price List 'DIST' not found in Price_List__c
Price_List_Entry__c,ACC114 - SPEC - USD,MISSING,01t2K000006W0RAQA0,,,,160.080000,SKIP,,Price List 'SPEC' not found in Price_List__c
Price_List_Entry__c,ACC116 - DEAL - USD,MISSING,01t2K000006XQRbQAO,,,,174.760000,SKIP,,Price List 'DEAL' not found in Price_List__c
Price_List_Entry__c,ACC116 - PART - USD,MISSING,01t2K000006XQRbQAO,,,,137.410000,SKIP,,Price List 'PART' not found in Price_List__c
Price_List_Entry__c,ACC116 - DIST - USD,MISSING,01t2K000006XQRbQAO,,,,130.750000,SKIP,,Price List 'DIST' not found in Price_List__c
Price_List_Entry__c,ACC116 - SPEC - USD,MISSING,01t2K000006XQRbQAO,,,,124.060000,SKIP,,Price List 'SPEC' not found in Price_List__c
Price_List_Entry__c,ACC170 - DEAL - USD,MISSING,01t6A000000at8pQAA,,,,40.700000,SKIP,,Price List 'DEAL' not found in Price_List__c
Price_List_Entry__c,ACC170 - PART - USD,MISSING,01t6A000000at8pQAA,,,,31.900000,SKIP,,Price List 'PART' not found in Price_List__c
Price_List_Entry__c,ACC170 - DIST - USD,MISSING,01t6A000000at8pQAA,,,,29.700000,SKIP,,Price List 'DIST' not found in Price_List__c
Price_List_Entry__c,ACC170 - SPEC - USD,MISSING,01t6A000000at8pQAA,,,,28.340000,SKIP,,Price List 'SPEC' not found in Price_List__c
Price_List_Entry__c,ACC2X1 - DEAL - USD,MISSING,01t6A000000argCQAQ,,,,48.030000,SKIP,,Price List 'DEAL' not found in Price_List__c
Price_List_Entry__c,ACC2X1 - PART - USD,MISSING,01t6A000000argCQAQ,,,,37.360000,SKIP,,Price List 'PART' not found in Price_List__c
Price_List_Entry__c,ACC2X1 - DIST - USD,MISSING,01t6A000000argCQAQ,,,,36.030000,SKIP,,Price List 'DIST' not found in Price_List__c
Price_List_Entry__c,ACC2X1 - SPEC - USD,MISSING,01t6A000000argCQAQ,,,,33.350000,SKIP,,Price List 'SPEC' not found in Price_List__c
Price_List_Entry__c,ACC309 - DEAL - USD,MISSING,01t6A000000arX1QAI,,,,97.000000,SKIP,,Price List 'DEAL' not found in Price_List__c
Price_List_Entry__c,ACC309 - PART - USD,MISSING,01t6A000000arX1QAI,,,,77.000000,SKIP,,Price List 'PART' not found in Price_List__c
Price_List_Entry__c,ACC309 - DIST - USD,MISSING,01t6A000000arX1QAI,,,,73.000000,SKIP,,Price List 'DIST' not found in Price_List__c
Price_List_Entry__c,ACC309 - SPEC - USD,MISSING,01t6A000000arX1QAI,,,,69.000000,SKIP,,Price List 'SPEC' not found in Price_List__c
Price_List_Entry__c,ACC310 - DEAL - USD,MISSING,01t6A000000ar3JQAQ,,,,80.660000,SKIP,,Price List 'DEAL' not found in Price_List__c
Price_List_Entry__c,ACC310 - PART - USD,MISSING,01t6A000000ar3JQAQ,,,,63.680000,SKIP,,Price List 'PART' not found in Price_List__c
Price_List_Entry__c,ACC310 - DIST - USD,MISSING,01t6A000000ar3JQAQ,,,,60.500000,SKIP,,Price List 'DIST' not found in Price_List__c
Price_List_Entry__c,ACC310 - SPEC - USD,MISSING,01t6A000000ar3JQAQ,,,,57.480000,SKIP,,Price List 'SPEC' not found in Price_List__c
Price_List_Entry__c,ACC315 - DEAL - USD,MISSING,01t6A000000ar1ZQAQ,,,,79.160000,SKIP,,Price List 'DEAL' not found in Price_List__c
Price_List_Entry__c,ACC315 - PART - USD,MISSING,01t6A000000ar1ZQAQ,,,,62.480000,SKIP,,Price List 'PART' not found in Price_List__c
Price_List_Entry__c,ACC315 - DIST - USD,MISSING,01t6A000000ar1ZQAQ,,,,59.380000,SKIP,,Price List 'DIST' not found in Price_List__c
Price_List_Entry__c,ACC315 - SPEC - USD,MISSING,01t6A000000ar1ZQAQ,,,,56.240000,SKIP,,Price List 'SPEC' not found in Price_List__c
Price_List_Entry__c,ACC316 - DEAL - USD,MISSING,01t6A000000ar1aQAA,,,,15.400000,SKIP,,Price List 'DEAL' not found in Price_List__c
Price_List_Entry__c,ACC316 - PART - USD,MISSING,01t6A000000ar1aQAA,,,,12.100000,SKIP,,Price List 'PART' not found in Price_List__c
Price_List_Entry__c,ACC316 - DIST - USD,MISSING,01t6A000000ar1aQAA,,,,11.000000,SKIP,,Price List 'DIST' not found in Price_List__c
Price_List_Entry__c,ACC316 - SPEC - USD,MISSING,01t6A000000ar1aQAA,,,,10.730000,SKIP,,Price List 'SPEC' not found in Price_List__c
Price_List_Entry__c,ACC320 - DEAL - USD,MISSING,01t6A000000ar38QAA,,,,80.660000,SKIP,,Price List 'DEAL' not found in Price_List__c
Price_List_Entry__c,ACC320 - PART - USD,MISSING,01t6A000000ar38QAA,,,,63.680000,SKIP,,Price List 'PART' not found in Price_List__c
Price_List_Entry__c,ACC320 - DIST - USD,MISSING,01t6A000000ar38QAA,,,,60.500000,SKIP,,Price List 'DIST' not found in Price_List__c
Price_List_Entry__c,ACC320 - SPEC - USD,MISSING,01t6A000000ar38QAA,,,,57.480000,SKIP,,Price List 'SPEC' not found in Price_List__c
Price_List_Entry__c,ACC322 - DEAL - USD,MISSING,01t6A000000aru4QAA,,,,10.130000,SKIP,,Price List 'DEAL' not found in Price_List__c
Price_List_Entry__c,ACC322 - PART - USD,MISSING,01t6A000000aru4QAA,,,,8.000000,SKIP,,Price List 'PART' not found in Price_List__c
Price_List_Entry__c,ACC322 - DIST - USD,MISSING,01t6A000000aru4QAA,,,,7.600000,SKIP,,Price List 'DIST' not found in Price_List__c
Price_List_Entry__c,ACC322 - SPEC - USD,MISSING,01t6A000000aru4QAA,,,,7.200000,SKIP,,Price List 'SPEC' not found in Price_List__c
Price_List_Entry__c,ACC324 - DEAL - USD,MISSING,01t6A000000atF8QAI,,,,87.090000,SKIP,,Price List 'DEAL' not found in Price_List__c
Price_List_Entry__c,ACC324 - PART - USD,MISSING,01t6A000000atF8QAI,,,,68.760000,SKIP,,Price List 'PART' not found in Price_List__c
Price_List_Entry__c,ACC324 - DIST - USD,MISSING,01t6A000000atF8QAI,,,,65.320000,SKIP,,Price List 'DIST' not found in Price_List__c
Price_List_Entry__c,ACC324 - SPEC - USD,MISSING,01t6A000000atF8QAI,,,,61.880000,SKIP,,Price List 'SPEC' not found in Price_List__c
Price_List_Entry__c,ACC409-B - DEAL - USD,MISSING,01t6A000000atVQQAY,,,,67.760000,SKIP,,Price List 'DEAL' not found in Price_List__c
Price_List_Entry__c,ACC409-B - PART - USD,MISSING,01t6A000000atVQQAY,,,,53.240000,SKIP,,Price List 'PART' not found in Price_List__c
Price_List_Entry__c,ACC409-B - DIST - USD,MISSING,01t6A000000atVQQAY,,,,50.820000,SKIP,,Price List 'DIST' not found in Price_List__c
Price_List_Entry__c,ACC409-B - SPEC - USD,MISSING,01t6A000000atVQQAY,,,,48.400000,SKIP,,Price List 'SPEC' not found in Price_List__c
Price_List_Entry__c,ACC450 - DEAL - USD,MISSING,01t6A000000arPxQAI,,,,41.060000,SKIP,,Price List 'DEAL' not found in Price_List__c
Price_List_Entry__c,ACC450 - PART - USD,MISSING,01t6A000000arPxQAI,,,,32.420000,SKIP,,Price List 'PART' not found in Price_List__c
Price_List_Entry__c,ACC450 - DIST - USD,MISSING,01t6A000000arPxQAI,,,,30.800000,SKIP,,Price List 'DIST' not found in Price_List__c
Price_List_Entry__c,ACC450 - SPEC - USD,MISSING,01t6A000000arPxQAI,,,,29.260000,SKIP,,Price List 'SPEC' not found in Price_List__c
Price_List_Entry__c,ACC4X4 - DEAL - USD,MISSING,01t6A000000arY5QAI,,,,26.690000,SKIP,,Price List 'DEAL' not found in Price_List__c
Price_List_Entry__c,ACC4X4 - PART - USD,MISSING,01t6A000000arY5QAI,,,,21.070000,SKIP,,Price List 'PART' not found in Price_List__c
Price_List_Entry__c,ACC4X4 - DIST - USD,MISSING,01t6A000000arY5QAI,,,,20.010000,SKIP,,Price List 'DIST' not found in Price_List__c
Price_List_Entry__c,ACC4X4 - SPEC - USD,MISSING,01t6A000000arY5QAI,,,,18.960000,SKIP,,Price List 'SPEC' not found in Price_List__c
Price_List_Entry__c,ACC517 - DEAL - USD,MISSING,01t6A000000atT3QAI,,,,131.050000,SKIP,,Price List 'DEAL' not found in Price_List__c
Price_List_Entry__c,ACC517 - PART - USD,MISSING,01t6A000000atT3QAI,,,,103.470000,SKIP,,Price List 'PART' not found in Price_List__c
Price_List_Entry__c,ACC517 - DIST - USD,MISSING,01t6A000000atT3QAI,,,,98.290000,SKIP,,Price List 'DIST' not found in Price_List__c
Price_List_Entry__c,ACC517 - SPEC - USD,MISSING,01t6A000000atT3QAI,,,,93.120000,SKIP,,Price List 'SPEC' not found in Price_List__c
Price_List_Entry__c,ACC604 - DEAL - USD,MISSING,01t6A000000aqocQAA,,,,204.110000,SKIP,,Price List 'DEAL' not found in Price_List__c
Price_List_Entry__c,ACC604 - PART - USD,MISSING,01t6A000000aqocQAA,,,,161.410000,SKIP,,Price List 'PART' not found in Price_List__c
Price_List_Entry__c,ACC604 - DIST - USD,MISSING,01t6A000000aqocQAA,,,,153.420000,SKIP,,Price List 'DIST' not found in Price_List__c
Price_List_Entry__c,ACC604 - SPEC - USD,MISSING,01t6A000000aqocQAA,,,,145.410000,SKIP,,Price List 'SPEC' not found in Price_List__c
Price_List_Entry__c,ACC830 - DEAL - USD,MISSING,01t6A000000arxyQAA,,,,48.400000,SKIP,,Price List 'DEAL' not found in Price_List__c
Price_List_Entry__c,ACC830 - PART - USD,MISSING,01t6A000000arxyQAA,,,,38.210000,SKIP,,Price List 'PART' not found in Price_List__c
Price_List_Entry__c,ACC830 - DIST - USD,MISSING,01t6A000000arxyQAA,,,,36.300000,SKIP,,Price List 'DIST' not found in Price_List__c
Price_List_Entry__c,ACC830 - SPEC - USD,MISSING,01t6A000000arxyQAA,,,,34.490000,SKIP,,Price List 'SPEC' not found in Price_List__c
Price_List_Entry__c,ACC918 - DEAL - USD,MISSING,01t6A000000arJiQAI,,,,14.660000,SKIP,,Price List 'DEAL' not found in Price_List__c
Price_List_Entry__c,ACC918 - PART - USD,MISSING,01t6A000000arJiQAI,,,,11.580000,SKIP,,Price List 'PART' not found in Price_List__c
Price_List_Entry__c,ACC918 - DIST - USD,MISSING,01t6A000000arJiQAI,,,,11.000000,SKIP,,Price List 'DIST' not found in Price_List__c
Price_List_Entry__c,ACC918 - SPEC - USD,MISSING,01t6A000000arJiQAI,,,,10.450000,SKIP,,Price List 'SPEC' not found in Price_List__c
Price_List_Entry__c,ACC925 - DEAL - USD,MISSING,01t6A000000arwQQAQ,,,,29.340000,SKIP,,Price List 'DEAL' not found in Price_List__c
Price_List_Entry__c,ACC925 - PART - USD,MISSING,01t6A000000arwQQAQ,,,,23.160000,SKIP,,Price List 'PART' not found in Price_List__c
Price_List_Entry__c,ACC925 - DIST - USD,MISSING,01t6A000000arwQQAQ,,,,22.000000,SKIP,,Price List 'DIST' not found in Price_List__c
Price_List_Entry__c,ACC925 - SPEC - USD,MISSING,01t6A000000arwQQAQ,,,,20.900000,SKIP,,Price List 'SPEC' not found in Price_List__c
Price_List_Entry__c,ACC951 - DEAL - USD,MISSING,01t6A000000aswaQAA,,,,62.000000,SKIP,,Price List 'DEAL' not found in Price_List__c
Price_List_Entry__c,ACC951 - PART - USD,MISSING,01t6A000000aswaQAA,,,,49.000000,SKIP,,Price List 'PART' not found in Price_List__c
Price_List_Entry__c,ACC951 - DIST - USD,MISSING,01t6A000000aswaQAA,,,,46.000000,SKIP,,Price List 'DIST' not found in Price_List__c
Price_List_Entry__c,ACC951 - SPEC - USD,MISSING,01t6A000000aswaQAA,,,,44.000000,SKIP,,Price List 'SPEC' not found in Price_List__c
Price_List_Entry__c,ACC979 - DEAL - USD,MISSING,01t6A000000at9KQAQ,,,,90.770000,SKIP,,Price List 'DEAL' not found in Price_List__c
Price_List_Entry__c,ACC979 - PART - USD,MISSING,01t6A000000at9KQAQ,,,,71.680000,SKIP,,Price List 'PART' not found in Price_List__c
Price_List_Entry__c,ACC979 - DIST - USD,MISSING,01t6A000000at9KQAQ,,,,68.090000,SKIP,,Price List 'DIST' not found in Price_List__c
Price_List_Entry__c,ACC979 - SPEC - USD,MISSING,01t6A000000at9KQAQ,,,,64.500000,SKIP,,Price List 'SPEC' not found in Price_List__c
Price_List_Entry__c,ACSBR1 - DEAL - USD,MISSING,01t6A000000arfTQAQ,,,,15.650000,SKIP,,Price List 'DEAL' not found in Price_List__c
Price_List_Entry__c,ACSBR1 - PART - USD,MISSING,01t6A000000arfTQAQ,,,,12.350000,SKIP,,Price List 'PART' not found in Price_List__c
Price_List_Entry__c,ACSBR1 - DIST - USD,MISSING,01t6A000000arfTQAQ,,,,11.740000,SKIP,,Price List 'DIST' not found in Price_List__c
Price_List_Entry__c,ACSBR1 - SPEC - USD,MISSING,01t6A000000arfTQAQ,,,,11.130000,SKIP,,Price List 'SPEC' not found in Price_List__c
Price_List_Entry__c,B-MIS38426 - DEAL - USD,MISSING,01t2K000006KEEXQA4,,,,361.530000,SKIP,,Price List 'DEAL' not found in Price_List__c
Price_List_Entry__c,B-MIS38426 - PART - USD,MISSING,01t2K000006KEEXQA4,,,,285.480000,SKIP,,Price List 'PART' not found in Price_List__c
Price_List_Entry__c,B-MIS38426 - DIST - USD,MISSING,01t2K000006KEEXQA4,,,,270.810000,SKIP,,Price List 'DIST' not found in Price_List__c
Price_List_Entry__c,B-MIS38426 - SPEC - USD,MISSING,01t2K000006KEEXQA4,,,,257.470000,SKIP,,Price List 'SPEC' not found in Price_List__c
Price_List_Entry__c,CMAL - DEAL - USD,MISSING,01t2K000006S2MBQA0,,,,577.630000,SKIP,,Price List 'DEAL' not found in Price_List__c
Price_List_Entry__c,CMAL - PART - USD,MISSING,01t2K000006S2MBQA0,,,,457.580000,SKIP,,Price List 'PART' not found in Price_List__c
Price_List_Entry__c,CMAL - DIST - USD,MISSING,01t2K000006S2MBQA0,,,,433.550000,SKIP,,Price List 'DIST' not found in Price_List__c
Price_List_Entry__c,CMAL - SPEC - USD,MISSING,01t2K000006S2MBQA0,,,,412.210000,SKIP,,Price List 'SPEC' not found in Price_List__c
Price_List_Entry__c,DMU50SM-02 - DEAL - USD,MISSING,01t6A000000ar2nQAA,,,,254.090000,SKIP,,Price List 'DEAL' not found in Price_List__c
Price_List_Entry__c,DMU50SM-02 - PART - USD,MISSING,01t6A000000ar2nQAA,,,,200.600000,SKIP,,Price List 'PART' not found in Price_List__c
Price_List_Entry__c,DMU50SM-02 - DIST - USD,MISSING,01t6A000000ar2nQAA,,,,190.560000,SKIP,,Price List 'DIST' not found in Price_List__c
Price_List_Entry__c,DMU50SM-02 - SPEC - USD,MISSING,01t6A000000ar2nQAA,,,,180.540000,SKIP,,Price List 'SPEC' not found in Price_List__c
Price_List_Entry__c,DS-ACC765 - DEAL - USD,MISSING,01t6A000000arI9QAI,,,,40.430000,SKIP,,Price List 'DEAL' not found in Price_List__c
Price_List_Entry__c,DS-ACC765 - PART - USD,MISSING,01t6A000000arI9QAI,,,,31.920000,SKIP,,Price List 'PART' not found in Price_List__c
Price_List_Entry__c,DS-ACC765 - DIST - USD,MISSING,01t6A000000arI9QAI,,,,30.320000,SKIP,,Price List 'DIST' not found in Price_List__c
Price_List_Entry__c,DS-ACC765 - SPEC - USD,MISSING,01t6A000000arI9QAI,,,,28.720000,SKIP,,Price List 'SPEC' not found in Price_List__c
Price_List_Entry__c,DS-ACC770 - DEAL - USD,MISSING,01t6A000000at8yQAA,,,,45.570000,SKIP,,Price List 'DEAL' not found in Price_List__c
Price_List_Entry__c,DS-ACC770 - PART - USD,MISSING,01t6A000000at8yQAA,,,,35.980000,SKIP,,Price List 'PART' not found in Price_List__c
Price_List_Entry__c,DS-ACC770 - DIST - USD,MISSING,01t6A000000at8yQAA,,,,34.190000,SKIP,,Price List 'DIST' not found in Price_List__c
Price_List_Entry__c,DS-ACC770 - SPEC - USD,MISSING,01t6A000000at8yQAA,,,,32.370000,SKIP,,Price List 'SPEC' not found in Price_List__c
Price_List_Entry__c,DS-C555-3X2 - DEAL - USD,MISSING,01t6A000000arVYQAY,,,,3465.000000,SKIP,,Price List 'DEAL' not found in Price_List__c
Price_List_Entry__c,DS-C555-3X2 - PART - USD,MISSING,01t6A000000arVYQAY,,,,2735.700000,SKIP,,Price List 'PART' not found in Price_List__c
Price_List_Entry__c,DS-C555-3X2 - DIST - USD,MISSING,01t6A000000arVYQAY,,,,2599.300000,SKIP,,Price List 'DIST' not found in Price_List__c
Price_List_Entry__c,DS-C555-3X2 - SPEC - USD,MISSING,01t6A000000arVYQAY,,,,2462.900000,SKIP,,Price List 'SPEC' not found in Price_List__c
Price_List_Entry__c,DS-C555-3X3 - DEAL - USD,MISSING,01t6A000000asHHQAY,,,,4667.300000,SKIP,,Price List 'DEAL' not found in Price_List__c
Price_List_Entry__c,DS-C555-3X3 - PART - USD,MISSING,01t6A000000asHHQAY,,,,3686.100000,SKIP,,Price List 'PART' not found in Price_List__c
Price_List_Entry__c,DS-C555-3X3 - DIST - USD,MISSING,01t6A000000asHHQAY,,,,3501.300000,SKIP,,Price List 'DIST' not found in Price_List__c
Price_List_Entry__c,DS-C555-3X3 - SPEC - USD,MISSING,01t6A000000asHHQAY,,,,3317.600000,SKIP,,Price List 'SPEC' not found in Price_List__c
Price_List_Entry__c,DS-C555-4X2 - DEAL - USD,MISSING,01t6A000000asHIQAY,,,,5265.700000,SKIP,,Price List 'DEAL' not found in Price_List__c
Price_List_Entry__c,DS-C555-4X2 - PART - USD,MISSING,01t6A000000asHIQAY,,,,4156.900000,SKIP,,Price List 'PART' not found in Price_List__c
Price_List_Entry__c,DS-C555-4X2 - DIST - USD,MISSING,01t6A000000asHIQAY,,,,3949.000000,SKIP,,Price List 'DIST' not found in Price_List__c
Price_List_Entry__c,DS-C555-4X2 - SPEC - USD,MISSING,01t6A000000asHIQAY,,,,3740.000000,SKIP,,Price List 'SPEC' not found in Price_List__c
Price_List_Entry__c,DS-C555-4X3 - DEAL - USD,MISSING,01t6A000000arjNQAQ,,,,7095.000000,SKIP,,Price List 'DEAL' not found in Price_List__c
Price_List_Entry__c,DS-C555-4X3 - PART - USD,MISSING,01t6A000000arjNQAQ,,,,5602.300000,SKIP,,Price List 'PART' not found in Price_List__c
Price_List_Entry__c,DS-C555-4X3 - DIST - USD,MISSING,01t6A000000arjNQAQ,,,,5321.800000,SKIP,,Price List 'DIST' not found in Price_List__c
Price_List_Entry__c,DS-C555-4X3 - SPEC - USD,MISSING,01t6A000000arjNQAQ,,,,5041.300000,SKIP,,Price List 'SPEC' not found in Price_List__c
Price_List_Entry__c,DS-C560-1X3 - DEAL - USD,MISSING,01t6A000000arjOQAQ,,,,2780.800000,SKIP,,Price List 'DEAL' not found in Price_List__c
Price_List_Entry__c,DS-C560-1X3 - PART - USD,MISSING,01t6A000000arjOQAQ,,,,2195.600000,SKIP,,Price List 'PART' not found in Price_List__c
Price_List_Entry__c,DS-C560-1X3 - DIST - USD,MISSING,01t6A000000arjOQAQ,,,,2086.700000,SKIP,,Price List 'DIST' not found in Price_List__c
Price_List_Entry__c,DS-C560-1X3 - SPEC - USD,MISSING,01t6A000000arjOQAQ,,,,1975.600000,SKIP,,Price List 'SPEC' not found in Price_List__c
Price_List_Entry__c,DS-C560-2X2 - DEAL - USD,MISSING,01t6A000000as9SQAQ,,,,2874.300000,SKIP,,Price List 'DEAL' not found in Price_List__c
Price_List_Entry__c,DS-C560-2X2 - PART - USD,MISSING,01t6A000000as9SQAQ,,,,2269.300000,SKIP,,Price List 'PART' not found in Price_List__c
Price_List_Entry__c,DS-C560-2X2 - DIST - USD,MISSING,01t6A000000as9SQAQ,,,,2156.000000,SKIP,,Price List 'DIST' not found in Price_List__c
Price_List_Entry__c,DS-C560-2X2 - SPEC - USD,MISSING,01t6A000000as9SQAQ,,,,2042.700000,SKIP,,Price List 'SPEC' not found in Price_List__c
Price_List_Entry__c,DS-MBZ642L - DEAL - USD,MISSING,01t6A000000asjHQAQ,,,,122.730000,SKIP,,Price List 'DEAL' not found in Price_List__c
Price_List_Entry__c,DS-MBZ642L - PART - USD,MISSING,01t6A000000asjHQAQ,,,,96.890000,SKIP,,Price List 'PART' not found in Price_List__c
Price_List_Entry__c,DS-MBZ642L - DIST - USD,MISSING,01t6A000000asjHQAQ,,,,92.050000,SKIP,,Price List 'DIST' not found in Price_List__c
Price_List_Entry__c,DS-MBZ642L - SPEC - USD,MISSING,01t6A000000asjHQAQ,,,,87.210000,SKIP,,Price List 'SPEC' not found in Price_List__c
Price_List_Entry__c,DS-MBZ647L - DEAL - USD,MISSING,01t6A000000asjIQAQ,,,,122.730000,SKIP,,Price List 'DEAL' not found in Price_List__c
Price_List_Entry__c,DS-MBZ647L - PART - USD,MISSING,01t6A000000asjIQAQ,,,,96.890000,SKIP,,Price List 'PART' not found in Price_List__c
Price_List_Entry__c,DS-MBZ647L - DIST - USD,MISSING,01t6A000000asjIQAQ,,,,92.050000,SKIP,,Price List 'DIST' not found in Price_List__c
Price_List_Entry__c,DS-MBZ647L - SPEC - USD,MISSING,01t6A000000asjIQAQ,,,,87.210000,SKIP,,Price List 'SPEC' not found in Price_List__c
Price_List_Entry__c,DS-MBZ647P - DEAL - USD,MISSING,01t6A000000asjJQAQ,,,,122.730000,SKIP,,Price List 'DEAL' not found in Price_List__c
Price_List_Entry__c,DS-MBZ647P - PART - USD,MISSING,01t6A000000asjJQAQ,,,,96.890000,SKIP,,Price List 'PART' not found in Price_List__c
Price_List_Entry__c,DS-MBZ647P - DIST - USD,MISSING,01t6A000000asjJQAQ,,,,92.050000,SKIP,,Price List 'DIST' not found in Price_List__c
Price_List_Entry__c,DS-MBZ647P - SPEC - USD,MISSING,01t6A000000asjJQAQ,,,,87.210000,SKIP,,Price List 'SPEC' not found in Price_List__c
Price_List_Entry__c,DS-MBZ942L-2X1 - DEAL - USD,MISSING,01t6A000000arczQAA,,,,611.600000,SKIP,,Price List 'DEAL' not found in Price_List__c
Price_List_Entry__c,DS-MBZ942L-2X1 - PART - USD,MISSING,01t6A000000arczQAA,,,,482.900000,SKIP,,Price List 'PART' not found in Price_List__c
Price_List_Entry__c,DS-MBZ942L-2X1 - DIST - USD,MISSING,01t6A000000arczQAA,,,,458.700000,SKIP,,Price List 'DIST' not found in Price_List__c
Price_List_Entry__c,DS-MBZ942L-2X1 - SPEC - USD,MISSING,01t6A000000arczQAA,,,,434.500000,SKIP,,Price List 'SPEC' not found in Price_List__c
Price_List_Entry__c,DS-MBZ942L-3X1 - DEAL - USD,MISSING,01t6A000000ard0QAA,,,,1010.900000,SKIP,,Price List 'DEAL' not found in Price_List__c
Price_List_Entry__c,DS-MBZ942L-3X1 - PART - USD,MISSING,01t6A000000ard0QAA,,,,798.600000,SKIP,,Price List 'PART' not found in Price_List__c
Price_List_Entry__c,DS-MBZ942L-3X1 - DIST - USD,MISSING,01t6A000000ard0QAA,,,,757.900000,SKIP,,Price List 'DIST' not found in Price_List__c
Price_List_Entry__c,DS-MBZ942L-3X1 - SPEC - USD,MISSING,01t6A000000ard0QAA,,,,718.300000,SKIP,,Price List 'SPEC' not found in Price_List__c
Price_List_Entry__c,DS-MBZ947L-2X1 - DEAL - USD,MISSING,01t6A000000atOYQAY,,,,567.400000,SKIP,,Price List 'DEAL' not found in Price_List__c
Price_List_Entry__c,DS-MBZ947L-2X1 - PART - USD,MISSING,01t6A000000atOYQAY,,,,447.950000,SKIP,,Price List 'PART' not found in Price_List__c
Price_List_Entry__c,DS-MBZ947L-2X1 - DIST - USD,MISSING,01t6A000000atOYQAY,,,,425.560000,SKIP,,Price List 'DIST' not found in Price_List__c
Price_List_Entry__c,DS-MBZ947L-2X1 - SPEC - USD,MISSING,01t6A000000atOYQAY,,,,403.160000,SKIP,,Price List 'SPEC' not found in Price_List__c
Price_List_Entry__c,DS-MBZ947L-3X1 - DEAL - USD,MISSING,01t6A000000ard1QAA,,,,923.140000,SKIP,,Price List 'DEAL' not found in Price_List__c
Price_List_Entry__c,DS-MBZ947L-3X1 - PART - USD,MISSING,01t6A000000ard1QAA,,,,728.810000,SKIP,,Price List 'PART' not found in Price_List__c
Price_List_Entry__c,DS-MBZ947L-3X1 - DIST - USD,MISSING,01t6A000000ard1QAA,,,,692.360000,SKIP,,Price List 'DIST' not found in Price_List__c
Price_List_Entry__c,DS-MBZ947L-3X1 - SPEC - USD,MISSING,01t6A000000ard1QAA,,,,655.920000,SKIP,,Price List 'SPEC' not found in Price_List__c
Price_List_Entry__c,DS-MBZA - DEAL - USD,MISSING,01t6A000000aqmtQAA,,,,89.220000,SKIP,,Price List 'DEAL' not found in Price_List__c
Price_List_Entry__c,DS-MBZA - PART - USD,MISSING,01t6A000000aqmtQAA,,,,70.460000,SKIP,,Price List 'PART' not found in Price_List__c
Price_List_Entry__c,DS-MBZA - DIST - USD,MISSING,01t6A000000aqmtQAA,,,,66.910000,SKIP,,Price List 'DIST' not found in Price_List__c
Price_List_Entry__c,DS-MBZA - SPEC - USD,MISSING,01t6A000000aqmtQAA,,,,63.400000,SKIP,,Price List 'SPEC' not found in Price_List__c
Price_List_Entry__c,DS-OM46ND-CEIL - DEAL - USD,MISSING,01t6A000003QSWsQAO,,,,432.220000,SKIP,,Price List 'DEAL' not found in Price_List__c
Price_List_Entry__c,DS-OM46ND-CEIL - PART - USD,MISSING,01t6A000003QSWsQAO,,,,341.510000,SKIP,,Price List 'PART' not found in Price_List__c
Price_List_Entry__c,DS-OM46ND-CEIL - DIST - USD,MISSING,01t6A000003QSWsQAO,,,,324.170000,SKIP,,Price List 'DIST' not found in Price_List__c
Price_List_Entry__c,DS-OM46ND-CEIL - SPEC - USD,MISSING,01t6A000003QSWsQAO,,,,306.830000,SKIP,,Price List 'SPEC' not found in Price_List__c
Price_List_Entry__c,DS-OM46ND-FLOOR - DEAL - USD,MISSING,01t6A000003QSWtQAO,,,,432.220000,SKIP,,Price List 'DEAL' not found in Price_List__c
Price_List_Entry__c,DS-OM46ND-FLOOR - PART - USD,MISSING,01t6A000003QSWtQAO,,,,341.510000,SKIP,,Price List 'PART' not found in Price_List__c
Price_List_Entry__c,DS-OM46ND-FLOOR - DIST - USD,MISSING,01t6A000003QSWtQAO,,,,324.170000,SKIP,,Price List 'DIST' not found in Price_List__c
Price_List_Entry__c,DS-OM46ND-FLOOR - SPEC - USD,MISSING,01t6A000003QSWtQAO,,,,306.830000,SKIP,,Price List 'SPEC' not found in Price_List__c
Price_List_Entry__c,DS-OM55ND-CEIL - DEAL - USD,MISSING,01t6A000003QSWuQAO,,,,724.380000,SKIP,,Price List 'DEAL' not found in Price_List__c
Price_List_Entry__c,DS-OM55ND-CEIL - PART - USD,MISSING,01t6A000003QSWuQAO,,,,570.970000,SKIP,,Price List 'PART' not found in Price_List__c
Price_List_Entry__c,DS-OM55ND-CEIL - DIST - USD,MISSING,01t6A000003QSWuQAO,,,,542.950000,SKIP,,Price List 'DIST' not found in Price_List__c
Price_List_Entry__c,DS-OM55ND-CEIL - SPEC - USD,MISSING,01t6A000003QSWuQAO,,,,514.940000,SKIP,,Price List 'SPEC' not found in Price_List__c
Price_List_Entry__c,DS-OM55ND-FLOOR - DEAL - USD,MISSING,01t6A000003QSWnQAO,,,,724.380000,SKIP,,Price List 'DEAL' not found in Price_List__c
Price_List_Entry__c,DS-OM55ND-FLOOR - PART - USD,MISSING,01t6A000003QSWnQAO,,,,570.970000,SKIP,,Price List 'PART' not found in Price_List__c
Price_List_Entry__c,DS-OM55ND-FLOOR - DIST - USD,MISSING,01t6A000003QSWnQAO,,,,542.950000,SKIP,,Price List 'DIST' not found in Price_List__c
Price_List_Entry__c,DS-OM55ND-FLOOR - SPEC - USD,MISSING,01t6A000003QSWnQAO,,,,514.940000,SKIP,,Price List 'SPEC' not found in Price_List__c
Price_List_Entry__c,DS-S555-3X2 - DEAL - USD,MISSING,01t6A000000asMBQAY,,,,2800.600000,SKIP,,Price List 'DEAL' not found in Price_List__c
Price_List_Entry__c,DS-S555-3X2 - PART - USD,MISSING,01t6A000000asMBQAY,,,,2211.000000,SKIP,,Price List 'PART' not found in Price_List__c
Price_List_Entry__c,DS-S555-3X2 - DIST - USD,MISSING,01t6A000000asMBQAY,,,,2099.900000,SKIP,,Price List 'DIST' not found in Price_List__c
Price_List_Entry__c,DS-S555-3X2 - SPEC - USD,MISSING,01t6A000000asMBQAY,,,,1989.900000,SKIP,,Price List 'SPEC' not found in Price_List__c
Price_List_Entry__c,DS-S555-3X3 - DEAL - USD,MISSING,01t6A000000asMCQAY,,,,3865.400000,SKIP,,Price List 'DEAL' not found in Price_List__c
Price_List_Entry__c,DS-S555-3X3 - PART - USD,MISSING,01t6A000000asMCQAY,,,,3051.400000,SKIP,,Price List 'PART' not found in Price_List__c
Price_List_Entry__c,DS-S555-3X3 - DIST - USD,MISSING,01t6A000000asMCQAY,,,,2898.500000,SKIP,,Price List 'DIST' not found in Price_List__c
Price_List_Entry__c,DS-S555-3X3 - SPEC - USD,MISSING,01t6A000000asMCQAY,,,,2745.600000,SKIP,,Price List 'SPEC' not found in Price_List__c
Price_List_Entry__c,DS-S555-4X2 - DEAL - USD,MISSING,01t6A000000aqqPQAQ,,,,4200.900000,SKIP,,Price List 'DEAL' not found in Price_List__c
Price_List_Entry__c,DS-S555-4X2 - PART - USD,MISSING,01t6A000000aqqPQAQ,,,,3316.500000,SKIP,,Price List 'PART' not found in Price_List__c
Price_List_Entry__c,DS-S555-4X2 - DIST - USD,MISSING,01t6A000000aqqPQAQ,,,,3150.400000,SKIP,,Price List 'DIST' not found in Price_List__c
Price_List_Entry__c,DS-S555-4X2 - SPEC - USD,MISSING,01t6A000000aqqPQAQ,,,,2984.300000,SKIP,,Price List 'SPEC' not found in Price_List__c
Price_List_Entry__c,DS-S555-4X3 - DEAL - USD,MISSING,01t6A000000arjMQAQ,,,,5919.100000,SKIP,,Price List 'DEAL' not found in Price_List__c
Price_List_Entry__c,DS-S555-4X3 - PART - USD,MISSING,01t6A000000arjMQAQ,,,,4673.900000,SKIP,,Price List 'PART' not found in Price_List__c
Price_List_Entry__c,DS-S555-4X3 - DIST - USD,MISSING,01t6A000000arjMQAQ,,,,4439.600000,SKIP,,Price List 'DIST' not found in Price_List__c
Price_List_Entry__c,DS-S555-4X3 - SPEC - USD,MISSING,01t6A000000arjMQAQ,,,,4205.300000,SKIP,,Price List 'SPEC' not found in Price_List__c
Price_List_Entry__c,DS-S560-1X3 - DEAL - USD,MISSING,01t6A000000arjLQAQ,,,,2052.600000,SKIP,,Price List 'DEAL' not found in Price_List__c
Price_List_Entry__c,DS-S560-1X3 - PART - USD,MISSING,01t6A000000arjLQAQ,,,,1621.400000,SKIP,,Price List 'PART' not found in Price_List__c
Price_List_Entry__c,DS-S560-1X3 - DIST - USD,MISSING,01t6A000000arjLQAQ,,,,1540.000000,SKIP,,Price List 'DIST' not found in Price_List__c
Price_List_Entry__c,DS-S560-1X3 - SPEC - USD,MISSING,01t6A000000arjLQAQ,,,,1458.600000,SKIP,,Price List 'SPEC' not found in Price_List__c
Price_List_Entry__c,DS-S560-2X2 - DEAL - USD,MISSING,01t6A000000atbXQAQ,,,,2240.700000,SKIP,,Price List 'DEAL' not found in Price_List__c
Price_List_Entry__c,DS-S560-2X2 - PART - USD,MISSING,01t6A000000atbXQAQ,,,,1768.800000,SKIP,,Price List 'PART' not found in Price_List__c
Price_List_Entry__c,DS-S560-2X2 - DIST - USD,MISSING,01t6A000000atbXQAQ,,,,1679.700000,SKIP,,Price List 'DIST' not found in Price_List__c
Price_List_Entry__c,DS-S560-2X2 - SPEC - USD,MISSING,01t6A000000atbXQAQ,,,,1591.700000,SKIP,,Price List 'SPEC' not found in Price_List__c
Price_List_Entry__c,DS-S560-B2X2 - DEAL - USD,MISSING,01t6A000000arfUQAQ,,,,2808.120000,SKIP,,Price List 'DEAL' not found in Price_List__c
Price_List_Entry__c,DS-S560-B2X2 - PART - USD,MISSING,01t6A000000arfUQAQ,,,,2217.160000,SKIP,,Price List 'PART' not found in Price_List__c
Price_List_Entry__c,DS-S560-B2X2 - DIST - USD,MISSING,01t6A000000arfUQAQ,,,,2106.430000,SKIP,,Price List 'DIST' not found in Price_List__c
Price_List_Entry__c,DS-S560-B2X2 - SPEC - USD,MISSING,01t6A000000arfUQAQ,,,,1995.700000,SKIP,,Price List 'SPEC' not found in Price_List__c
Price_List_Entry__c,DS-VW650 - DEAL - USD,MISSING,01t6A000000aswYQAQ,,,,224.400000,SKIP,,Price List 'DEAL' not found in Price_List__c
Price_List_Entry__c,DS-VW650 - PART - USD,MISSING,01t6A000000aswYQAQ,,,,177.100000,SKIP,,Price List 'PART' not found in Price_List__c
Price_List_Entry__c,DS-VW650 - DIST - USD,MISSING,01t6A000000aswYQAQ,,,,168.300000,SKIP,,Price List 'DIST' not found in Price_List__c
Price_List_Entry__c,DS-VW650 - SPEC - USD,MISSING,01t6A000000aswYQAQ,,,,159.500000,SKIP,,Price List 'SPEC' not found in Price_List__c
Price_List_Entry__c,DS-VW655-2X2 - DEAL - USD,MISSING,01t6A000000aqjCQAQ,,,,916.300000,SKIP,,Price List 'DEAL' not found in Price_List__c
Price_List_Entry__c,DS-VW655-2X2 - PART - USD,MISSING,01t6A000000aqjCQAQ,,,,722.700000,SKIP,,Price List 'PART' not found in Price_List__c
Price_List_Entry__c,DS-VW655-2X2 - DIST - USD,MISSING,01t6A000000aqjCQAQ,,,,686.400000,SKIP,,Price List 'DIST' not found in Price_List__c
Price_List_Entry__c,DS-VW655-2X2 - SPEC - USD,MISSING,01t6A000000aqjCQAQ,,,,651.200000,SKIP,,Price List 'SPEC' not found in Price_List__c
Price_List_Entry__c,DS-VW665 - DEAL - USD,MISSING,01t6A000000arhYQAQ,,,,427.900000,SKIP,,Price List 'DEAL' not found in Price_List__c
Price_List_Entry__c,DS-VW665 - PART - USD,MISSING,01t6A000000arhYQAQ,,,,337.700000,SKIP,,Price List 'PART' not found in Price_List__c
Price_List_Entry__c,DS-VW665 - DIST - USD,MISSING,01t6A000000arhYQAQ,,,,321.200000,SKIP,,Price List 'DIST' not found in Price_List__c
Price_List_Entry__c,DS-VW665 - SPEC - USD,MISSING,01t6A000000arhYQAQ,,,,304.700000,SKIP,,Price List 'SPEC' not found in Price_List__c
Price_List_Entry__c,DS-VW755S - DEAL - USD,MISSING,01t6A000000asNjQAI,,,,618.990000,SKIP,,Price List 'DEAL' not found in Price_List__c
Price_List_Entry__c,DS-VW755S - PART - USD,MISSING,01t6A000000asNjQAI,,,,488.690000,SKIP,,Price List 'PART' not found in Price_List__c
Price_List_Entry__c,DS-VW755S - DIST - USD,MISSING,01t6A000000asNjQAI,,,,464.240000,SKIP,,Price List 'DIST' not found in Price_List__c
Price_List_Entry__c,DS-VW755S - SPEC - USD,MISSING,01t6A000000asNjQAI,,,,439.810000,SKIP,,Price List 'SPEC' not found in Price_List__c
Price_List_Entry__c,DS-VW765-LAND - DEAL - USD,MISSING,01t6A000000atQOQAY,,,,515.820000,SKIP,,Price List 'DEAL' not found in Price_List__c
Price_List_Entry__c,DS-VW765-LAND - PART - USD,MISSING,01t6A000000atQOQAY,,,,407.230000,SKIP,,Price List 'PART' not found in Price_List__c
Price_List_Entry__c,DS-VW765-LAND - DIST - USD,MISSING,01t6A000000atQOQAY,,,,386.870000,SKIP,,Price List 'DIST' not found in Price_List__c
Price_List_Entry__c,DS-VW765-LAND - SPEC - USD,MISSING,01t6A000000atQOQAY,,,,366.500000,SKIP,,Price List 'SPEC' not found in Price_List__c
Price_List_Entry__c,DS-VW765-LQR - DEAL - USD,MISSING,01t6A000000asTuQAI,,,,515.820000,SKIP,,Price List 'DEAL' not found in Price_List__c
Price_List_Entry__c,DS-VW765-LQR - PART - USD,MISSING,01t6A000000asTuQAI,,,,407.230000,SKIP,,Price List 'PART' not found in Price_List__c
Price_List_Entry__c,DS-VW765-LQR - DIST - USD,MISSING,01t6A000000asTuQAI,,,,386.870000,SKIP,,Price List 'DIST' not found in Price_List__c
Price_List_Entry__c,DS-VW765-LQR - SPEC - USD,MISSING,01t6A000000asTuQAI,,,,366.500000,SKIP,,Price List 'SPEC' not found in Price_List__c
Price_List_Entry__c,DS-VW775 - DEAL - USD,MISSING,01t6A000000ardRQAQ,,,,515.820000,SKIP,,Price List 'DEAL' not found in Price_List__c
Price_List_Entry__c,DS-VW775 - PART - USD,MISSING,01t6A000000ardRQAQ,,,,407.230000,SKIP,,Price List 'PART' not found in Price_List__c
Price_List_Entry__c,DS-VW775 - DIST - USD,MISSING,01t6A000000ardRQAQ,,,,386.870000,SKIP,,Price List 'DIST' not found in Price_List__c
Price_List_Entry__c,DS-VW775 - SPEC - USD,MISSING,01t6A000000ardRQAQ,,,,366.500000,SKIP,,Price List 'SPEC' not found in Price_List__c
Price_List_Entry__c,ACC-M850H - DEAL - USD,MISSING,01t6A000002ZfjKQAS,,,,8.010000,SKIP,,Price List 'DEAL' not found in Price_List__c
Price_List_Entry__c,ACC-M850H - PART - USD,MISSING,01t6A000002ZfjKQAS,,,,6.340000,SKIP,,Price List 'PART' not found in Price_List__c
Price_List_Entry__c,ACC-M850H - DIST - USD,MISSING,01t6A000002ZfjKQAS,,,,6.020000,SKIP,,Price List 'DIST' not found in Price_List__c
Price_List_Entry__c,ACC-M850H - SPEC - USD,MISSING,01t6A000002ZfjKQAS,,,,5.750000,SKIP,,Price List 'SPEC' not found in Price_List__c
Price_List_Entry__c,ACC-V2X2 - DEAL - USD,MISSING,01t6A000000aqyiQAA,,,,4.860000,SKIP,,Price List 'DEAL' not found in Price_List__c
Price_List_Entry__c,ACC-V2X2 - PART - USD,MISSING,01t6A000000aqyiQAA,,,,3.840000,SKIP,,Price List 'PART' not found in Price_List__c
Price_List_Entry__c,ACC-V2X2 - DIST - USD,MISSING,01t6A000000aqyiQAA,,,,3.650000,SKIP,,Price List 'DIST' not found in Price_List__c
Price_List_Entry__c,ACC-V2X2 - SPEC - USD,MISSING,01t6A000000aqyiQAA,,,,3.480000,SKIP,,Price List 'SPEC' not found in Price_List__c
Price_List_Entry__c,ACC-VDK - DEAL - USD,MISSING,01t6A000000asIPQAY,,,,12.680000,SKIP,,Price List 'DEAL' not found in Price_List__c
Price_List_Entry__c,ACC-VDK - PART - USD,MISSING,01t6A000000asIPQAY,,,,10.010000,SKIP,,Price List 'PART' not found in Price_List__c
Price_List_Entry__c,ACC-VDK - DIST - USD,MISSING,01t6A000000asIPQAY,,,,9.520000,SKIP,,Price List 'DIST' not found in Price_List__c
Price_List_Entry__c,ACC-VDK - SPEC - USD,MISSING,01t6A000000asIPQAY,,,,9.000000,SKIP,,Price List 'SPEC' not found in Price_List__c
Price_List_Entry__c,IB14X14C-W - DEAL - USD,MISSING,01t2K00000CgLZkQAN,,,,33.880000,SKIP,,Price List 'DEAL' not found in Price_List__c
Price_List_Entry__c,IB14X14C-W - PART - USD,MISSING,01t2K00000CgLZkQAN,,,,26.620000,SKIP,,Price List 'PART' not found in Price_List__c
Price_List_Entry__c,IB14X14C-W - DIST - USD,MISSING,01t2K00000CgLZkQAN,,,,25.410000,SKIP,,Price List 'DIST' not found in Price_List__c
Price_List_Entry__c,IB14X14C-W - SPEC - USD,MISSING,01t2K00000CgLZkQAN,,,,24.200000,SKIP,,Price List 'SPEC' not found in Price_List__c
Price_List_Entry__c,IB14X9C-W - DEAL - USD,MISSING,01t2K00000AoGhDQAV,,,,49.970000,SKIP,,Price List 'DEAL' not found in Price_List__c
Price_List_Entry__c,IB14X9C-W - PART - USD,MISSING,01t2K00000AoGhDQAV,,,,39.450000,SKIP,,Price List 'PART' not found in Price_List__c
Price_List_Entry__c,IB14X9C-W - DIST - USD,MISSING,01t2K00000AoGhDQAV,,,,37.490000,SKIP,,Price List 'DIST' not found in Price_List__c
Price_List_Entry__c,IB14X9C-W - SPEC - USD,MISSING,01t2K00000AoGhDQAV,,,,37.490000,SKIP,,Price List 'SPEC' not found in Price_List__c
Price_List_Entry__c,ACCD-05K - DEAL - USD,MISSING,01t6A000000arzFQAQ,,,,27.900000,SKIP,,Price List 'DEAL' not found in Price_List__c
Price_List_Entry__c,ACCD-05K - PART - USD,MISSING,01t6A000000arzFQAQ,,,,26.690000,SKIP,,Price List 'PART' not found in Price_List__c
Price_List_Entry__c,ACCD-05K - DIST - USD,MISSING,01t6A000000arzFQAQ,,,,25.470000,SKIP,,Price List 'DIST' not found in Price_List__c
Price_List_Entry__c,ACCD-05K - SPEC - USD,MISSING,01t6A000000arzFQAQ,,,,24.260000,SKIP,,Price List 'SPEC' not found in Price_List__c
Price_List_Entry__c,ACCD-12K - DEAL - USD,MISSING,01t6A000000asDaQAI,,,,21.840000,SKIP,,Price List 'DEAL' not found in Price_List__c
Price_List_Entry__c,ACCD-12K - PART - USD,MISSING,01t6A000000asDaQAI,,,,20.610000,SKIP,,Price List 'PART' not found in Price_List__c
Price_List_Entry__c,ACCD-12K - DIST - USD,MISSING,01t6A000000asDaQAI,,,,19.400000,SKIP,,Price List 'DIST' not found in Price_List__c
Price_List_Entry__c,ACCD-12K - SPEC - USD,MISSING,01t6A000000asDaQAI,,,,18.190000,SKIP,,Price List 'SPEC' not found in Price_List__c
Price_List_Entry__c,ACCD-ALG - DEAL - USD,MISSING,01t6A000000aqmzQAA,,,,15.760000,SKIP,,Price List 'DEAL' not found in Price_List__c
Price_List_Entry__c,ACCD-ALG - PART - USD,MISSING,01t6A000000aqmzQAA,,,,15.760000,SKIP,,Price List 'PART' not found in Price_List__c
Price_List_Entry__c,ACCD-ALG - DIST - USD,MISSING,01t6A000000aqmzQAA,,,,14.550000,SKIP,,Price List 'DIST' not found in Price_List__c
Price_List_Entry__c,ACCD-ALG - SPEC - USD,MISSING,01t6A000000aqmzQAA,,,,13.340000,SKIP,,Price List 'SPEC' not found in Price_List__c
Price_List_Entry__c,ACCD-ALS - DEAL - USD,MISSING,01t6A000002ZjV9QAK,,,,77.390000,SKIP,,Price List 'DEAL' not found in Price_List__c
Price_List_Entry__c,ACCD-ALS - PART - USD,MISSING,01t6A000002ZjV9QAK,,,,73.370000,SKIP,,Price List 'PART' not found in Price_List__c
Price_List_Entry__c,ACCD-ALS - DIST - USD,MISSING,01t6A000002ZjV9QAK,,,,69.370000,SKIP,,Price List 'DIST' not found in Price_List__c
Price_List_Entry__c,ACCD-ALS - SPEC - USD,MISSING,01t6A000002ZjV9QAK,,,,66.700000,SKIP,,Price List 'SPEC' not found in Price_List__c
Price_List_Entry__c,ACCD-PCB - DEAL - USD,MISSING,01t6A000000arghQAA,,,,27.900000,SKIP,,Price List 'DEAL' not found in Price_List__c
Price_List_Entry__c,ACCD-PCB - PART - USD,MISSING,01t6A000000arghQAA,,,,26.690000,SKIP,,Price List 'PART' not found in Price_List__c
Price_List_Entry__c,ACCD-PCB - DIST - USD,MISSING,01t6A000000arghQAA,,,,25.470000,SKIP,,Price List 'DIST' not found in Price_List__c
Price_List_Entry__c,ACCD-PCB - SPEC - USD,MISSING,01t6A000000arghQAA,,,,24.260000,SKIP,,Price List 'SPEC' not found in Price_List__c
Price_List_Entry__c,ACCD-REM02 - DEAL - USD,MISSING,01t2K000006XHu1QAG,,,,42.690000,SKIP,,Price List 'DEAL' not found in Price_List__c
Price_List_Entry__c,ACCD-REM02 - PART - USD,MISSING,01t2K000006XHu1QAG,,,,40.030000,SKIP,,Price List 'PART' not found in Price_List__c
Price_List_Entry__c,ACCD-REM02 - DIST - USD,MISSING,01t2K000006XHu1QAG,,,,37.360000,SKIP,,Price List 'DIST' not found in Price_List__c
Price_List_Entry__c,ACCD-REM02 - SPEC - USD,MISSING,01t2K000006XHu1QAG,,,,36.030000,SKIP,,Price List 'SPEC' not found in Price_List__c
Price_List_Entry__c,ACC-MBCR1 - DEAL - USD,MISSING,01t2K00000ApChsQAF,,,,269.350000,SKIP,,Price List 'DEAL' not found in Price_List__c
Price_List_Entry__c,ACC-MBCR1 - PART - USD,MISSING,01t2K00000ApChsQAF,,,,212.180000,SKIP,,Price List 'PART' not found in Price_List__c
Price_List_Entry__c,ACC-MBCR1 - DIST - USD,MISSING,01t2K00000ApChsQAF,,,,202.020000,SKIP,,Price List 'DIST' not found in Price_List__c
Price_List_Entry__c,ACC-MBCR1 - SPEC - USD,MISSING,01t2K00000ApChsQAF,,,,191.850000,SKIP,,Price List 'SPEC' not found in Price_List__c
Price_List_Entry__c,DS-VW775-QR - DEAL - USD,MISSING,01t6A000000aqqDQAQ,,,,515.820000,SKIP,,Price List 'DEAL' not found in Price_List__c
Price_List_Entry__c,DS-VW775-QR - PART - USD,MISSING,01t6A000000aqqDQAQ,,,,407.230000,SKIP,,Price List 'PART' not found in Price_List__c
Price_List_Entry__c,DS-VW775-QR - DIST - USD,MISSING,01t6A000000aqqDQAQ,,,,386.870000,SKIP,,Price List 'DIST' not found in Price_List__c
Price_List_Entry__c,DS-VW775-QR - SPEC - USD,MISSING,01t6A000000aqqDQAQ,,,,366.500000,SKIP,,Price List 'SPEC' not found in Price_List__c
Price_List_Entry__c,DS-VW795-QR - DEAL - USD,MISSING,01t6A000000arUqQAI,,,,662.950000,SKIP,,Price List 'DEAL' not found in Price_List__c
Price_List_Entry__c,DS-VW795-QR - PART - USD,MISSING,01t6A000000arUqQAI,,,,523.390000,SKIP,,Price List 'PART' not found in Price_List__c
Price_List_Entry__c,DS-VW795-QR - DIST - USD,MISSING,01t6A000000arUqQAI,,,,497.210000,SKIP,,Price List 'DIST' not found in Price_List__c
Price_List_Entry__c,DS-VW795-QR - SPEC - USD,MISSING,01t6A000000arUqQAI,,,,471.050000,SKIP,,Price List 'SPEC' not found in Price_List__c
Price_List_Entry__c,DS-VWM770 - DEAL - USD,MISSING,01t6A000000at18QAA,,,,742.500000,SKIP,,Price List 'DEAL' not found in Price_List__c
Price_List_Entry__c,DS-VWM770 - PART - USD,MISSING,01t6A000000at18QAA,,,,586.300000,SKIP,,Price List 'PART' not found in Price_List__c
Price_List_Entry__c,DS-VWM770 - DIST - USD,MISSING,01t6A000000at18QAA,,,,556.600000,SKIP,,Price List 'DIST' not found in Price_List__c
Price_List_Entry__c,DS-VWM770 - SPEC - USD,MISSING,01t6A000000at18QAA,,,,537.900000,SKIP,,Price List 'SPEC' not found in Price_List__c
Price_List_Entry__c,DS-VWT955-2X2 - DEAL - USD,MISSING,01t6A000000asYUQAY,,,,2084.500000,SKIP,,Price List 'DEAL' not found in Price_List__c
Price_List_Entry__c,DS-VWT955-2X2 - PART - USD,MISSING,01t6A000000asYUQAY,,,,1645.600000,SKIP,,Price List 'PART' not found in Price_List__c
Price_List_Entry__c,DS-VWT955-2X2 - DIST - USD,MISSING,01t6A000000asYUQAY,,,,1563.100000,SKIP,,Price List 'DIST' not found in Price_List__c
Price_List_Entry__c,DS-VWT955-2X2 - SPEC - USD,MISSING,01t6A000000asYUQAY,,,,1480.600000,SKIP,,Price List 'SPEC' not found in Price_List__c
Price_List_Entry__c,DS334 - DEAL - USD,MISSING,01t6A000000arGYQAY,,,,178.440000,SKIP,,Price List 'DEAL' not found in Price_List__c
Price_List_Entry__c,DS334 - PART - USD,MISSING,01t6A000000arGYQAY,,,,140.870000,SKIP,,Price List 'PART' not found in Price_List__c
Price_List_Entry__c,DS334 - DIST - USD,MISSING,01t6A000000arGYQAY,,,,133.840000,SKIP,,Price List 'DIST' not found in Price_List__c
Price_List_Entry__c,DS334 - SPEC - USD,MISSING,01t6A000000arGYQAY,,,,126.790000,SKIP,,Price List 'SPEC' not found in Price_List__c
Price_List_Entry__c,DS496 - DEAL - USD,MISSING,01t6A000000arQUQAY,,,,129.730000,SKIP,,Price List 'DEAL' not found in Price_List__c
Price_List_Entry__c,DS496 - PART - USD,MISSING,01t6A000000arQUQAY,,,,102.430000,SKIP,,Price List 'PART' not found in Price_List__c
Price_List_Entry__c,DS496 - DIST - USD,MISSING,01t6A000000arQUQAY,,,,97.310000,SKIP,,Price List 'DIST' not found in Price_List__c
Price_List_Entry__c,DS496 - SPEC - USD,MISSING,01t6A000000arQUQAY,,,,92.190000,SKIP,,Price List 'SPEC' not found in Price_List__c
Price_List_Entry__c,DS508 - DEAL - USD,MISSING,01t6A000000asynQAA,,,,228.670000,SKIP,,Price List 'DEAL' not found in Price_List__c
Price_List_Entry__c,DS508 - PART - USD,MISSING,01t6A000000asynQAA,,,,180.540000,SKIP,,Price List 'PART' not found in Price_List__c
Price_List_Entry__c,DS508 - DIST - USD,MISSING,01t6A000000asynQAA,,,,171.500000,SKIP,,Price List 'DIST' not found in Price_List__c
Price_List_Entry__c,DS508 - SPEC - USD,MISSING,01t6A000000asynQAA,,,,162.480000,SKIP,,Price List 'SPEC' not found in Price_List__c
Price_List_Entry__c,DS509 - DEAL - USD,MISSING,01t6A000000as1JQAQ,,,,189.200000,SKIP,,Price List 'DEAL' not found in Price_List__c
Price_List_Entry__c,DS509 - PART - USD,MISSING,01t6A000000as1JQAQ,,,,149.600000,SKIP,,Price List 'PART' not found in Price_List__c
Price_List_Entry__c,DS509 - DIST - USD,MISSING,01t6A000000as1JQAQ,,,,141.900000,SKIP,,Price List 'DIST' not found in Price_List__c
Price_List_Entry__c,DS509 - SPEC - USD,MISSING,01t6A000000as1JQAQ,,,,134.200000,SKIP,,Price List 'SPEC' not found in Price_List__c
Price_List_Entry__c,DSF210-GHC - DEAL - USD,MISSING,01t6A000000arjmQAA,,,,234.780000,SKIP,,Price List 'DEAL' not found in Price_List__c
Price_List_Entry__c,DSF210-GHC - PART - USD,MISSING,01t6A000000arjmQAA,,,,185.370000,SKIP,,Price List 'PART' not found in Price_List__c
Price_List_Entry__c,DSF210-GHC - DIST - USD,MISSING,01t6A000000arjmQAA,,,,176.090000,SKIP,,Price List 'DIST' not found in Price_List__c
Price_List_Entry__c,DSF210-GHC - SPEC - USD,MISSING,01t6A000000arjmQAA,,,,166.840000,SKIP,,Price List 'SPEC' not found in Price_List__c
Price_List_Entry__c,DSF210-SFC - DEAL - USD,MISSING,01t6A000000areVQAQ,,,,51.580000,SKIP,,Price List 'DEAL' not found in Price_List__c
Price_List_Entry__c,DSF210-SFC - PART - USD,MISSING,01t6A000000areVQAQ,,,,40.730000,SKIP,,Price List 'PART' not found in Price_List__c
Price_List_Entry__c,DSF210-SFC - DIST - USD,MISSING,01t6A000000areVQAQ,,,,38.690000,SKIP,,Price List 'DIST' not found in Price_List__c
Price_List_Entry__c,DSF210-SFC - SPEC - USD,MISSING,01t6A000000areVQAQ,,,,36.650000,SKIP,,Price List 'SPEC' not found in Price_List__c
Price_List_Entry__c,DSF210-SHC - DEAL - USD,MISSING,01t6A000000arjoQAA,,,,49.810000,SKIP,,Price List 'DEAL' not found in Price_List__c
Price_List_Entry__c,DSF210-SHC - PART - USD,MISSING,01t6A000000arjoQAA,,,,39.310000,SKIP,,Price List 'PART' not found in Price_List__c
Price_List_Entry__c,DSF210-SHC - DIST - USD,MISSING,01t6A000000arjoQAA,,,,37.360000,SKIP,,Price List 'DIST' not found in Price_List__c
Price_List_Entry__c,DSF210-SHC - SPEC - USD,MISSING,01t6A000000arjoQAA,,,,35.380000,SKIP,,Price List 'SPEC' not found in Price_List__c
Price_List_Entry__c,DSF265L - DEAL - USD,MISSING,01t6A000000arCdQAI,,,,236.000000,SKIP,,Price List 'DEAL' not found in Price_List__c
Price_List_Entry__c,DSF265L - PART - USD,MISSING,01t6A000000arCdQAI,,,,186.000000,SKIP,,Price List 'PART' not found in Price_List__c
Price_List_Entry__c,DSF265L - DIST - USD,MISSING,01t6A000000arCdQAI,,,,177.000000,SKIP,,Price List 'DIST' not found in Price_List__c
Price_List_Entry__c,DSF265L - SPEC - USD,MISSING,01t6A000000arCdQAI,,,,168.000000,SKIP,,Price List 'SPEC' not found in Price_List__c
Price_List_Entry__c,DSF265P - DEAL - USD,MISSING,01t6A000000arCcQAI,,,,160.080000,SKIP,,Price List 'DEAL' not found in Price_List__c
Price_List_Entry__c,DSF265P - PART - USD,MISSING,01t6A000000arCcQAI,,,,126.380000,SKIP,,Price List 'PART' not found in Price_List__c
Price_List_Entry__c,DSF265P - DIST - USD,MISSING,01t6A000000arCcQAI,,,,120.070000,SKIP,,Price List 'DIST' not found in Price_List__c
Price_List_Entry__c,DSF265P - SPEC - USD,MISSING,01t6A000000arCcQAI,,,,113.740000,SKIP,,Price List 'SPEC' not found in Price_List__c
Price_List_Entry__c,DSF290 - DEAL - USD,MISSING,01t6A000000asQsQAI,,,,152.820000,SKIP,,Price List 'DEAL' not found in Price_List__c
Price_List_Entry__c,DSF290 - PART - USD,MISSING,01t6A000000asQsQAI,,,,120.650000,SKIP,,Price List 'PART' not found in Price_List__c
Price_List_Entry__c,DSF290 - DIST - USD,MISSING,01t6A000000asQsQAI,,,,114.620000,SKIP,,Price List 'DIST' not found in Price_List__c
Price_List_Entry__c,DSF290 - SPEC - USD,MISSING,01t6A000000asQsQAI,,,,108.890000,SKIP,,Price List 'SPEC' not found in Price_List__c
Price_List_Entry__c,DST360 - DEAL - USD,MISSING,01t6A000000asAEQAY,,,,418.000000,SKIP,,Price List 'DEAL' not found in Price_List__c
Price_List_Entry__c,DST360 - PART - USD,MISSING,01t6A000000asAEQAY,,,,330.000000,SKIP,,Price List 'PART' not found in Price_List__c
Price_List_Entry__c,DST360 - DIST - USD,MISSING,01t6A000000asAEQAY,,,,313.500000,SKIP,,Price List 'DIST' not found in Price_List__c
Price_List_Entry__c,DST360 - SPEC - USD,MISSING,01t6A000000asAEQAY,,,,297.000000,SKIP,,Price List 'SPEC' not found in Price_List__c
Price_List_Entry__c,DST660 - DEAL - USD,MISSING,01t6A000000aqy2QAA,,,,305.320000,SKIP,,Price List 'DEAL' not found in Price_List__c
Price_List_Entry__c,DST660 - PART - USD,MISSING,01t6A000000aqy2QAA,,,,241.040000,SKIP,,Price List 'PART' not found in Price_List__c
Price_List_Entry__c,DST660 - DIST - USD,MISSING,01t6A000000aqy2QAA,,,,229.000000,SKIP,,Price List 'DIST' not found in Price_List__c
Price_List_Entry__c,DST660 - SPEC - USD,MISSING,01t6A000000aqy2QAA,,,,216.940000,SKIP,,Price List 'SPEC' not found in Price_List__c
Price_List_Entry__c,DST940 - DEAL - USD,MISSING,01t6A000000aryKQAQ,,,,816.200000,SKIP,,Price List 'DEAL' not found in Price_List__c
Price_List_Entry__c,DST940 - PART - USD,MISSING,01t6A000000aryKQAQ,,,,644.600000,SKIP,,Price List 'PART' not found in Price_List__c
Price_List_Entry__c,DST940 - DIST - USD,MISSING,01t6A000000aryKQAQ,,,,611.600000,SKIP,,Price List 'DIST' not found in Price_List__c
Price_List_Entry__c,DST940 - SPEC - USD,MISSING,01t6A000000aryKQAQ,,,,579.700000,SKIP,,Price List 'SPEC' not found in Price_List__c
Price_List_Entry__c,DST940-BTB - DEAL - USD,MISSING,01t6A000000arfiQAA,,,,875.600000,SKIP,,Price List 'DEAL' not found in Price_List__c
Price_List_Entry__c,DST940-BTB - PART - USD,MISSING,01t6A000000arfiQAA,,,,691.900000,SKIP,,Price List 'PART' not found in Price_List__c
Price_List_Entry__c,DST940-BTB - DIST - USD,MISSING,01t6A000000arfiQAA,,,,656.700000,SKIP,,Price List 'DIST' not found in Price_List__c
Price_List_Entry__c,DST940-BTB - SPEC - USD,MISSING,01t6A000000arfiQAA,,,,622.600000,SKIP,,Price List 'SPEC' not found in Price_List__c
Price_List_Entry__c,DST942-6 - DEAL - USD,MISSING,01t6A000000arNtQAI,,,,2553.100000,SKIP,,Price List 'DEAL' not found in Price_List__c
Price_List_Entry__c,DST942-6 - PART - USD,MISSING,01t6A000000arNtQAI,,,,2016.300000,SKIP,,Price List 'PART' not found in Price_List__c
Price_List_Entry__c,DST942-6 - DIST - USD,MISSING,01t6A000000arNtQAI,,,,1915.100000,SKIP,,Price List 'DIST' not found in Price_List__c
Price_List_Entry__c,DST942-6 - SPEC - USD,MISSING,01t6A000000arNtQAI,,,,1815.000000,SKIP,,Price List 'SPEC' not found in Price_List__c
Price_List_Entry__c,DST965 - DEAL - USD,MISSING,01t6A000000as4uQAA,,,,852.500000,SKIP,,Price List 'DEAL' not found in Price_List__c
Price_List_Entry__c,DST965 - PART - USD,MISSING,01t6A000000as4uQAA,,,,673.200000,SKIP,,Price List 'PART' not found in Price_List__c
Price_List_Entry__c,DST965 - DIST - USD,MISSING,01t6A000000as4uQAA,,,,639.100000,SKIP,,Price List 'DIST' not found in Price_List__c
Price_List_Entry__c,DST965 - SPEC - USD,MISSING,01t6A000000as4uQAA,,,,606.100000,SKIP,,Price List 'SPEC' not found in Price_List__c
Price_List_Entry__c,DST970X2 - DEAL - USD,MISSING,01t6A000000atc5QAA,,,,517.000000,SKIP,,Price List 'DEAL' not found in Price_List__c
Price_List_Entry__c,DST970X2 - PART - USD,MISSING,01t6A000000atc5QAA,,,,408.100000,SKIP,,Price List 'PART' not found in Price_List__c
Price_List_Entry__c,DST970X2 - DIST - USD,MISSING,01t6A000000atc5QAA,,,,388.300000,SKIP,,Price List 'DIST' not found in Price_List__c
Price_List_Entry__c,DST970X2 - SPEC - USD,MISSING,01t6A000000atc5QAA,,,,367.400000,SKIP,,Price List 'SPEC' not found in Price_List__c
Price_List_Entry__c,DST975-4 - DEAL - USD,MISSING,01t6A000000arNuQAI,,,,2135.100000,SKIP,,Price List 'DEAL' not found in Price_List__c
Price_List_Entry__c,DST975-4 - PART - USD,MISSING,01t6A000000arNuQAI,,,,1686.300000,SKIP,,Price List 'PART' not found in Price_List__c
Price_List_Entry__c,DST975-4 - DIST - USD,MISSING,01t6A000000arNuQAI,,,,1601.600000,SKIP,,Price List 'DIST' not found in Price_List__c
Price_List_Entry__c,DST975-4 - SPEC - USD,MISSING,01t6A000000arNuQAI,,,,1518.000000,SKIP,,Price List 'SPEC' not found in Price_List__c
Price_List_Entry__c,DST980-3 - DEAL - USD,MISSING,01t6A000000at33QAA,,,,1854.600000,SKIP,,Price List 'DEAL' not found in Price_List__c
Price_List_Entry__c,DST980-3 - PART - USD,MISSING,01t6A000000at33QAA,,,,1464.100000,SKIP,,Price List 'PART' not found in Price_List__c
Price_List_Entry__c,DST980-3 - DIST - USD,MISSING,01t6A000000at33QAA,,,,1391.500000,SKIP,,Price List 'DIST' not found in Price_List__c
Price_List_Entry__c,DST980-3 - SPEC - USD,MISSING,01t6A000000at33QAA,,,,1317.800000,SKIP,,Price List 'SPEC' not found in Price_List__c
Price_List_Entry__c,DST995 - DEAL - USD,MISSING,01t6A000000arneQAA,,,,239.800000,SKIP,,Price List 'DEAL' not found in Price_List__c
Price_List_Entry__c,DST995 - PART - USD,MISSING,01t6A000000arneQAA,,,,189.200000,SKIP,,Price List 'PART' not found in Price_List__c
Price_List_Entry__c,DST995 - DIST - USD,MISSING,01t6A000000arneQAA,,,,180.400000,SKIP,,Price List 'DIST' not found in Price_List__c
Price_List_Entry__c,DST995 - SPEC - USD,MISSING,01t6A000000arneQAA,,,,170.500000,SKIP,,Price List 'SPEC' not found in Price_List__c
Price_List_Entry__c,DSX750 - DEAL - USD,MISSING,01t6A000000atLlQAI,,,,204.740000,SKIP,,Price List 'DEAL' not found in Price_List__c
Price_List_Entry__c,DSX750 - PART - USD,MISSING,01t6A000000atLlQAI,,,,161.630000,SKIP,,Price List 'PART' not found in Price_List__c
Price_List_Entry__c,DSX750 - DIST - USD,MISSING,01t6A000000atLlQAI,,,,153.550000,SKIP,,Price List 'DIST' not found in Price_List__c
Price_List_Entry__c,DSX750 - SPEC - USD,MISSING,01t6A000000atLlQAI,,,,145.870000,SKIP,,Price List 'SPEC' not found in Price_List__c
Price_List_Entry__c,EDS-VW765-LAND - DEAL - USD,MISSING,01t6A000000asbTQAQ,,,,1161.600000,SKIP,,Price List 'DEAL' not found in Price_List__c
Price_List_Entry__c,EDS-VW765-LAND - PART - USD,MISSING,01t6A000000asbTQAQ,,,,917.400000,SKIP,,Price List 'PART' not found in Price_List__c
Price_List_Entry__c,EDS-VW765-LAND - DIST - USD,MISSING,01t6A000000asbTQAQ,,,,871.200000,SKIP,,Price List 'DIST' not found in Price_List__c
Price_List_Entry__c,EDS-VW765-LAND - SPEC - USD,MISSING,01t6A000000asbTQAQ,,,,826.100000,SKIP,,Price List 'SPEC' not found in Price_List__c
Price_List_Entry__c,EPA762PU - DEAL - USD,MISSING,01t6A000000arABQAY,,,,444.680000,SKIP,,Price List 'DEAL' not found in Price_List__c
Price_List_Entry__c,EPA762PU - PART - USD,MISSING,01t6A000000arABQAY,,,,351.070000,SKIP,,Price List 'PART' not found in Price_List__c
Price_List_Entry__c,EPA762PU - DIST - USD,MISSING,01t6A000000arABQAY,,,,333.510000,SKIP,,Price List 'DIST' not found in Price_List__c
Price_List_Entry__c,EPA762PU - SPEC - USD,MISSING,01t6A000000arABQAY,,,,315.940000,SKIP,,Price List 'SPEC' not found in Price_List__c
Price_List_Entry__c,EPT630 - DEAL - USD,MISSING,01t6A000000arACQAY,,,,74.130000,SKIP,,Price List 'DEAL' not found in Price_List__c
Price_List_Entry__c,EPT630 - PART - USD,MISSING,01t6A000000arACQAY,,,,58.510000,SKIP,,Price List 'PART' not found in Price_List__c
Price_List_Entry__c,EPT630 - DIST - USD,MISSING,01t6A000000arACQAY,,,,55.580000,SKIP,,Price List 'DIST' not found in Price_List__c
Price_List_Entry__c,EPT630 - SPEC - USD,MISSING,01t6A000000arACQAY,,,,52.660000,SKIP,,Price List 'SPEC' not found in Price_List__c
Price_List_Entry__c,EPT650 - DEAL - USD,MISSING,01t6A000000aryTQAQ,,,,231.590000,SKIP,,Price List 'DEAL' not found in Price_List__c
Price_List_Entry__c,EPT650 - PART - USD,MISSING,01t6A000000aryTQAQ,,,,182.840000,SKIP,,Price List 'PART' not found in Price_List__c
Price_List_Entry__c,EPT650 - DIST - USD,MISSING,01t6A000000aryTQAQ,,,,173.710000,SKIP,,Price List 'DIST' not found in Price_List__c
Price_List_Entry__c,EPT650 - SPEC - USD,MISSING,01t6A000000aryTQAQ,,,,164.570000,SKIP,,Price List 'SPEC' not found in Price_List__c
Price_List_Entry__c,ESA763PU - DEAL - USD,MISSING,01t6A000000aqy1QAA,,,,611.420000,SKIP,,Price List 'DEAL' not found in Price_List__c
Price_List_Entry__c,ESA763PU - PART - USD,MISSING,01t6A000000aqy1QAA,,,,482.700000,SKIP,,Price List 'PART' not found in Price_List__c
Price_List_Entry__c,ESA763PU - DIST - USD,MISSING,01t6A000000aqy1QAA,,,,458.580000,SKIP,,Price List 'DIST' not found in Price_List__c
Price_List_Entry__c,ESA763PU - SPEC - USD,MISSING,01t6A000000aqy1QAA,,,,434.430000,SKIP,,Price List 'SPEC' not found in Price_List__c
Price_List_Entry__c,ESF655P - DEAL - USD,MISSING,01t6A000000ascPQAQ,,,,213.080000,SKIP,,Price List 'DEAL' not found in Price_List__c
Price_List_Entry__c,ESF655P - PART - USD,MISSING,01t6A000000ascPQAQ,,,,168.200000,SKIP,,Price List 'PART' not found in Price_List__c
Price_List_Entry__c,ESF655P - DIST - USD,MISSING,01t6A000000ascPQAQ,,,,159.810000,SKIP,,Price List 'DIST' not found in Price_List__c
Price_List_Entry__c,ESF655P - SPEC - USD,MISSING,01t6A000000ascPQAQ,,,,151.390000,SKIP,,Price List 'SPEC' not found in Price_List__c
Price_List_Entry__c,ESF686 - DEAL - USD,MISSING,01t2K000006S1F8QAK,,,,562.970000,SKIP,,Price List 'DEAL' not found in Price_List__c
Price_List_Entry__c,ESF686 - PART - USD,MISSING,01t2K000006S1F8QAK,,,,444.220000,SKIP,,Price List 'PART' not found in Price_List__c
Price_List_Entry__c,ESF686 - DIST - USD,MISSING,01t2K000006S1F8QAK,,,,422.880000,SKIP,,Price List 'DIST' not found in Price_List__c
Price_List_Entry__c,ESF686 - SPEC - USD,MISSING,01t2K000006S1F8QAK,,,,400.210000,SKIP,,Price List 'SPEC' not found in Price_List__c
Price_List_Entry__c,EST655P - DEAL - USD,MISSING,01t6A000000asLUQAY,,,,259.390000,SKIP,,Price List 'DEAL' not found in Price_List__c
Price_List_Entry__c,EST655P - PART - USD,MISSING,01t6A000000asLUQAY,,,,204.800000,SKIP,,Price List 'PART' not found in Price_List__c
Price_List_Entry__c,EST655P - DIST - USD,MISSING,01t6A000000asLUQAY,,,,194.550000,SKIP,,Price List 'DIST' not found in Price_List__c
Price_List_Entry__c,EST655P - SPEC - USD,MISSING,01t6A000000asLUQAY,,,,184.290000,SKIP,,Price List 'SPEC' not found in Price_List__c
Price_List_Entry__c,EWL-49XE4F - DEAL - USD,MISSING,01t2K000006SlCRQA0,,,,739.430000,SKIP,,Price List 'DEAL' not found in Price_List__c
Price_List_Entry__c,EWL-49XE4F - PART - USD,MISSING,01t2K000006SlCRQA0,,,,584.430000,SKIP,,Price List 'PART' not found in Price_List__c
Price_List_Entry__c,EWL-49XE4F - DIST - USD,MISSING,01t2K000006SlCRQA0,,,,555.210000,SKIP,,Price List 'DIST' not found in Price_List__c
Price_List_Entry__c,EWL-49XE4F - SPEC - USD,MISSING,01t2K000006SlCRQA0,,,,525.990000,SKIP,,Price List 'SPEC' not found in Price_List__c
Price_List_Entry__c,EWL-55XE4F - DEAL - USD,MISSING,01t2K000006XFEIQA4,,,,911.140000,SKIP,,Price List 'DEAL' not found in Price_List__c
Price_List_Entry__c,EWL-55XE4F - PART - USD,MISSING,01t2K000006XFEIQA4,,,,719.050000,SKIP,,Price List 'PART' not found in Price_List__c
Price_List_Entry__c,EWL-55XE4F - DIST - USD,MISSING,01t2K000006XFEIQA4,,,,684.350000,SKIP,,Price List 'DIST' not found in Price_List__c
Price_List_Entry__c,EWL-55XE4F - SPEC - USD,MISSING,01t2K000006XFEIQA4,,,,648.340000,SKIP,,Price List 'SPEC' not found in Price_List__c
Price_List_Entry__c,EWMU - DEAL - USD,MISSING,01t6A000000asuDQAQ,,,,374.000000,SKIP,,Price List 'DEAL' not found in Price_List__c
Price_List_Entry__c,EWMU - PART - USD,MISSING,01t6A000000asuDQAQ,,,,295.000000,SKIP,,Price List 'PART' not found in Price_List__c
Price_List_Entry__c,EWMU - DIST - USD,MISSING,01t6A000000asuDQAQ,,,,280.000000,SKIP,,Price List 'DIST' not found in Price_List__c
Price_List_Entry__c,EWMU - SPEC - USD,MISSING,01t6A000000asuDQAQ,,,,265.000000,SKIP,,Price List 'SPEC' not found in Price_List__c
Price_List_Entry__c,EWP-49XE4F - DEAL - USD,MISSING,01t2K000006SlCSQA0,,,,810.580000,SKIP,,Price List 'DEAL' not found in Price_List__c
Price_List_Entry__c,EWP-49XE4F - PART - USD,MISSING,01t2K000006SlCSQA0,,,,640.330000,SKIP,,Price List 'PART' not found in Price_List__c
Price_List_Entry__c,EWP-49XE4F - DIST - USD,MISSING,01t2K000006SlCSQA0,,,,608.580000,SKIP,,Price List 'DIST' not found in Price_List__c
Price_List_Entry__c,EWP-49XE4F - SPEC - USD,MISSING,01t2K000006SlCSQA0,,,,575.540000,SKIP,,Price List 'SPEC' not found in Price_List__c
Price_List_Entry__c,EWP-55XE4F - DEAL - USD,MISSING,01t2K000006XFEJQA4,,,,968.510000,SKIP,,Price List 'DEAL' not found in Price_List__c
Price_List_Entry__c,EWP-55XE4F - PART - USD,MISSING,01t2K000006XFEJQA4,,,,764.390000,SKIP,,Price List 'PART' not found in Price_List__c
Price_List_Entry__c,EWP-55XE4F - DIST - USD,MISSING,01t2K000006XFEJQA4,,,,725.710000,SKIP,,Price List 'DIST' not found in Price_List__c
Price_List_Entry__c,EWP-55XE4F - SPEC - USD,MISSING,01t2K000006XFEJQA4,,,,688.360000,SKIP,,Price List 'SPEC' not found in Price_List__c
Price_List_Entry__c,FLD-UNV - DEAL - USD,MISSING,01t6A000000arPbQAI,,,,25.360000,SKIP,,Price List 'DEAL' not found in Price_List__c
Price_List_Entry__c,FLD-UNV - PART - USD,MISSING,01t6A000000arPbQAI,,,,20.010000,SKIP,,Price List 'PART' not found in Price_List__c
Price_List_Entry__c,FLD-UNV - DIST - USD,MISSING,01t6A000000arPbQAI,,,,19.010000,SKIP,,Price List 'DIST' not found in Price_List__c
Price_List_Entry__c,FLD-UNV - SPEC - USD,MISSING,01t6A000000arPbQAI,,,,18.020000,SKIP,,Price List 'SPEC' not found in Price_List__c
Price_List_Entry__c,FPS-1000 - DEAL - USD,MISSING,01t6A000000as2SQAQ,,,,277.410000,SKIP,,Price List 'DEAL' not found in Price_List__c
Price_List_Entry__c,FPS-1000 - PART - USD,MISSING,01t6A000000as2SQAQ,,,,219.000000,SKIP,,Price List 'PART' not found in Price_List__c
Price_List_Entry__c,FPS-1000 - DIST - USD,MISSING,01t6A000000as2SQAQ,,,,208.040000,SKIP,,Price List 'DIST' not found in Price_List__c
Price_List_Entry__c,FPS-1000 - SPEC - USD,MISSING,01t6A000000as2SQAQ,,,,197.100000,SKIP,,Price List 'SPEC' not found in Price_List__c
Price_List_Entry__c,FPZ-600 - DEAL - USD,MISSING,01t6A000000aqgHQAQ,,,,1042.800000,SKIP,,Price List 'DEAL' not found in Price_List__c
Price_List_Entry__c,FPZ-600 - PART - USD,MISSING,01t6A000000aqgHQAQ,,,,822.800000,SKIP,,Price List 'PART' not found in Price_List__c
Price_List_Entry__c,FPZ-600 - DIST - USD,MISSING,01t6A000000aqgHQAQ,,,,782.100000,SKIP,,Price List 'DIST' not found in Price_List__c
Price_List_Entry__c,FPZ-600 - SPEC - USD,MISSING,01t6A000000aqgHQAQ,,,,740.300000,SKIP,,Price List 'SPEC' not found in Price_List__c
Price_List_Entry__c,FS-MIS38426 - DEAL - USD,MISSING,01t2K000006WSOJQA4,,,,478.920000,SKIP,,Price List 'DEAL' not found in Price_List__c
Price_List_Entry__c,FS-MIS38426 - PART - USD,MISSING,01t2K000006WSOJQA4,,,,377.530000,SKIP,,Price List 'PART' not found in Price_List__c
Price_List_Entry__c,FS-MIS38426 - DIST - USD,MISSING,01t2K000006WSOJQA4,,,,358.850000,SKIP,,Price List 'DIST' not found in Price_List__c
Price_List_Entry__c,FS-MIS38426 - SPEC - USD,MISSING,01t2K000006WSOJQA4,,,,340.180000,SKIP,,Price List 'SPEC' not found in Price_List__c
Price_List_Entry__c,H-RWMB - DEAL - USD,MISSING,01t6A000000atT9QAI,,,,476.510000,SKIP,,Price List 'DEAL' not found in Price_List__c
Price_List_Entry__c,H-RWMB - PART - USD,MISSING,01t6A000000atT9QAI,,,,376.200000,SKIP,,Price List 'PART' not found in Price_List__c
Price_List_Entry__c,H-RWMB - DIST - USD,MISSING,01t6A000000atT9QAI,,,,357.400000,SKIP,,Price List 'DIST' not found in Price_List__c
Price_List_Entry__c,H-RWMB - SPEC - USD,MISSING,01t6A000000atT9QAI,,,,338.570000,SKIP,,Price List 'SPEC' not found in Price_List__c
Price_List_Entry__c,HA746-STB - DEAL - USD,MISSING,01t6A000000atTdQAI,,,,231.000000,SKIP,,Price List 'DEAL' not found in Price_List__c
Price_List_Entry__c,HA746-STB - PART - USD,MISSING,01t6A000000atTdQAI,,,,182.600000,SKIP,,Price List 'PART' not found in Price_List__c
Price_List_Entry__c,HA746-STB - DIST - USD,MISSING,01t6A000000atTdQAI,,,,172.700000,SKIP,,Price List 'DIST' not found in Price_List__c
Price_List_Entry__c,HA746-STB - SPEC - USD,MISSING,01t6A000000atTdQAI,,,,163.900000,SKIP,,Price List 'SPEC' not found in Price_List__c
Price_List_Entry__c,HA747PU - DEAL - USD,MISSING,01t6A000000asp2QAA,,,,280.500000,SKIP,,Price List 'DEAL' not found in Price_List__c
Price_List_Entry__c,HA747PU - PART - USD,MISSING,01t6A000000asp2QAA,,,,221.450000,SKIP,,Price List 'PART' not found in Price_List__c
Price_List_Entry__c,HA747PU - DIST - USD,MISSING,01t6A000000asp2QAA,,,,210.390000,SKIP,,Price List 'DIST' not found in Price_List__c
Price_List_Entry__c,HA747PU - SPEC - USD,MISSING,01t6A000000asp2QAA,,,,199.300000,SKIP,,Price List 'SPEC' not found in Price_List__c
Price_List_Entry__c,HL4UN-002 - DEAL - USD,MISSING,01t6A000000atVbQAI,,,,13.670000,SKIP,,Price List 'DEAL' not found in Price_List__c
Price_List_Entry__c,HL4UN-002 - PART - USD,MISSING,01t6A000000atVbQAI,,,,10.780000,SKIP,,Price List 'PART' not found in Price_List__c
Price_List_Entry__c,HL4UN-002 - DIST - USD,MISSING,01t6A000000atVbQAI,,,,10.250000,SKIP,,Price List 'DIST' not found in Price_List__c
Price_List_Entry__c,HL4UN-002 - SPEC - USD,MISSING,01t6A000000atVbQAI,,,,9.700000,SKIP,,Price List 'SPEC' not found in Price_List__c
Price_List_Entry__c,HL4UN-002-Q10 - DEAL - USD,MISSING,01t6A000000atVcQAI,,,,87.310000,SKIP,,Price List 'DEAL' not found in Price_List__c
Price_List_Entry__c,HL4UN-002-Q10 - PART - USD,MISSING,01t6A000000atVcQAI,,,,68.920000,SKIP,,Price List 'PART' not found in Price_List__c
Price_List_Entry__c,HL4UN-002-Q10 - DIST - USD,MISSING,01t6A000000atVcQAI,,,,65.470000,SKIP,,Price List 'DIST' not found in Price_List__c
Price_List_Entry__c,HL4UN-002-Q10 - SPEC - USD,MISSING,01t6A000000atVcQAI,,,,62.020000,SKIP,,Price List 'SPEC' not found in Price_List__c
Price_List_Entry__c,HLC-KIT - DEAL - USD,MISSING,01t6A000000aqpaQAA,,,,24.240000,SKIP,,Price List 'DEAL' not found in Price_List__c
Price_List_Entry__c,HLC-KIT - PART - USD,MISSING,01t6A000000aqpaQAA,,,,19.150000,SKIP,,Price List 'PART' not found in Price_List__c
Price_List_Entry__c,HLC-KIT - DIST - USD,MISSING,01t6A000000aqpaQAA,,,,18.190000,SKIP,,Price List 'DIST' not found in Price_List__c
Price_List_Entry__c,HLC-KIT - SPEC - USD,MISSING,01t6A000000aqpaQAA,,,,17.250000,SKIP,,Price List 'SPEC' not found in Price_List__c
Price_List_Entry__c,HLC-KIT-Q10 - DEAL - USD,MISSING,01t6A000000aqpbQAA,,,,150.280000,SKIP,,Price List 'DEAL' not found in Price_List__c
Price_List_Entry__c,HLC-KIT-Q10 - PART - USD,MISSING,01t6A000000aqpbQAA,,,,148.500000,SKIP,,Price List 'PART' not found in Price_List__c
Price_List_Entry__c,HLC-KIT-Q10 - DIST - USD,MISSING,01t6A000000aqpbQAA,,,,141.080000,SKIP,,Price List 'DIST' not found in Price_List__c
Price_List_Entry__c,HLC-KIT-Q10 - SPEC - USD,MISSING,01t6A000000aqpbQAA,,,,133.610000,SKIP,,Price List 'SPEC' not found in Price_List__c
Price_List_Entry__c,HP432-002 - DEAL - USD,MISSING,01t6A000000arT8QAI,,,,127.060000,SKIP,,Price List 'DEAL' not found in Price_List__c
Price_List_Entry__c,HP432-002 - PART - USD,MISSING,01t6A000000arT8QAI,,,,100.320000,SKIP,,Price List 'PART' not found in Price_List__c
Price_List_Entry__c,HP432-002 - DIST - USD,MISSING,01t6A000000arT8QAI,,,,95.300000,SKIP,,Price List 'DIST' not found in Price_List__c
Price_List_Entry__c,HP432-002 - SPEC - USD,MISSING,01t6A000000arT8QAI,,,,90.280000,SKIP,,Price List 'SPEC' not found in Price_List__c
Price_List_Entry__c,HP432-002-S - DEAL - USD,MISSING,01t6A000000arEhQAI,,,,127.060000,SKIP,,Price List 'DEAL' not found in Price_List__c
Price_List_Entry__c,HP432-002-S - PART - USD,MISSING,01t6A000000arEhQAI,,,,100.320000,SKIP,,Price List 'PART' not found in Price_List__c
Price_List_Entry__c,HP432-002-S - DIST - USD,MISSING,01t6A000000arEhQAI,,,,95.300000,SKIP,,Price List 'DIST' not found in Price_List__c
Price_List_Entry__c,HP432-002-S - SPEC - USD,MISSING,01t6A000000arEhQAI,,,,90.280000,SKIP,,Price List 'SPEC' not found in Price_List__c
Price_List_Entry__c,HP447 - DEAL - USD,MISSING,01t6A000000ar00QAA,,,,182.790000,SKIP,,Price List 'DEAL' not found in Price_List__c
Price_List_Entry__c,HP447 - PART - USD,MISSING,01t6A000000ar00QAA,,,,144.310000,SKIP,,Price List 'PART' not found in Price_List__c
Price_List_Entry__c,HP447 - DIST - USD,MISSING,01t6A000000ar00QAA,,,,137.090000,SKIP,,Price List 'DIST' not found in Price_List__c
Price_List_Entry__c,HP447 - SPEC - USD,MISSING,01t6A000000ar00QAA,,,,129.870000,SKIP,,Price List 'SPEC' not found in Price_List__c
Price_List_Entry__c,HP450 - DEAL - USD,MISSING,01t6A000000ar1XQAQ,,,,297.570000,SKIP,,Price List 'DEAL' not found in Price_List__c
Price_List_Entry__c,HP450 - PART - USD,MISSING,01t6A000000ar1XQAQ,,,,234.950000,SKIP,,Price List 'PART' not found in Price_List__c
Price_List_Entry__c,HP450 - DIST - USD,MISSING,01t6A000000ar1XQAQ,,,,223.190000,SKIP,,Price List 'DIST' not found in Price_List__c
Price_List_Entry__c,HP450 - SPEC - USD,MISSING,01t6A000000ar1XQAQ,,,,211.450000,SKIP,,Price List 'SPEC' not found in Price_List__c
Price_List_Entry__c,HP455 - DEAL - USD,MISSING,01t6A000000aqzzQAA,,,,182.790000,SKIP,,Price List 'DEAL' not found in Price_List__c
Price_List_Entry__c,HP455 - PART - USD,MISSING,01t6A000000aqzzQAA,,,,144.310000,SKIP,,Price List 'PART' not found in Price_List__c
Price_List_Entry__c,HP455 - DIST - USD,MISSING,01t6A000000aqzzQAA,,,,137.090000,SKIP,,Price List 'DIST' not found in Price_List__c
Price_List_Entry__c,HP455 - SPEC - USD,MISSING,01t6A000000aqzzQAA,,,,129.870000,SKIP,,Price List 'SPEC' not found in Price_List__c
Price_List_Entry__c,HPF-OLED - DEAL - USD,MISSING,01t6A000000arEBQAY,,,,241.550000,SKIP,,Price List 'DEAL' not found in Price_List__c
Price_List_Entry__c,HPF-OLED - PART - USD,MISSING,01t6A000000arEBQAY,,,,190.710000,SKIP,,Price List 'PART' not found in Price_List__c
Price_List_Entry__c,HPF-OLED - DIST - USD,MISSING,01t6A000000arEBQAY,,,,181.160000,SKIP,,Price List 'DIST' not found in Price_List__c
Price_List_Entry__c,HPF-OLED - SPEC - USD,MISSING,01t6A000000arEBQAY,,,,171.610000,SKIP,,Price List 'SPEC' not found in Price_List__c
Price_List_Entry__c,HPF650 - DEAL - USD,MISSING,01t6A000000asY2QAI,,,,160.080000,SKIP,,Price List 'DEAL' not found in Price_List__c
Price_List_Entry__c,HPF650 - PART - USD,MISSING,01t6A000000asY2QAI,,,,153.420000,SKIP,,Price List 'PART' not found in Price_List__c
Price_List_Entry__c,HPF650 - DIST - USD,MISSING,01t6A000000asY2QAI,,,,145.410000,SKIP,,Price List 'DIST' not found in Price_List__c
Price_List_Entry__c,HPF650 - SPEC - USD,MISSING,01t6A000000asY2QAI,,,,126.730000,SKIP,,Price List 'SPEC' not found in Price_List__c
Price_List_Entry__c,HPF665 - DEAL - USD,MISSING,01t2K000006XLOcQAO,,,,300.160000,SKIP,,Price List 'DEAL' not found in Price_List__c
Price_List_Entry__c,HPF665 - PART - USD,MISSING,01t2K000006XLOcQAO,,,,237.470000,SKIP,,Price List 'PART' not found in Price_List__c
Price_List_Entry__c,HPF665 - DIST - USD,MISSING,01t2K000006XLOcQAO,,,,225.450000,SKIP,,Price List 'DIST' not found in Price_List__c
Price_List_Entry__c,HPF665 - SPEC - USD,MISSING,01t2K000006XLOcQAO,,,,213.440000,SKIP,,Price List 'SPEC' not found in Price_List__c
Price_List_Entry__c,IB14X14-AC-W - DEAL - USD,MISSING,01t2K000006MDPhQAO,,,,246.800000,SKIP,,Price List 'DEAL' not found in Price_List__c
Price_List_Entry__c,IB14X14-AC-W - PART - USD,MISSING,01t2K000006MDPhQAO,,,,194.780000,SKIP,,Price List 'PART' not found in Price_List__c
Price_List_Entry__c,IB14X14-AC-W - DIST - USD,MISSING,01t2K000006MDPhQAO,,,,185.440000,SKIP,,Price List 'DIST' not found in Price_List__c
Price_List_Entry__c,IB14X14-AC-W - SPEC - USD,MISSING,01t2K000006MDPhQAO,,,,176.090000,SKIP,,Price List 'SPEC' not found in Price_List__c
Price_List_Entry__c,IB14X9-AC-W - DEAL - USD,MISSING,01t2K000006MDPcQAO,,,,229.450000,SKIP,,Price List 'DEAL' not found in Price_List__c
Price_List_Entry__c,IB14X9-AC-W - PART - USD,MISSING,01t2K000006MDPcQAO,,,,181.420000,SKIP,,Price List 'PART' not found in Price_List__c
Price_List_Entry__c,IB14X9-AC-W - DIST - USD,MISSING,01t2K000006MDPcQAO,,,,172.080000,SKIP,,Price List 'DIST' not found in Price_List__c
Price_List_Entry__c,IB14X9-AC-W - SPEC - USD,MISSING,01t2K000006MDPcQAO,,,,164.090000,SKIP,,Price List 'SPEC' not found in Price_List__c
Price_List_Entry__c,IBA2 - DEAL - USD,MISSING,01t6A000000artJQAQ,,,,74.440000,SKIP,,Price List 'DEAL' not found in Price_List__c
Price_List_Entry__c,IBA2 - PART - USD,MISSING,01t6A000000artJQAQ,,,,58.760000,SKIP,,Price List 'PART' not found in Price_List__c
Price_List_Entry__c,IBA2 - DIST - USD,MISSING,01t6A000000artJQAQ,,,,55.830000,SKIP,,Price List 'DIST' not found in Price_List__c
Price_List_Entry__c,IBA2 - SPEC - USD,MISSING,01t6A000000artJQAQ,,,,52.890000,SKIP,,Price List 'SPEC' not found in Price_List__c
Price_List_Entry__c,IBA2-W - DEAL - USD,MISSING,01t6A000000artKQAQ,,,,74.440000,SKIP,,Price List 'DEAL' not found in Price_List__c
Price_List_Entry__c,IBA2-W - PART - USD,MISSING,01t6A000000artKQAQ,,,,58.760000,SKIP,,Price List 'PART' not found in Price_List__c
Price_List_Entry__c,IBA2-W - DIST - USD,MISSING,01t6A000000artKQAQ,,,,55.830000,SKIP,,Price List 'DIST' not found in Price_List__c
Price_List_Entry__c,IBA2-W - SPEC - USD,MISSING,01t6A000000artKQAQ,,,,52.890000,SKIP,,Price List 'SPEC' not found in Price_List__c
Price_List_Entry__c,IBA2AC - DEAL - USD,MISSING,01t6A000000asYRQAY,,,,159.860000,SKIP,,Price List 'DEAL' not found in Price_List__c
Price_List_Entry__c,IBA2AC - PART - USD,MISSING,01t6A000000asYRQAY,,,,126.210000,SKIP,,Price List 'PART' not found in Price_List__c
Price_List_Entry__c,IBA2AC - DIST - USD,MISSING,01t6A000000asYRQAY,,,,119.900000,SKIP,,Price List 'DIST' not found in Price_List__c
Price_List_Entry__c,IBA2AC - SPEC - USD,MISSING,01t6A000000asYRQAY,,,,113.910000,SKIP,,Price List 'SPEC' not found in Price_List__c
Price_List_Entry__c,IBA2AC-W - DEAL - USD,MISSING,01t6A000000as14QAA,,,,159.860000,SKIP,,Price List 'DEAL' not found in Price_List__c
Price_List_Entry__c,IBA2AC-W - PART - USD,MISSING,01t6A000000as14QAA,,,,126.210000,SKIP,,Price List 'PART' not found in Price_List__c
Price_List_Entry__c,IBA2AC-W - DIST - USD,MISSING,01t6A000000as14QAA,,,,119.900000,SKIP,,Price List 'DIST' not found in Price_List__c
Price_List_Entry__c,IBA2AC-W - SPEC - USD,MISSING,01t6A000000as14QAA,,,,113.910000,SKIP,,Price List 'SPEC' not found in Price_List__c
Price_List_Entry__c,IBA3 - DEAL - USD,MISSING,01t6A000000artLQAQ,,,,67.520000,SKIP,,Price List 'DEAL' not found in Price_List__c
Price_List_Entry__c,IBA3 - PART - USD,MISSING,01t6A000000artLQAQ,,,,53.320000,SKIP,,Price List 'PART' not found in Price_List__c
Price_List_Entry__c,IBA3 - DIST - USD,MISSING,01t6A000000artLQAQ,,,,50.640000,SKIP,,Price List 'DIST' not found in Price_List__c
Price_List_Entry__c,IBA3 - SPEC - USD,MISSING,01t6A000000artLQAQ,,,,47.980000,SKIP,,Price List 'SPEC' not found in Price_List__c
Price_List_Entry__c,IBA3-W - DEAL - USD,MISSING,01t6A000000as13QAA,,,,67.520000,SKIP,,Price List 'DEAL' not found in Price_List__c
Price_List_Entry__c,IBA3-W - PART - USD,MISSING,01t6A000000as13QAA,,,,53.320000,SKIP,,Price List 'PART' not found in Price_List__c
Price_List_Entry__c,IBA3-W - DIST - USD,MISSING,01t6A000000as13QAA,,,,50.640000,SKIP,,Price List 'DIST' not found in Price_List__c
Price_List_Entry__c,IBA3-W - SPEC - USD,MISSING,01t6A000000as13QAA,,,,47.980000,SKIP,,Price List 'SPEC' not found in Price_List__c
Price_List_Entry__c,IBA3AC - DEAL - USD,MISSING,01t6A000000as15QAA,,,,167.200000,SKIP,,Price List 'DEAL' not found in Price_List__c
Price_List_Entry__c,IBA3AC - PART - USD,MISSING,01t6A000000as15QAA,,,,132.000000,SKIP,,Price List 'PART' not found in Price_List__c
Price_List_Entry__c,IBA3AC - DIST - USD,MISSING,01t6A000000as15QAA,,,,125.400000,SKIP,,Price List 'DIST' not found in Price_List__c
Price_List_Entry__c,IBA3AC - SPEC - USD,MISSING,01t6A000000as15QAA,,,,119.130000,SKIP,,Price List 'SPEC' not found in Price_List__c
Price_List_Entry__c,IBA3AC-W - DEAL - USD,MISSING,01t6A000000atUSQAY,,,,167.200000,SKIP,,Price List 'DEAL' not found in Price_List__c
Price_List_Entry__c,IBA3AC-W - PART - USD,MISSING,01t6A000000atUSQAY,,,,132.000000,SKIP,,Price List 'PART' not found in Price_List__c
Price_List_Entry__c,IBA3AC-W - DIST - USD,MISSING,01t6A000000atUSQAY,,,,125.400000,SKIP,,Price List 'DIST' not found in Price_List__c
Price_List_Entry__c,IBA3AC-W - SPEC - USD,MISSING,01t6A000000atUSQAY,,,,119.130000,SKIP,,Price List 'SPEC' not found in Price_List__c
Price_List_Entry__c,IBA4-W - DEAL - USD,MISSING,01t6A000000ariFQAQ,,,,23.000000,SKIP,,Price List 'DEAL' not found in Price_List__c
Price_List_Entry__c,IBA4-W - PART - USD,MISSING,01t6A000000ariFQAQ,,,,18.000000,SKIP,,Price List 'PART' not found in Price_List__c
Price_List_Entry__c,IBA4-W - DIST - USD,MISSING,01t6A000000ariFQAQ,,,,17.000000,SKIP,,Price List 'DIST' not found in Price_List__c
Price_List_Entry__c,IBA4-W - SPEC - USD,MISSING,01t6A000000ariFQAQ,,,,16.000000,SKIP,,Price List 'SPEC' not found in Price_List__c
Price_List_Entry__c,IM746P - DEAL - USD,MISSING,01t6A000000atRzQAI,,,,277.930000,SKIP,,Price List 'DEAL' not found in Price_List__c
Price_List_Entry__c,IM746P - PART - USD,MISSING,01t6A000000atRzQAI,,,,219.400000,SKIP,,Price List 'PART' not found in Price_List__c
Price_List_Entry__c,IM746P - DIST - USD,MISSING,01t6A000000atRzQAI,,,,208.440000,SKIP,,Price List 'DIST' not found in Price_List__c
Price_List_Entry__c,IM746P - SPEC - USD,MISSING,01t6A000000atRzQAI,,,,197.470000,SKIP,,Price List 'SPEC' not found in Price_List__c
Price_List_Entry__c,IM747PU - DEAL - USD,MISSING,01t2K000004ZjUdQAK,,,,392.210000,SKIP,,Price List 'DEAL' not found in Price_List__c
Price_List_Entry__c,IM747PU - PART - USD,MISSING,01t2K000004ZjUdQAK,,,,309.500000,SKIP,,Price List 'PART' not found in Price_List__c
Price_List_Entry__c,IM747PU - DIST - USD,MISSING,01t2K000004ZjUdQAK,,,,293.490000,SKIP,,Price List 'DIST' not found in Price_List__c
Price_List_Entry__c,IM747PU - SPEC - USD,MISSING,01t2K000004ZjUdQAK,,,,278.810000,SKIP,,Price List 'SPEC' not found in Price_List__c
Price_List_Entry__c,IM760PU - DEAL - USD,MISSING,01t6A000000asAaQAI,,,,685.300000,SKIP,,Price List 'DEAL' not found in Price_List__c
Price_List_Entry__c,IM760PU - PART - USD,MISSING,01t6A000000asAaQAI,,,,540.100000,SKIP,,Price List 'PART' not found in Price_List__c
Price_List_Entry__c,IM760PU - DIST - USD,MISSING,01t6A000000asAaQAI,,,,513.700000,SKIP,,Price List 'DIST' not found in Price_List__c
Price_List_Entry__c,IM760PU - SPEC - USD,MISSING,01t6A000000asAaQAI,,,,486.200000,SKIP,,Price List 'SPEC' not found in Price_List__c
Price_List_Entry__c,IM771PU - DEAL - USD,MISSING,01t2K000006XDxuQAG,,,,469.580000,SKIP,,Price List 'DEAL' not found in Price_List__c
Price_List_Entry__c,IM771PU - PART - USD,MISSING,01t2K000006XDxuQAG,,,,370.870000,SKIP,,Price List 'PART' not found in Price_List__c
Price_List_Entry__c,IM771PU - DIST - USD,MISSING,01t2K000006XDxuQAG,,,,352.190000,SKIP,,Price List 'DIST' not found in Price_List__c
Price_List_Entry__c,IM771PU - SPEC - USD,MISSING,01t2K000006XDxuQAG,,,,333.510000,SKIP,,Price List 'SPEC' not found in Price_List__c
Price_List_Entry__c,IWB680-W - DEAL - USD,MISSING,01t6A000000aqjDQAQ,,,,389.090000,SKIP,,Price List 'DEAL' not found in Price_List__c
Price_List_Entry__c,IWB680-W - PART - USD,MISSING,01t6A000000aqjDQAQ,,,,307.180000,SKIP,,Price List 'PART' not found in Price_List__c
Price_List_Entry__c,IWB680-W - DIST - USD,MISSING,01t6A000000aqjDQAQ,,,,291.820000,SKIP,,Price List 'DIST' not found in Price_List__c
Price_List_Entry__c,IWB680-W - SPEC - USD,MISSING,01t6A000000aqjDQAQ,,,,276.460000,SKIP,,Price List 'SPEC' not found in Price_List__c
Price_List_Entry__c,LC-100 - DEAL - USD,MISSING,01t6A000000asuuQAA,,,,24.150000,SKIP,,Price List 'DEAL' not found in Price_List__c
Price_List_Entry__c,LC-100 - PART - USD,MISSING,01t6A000000asuuQAA,,,,18.730000,SKIP,,Price List 'PART' not found in Price_List__c
Price_List_Entry__c,LC-100 - DIST - USD,MISSING,01t6A000000asuuQAA,,,,17.790000,SKIP,,Price List 'DIST' not found in Price_List__c
Price_List_Entry__c,LC-100 - SPEC - USD,MISSING,01t6A000000asuuQAA,,,,16.840000,SKIP,,Price List 'SPEC' not found in Price_List__c
Price_List_Entry__c,LC-V400 - DEAL - USD,MISSING,01t6A000000aruUQAQ,,,,43.580000,SKIP,,Price List 'DEAL' not found in Price_List__c
Price_List_Entry__c,LC-V400 - PART - USD,MISSING,01t6A000000aruUQAQ,,,,34.400000,SKIP,,Price List 'PART' not found in Price_List__c
Price_List_Entry__c,LC-V400 - DIST - USD,MISSING,01t6A000000aruUQAQ,,,,32.690000,SKIP,,Price List 'DIST' not found in Price_List__c
Price_List_Entry__c,LC-V400 - SPEC - USD,MISSING,01t6A000000aruUQAQ,,,,30.970000,SKIP,,Price List 'SPEC' not found in Price_List__c
Price_List_Entry__c,LCC-18 - DEAL - USD,MISSING,01t6A000000aqsqQAA,,,,159.200000,SKIP,,Price List 'DEAL' not found in Price_List__c
Price_List_Entry__c,LCC-18 - PART - USD,MISSING,01t6A000000aqsqQAA,,,,125.690000,SKIP,,Price List 'PART' not found in Price_List__c
Price_List_Entry__c,LCC-18 - DIST - USD,MISSING,01t6A000000aqsqQAA,,,,119.410000,SKIP,,Price List 'DIST' not found in Price_List__c
Price_List_Entry__c,LCC-18 - SPEC - USD,MISSING,01t6A000000aqsqQAA,,,,113.110000,SKIP,,Price List 'SPEC' not found in Price_List__c
Price_List_Entry__c,LCC-18-C - DEAL - USD,MISSING,01t6A000000aqt3QAA,,,,224.400000,SKIP,,Price List 'DEAL' not found in Price_List__c
Price_List_Entry__c,LCC-18-C - PART - USD,MISSING,01t6A000000aqt3QAA,,,,177.100000,SKIP,,Price List 'PART' not found in Price_List__c
Price_List_Entry__c,LCC-18-C - DIST - USD,MISSING,01t6A000000aqt3QAA,,,,168.300000,SKIP,,Price List 'DIST' not found in Price_List__c
Price_List_Entry__c,LCC-18-C - SPEC - USD,MISSING,01t6A000000aqt3QAA,,,,159.500000,SKIP,,Price List 'SPEC' not found in Price_List__c
Price_List_Entry__c,LCC-36 - DEAL - USD,MISSING,01t6A000000aruWQAQ,,,,176.990000,SKIP,,Price List 'DEAL' not found in Price_List__c
Price_List_Entry__c,LCC-36 - PART - USD,MISSING,01t6A000000aruWQAQ,,,,139.730000,SKIP,,Price List 'PART' not found in Price_List__c
Price_List_Entry__c,LCC-36 - DIST - USD,MISSING,01t6A000000aruWQAQ,,,,132.740000,SKIP,,Price List 'DIST' not found in Price_List__c
Price_List_Entry__c,LCC-36 - SPEC - USD,MISSING,01t6A000000aruWQAQ,,,,125.740000,SKIP,,Price List 'SPEC' not found in Price_List__c
Price_List_Entry__c,LCC-36-C - DEAL - USD,MISSING,01t6A000000aqt5QAA,,,,212.590000,SKIP,,Price List 'DEAL' not found in Price_List__c
Price_List_Entry__c,LCC-36-C - PART - USD,MISSING,01t6A000000aqt5QAA,,,,167.820000,SKIP,,Price List 'PART' not found in Price_List__c
Price_List_Entry__c,LCC-36-C - DIST - USD,MISSING,01t6A000000aqt5QAA,,,,159.430000,SKIP,,Price List 'DIST' not found in Price_List__c
Price_List_Entry__c,LCC-36-C - SPEC - USD,MISSING,01t6A000000aqt5QAA,,,,151.030000,SKIP,,Price List 'SPEC' not found in Price_List__c
Price_List_Entry__c,LCT620A - DEAL - USD,MISSING,01t6A000000as7UQAQ,,,,150.300000,SKIP,,Price List 'DEAL' not found in Price_List__c
Price_List_Entry__c,LCT620A - PART - USD,MISSING,01t6A000000as7UQAQ,,,,118.670000,SKIP,,Price List 'PART' not found in Price_List__c
Price_List_Entry__c,LCT620A - DIST - USD,MISSING,01t6A000000as7UQAQ,,,,112.740000,SKIP,,Price List 'DIST' not found in Price_List__c
Price_List_Entry__c,LCT620A - SPEC - USD,MISSING,01t6A000000as7UQAQ,,,,106.790000,SKIP,,Price List 'SPEC' not found in Price_List__c
Price_List_Entry__c,LCT620A-G - DEAL - USD,MISSING,01t6A000000arqiQAA,,,,150.300000,SKIP,,Price List 'DEAL' not found in Price_List__c
Price_List_Entry__c,LCT620A-G - PART - USD,MISSING,01t6A000000arqiQAA,,,,118.670000,SKIP,,Price List 'PART' not found in Price_List__c
Price_List_Entry__c,LCT620A-G - DIST - USD,MISSING,01t6A000000arqiQAA,,,,112.740000,SKIP,,Price List 'DIST' not found in Price_List__c
Price_List_Entry__c,LCT620A-G - SPEC - USD,MISSING,01t6A000000arqiQAA,,,,106.790000,SKIP,,Price List 'SPEC' not found in Price_List__c
Price_List_Entry__c,LCT620AD - DEAL - USD,MISSING,01t6A000000ar6GQAQ,,,,292.600000,SKIP,,Price List 'DEAL' not found in Price_List__c
Price_List_Entry__c,LCT620AD - PART - USD,MISSING,01t6A000000ar6GQAQ,,,,231.000000,SKIP,,Price List 'PART' not found in Price_List__c
Price_List_Entry__c,LCT620AD - DIST - USD,MISSING,01t6A000000ar6GQAQ,,,,219.460000,SKIP,,Price List 'DIST' not found in Price_List__c
Price_List_Entry__c,LCT620AD - SPEC - USD,MISSING,01t6A000000ar6GQAQ,,,,207.890000,SKIP,,Price List 'SPEC' not found in Price_List__c
Price_List_Entry__c,LCT620AD-G - DEAL - USD,MISSING,01t6A000000aqqMQAQ,,,,292.600000,SKIP,,Price List 'DEAL' not found in Price_List__c
Price_List_Entry__c,LCT620AD-G - PART - USD,MISSING,01t6A000000aqqMQAQ,,,,231.000000,SKIP,,Price List 'PART' not found in Price_List__c
Price_List_Entry__c,LCT620AD-G - DIST - USD,MISSING,01t6A000000aqqMQAQ,,,,219.460000,SKIP,,Price List 'DIST' not found in Price_List__c
Price_List_Entry__c,LCT620AD-G - SPEC - USD,MISSING,01t6A000000aqqMQAQ,,,,207.890000,SKIP,,Price List 'SPEC' not found in Price_List__c
Price_List_Entry__c,LCW620A - DEAL - USD,MISSING,01t6A000000aqxzQAA,,,,150.300000,SKIP,,Price List 'DEAL' not found in Price_List__c
Price_List_Entry__c,LCW620A - PART - USD,MISSING,01t6A000000aqxzQAA,,,,118.670000,SKIP,,Price List 'PART' not found in Price_List__c
Price_List_Entry__c,LCW620A - DIST - USD,MISSING,01t6A000000aqxzQAA,,,,112.740000,SKIP,,Price List 'DIST' not found in Price_List__c
Price_List_Entry__c,LCW620A - SPEC - USD,MISSING,01t6A000000aqxzQAA,,,,106.790000,SKIP,,Price List 'SPEC' not found in Price_List__c
Price_List_Entry__c,LG-WMF86BH - DEAL - USD,MISSING,01t6A000000aqv0QAA,,,,106.700000,SKIP,,Price List 'DEAL' not found in Price_List__c
Price_List_Entry__c,LG-WMF86BH - PART - USD,MISSING,01t6A000000aqv0QAA,,,,84.700000,SKIP,,Price List 'PART' not found in Price_List__c
Price_List_Entry__c,LG-WMF86BH - DIST - USD,MISSING,01t6A000000aqv0QAA,,,,80.300000,SKIP,,Price List 'DIST' not found in Price_List__c
Price_List_Entry__c,LG-WMF86BH - SPEC - USD,MISSING,01t6A000000aqv0QAA,,,,75.900000,SKIP,,Price List 'SPEC' not found in Price_List__c
Price_List_Entry__c,MIS-PLCM2 - DEAL - USD,MISSING,01t6A000000arAVQAY,,,,68.970000,SKIP,,Price List 'DEAL' not found in Price_List__c
Price_List_Entry__c,MIS-PLCM2 - PART - USD,MISSING,01t6A000000arAVQAY,,,,54.450000,SKIP,,Price List 'PART' not found in Price_List__c
Price_List_Entry__c,MIS-PLCM2 - DIST - USD,MISSING,01t6A000000arAVQAY,,,,52.030000,SKIP,,Price List 'DIST' not found in Price_List__c
Price_List_Entry__c,MIS-PLCM2 - SPEC - USD,MISSING,01t6A000000arAVQAY,,,,49.610000,SKIP,,Price List 'SPEC' not found in Price_List__c
Price_List_Entry__c,MIS-UNL - DEAL - USD,MISSING,01t6A000000arg1QAA,,,,107.330000,SKIP,,Price List 'DEAL' not found in Price_List__c
Price_List_Entry__c,MIS-UNL - PART - USD,MISSING,01t6A000000arg1QAA,,,,103.360000,SKIP,,Price List 'PART' not found in Price_List__c
Price_List_Entry__c,MIS-UNL - DIST - USD,MISSING,01t6A000000arg1QAA,,,,99.390000,SKIP,,Price List 'DIST' not found in Price_List__c
Price_List_Entry__c,MIS-UNL - SPEC - USD,MISSING,01t6A000000arg1QAA,,,,95.430000,SKIP,,Price List 'SPEC' not found in Price_List__c
Price_List_Entry__c,MIS556 - DEAL - USD,MISSING,01t6A000000aqrIQAQ,,,,1015.190000,SKIP,,Price List 'DEAL' not found in Price_List__c
Price_List_Entry__c,MIS556 - PART - USD,MISSING,01t6A000000aqrIQAQ,,,,801.020000,SKIP,,Price List 'PART' not found in Price_List__c
Price_List_Entry__c,MIS556 - DIST - USD,MISSING,01t6A000000aqrIQAQ,,,,761.540000,SKIP,,Price List 'DIST' not found in Price_List__c
Price_List_Entry__c,MIS556 - SPEC - USD,MISSING,01t6A000000aqrIQAQ,,,,722.370000,SKIP,,Price List 'SPEC' not found in Price_List__c
Price_List_Entry__c,MOD-ACF2 - DEAL - USD,MISSING,01t6A000000asPqQAI,,,,77.720000,SKIP,,Price List 'DEAL' not found in Price_List__c
Price_List_Entry__c,MOD-ACF2 - PART - USD,MISSING,01t6A000000asPqQAI,,,,61.360000,SKIP,,Price List 'PART' not found in Price_List__c
Price_List_Entry__c,MOD-ACF2 - DIST - USD,MISSING,01t6A000000asPqQAI,,,,58.290000,SKIP,,Price List 'DIST' not found in Price_List__c
Price_List_Entry__c,MOD-ACF2 - SPEC - USD,MISSING,01t6A000000asPqQAI,,,,55.380000,SKIP,,Price List 'SPEC' not found in Price_List__c
Price_List_Entry__c,MOD-ASC2 - DEAL - USD,MISSING,01t6A000000arv8QAA,,,,31.780000,SKIP,,Price List 'DEAL' not found in Price_List__c
Price_List_Entry__c,MOD-ASC2 - PART - USD,MISSING,01t6A000000arv8QAA,,,,25.090000,SKIP,,Price List 'PART' not found in Price_List__c
Price_List_Entry__c,MOD-ASC2 - DIST - USD,MISSING,01t6A000000arv8QAA,,,,23.840000,SKIP,,Price List 'DIST' not found in Price_List__c
Price_List_Entry__c,MOD-ASC2 - SPEC - USD,MISSING,01t6A000000arv8QAA,,,,22.640000,SKIP,,Price List 'SPEC' not found in Price_List__c
Price_List_Entry__c,MOD-AWM2 - DEAL - USD,MISSING,01t6A000000arlhQAA,,,,103.610000,SKIP,,Price List 'DEAL' not found in Price_List__c
Price_List_Entry__c,MOD-AWM2 - PART - USD,MISSING,01t6A000000arlhQAA,,,,81.800000,SKIP,,Price List 'PART' not found in Price_List__c
Price_List_Entry__c,MOD-AWM2 - DIST - USD,MISSING,01t6A000000arlhQAA,,,,77.710000,SKIP,,Price List 'DIST' not found in Price_List__c
Price_List_Entry__c,MOD-AWM2 - SPEC - USD,MISSING,01t6A000000arlhQAA,,,,73.830000,SKIP,,Price List 'SPEC' not found in Price_List__c
Price_List_Entry__c,MOD-CPF2 - DEAL - USD,MISSING,01t6A000000asJWQAY,,,,87.870000,SKIP,,Price List 'DEAL' not found in Price_List__c
Price_List_Entry__c,MOD-CPF2 - PART - USD,MISSING,01t6A000000asJWQAY,,,,69.370000,SKIP,,Price List 'PART' not found in Price_List__c
Price_List_Entry__c,MOD-CPF2 - DIST - USD,MISSING,01t6A000000asJWQAY,,,,65.900000,SKIP,,Price List 'DIST' not found in Price_List__c
Price_List_Entry__c,MOD-CPF2 - SPEC - USD,MISSING,01t6A000000asJWQAY,,,,62.440000,SKIP,,Price List 'SPEC' not found in Price_List__c
Price_List_Entry__c,MOD-CPI2 - DEAL - USD,MISSING,01t6A000000asJXQAY,,,,180.410000,SKIP,,Price List 'DEAL' not found in Price_List__c
Price_List_Entry__c,MOD-CPI2 - PART - USD,MISSING,01t6A000000asJXQAY,,,,142.440000,SKIP,,Price List 'PART' not found in Price_List__c
Price_List_Entry__c,MOD-CPI2 - DIST - USD,MISSING,01t6A000000asJXQAY,,,,135.310000,SKIP,,Price List 'DIST' not found in Price_List__c
Price_List_Entry__c,MOD-CPI2 - SPEC - USD,MISSING,01t6A000000asJXQAY,,,,128.170000,SKIP,,Price List 'SPEC' not found in Price_List__c
Price_List_Entry__c,MOD-FCS2KIT300 - DEAL - USD,MISSING,01t6A000000arOdQAI,,,,714.670000,SKIP,,Price List 'DEAL' not found in Price_List__c
Price_List_Entry__c,MOD-FCS2KIT300 - PART - USD,MISSING,01t6A000000arOdQAI,,,,564.210000,SKIP,,Price List 'PART' not found in Price_List__c
Price_List_Entry__c,MOD-FCS2KIT300 - DIST - USD,MISSING,01t6A000000arOdQAI,,,,536.000000,SKIP,,Price List 'DIST' not found in Price_List__c
Price_List_Entry__c,MOD-FCS2KIT300 - SPEC - USD,MISSING,01t6A000000arOdQAI,,,,507.780000,SKIP,,Price List 'SPEC' not found in Price_List__c
Price_List_Entry__c,MOD-FCS2KIT300-B - DEAL - USD,MISSING,01t6A000000arOeQAI,,,,522.360000,SKIP,,Price List 'DEAL' not found in Price_List__c
Price_List_Entry__c,MOD-FCS2KIT300-B - PART - USD,MISSING,01t6A000000arOeQAI,,,,412.390000,SKIP,,Price List 'PART' not found in Price_List__c
Price_List_Entry__c,MOD-FCS2KIT300-B - DIST - USD,MISSING,01t6A000000arOeQAI,,,,391.770000,SKIP,,Price List 'DIST' not found in Price_List__c
Price_List_Entry__c,MOD-FCS2KIT300-B - SPEC - USD,MISSING,01t6A000000arOeQAI,,,,371.140000,SKIP,,Price List 'SPEC' not found in Price_List__c
Price_List_Entry__c,MOD-FCSKIT300 - DEAL - USD,MISSING,01t6A000000atQQQAY,,,,381.630000,SKIP,,Price List 'DEAL' not found in Price_List__c
Price_List_Entry__c,MOD-FCSKIT300 - PART - USD,MISSING,01t6A000000atQQQAY,,,,301.290000,SKIP,,Price List 'PART' not found in Price_List__c
Price_List_Entry__c,MOD-FCSKIT300 - DIST - USD,MISSING,01t6A000000atQQQAY,,,,286.230000,SKIP,,Price List 'DIST' not found in Price_List__c
Price_List_Entry__c,MOD-FCSKIT300 - SPEC - USD,MISSING,01t6A000000atQQQAY,,,,271.910000,SKIP,,Price List 'SPEC' not found in Price_List__c
Price_List_Entry__c,MOD-FCSKIT300-B - DEAL - USD,MISSING,01t6A000000atEyQAI,,,,310.200000,SKIP,,Price List 'DEAL' not found in Price_List__c
Price_List_Entry__c,MOD-FCSKIT300-B - PART - USD,MISSING,01t6A000000atEyQAI,,,,244.200000,SKIP,,Price List 'PART' not found in Price_List__c
Price_List_Entry__c,MOD-FCSKIT300-B - DIST - USD,MISSING,01t6A000000atEyQAI,,,,232.100000,SKIP,,Price List 'DIST' not found in Price_List__c
Price_List_Entry__c,MOD-FCSKIT300-B - SPEC - USD,MISSING,01t6A000000atEyQAI,,,,220.000000,SKIP,,Price List 'SPEC' not found in Price_List__c
Price_List_Entry__c,MOD-FPMD2 - DEAL - USD,MISSING,01t6A000000asPpQAI,,,,186.950000,SKIP,,Price List 'DEAL' not found in Price_List__c
Price_List_Entry__c,MOD-FPMD2 - PART - USD,MISSING,01t6A000000asPpQAI,,,,147.590000,SKIP,,Price List 'PART' not found in Price_List__c
Price_List_Entry__c,MOD-FPMD2 - DIST - USD,MISSING,01t6A000000asPpQAI,,,,140.220000,SKIP,,Price List 'DIST' not found in Price_List__c
Price_List_Entry__c,MOD-FPMD2 - SPEC - USD,MISSING,01t6A000000asPpQAI,,,,132.840000,SKIP,,Price List 'SPEC' not found in Price_List__c
Price_List_Entry__c,MOD-FPMS2 - DEAL - USD,MISSING,01t6A000000asJYQAY,,,,102.410000,SKIP,,Price List 'DEAL' not found in Price_List__c
Price_List_Entry__c,MOD-FPMS2 - PART - USD,MISSING,01t6A000000asJYQAY,,,,80.850000,SKIP,,Price List 'PART' not found in Price_List__c
Price_List_Entry__c,MOD-FPMS2 - DIST - USD,MISSING,01t6A000000asJYQAY,,,,76.810000,SKIP,,Price List 'DIST' not found in Price_List__c
Price_List_Entry__c,MOD-FPMS2 - SPEC - USD,MISSING,01t6A000000asJYQAY,,,,72.770000,SKIP,,Price List 'SPEC' not found in Price_List__c
Price_List_Entry__c,MOD-FPP2 - DEAL - USD,MISSING,01t6A000000arwwQAA,,,,159.250000,SKIP,,Price List 'DEAL' not found in Price_List__c
Price_List_Entry__c,MOD-FPP2 - PART - USD,MISSING,01t6A000000arwwQAA,,,,125.720000,SKIP,,Price List 'PART' not found in Price_List__c
Price_List_Entry__c,MOD-FPP2 - DIST - USD,MISSING,01t6A000000arwwQAA,,,,119.440000,SKIP,,Price List 'DIST' not found in Price_List__c
Price_List_Entry__c,MOD-FPP2 - SPEC - USD,MISSING,01t6A000000arwwQAA,,,,113.150000,SKIP,,Price List 'SPEC' not found in Price_List__c
Price_List_Entry__c,MOD-FPP2KIT200 - DEAL - USD,MISSING,01t6A000000arOhQAI,,,,614.900000,SKIP,,Price List 'DEAL' not found in Price_List__c
Price_List_Entry__c,MOD-FPP2KIT200 - PART - USD,MISSING,01t6A000000arOhQAI,,,,485.430000,SKIP,,Price List 'PART' not found in Price_List__c
Price_List_Entry__c,MOD-FPP2KIT200 - DIST - USD,MISSING,01t6A000000arOhQAI,,,,461.180000,SKIP,,Price List 'DIST' not found in Price_List__c
Price_List_Entry__c,MOD-FPP2KIT200 - SPEC - USD,MISSING,01t6A000000arOhQAI,,,,436.910000,SKIP,,Price List 'SPEC' not found in Price_List__c
Price_List_Entry__c,MOD-FPP2KIT200-B - DEAL - USD,MISSING,01t6A000000arOiQAI,,,,480.680000,SKIP,,Price List 'DEAL' not found in Price_List__c
Price_List_Entry__c,MOD-FPP2KIT200-B - PART - USD,MISSING,01t6A000000arOiQAI,,,,379.460000,SKIP,,Price List 'PART' not found in Price_List__c
Price_List_Entry__c,MOD-FPP2KIT200-B - DIST - USD,MISSING,01t6A000000arOiQAI,,,,360.490000,SKIP,,Price List 'DIST' not found in Price_List__c
Price_List_Entry__c,MOD-FPP2KIT200-B - SPEC - USD,MISSING,01t6A000000arOiQAI,,,,341.530000,SKIP,,Price List 'SPEC' not found in Price_List__c
Price_List_Entry__c,MOD-FPS2KIT150 - DEAL - USD,MISSING,01t6A000000arObQAI,,,,446.990000,SKIP,,Price List 'DEAL' not found in Price_List__c
Price_List_Entry__c,MOD-FPS2KIT150 - PART - USD,MISSING,01t6A000000arObQAI,,,,352.900000,SKIP,,Price List 'PART' not found in Price_List__c
Price_List_Entry__c,MOD-FPS2KIT150 - DIST - USD,MISSING,01t6A000000arObQAI,,,,335.250000,SKIP,,Price List 'DIST' not found in Price_List__c
Price_List_Entry__c,MOD-FPS2KIT150 - SPEC - USD,MISSING,01t6A000000arObQAI,,,,317.590000,SKIP,,Price List 'SPEC' not found in Price_List__c
Price_List_Entry__c,MOD-FPS2KIT150-B - DEAL - USD,MISSING,01t6A000000arjTQAQ,,,,356.690000,SKIP,,Price List 'DEAL' not found in Price_List__c
Price_List_Entry__c,MOD-FPS2KIT150-B - PART - USD,MISSING,01t6A000000arjTQAQ,,,,281.580000,SKIP,,Price List 'PART' not found in Price_List__c
Price_List_Entry__c,MOD-FPS2KIT150-B - DIST - USD,MISSING,01t6A000000arjTQAQ,,,,267.520000,SKIP,,Price List 'DIST' not found in Price_List__c
Price_List_Entry__c,MOD-FPS2KIT150-B - SPEC - USD,MISSING,01t6A000000arjTQAQ,,,,253.440000,SKIP,,Price List 'SPEC' not found in Price_List__c
Price_List_Entry__c,MOD-FPSKIT100 - DEAL - USD,MISSING,01t6A000000at0mQAA,,,,226.840000,SKIP,,Price List 'DEAL' not found in Price_List__c
Price_List_Entry__c,MOD-FPSKIT100 - PART - USD,MISSING,01t6A000000at0mQAA,,,,179.080000,SKIP,,Price List 'PART' not found in Price_List__c
Price_List_Entry__c,MOD-FPSKIT100 - DIST - USD,MISSING,01t6A000000at0mQAA,,,,170.140000,SKIP,,Price List 'DIST' not found in Price_List__c
Price_List_Entry__c,MOD-FPSKIT100 - SPEC - USD,MISSING,01t6A000000at0mQAA,,,,161.170000,SKIP,,Price List 'SPEC' not found in Price_List__c
Price_List_Entry__c,MOD-FPSKIT100-B - DEAL - USD,MISSING,01t6A000000ar6fQAA,,,,202.260000,SKIP,,Price List 'DEAL' not found in Price_List__c
Price_List_Entry__c,MOD-FPSKIT100-B - PART - USD,MISSING,01t6A000000ar6fQAA,,,,159.670000,SKIP,,Price List 'PART' not found in Price_List__c
Price_List_Entry__c,MOD-FPSKIT100-B - DIST - USD,MISSING,01t6A000000ar6fQAA,,,,151.700000,SKIP,,Price List 'DIST' not found in Price_List__c
Price_List_Entry__c,MOD-FPSKIT100-B - SPEC - USD,MISSING,01t6A000000ar6fQAA,,,,143.730000,SKIP,,Price List 'SPEC' not found in Price_List__c
Price_List_Entry__c,MOD-FPSKIT100-CPF - DEAL - USD,MISSING,01t6A000000arboQAA,,,,265.700000,SKIP,,Price List 'DEAL' not found in Price_List__c
Price_List_Entry__c,MOD-FPSKIT100-CPF - PART - USD,MISSING,01t6A000000arboQAA,,,,209.760000,SKIP,,Price List 'PART' not found in Price_List__c
Price_List_Entry__c,MOD-FPSKIT100-CPF - DIST - USD,MISSING,01t6A000000arboQAA,,,,199.270000,SKIP,,Price List 'DIST' not found in Price_List__c
Price_List_Entry__c,MOD-FPSKIT100-CPF - SPEC - USD,MISSING,01t6A000000arboQAA,,,,189.310000,SKIP,,Price List 'SPEC' not found in Price_List__c
Price_List_Entry__c,MOD-FPSKIT150 - DEAL - USD,MISSING,01t6A000000at1pQAA,,,,248.810000,SKIP,,Price List 'DEAL' not found in Price_List__c
Price_List_Entry__c,MOD-FPSKIT150 - PART - USD,MISSING,01t6A000000at1pQAA,,,,196.420000,SKIP,,Price List 'PART' not found in Price_List__c
Price_List_Entry__c,MOD-FPSKIT150 - DIST - USD,MISSING,01t6A000000at1pQAA,,,,186.590000,SKIP,,Price List 'DIST' not found in Price_List__c
Price_List_Entry__c,MOD-FPSKIT150 - SPEC - USD,MISSING,01t6A000000at1pQAA,,,,176.790000,SKIP,,Price List 'SPEC' not found in Price_List__c
Price_List_Entry__c,MOD-FPSKIT150-B - DEAL - USD,MISSING,01t6A000000atEzQAI,,,,211.630000,SKIP,,Price List 'DEAL' not found in Price_List__c
Price_List_Entry__c,MOD-FPSKIT150-B - PART - USD,MISSING,01t6A000000atEzQAI,,,,167.080000,SKIP,,Price List 'PART' not found in Price_List__c
Price_List_Entry__c,MOD-FPSKIT150-B - DIST - USD,MISSING,01t6A000000atEzQAI,,,,158.730000,SKIP,,Price List 'DIST' not found in Price_List__c
Price_List_Entry__c,MOD-FPSKIT150-B - SPEC - USD,MISSING,01t6A000000atEzQAI,,,,150.380000,SKIP,,Price List 'SPEC' not found in Price_List__c
Price_List_Entry__c,MOD-FPSKIT150-CPF - DEAL - USD,MISSING,01t6A000000arbpQAA,,,,322.840000,SKIP,,Price List 'DEAL' not found in Price_List__c
Price_List_Entry__c,MOD-FPSKIT150-CPF - PART - USD,MISSING,01t6A000000arbpQAA,,,,254.860000,SKIP,,Price List 'PART' not found in Price_List__c
Price_List_Entry__c,MOD-FPSKIT150-CPF - DIST - USD,MISSING,01t6A000000arbpQAA,,,,242.130000,SKIP,,Price List 'DIST' not found in Price_List__c
Price_List_Entry__c,MOD-FPSKIT150-CPF - SPEC - USD,MISSING,01t6A000000arbpQAA,,,,229.390000,SKIP,,Price List 'SPEC' not found in Price_List__c
Price_List_Entry__c,MOD-FPSKIT200-CPF - DEAL - USD,MISSING,01t6A000000arbqQAA,,,,372.200000,SKIP,,Price List 'DEAL' not found in Price_List__c
Price_List_Entry__c,MOD-FPSKIT200-CPF - PART - USD,MISSING,01t6A000000arbqQAA,,,,294.820000,SKIP,,Price List 'PART' not found in Price_List__c
Price_List_Entry__c,MOD-FPSKIT200-CPF - DIST - USD,MISSING,01t6A000000arbqQAA,,,,278.810000,SKIP,,Price List 'DIST' not found in Price_List__c
Price_List_Entry__c,MOD-FPSKIT200-CPF - SPEC - USD,MISSING,01t6A000000arbqQAA,,,,265.470000,SKIP,,Price List 'SPEC' not found in Price_List__c
Price_List_Entry__c,MOD-FW2KIT300 - DEAL - USD,MISSING,01t6A000000arOfQAI,,,,705.950000,SKIP,,Price List 'DEAL' not found in Price_List__c
Price_List_Entry__c,MOD-FW2KIT300 - PART - USD,MISSING,01t6A000000arOfQAI,,,,557.330000,SKIP,,Price List 'PART' not found in Price_List__c
Price_List_Entry__c,MOD-FW2KIT300 - DIST - USD,MISSING,01t6A000000arOfQAI,,,,529.460000,SKIP,,Price List 'DIST' not found in Price_List__c
Price_List_Entry__c,MOD-FW2KIT300 - SPEC - USD,MISSING,01t6A000000arOfQAI,,,,501.590000,SKIP,,Price List 'SPEC' not found in Price_List__c
Price_List_Entry__c,MOD-FW2KIT300-B - DEAL - USD,MISSING,01t6A000000arOgQAI,,,,536.050000,SKIP,,Price List 'DEAL' not found in Price_List__c
Price_List_Entry__c,MOD-FW2KIT300-B - PART - USD,MISSING,01t6A000000arOgQAI,,,,423.180000,SKIP,,Price List 'PART' not found in Price_List__c
Price_List_Entry__c,MOD-FW2KIT300-B - DIST - USD,MISSING,01t6A000000arOgQAI,,,,402.040000,SKIP,,Price List 'DIST' not found in Price_List__c
Price_List_Entry__c,MOD-FW2KIT300-B - SPEC - USD,MISSING,01t6A000000arOgQAI,,,,380.890000,SKIP,,Price List 'SPEC' not found in Price_List__c
Price_List_Entry__c,MOD-MBL - DEAL - USD,MISSING,01t6A000000aqiKQAQ,,,,236.120000,SKIP,,Price List 'DEAL' not found in Price_List__c
Price_List_Entry__c,MOD-MBL - PART - USD,MISSING,01t6A000000aqiKQAQ,,,,186.770000,SKIP,,Price List 'PART' not found in Price_List__c
Price_List_Entry__c,MOD-MBL - DIST - USD,MISSING,01t6A000000aqiKQAQ,,,,177.420000,SKIP,,Price List 'DIST' not found in Price_List__c
Price_List_Entry__c,MOD-MBL - SPEC - USD,MISSING,01t6A000000aqiKQAQ,,,,168.090000,SKIP,,Price List 'SPEC' not found in Price_List__c
Price_List_Entry__c,MOD-MBM - DEAL - USD,MISSING,01t6A000000atPYQAY,,,,149.410000,SKIP,,Price List 'DEAL' not found in Price_List__c
Price_List_Entry__c,MOD-MBM - PART - USD,MISSING,01t6A000000atPYQAY,,,,117.950000,SKIP,,Price List 'PART' not found in Price_List__c
Price_List_Entry__c,MOD-MBM - DIST - USD,MISSING,01t6A000000atPYQAY,,,,112.060000,SKIP,,Price List 'DIST' not found in Price_List__c
Price_List_Entry__c,MOD-MBM - SPEC - USD,MISSING,01t6A000000atPYQAY,,,,106.160000,SKIP,,Price List 'SPEC' not found in Price_List__c
Price_List_Entry__c,MOD-PJF2KIT150-B - DEAL - USD,MISSING,01t2K000006NZtVQAW,,,,273.470000,SKIP,,Price List 'DEAL' not found in Price_List__c
Price_List_Entry__c,MOD-PJF2KIT150-B - PART - USD,MISSING,01t2K000006NZtVQAW,,,,216.120000,SKIP,,Price List 'PART' not found in Price_List__c
Price_List_Entry__c,MOD-PJF2KIT150-B - DIST - USD,MISSING,01t2K000006NZtVQAW,,,,205.450000,SKIP,,Price List 'DIST' not found in Price_List__c
Price_List_Entry__c,MOD-PJF2KIT150-B - SPEC - USD,MISSING,01t2K000006NZtVQAW,,,,194.780000,SKIP,,Price List 'SPEC' not found in Price_List__c
Price_List_Entry__c,MOD-UNL2 - DEAL - USD,MISSING,01t6A000000atNaQAI,,,,78.280000,SKIP,,Price List 'DEAL' not found in Price_List__c
Price_List_Entry__c,MOD-UNL2 - PART - USD,MISSING,01t6A000000atNaQAI,,,,61.810000,SKIP,,Price List 'PART' not found in Price_List__c
Price_List_Entry__c,MOD-UNL2 - DIST - USD,MISSING,01t6A000000atNaQAI,,,,58.710000,SKIP,,Price List 'DIST' not found in Price_List__c
Price_List_Entry__c,MOD-UNL2 - SPEC - USD,MISSING,01t6A000000atNaQAI,,,,55.620000,SKIP,,Price List 'SPEC' not found in Price_List__c
Price_List_Entry__c,MOD-WP2 - DEAL - USD,MISSING,01t6A000000asPrQAI,,,,99.510000,SKIP,,Price List 'DEAL' not found in Price_List__c
Price_List_Entry__c,MOD-WP2 - PART - USD,MISSING,01t6A000000asPrQAI,,,,78.540000,SKIP,,Price List 'PART' not found in Price_List__c
Price_List_Entry__c,MOD-WP2 - DIST - USD,MISSING,01t6A000000asPrQAI,,,,74.640000,SKIP,,Price List 'DIST' not found in Price_List__c
Price_List_Entry__c,MOD-WP2 - SPEC - USD,MISSING,01t6A000000asPrQAI,,,,70.700000,SKIP,,Price List 'SPEC' not found in Price_List__c
Price_List_Entry__c,MSA-101 - DEAL - USD,MISSING,01t6A000000aquWQAQ,,,,167.200000,SKIP,,Price List 'DEAL' not found in Price_List__c
Price_List_Entry__c,MSA-101 - PART - USD,MISSING,01t6A000000aquWQAQ,,,,132.010000,SKIP,,Price List 'PART' not found in Price_List__c
Price_List_Entry__c,MSA-101 - DIST - USD,MISSING,01t6A000000aquWQAQ,,,,125.400000,SKIP,,Price List 'DIST' not found in Price_List__c
Price_List_Entry__c,MSA-101 - SPEC - USD,MISSING,01t6A000000aquWQAQ,,,,118.800000,SKIP,,Price List 'SPEC' not found in Price_List__c
Price_List_Entry__c,OSUA771PU - DEAL - USD,MISSING,01t2K000006XRCnQAO,,,,329.120000,SKIP,,Price List 'DEAL' not found in Price_List__c
Price_List_Entry__c,OSUA771PU - PART - USD,MISSING,01t2K000006XRCnQAO,,,,260.150000,SKIP,,Price List 'PART' not found in Price_List__c
Price_List_Entry__c,OSUA771PU - DIST - USD,MISSING,01t2K000006XRCnQAO,,,,246.840000,SKIP,,Price List 'DIST' not found in Price_List__c
Price_List_Entry__c,OSUA771PU - SPEC - USD,MISSING,01t2K000006XRCnQAO,,,,233.530000,SKIP,,Price List 'SPEC' not found in Price_List__c
Price_List_Entry__c,PA730 - DEAL - USD,MISSING,01t6A000000asAKQAY,,,,55.580000,SKIP,,Price List 'DEAL' not found in Price_List__c
Price_List_Entry__c,PA730 - PART - USD,MISSING,01t6A000000asAKQAY,,,,43.880000,SKIP,,Price List 'PART' not found in Price_List__c
Price_List_Entry__c,PA730 - DIST - USD,MISSING,01t6A000000asAKQAY,,,,41.690000,SKIP,,Price List 'DIST' not found in Price_List__c
Price_List_Entry__c,PA730 - SPEC - USD,MISSING,01t6A000000asAKQAY,,,,39.490000,SKIP,,Price List 'SPEC' not found in Price_List__c
Price_List_Entry__c,PA740 - DEAL - USD,MISSING,01t6A000000asALQAY,,,,70.400000,SKIP,,Price List 'DEAL' not found in Price_List__c
Price_List_Entry__c,PA740 - PART - USD,MISSING,01t6A000000asALQAY,,,,55.570000,SKIP,,Price List 'PART' not found in Price_List__c
Price_List_Entry__c,PA740 - DIST - USD,MISSING,01t6A000000asALQAY,,,,52.800000,SKIP,,Price List 'DIST' not found in Price_List__c
Price_List_Entry__c,PA740 - SPEC - USD,MISSING,01t6A000000asALQAY,,,,50.040000,SKIP,,Price List 'SPEC' not found in Price_List__c
Price_List_Entry__c,PA746 - DEAL - USD,MISSING,01t6A000000atWDQAY,,,,98.230000,SKIP,,Price List 'DEAL' not found in Price_List__c
Price_List_Entry__c,PA746 - PART - USD,MISSING,01t6A000000atWDQAY,,,,77.550000,SKIP,,Price List 'PART' not found in Price_List__c
Price_List_Entry__c,PA746 - DIST - USD,MISSING,01t6A000000atWDQAY,,,,73.670000,SKIP,,Price List 'DIST' not found in Price_List__c
Price_List_Entry__c,PA746 - SPEC - USD,MISSING,01t6A000000atWDQAY,,,,69.800000,SKIP,,Price List 'SPEC' not found in Price_List__c
Price_List_Entry__c,PA750 - DEAL - USD,MISSING,01t6A000000aqjUQAQ,,,,146.390000,SKIP,,Price List 'DEAL' not found in Price_List__c
Price_List_Entry__c,PA750 - PART - USD,MISSING,01t6A000000aqjUQAQ,,,,115.570000,SKIP,,Price List 'PART' not found in Price_List__c
Price_List_Entry__c,PA750 - DIST - USD,MISSING,01t6A000000aqjUQAQ,,,,109.790000,SKIP,,Price List 'DIST' not found in Price_List__c
Price_List_Entry__c,PA750 - SPEC - USD,MISSING,01t6A000000aqjUQAQ,,,,104.020000,SKIP,,Price List 'SPEC' not found in Price_List__c
Price_List_Entry__c,PA762 - DEAL - USD,MISSING,01t6A000000arUhQAI,,,,185.260000,SKIP,,Price List 'DEAL' not found in Price_List__c
Price_List_Entry__c,PA762 - PART - USD,MISSING,01t6A000000arUhQAI,,,,146.270000,SKIP,,Price List 'PART' not found in Price_List__c
Price_List_Entry__c,PA762 - DIST - USD,MISSING,01t6A000000arUhQAI,,,,138.950000,SKIP,,Price List 'DIST' not found in Price_List__c
Price_List_Entry__c,PA762 - SPEC - USD,MISSING,01t6A000000arUhQAI,,,,131.640000,SKIP,,Price List 'SPEC' not found in Price_List__c
Price_List_Entry__c,PA762-UNMH - DEAL - USD,MISSING,01t6A000000aqoEQAQ,,,,220.110000,SKIP,,Price List 'DEAL' not found in Price_List__c
Price_List_Entry__c,PA762-UNMH - PART - USD,MISSING,01t6A000000aqoEQAQ,,,,206.780000,SKIP,,Price List 'PART' not found in Price_List__c
Price_List_Entry__c,PA762-UNMH - DIST - USD,MISSING,01t6A000000aqoEQAQ,,,,196.110000,SKIP,,Price List 'DIST' not found in Price_List__c
Price_List_Entry__c,PA762-UNMH - SPEC - USD,MISSING,01t6A000000aqoEQAQ,,,,186.770000,SKIP,,Price List 'SPEC' not found in Price_List__c
Price_List_Entry__c,PANA-103MTV - DEAL - USD,MISSING,01t6A000000atQxQAI,,,,2062.290000,SKIP,,Price List 'DEAL' not found in Price_List__c
Price_List_Entry__c,PANA-103MTV - PART - USD,MISSING,01t6A000000atQxQAI,,,,1628.100000,SKIP,,Price List 'PART' not found in Price_List__c
Price_List_Entry__c,PANA-103MTV - DIST - USD,MISSING,01t6A000000atQxQAI,,,,1546.710000,SKIP,,Price List 'DIST' not found in Price_List__c
Price_List_Entry__c,PANA-103MTV - SPEC - USD,MISSING,01t6A000000atQxQAI,,,,1465.310000,SKIP,,Price List 'SPEC' not found in Price_List__c
Price_List_Entry__c,PANA-85CEIL - DEAL - USD,MISSING,01t6A000000aqfcQAA,,,,1200.950000,SKIP,,Price List 'DEAL' not found in Price_List__c
Price_List_Entry__c,PANA-85CEIL - PART - USD,MISSING,01t6A000000aqfcQAA,,,,948.130000,SKIP,,Price List 'PART' not found in Price_List__c
Price_List_Entry__c,PANA-85CEIL - DIST - USD,MISSING,01t6A000000aqfcQAA,,,,900.720000,SKIP,,Price List 'DIST' not found in Price_List__c
Price_List_Entry__c,PANA-85CEIL - SPEC - USD,MISSING,01t6A000000aqfcQAA,,,,853.300000,SKIP,,Price List 'SPEC' not found in Price_List__c
Price_List_Entry__c,PANA-85WM - DEAL - USD,MISSING,01t6A000000asckQAA,,,,960.770000,SKIP,,Price List 'DEAL' not found in Price_List__c
Price_List_Entry__c,PANA-85WM - PART - USD,MISSING,01t6A000000asckQAA,,,,758.520000,SKIP,,Price List 'PART' not found in Price_List__c
Price_List_Entry__c,PANA-85WM - DIST - USD,MISSING,01t6A000000asckQAA,,,,720.590000,SKIP,,Price List 'DIST' not found in Price_List__c
Price_List_Entry__c,PANA-85WM - SPEC - USD,MISSING,01t6A000000asckQAA,,,,682.670000,SKIP,,Price List 'SPEC' not found in Price_List__c
Price_List_Entry__c,PANA-C84103 - DEAL - USD,MISSING,01t6A000000aqtwQAA,,,,2790.780000,SKIP,,Price List 'DEAL' not found in Price_List__c
Price_List_Entry__c,PANA-C84103 - PART - USD,MISSING,01t6A000000aqtwQAA,,,,2203.260000,SKIP,,Price List 'PART' not found in Price_List__c
Price_List_Entry__c,PANA-C84103 - DIST - USD,MISSING,01t6A000000aqtwQAA,,,,2093.080000,SKIP,,Price List 'DIST' not found in Price_List__c
Price_List_Entry__c,PANA-C84103 - SPEC - USD,MISSING,01t6A000000aqtwQAA,,,,1982.930000,SKIP,,Price List 'SPEC' not found in Price_List__c
Price_List_Entry__c,PAP-JVC-DLA - DEAL - USD,MISSING,01t6A000000asqIQAQ,,,,81.380000,SKIP,,Price List 'DEAL' not found in Price_List__c
Price_List_Entry__c,PAP-JVC-DLA - PART - USD,MISSING,01t6A000000asqIQAQ,,,,65.360000,SKIP,,Price List 'PART' not found in Price_List__c
Price_List_Entry__c,PAP-JVC-DLA - DIST - USD,MISSING,01t6A000000asqIQAQ,,,,61.370000,SKIP,,Price List 'DIST' not found in Price_List__c
Price_List_Entry__c,PAP-JVC-DLA - SPEC - USD,MISSING,01t6A000000asqIQAQ,,,,58.700000,SKIP,,Price List 'SPEC' not found in Price_List__c
Price_List_Entry__c,PF630 - DEAL - USD,MISSING,01t6A000000arvwQAA,,,,14.830000,SKIP,,Price List 'DEAL' not found in Price_List__c
Price_List_Entry__c,PF630 - PART - USD,MISSING,01t6A000000arvwQAA,,,,11.700000,SKIP,,Price List 'PART' not found in Price_List__c
Price_List_Entry__c,PF630 - DIST - USD,MISSING,01t6A000000arvwQAA,,,,11.120000,SKIP,,Price List 'DIST' not found in Price_List__c
Price_List_Entry__c,PF630 - SPEC - USD,MISSING,01t6A000000arvwQAA,,,,10.520000,SKIP,,Price List 'SPEC' not found in Price_List__c
Price_List_Entry__c,PF632 - DEAL - USD,MISSING,01t6A000000asXQQAY,,,,24.080000,SKIP,,Price List 'DEAL' not found in Price_List__c
Price_List_Entry__c,PF632 - PART - USD,MISSING,01t6A000000asXQQAY,,,,19.010000,SKIP,,Price List 'PART' not found in Price_List__c
Price_List_Entry__c,PF632 - DIST - USD,MISSING,01t6A000000asXQQAY,,,,18.060000,SKIP,,Price List 'DIST' not found in Price_List__c
Price_List_Entry__c,PF632 - SPEC - USD,MISSING,01t6A000000asXQQAY,,,,17.110000,SKIP,,Price List 'SPEC' not found in Price_List__c
Price_List_Entry__c,PF640 - DEAL - USD,MISSING,01t6A000000atQzQAI,,,,46.320000,SKIP,,Price List 'DEAL' not found in Price_List__c
Price_List_Entry__c,PF640 - PART - USD,MISSING,01t6A000000atQzQAI,,,,36.560000,SKIP,,Price List 'PART' not found in Price_List__c
Price_List_Entry__c,PF640 - DIST - USD,MISSING,01t6A000000atQzQAI,,,,34.740000,SKIP,,Price List 'DIST' not found in Price_List__c
Price_List_Entry__c,PF640 - SPEC - USD,MISSING,01t6A000000atQzQAI,,,,32.910000,SKIP,,Price List 'SPEC' not found in Price_List__c
Price_List_Entry__c,PF650 - DEAL - USD,MISSING,01t6A000000asXRQAY,,,,68.560000,SKIP,,Price List 'DEAL' not found in Price_List__c
Price_List_Entry__c,PF650 - PART - USD,MISSING,01t6A000000asXRQAY,,,,54.120000,SKIP,,Price List 'PART' not found in Price_List__c
Price_List_Entry__c,PF650 - DIST - USD,MISSING,01t6A000000asXRQAY,,,,51.410000,SKIP,,Price List 'DIST' not found in Price_List__c
Price_List_Entry__c,PF650 - SPEC - USD,MISSING,01t6A000000asXRQAY,,,,48.720000,SKIP,,Price List 'SPEC' not found in Price_List__c
Price_List_Entry__c,PF660 - DEAL - USD,MISSING,01t6A000000asAMQAY,,,,79.680000,SKIP,,Price List 'DEAL' not found in Price_List__c
Price_List_Entry__c,PF660 - PART - USD,MISSING,01t6A000000asAMQAY,,,,62.910000,SKIP,,Price List 'PART' not found in Price_List__c
Price_List_Entry__c,PF660 - DIST - USD,MISSING,01t6A000000asAMQAY,,,,59.750000,SKIP,,Price List 'DIST' not found in Price_List__c
Price_List_Entry__c,PF660 - SPEC - USD,MISSING,01t6A000000asAMQAY,,,,56.610000,SKIP,,Price List 'SPEC' not found in Price_List__c
Price_List_Entry__c,PLA50 - DEAL - USD,MISSING,01t6A000000arNHQAY,,,,297.040000,SKIP,,Price List 'DEAL' not found in Price_List__c
Price_List_Entry__c,PLA50 - PART - USD,MISSING,01t6A000000arNHQAY,,,,234.510000,SKIP,,Price List 'PART' not found in Price_List__c
Price_List_Entry__c,PLA50 - DIST - USD,MISSING,01t6A000000arNHQAY,,,,222.780000,SKIP,,Price List 'DIST' not found in Price_List__c
Price_List_Entry__c,PLA50 - SPEC - USD,MISSING,01t6A000000arNHQAY,,,,211.060000,SKIP,,Price List 'SPEC' not found in Price_List__c
Price_List_Entry__c,PLA50-UNL - DEAL - USD,MISSING,01t6A000000atR2QAI,,,,399.320000,SKIP,,Price List 'DEAL' not found in Price_List__c
Price_List_Entry__c,PLA50-UNL - PART - USD,MISSING,01t6A000000atR2QAI,,,,315.270000,SKIP,,Price List 'PART' not found in Price_List__c
Price_List_Entry__c,PLA50-UNL - DIST - USD,MISSING,01t6A000000atR2QAI,,,,299.500000,SKIP,,Price List 'DIST' not found in Price_List__c
Price_List_Entry__c,PLA50-UNL - SPEC - USD,MISSING,01t6A000000atR2QAI,,,,283.720000,SKIP,,Price List 'SPEC' not found in Price_List__c
Price_List_Entry__c,PLA50-UNLP - DEAL - USD,MISSING,01t6A000000asCXQAY,,,,399.320000,SKIP,,Price List 'DEAL' not found in Price_List__c
Price_List_Entry__c,PLA50-UNLP - PART - USD,MISSING,01t6A000000asCXQAY,,,,315.270000,SKIP,,Price List 'PART' not found in Price_List__c
Price_List_Entry__c,PLA50-UNLP - DIST - USD,MISSING,01t6A000000asCXQAY,,,,299.500000,SKIP,,Price List 'DIST' not found in Price_List__c
Price_List_Entry__c,PLA50-UNLP - SPEC - USD,MISSING,01t6A000000asCXQAY,,,,283.720000,SKIP,,Price List 'SPEC' not found in Price_List__c
Price_List_Entry__c,PLA50-UNLP-GB - DEAL - USD,MISSING,01t6A000000aqmdQAA,,,,399.320000,SKIP,,Price List 'DEAL' not found in Price_List__c
Price_List_Entry__c,PLA50-UNLP-GB - PART - USD,MISSING,01t6A000000aqmdQAA,,,,315.270000,SKIP,,Price List 'PART' not found in Price_List__c
Price_List_Entry__c,PLA50-UNLP-GB - DIST - USD,MISSING,01t6A000000aqmdQAA,,,,299.500000,SKIP,,Price List 'DIST' not found in Price_List__c
Price_List_Entry__c,PLA50-UNLP-GB - SPEC - USD,MISSING,01t6A000000aqmdQAA,,,,283.720000,SKIP,,Price List 'SPEC' not found in Price_List__c
Price_List_Entry__c,PLA60 - DEAL - USD,MISSING,01t6A000000as8OQAQ,,,,341.510000,SKIP,,Price List 'DEAL' not found in Price_List__c
Price_List_Entry__c,PLA60 - PART - USD,MISSING,01t6A000000as8OQAQ,,,,269.620000,SKIP,,Price List 'PART' not found in Price_List__c
Price_List_Entry__c,PLA60 - DIST - USD,MISSING,01t6A000000as8OQAQ,,,,256.140000,SKIP,,Price List 'DIST' not found in Price_List__c
Price_List_Entry__c,PLA60 - SPEC - USD,MISSING,01t6A000000as8OQAQ,,,,242.640000,SKIP,,Price List 'SPEC' not found in Price_List__c
Price_List_Entry__c,PLA60-UNL - DEAL - USD,MISSING,01t6A000000asZaQAI,,,,443.800000,SKIP,,Price List 'DEAL' not found in Price_List__c
Price_List_Entry__c,PLA60-UNL - PART - USD,MISSING,01t6A000000asZaQAI,,,,350.360000,SKIP,,Price List 'PART' not found in Price_List__c
Price_List_Entry__c,PLA60-UNL - DIST - USD,MISSING,01t6A000000asZaQAI,,,,332.850000,SKIP,,Price List 'DIST' not found in Price_List__c
Price_List_Entry__c,PLA60-UNL - SPEC - USD,MISSING,01t6A000000asZaQAI,,,,315.330000,SKIP,,Price List 'SPEC' not found in Price_List__c
Price_List_Entry__c,PLA60-UNLP - DEAL - USD,MISSING,01t6A000000arKjQAI,,,,443.800000,SKIP,,Price List 'DEAL' not found in Price_List__c
Price_List_Entry__c,PLA60-UNLP - PART - USD,MISSING,01t6A000000arKjQAI,,,,350.360000,SKIP,,Price List 'PART' not found in Price_List__c
Price_List_Entry__c,PLA60-UNLP - DIST - USD,MISSING,01t6A000000arKjQAI,,,,332.850000,SKIP,,Price List 'DIST' not found in Price_List__c
Price_List_Entry__c,PLA60-UNLP - SPEC - USD,MISSING,01t6A000000arKjQAI,,,,315.330000,SKIP,,Price List 'SPEC' not found in Price_List__c
Price_List_Entry__c,PLA60-UNLP-GB - DEAL - USD,MISSING,01t6A000000as3nQAA,,,,443.800000,SKIP,,Price List 'DEAL' not found in Price_List__c
Price_List_Entry__c,PLA60-UNLP-GB - PART - USD,MISSING,01t6A000000as3nQAA,,,,350.360000,SKIP,,Price List 'PART' not found in Price_List__c
Price_List_Entry__c,PLA60-UNLP-GB - DIST - USD,MISSING,01t6A000000as3nQAA,,,,332.850000,SKIP,,Price List 'DIST' not found in Price_List__c
Price_List_Entry__c,PLA60-UNLP-GB - SPEC - USD,MISSING,01t6A000000as3nQAA,,,,315.330000,SKIP,,Price List 'SPEC' not found in Price_List__c
Price_List_Entry__c,PLAV60 - DEAL - USD,MISSING,01t6A000000ar0SQAQ,,,,385.980000,SKIP,,Price List 'DEAL' not found in Price_List__c
Price_List_Entry__c,PLAV60 - PART - USD,MISSING,01t6A000000ar0SQAQ,,,,304.710000,SKIP,,Price List 'PART' not found in Price_List__c
Price_List_Entry__c,PLAV60 - DIST - USD,MISSING,01t6A000000ar0SQAQ,,,,289.480000,SKIP,,Price List 'DIST' not found in Price_List__c
Price_List_Entry__c,PLAV60 - SPEC - USD,MISSING,01t6A000000ar0SQAQ,,,,274.250000,SKIP,,Price List 'SPEC' not found in Price_List__c
Price_List_Entry__c,PLAV60-UNL - DEAL - USD,MISSING,01t6A000000aruZQAQ,,,,488.260000,SKIP,,Price List 'DEAL' not found in Price_List__c
Price_List_Entry__c,PLAV60-UNL - PART - USD,MISSING,01t6A000000aruZQAQ,,,,385.470000,SKIP,,Price List 'PART' not found in Price_List__c
Price_List_Entry__c,PLAV60-UNL - DIST - USD,MISSING,01t6A000000aruZQAQ,,,,366.190000,SKIP,,Price List 'DIST' not found in Price_List__c
Price_List_Entry__c,PLAV60-UNL - SPEC - USD,MISSING,01t6A000000aruZQAQ,,,,346.910000,SKIP,,Price List 'SPEC' not found in Price_List__c
Price_List_Entry__c,PLAV60-UNLP - DEAL - USD,MISSING,01t6A000000arKkQAI,,,,488.260000,SKIP,,Price List 'DEAL' not found in Price_List__c
Price_List_Entry__c,PLAV60-UNLP - PART - USD,MISSING,01t6A000000arKkQAI,,,,385.470000,SKIP,,Price List 'PART' not found in Price_List__c
Price_List_Entry__c,PLAV60-UNLP - DIST - USD,MISSING,01t6A000000arKkQAI,,,,366.190000,SKIP,,Price List 'DIST' not found in Price_List__c
Price_List_Entry__c,PLAV60-UNLP - SPEC - USD,MISSING,01t6A000000arKkQAI,,,,346.910000,SKIP,,Price List 'SPEC' not found in Price_List__c
Price_List_Entry__c,PLAV60-UNLP-GB - DEAL - USD,MISSING,01t6A000000atK8QAI,,,,488.260000,SKIP,,Price List 'DEAL' not found in Price_List__c
Price_List_Entry__c,PLAV60-UNLP-GB - PART - USD,MISSING,01t6A000000atK8QAI,,,,385.470000,SKIP,,Price List 'PART' not found in Price_List__c
Price_List_Entry__c,PLAV60-UNLP-GB - DIST - USD,MISSING,01t6A000000atK8QAI,,,,366.190000,SKIP,,Price List 'DIST' not found in Price_List__c
Price_List_Entry__c,PLAV60-UNLP-GB - SPEC - USD,MISSING,01t6A000000atK8QAI,,,,346.910000,SKIP,,Price List 'SPEC' not found in Price_List__c
Price_List_Entry__c,PLAV70 - DEAL - USD,MISSING,01t6A000000aruYQAQ,,,,512.590000,SKIP,,Price List 'DEAL' not found in Price_List__c
Price_List_Entry__c,PLAV70 - PART - USD,MISSING,01t6A000000aruYQAQ,,,,404.670000,SKIP,,Price List 'PART' not found in Price_List__c
Price_List_Entry__c,PLAV70 - DIST - USD,MISSING,01t6A000000aruYQAQ,,,,384.440000,SKIP,,Price List 'DIST' not found in Price_List__c
Price_List_Entry__c,PLAV70 - SPEC - USD,MISSING,01t6A000000aruYQAQ,,,,364.220000,SKIP,,Price List 'SPEC' not found in Price_List__c
Price_List_Entry__c,PLAV70-UNL - DEAL - USD,MISSING,01t6A000000atR3QAI,,,,640.330000,SKIP,,Price List 'DEAL' not found in Price_List__c
Price_List_Entry__c,PLAV70-UNL - PART - USD,MISSING,01t6A000000atR3QAI,,,,505.710000,SKIP,,Price List 'PART' not found in Price_List__c
Price_List_Entry__c,PLAV70-UNL - DIST - USD,MISSING,01t6A000000atR3QAI,,,,480.250000,SKIP,,Price List 'DIST' not found in Price_List__c
Price_List_Entry__c,PLAV70-UNL - SPEC - USD,MISSING,01t6A000000atR3QAI,,,,454.780000,SKIP,,Price List 'SPEC' not found in Price_List__c
Price_List_Entry__c,PLAV70-UNLP - DEAL - USD,MISSING,01t6A000000arKlQAI,,,,605.570000,SKIP,,Price List 'DEAL' not found in Price_List__c
Price_List_Entry__c,PLAV70-UNLP - PART - USD,MISSING,01t6A000000arKlQAI,,,,478.080000,SKIP,,Price List 'PART' not found in Price_List__c
Price_List_Entry__c,PLAV70-UNLP - DIST - USD,MISSING,01t6A000000arKlQAI,,,,454.180000,SKIP,,Price List 'DIST' not found in Price_List__c
Price_List_Entry__c,PLAV70-UNLP - SPEC - USD,MISSING,01t6A000000arKlQAI,,,,430.280000,SKIP,,Price List 'SPEC' not found in Price_List__c
Price_List_Entry__c,PLAV70-UNLP-GB - DEAL - USD,MISSING,01t6A000000arvnQAA,,,,605.570000,SKIP,,Price List 'DEAL' not found in Price_List__c
Price_List_Entry__c,PLAV70-UNLP-GB - PART - USD,MISSING,01t6A000000arvnQAA,,,,478.080000,SKIP,,Price List 'PART' not found in Price_List__c
Price_List_Entry__c,PLAV70-UNLP-GB - DIST - USD,MISSING,01t6A000000arvnQAA,,,,454.180000,SKIP,,Price List 'DIST' not found in Price_List__c
Price_List_Entry__c,PLAV70-UNLP-GB - SPEC - USD,MISSING,01t6A000000arvnQAA,,,,430.280000,SKIP,,Price List 'SPEC' not found in Price_List__c
Price_List_Entry__c,PLB-1 - DEAL - USD,MISSING,01t6A000000aqpKQAQ,,,,309.290000,SKIP,,Price List 'DEAL' not found in Price_List__c
Price_List_Entry__c,PLB-1 - PART - USD,MISSING,01t6A000000aqpKQAQ,,,,244.180000,SKIP,,Price List 'PART' not found in Price_List__c
Price_List_Entry__c,PLB-1 - DIST - USD,MISSING,01t6A000000aqpKQAQ,,,,231.970000,SKIP,,Price List 'DIST' not found in Price_List__c
Price_List_Entry__c,PLB-1 - SPEC - USD,MISSING,01t6A000000aqpKQAQ,,,,219.770000,SKIP,,Price List 'SPEC' not found in Price_List__c
Price_List_Entry__c,PLCK-1 - DEAL - USD,MISSING,01t6A000000aqoXQAQ,,,,199.210000,SKIP,,Price List 'DEAL' not found in Price_List__c
Price_List_Entry__c,PLCK-1 - PART - USD,MISSING,01t6A000000aqoXQAQ,,,,157.270000,SKIP,,Price List 'PART' not found in Price_List__c
Price_List_Entry__c,PLCK-1 - DIST - USD,MISSING,01t6A000000aqoXQAQ,,,,149.410000,SKIP,,Price List 'DIST' not found in Price_List__c
Price_List_Entry__c,PLCK-1 - SPEC - USD,MISSING,01t6A000000aqoXQAQ,,,,141.560000,SKIP,,Price List 'SPEC' not found in Price_List__c
Price_List_Entry__c,PLCK-UNL - DEAL - USD,MISSING,01t6A000000aqoYQAQ,,,,301.500000,SKIP,,Price List 'DEAL' not found in Price_List__c
Price_List_Entry__c,PLCK-UNL - PART - USD,MISSING,01t6A000000aqoYQAQ,,,,238.020000,SKIP,,Price List 'PART' not found in Price_List__c
Price_List_Entry__c,PLCK-UNL - DIST - USD,MISSING,01t6A000000aqoYQAQ,,,,226.130000,SKIP,,Price List 'DIST' not found in Price_List__c
Price_List_Entry__c,PLCK-UNL - SPEC - USD,MISSING,01t6A000000aqoYQAQ,,,,214.210000,SKIP,,Price List 'SPEC' not found in Price_List__c
Price_List_Entry__c,PLCM-1 - DEAL - USD,MISSING,01t6A000000atXTQAY,,,,186.000000,SKIP,,Price List 'DEAL' not found in Price_List__c
Price_List_Entry__c,PLCM-1 - PART - USD,MISSING,01t6A000000atXTQAY,,,,146.840000,SKIP,,Price List 'PART' not found in Price_List__c
Price_List_Entry__c,PLCM-1 - DIST - USD,MISSING,01t6A000000atXTQAY,,,,139.500000,SKIP,,Price List 'DIST' not found in Price_List__c
Price_List_Entry__c,PLCM-1 - SPEC - USD,MISSING,01t6A000000atXTQAY,,,,132.150000,SKIP,,Price List 'SPEC' not found in Price_List__c
Price_List_Entry__c,PLCM-1CP - DEAL - USD,MISSING,01t6A000000ar9EQAQ,,,,204.920000,SKIP,,Price List 'DEAL' not found in Price_List__c
Price_List_Entry__c,PLCM-1CP - PART - USD,MISSING,01t6A000000ar9EQAQ,,,,161.780000,SKIP,,Price List 'PART' not found in Price_List__c
Price_List_Entry__c,PLCM-1CP - DIST - USD,MISSING,01t6A000000ar9EQAQ,,,,153.690000,SKIP,,Price List 'DIST' not found in Price_List__c
Price_List_Entry__c,PLCM-1CP - SPEC - USD,MISSING,01t6A000000ar9EQAQ,,,,145.610000,SKIP,,Price List 'SPEC' not found in Price_List__c
Price_List_Entry__c,PLCM-2 - DEAL - USD,MISSING,01t6A000000aruaQAA,,,,158.740000,SKIP,,Price List 'DEAL' not found in Price_List__c
Price_List_Entry__c,PLCM-2 - PART - USD,MISSING,01t6A000000aruaQAA,,,,125.320000,SKIP,,Price List 'PART' not found in Price_List__c
Price_List_Entry__c,PLCM-2 - DIST - USD,MISSING,01t6A000000aruaQAA,,,,119.050000,SKIP,,Price List 'DIST' not found in Price_List__c
Price_List_Entry__c,PLCM-2 - SPEC - USD,MISSING,01t6A000000aruaQAA,,,,112.780000,SKIP,,Price List 'SPEC' not found in Price_List__c
Price_List_Entry__c,PLCM-2-UNL - DEAL - USD,MISSING,01t6A000000arMCQAY,,,,276.090000,SKIP,,Price List 'DEAL' not found in Price_List__c
Price_List_Entry__c,PLCM-2-UNL - PART - USD,MISSING,01t6A000000arMCQAY,,,,217.950000,SKIP,,Price List 'PART' not found in Price_List__c
Price_List_Entry__c,PLCM-2-UNL - DIST - USD,MISSING,01t6A000000arMCQAY,,,,207.050000,SKIP,,Price List 'DIST' not found in Price_List__c
Price_List_Entry__c,PLCM-2-UNL - SPEC - USD,MISSING,01t6A000000arMCQAY,,,,196.150000,SKIP,,Price List 'SPEC' not found in Price_List__c
Price_List_Entry__c,PLCM-4 - DEAL - USD,MISSING,01t6A000000arWIQAY,,,,76.550000,SKIP,,Price List 'DEAL' not found in Price_List__c
Price_List_Entry__c,PLCM-4 - PART - USD,MISSING,01t6A000000arWIQAY,,,,60.440000,SKIP,,Price List 'PART' not found in Price_List__c
Price_List_Entry__c,PLCM-4 - DIST - USD,MISSING,01t6A000000arWIQAY,,,,57.410000,SKIP,,Price List 'DIST' not found in Price_List__c
Price_List_Entry__c,PLCM-4 - SPEC - USD,MISSING,01t6A000000arWIQAY,,,,54.540000,SKIP,,Price List 'SPEC' not found in Price_List__c
Price_List_Entry__c,PLCM-UNL - DEAL - USD,MISSING,01t6A000000arGqQAI,,,,318.520000,SKIP,,Price List 'DEAL' not found in Price_List__c
Price_List_Entry__c,PLCM-UNL - PART - USD,MISSING,01t6A000000arGqQAI,,,,251.450000,SKIP,,Price List 'PART' not found in Price_List__c
Price_List_Entry__c,PLCM-UNL - DIST - USD,MISSING,01t6A000000arGqQAI,,,,238.880000,SKIP,,Price List 'DIST' not found in Price_List__c
Price_List_Entry__c,PLCM-UNL - SPEC - USD,MISSING,01t6A000000arGqQAI,,,,226.310000,SKIP,,Price List 'SPEC' not found in Price_List__c
Price_List_Entry__c,PLCM-UNL-CP - DEAL - USD,MISSING,01t6A000000arGrQAI,,,,337.450000,SKIP,,Price List 'DEAL' not found in Price_List__c
Price_List_Entry__c,PLCM-UNL-CP - PART - USD,MISSING,01t6A000000arGrQAI,,,,266.390000,SKIP,,Price List 'PART' not found in Price_List__c
Price_List_Entry__c,PLCM-UNL-CP - DIST - USD,MISSING,01t6A000000arGrQAI,,,,253.090000,SKIP,,Price List 'DIST' not found in Price_List__c
Price_List_Entry__c,PLCM-UNL-CP - SPEC - USD,MISSING,01t6A000000arGrQAI,,,,239.780000,SKIP,,Price List 'SPEC' not found in Price_List__c
Price_List_Entry__c,PLP-NEC61 - DEAL - USD,MISSING,01t6A000000asxWQAQ,,,,206.800000,SKIP,,Price List 'DEAL' not found in Price_List__c
Price_List_Entry__c,PLP-NEC61 - PART - USD,MISSING,01t6A000000asxWQAQ,,,,163.900000,SKIP,,Price List 'PART' not found in Price_List__c
Price_List_Entry__c,PLP-NEC61 - DIST - USD,MISSING,01t6A000000asxWQAQ,,,,155.100000,SKIP,,Price List 'DIST' not found in Price_List__c
Price_List_Entry__c,PLP-NEC61 - SPEC - USD,MISSING,01t6A000000asxWQAQ,,,,147.400000,SKIP,,Price List 'SPEC' not found in Price_List__c
Price_List_Entry__c,PLP-PAN42 - DEAL - USD,MISSING,01t6A000000asbFQAQ,,,,122.730000,SKIP,,Price List 'DEAL' not found in Price_List__c
Price_List_Entry__c,PLP-PAN42 - PART - USD,MISSING,01t6A000000asbFQAQ,,,,97.380000,SKIP,,Price List 'PART' not found in Price_List__c
Price_List_Entry__c,PLP-PAN42 - DIST - USD,MISSING,01t6A000000asbFQAQ,,,,92.050000,SKIP,,Price List 'DIST' not found in Price_List__c
Price_List_Entry__c,PLP-PAN42 - SPEC - USD,MISSING,01t6A000000asbFQAQ,,,,88.060000,SKIP,,Price List 'SPEC' not found in Price_List__c
Price_List_Entry__c,PLP-PION50 - DEAL - USD,MISSING,01t6A000000asbGQAQ,,,,102.850000,SKIP,,Price List 'DEAL' not found in Price_List__c
Price_List_Entry__c,PLP-PION50 - PART - USD,MISSING,01t6A000000asbGQAQ,,,,81.070000,SKIP,,Price List 'PART' not found in Price_List__c
Price_List_Entry__c,PLP-PION50 - DIST - USD,MISSING,01t6A000000asbGQAQ,,,,77.440000,SKIP,,Price List 'DIST' not found in Price_List__c
Price_List_Entry__c,PLP-PION50 - SPEC - USD,MISSING,01t6A000000asbGQAQ,,,,73.810000,SKIP,,Price List 'SPEC' not found in Price_List__c
Price_List_Entry__c,PLP-UNL - DEAL - USD,MISSING,01t6A000000aseYQAQ,,,,132.520000,SKIP,,Price List 'DEAL' not found in Price_List__c
Price_List_Entry__c,PLP-UNL - PART - USD,MISSING,01t6A000000aseYQAQ,,,,104.620000,SKIP,,Price List 'PART' not found in Price_List__c
Price_List_Entry__c,PLP-UNL - DIST - USD,MISSING,01t6A000000aseYQAQ,,,,99.390000,SKIP,,Price List 'DIST' not found in Price_List__c
Price_List_Entry__c,PLP-UNL - SPEC - USD,MISSING,01t6A000000aseYQAQ,,,,94.160000,SKIP,,Price List 'SPEC' not found in Price_List__c
Price_List_Entry__c,PLP-UNM - DEAL - USD,MISSING,01t6A000000at7PQAQ,,,,100.790000,SKIP,,Price List 'DEAL' not found in Price_List__c
Price_List_Entry__c,PLP-UNM - PART - USD,MISSING,01t6A000000at7PQAQ,,,,79.560000,SKIP,,Price List 'PART' not found in Price_List__c
Price_List_Entry__c,PLP-UNM - DIST - USD,MISSING,01t6A000000at7PQAQ,,,,75.580000,SKIP,,Price List 'DIST' not found in Price_List__c
Price_List_Entry__c,PLP-UNM - SPEC - USD,MISSING,01t6A000000at7PQAQ,,,,71.610000,SKIP,,Price List 'SPEC' not found in Price_List__c
Price_List_Entry__c,PLP-V100 - DEAL - USD,MISSING,01t6A000000aqp3QAA,,,,96.760000,SKIP,,Price List 'DEAL' not found in Price_List__c
Price_List_Entry__c,PLP-V100 - PART - USD,MISSING,01t6A000000aqp3QAA,,,,76.370000,SKIP,,Price List 'PART' not found in Price_List__c
Price_List_Entry__c,PLP-V100 - DIST - USD,MISSING,01t6A000000aqp3QAA,,,,72.570000,SKIP,,Price List 'DIST' not found in Price_List__c
Price_List_Entry__c,PLP-V100 - SPEC - USD,MISSING,01t6A000000aqp3QAA,,,,68.750000,SKIP,,Price List 'SPEC' not found in Price_List__c
Price_List_Entry__c,PLP-V2X1 - DEAL - USD,MISSING,01t6A000000as8KQAQ,,,,96.760000,SKIP,,Price List 'DEAL' not found in Price_List__c
Price_List_Entry__c,PLP-V2X1 - PART - USD,MISSING,01t6A000000as8KQAQ,,,,76.370000,SKIP,,Price List 'PART' not found in Price_List__c
Price_List_Entry__c,PLP-V2X1 - DIST - USD,MISSING,01t6A000000as8KQAQ,,,,72.570000,SKIP,,Price List 'DIST' not found in Price_List__c
Price_List_Entry__c,PLP-V2X1 - SPEC - USD,MISSING,01t6A000000as8KQAQ,,,,68.750000,SKIP,,Price List 'SPEC' not found in Price_List__c
Price_List_Entry__c,PLP-V2X2 - DEAL - USD,MISSING,01t6A000000arl0QAA,,,,96.760000,SKIP,,Price List 'DEAL' not found in Price_List__c
Price_List_Entry__c,PLP-V2X2 - PART - USD,MISSING,01t6A000000arl0QAA,,,,76.370000,SKIP,,Price List 'PART' not found in Price_List__c
Price_List_Entry__c,PLP-V2X2 - DIST - USD,MISSING,01t6A000000arl0QAA,,,,72.570000,SKIP,,Price List 'DIST' not found in Price_List__c
Price_List_Entry__c,PLP-V2X2 - SPEC - USD,MISSING,01t6A000000arl0QAA,,,,68.750000,SKIP,,Price List 'SPEC' not found in Price_List__c
Price_List_Entry__c,PLP-V3X2 - DEAL - USD,MISSING,01t6A000000arexQAA,,,,96.760000,SKIP,,Price List 'DEAL' not found in Price_List__c
Price_List_Entry__c,PLP-V3X2 - PART - USD,MISSING,01t6A000000arexQAA,,,,76.370000,SKIP,,Price List 'PART' not found in Price_List__c
Price_List_Entry__c,PLP-V3X2 - DIST - USD,MISSING,01t6A000000arexQAA,,,,72.570000,SKIP,,Price List 'DIST' not found in Price_List__c
Price_List_Entry__c,PLP-V3X2 - SPEC - USD,MISSING,01t6A000000arexQAA,,,,68.750000,SKIP,,Price List 'SPEC' not found in Price_List__c
Price_List_Entry__c,PLP-V3X3 - DEAL - USD,MISSING,01t6A000000asD2QAI,,,,96.760000,SKIP,,Price List 'DEAL' not found in Price_List__c
Price_List_Entry__c,PLP-V3X3 - PART - USD,MISSING,01t6A000000asD2QAI,,,,76.370000,SKIP,,Price List 'PART' not found in Price_List__c
Price_List_Entry__c,PLP-V3X3 - DIST - USD,MISSING,01t6A000000asD2QAI,,,,72.570000,SKIP,,Price List 'DIST' not found in Price_List__c
Price_List_Entry__c,PLP-V3X3 - SPEC - USD,MISSING,01t6A000000asD2QAI,,,,68.750000,SKIP,,Price List 'SPEC' not found in Price_List__c
Price_List_Entry__c,PLP-V4X2 - DEAL - USD,MISSING,01t6A000000as8LQAQ,,,,96.760000,SKIP,,Price List 'DEAL' not found in Price_List__c
Price_List_Entry__c,PLP-V4X2 - PART - USD,MISSING,01t6A000000as8LQAQ,,,,76.370000,SKIP,,Price List 'PART' not found in Price_List__c
Price_List_Entry__c,PLP-V4X2 - DIST - USD,MISSING,01t6A000000as8LQAQ,,,,72.570000,SKIP,,Price List 'DIST' not found in Price_List__c
Price_List_Entry__c,PLP-V4X2 - SPEC - USD,MISSING,01t6A000000as8LQAQ,,,,68.750000,SKIP,,Price List 'SPEC' not found in Price_List__c
Price_List_Entry__c,PLP-V4X3 - DEAL - USD,MISSING,01t6A000000areyQAA,,,,96.760000,SKIP,,Price List 'DEAL' not found in Price_List__c
Price_List_Entry__c,PLP-V4X3 - PART - USD,MISSING,01t6A000000areyQAA,,,,76.370000,SKIP,,Price List 'PART' not found in Price_List__c
Price_List_Entry__c,PLP-V4X3 - DIST - USD,MISSING,01t6A000000areyQAA,,,,72.570000,SKIP,,Price List 'DIST' not found in Price_List__c
Price_List_Entry__c,PLP-V4X3 - SPEC - USD,MISSING,01t6A000000areyQAA,,,,68.750000,SKIP,,Price List 'SPEC' not found in Price_List__c
Price_List_Entry__c,PLP-V4X4 - DEAL - USD,MISSING,01t6A000000asD3QAI,,,,96.760000,SKIP,,Price List 'DEAL' not found in Price_List__c
Price_List_Entry__c,PLP-V4X4 - PART - USD,MISSING,01t6A000000asD3QAI,,,,76.370000,SKIP,,Price List 'PART' not found in Price_List__c
Price_List_Entry__c,PLP-V4X4 - DIST - USD,MISSING,01t6A000000asD3QAI,,,,72.570000,SKIP,,Price List 'DIST' not found in Price_List__c
Price_List_Entry__c,PLP-V4X4 - SPEC - USD,MISSING,01t6A000000asD3QAI,,,,68.750000,SKIP,,Price List 'SPEC' not found in Price_List__c
Price_List_Entry__c,PLP-V6X2 - DEAL - USD,MISSING,01t6A000000as8MQAQ,,,,163.640000,SKIP,,Price List 'DEAL' not found in Price_List__c
Price_List_Entry__c,PLP-V6X2 - PART - USD,MISSING,01t6A000000as8MQAQ,,,,129.180000,SKIP,,Price List 'PART' not found in Price_List__c
Price_List_Entry__c,PLP-V6X2 - DIST - USD,MISSING,01t6A000000as8MQAQ,,,,122.730000,SKIP,,Price List 'DIST' not found in Price_List__c
Price_List_Entry__c,PLP-V6X2 - SPEC - USD,MISSING,01t6A000000as8MQAQ,,,,116.280000,SKIP,,Price List 'SPEC' not found in Price_List__c
Price_List_Entry__c,PLP-V6X4 - DEAL - USD,MISSING,01t6A000000as8NQAQ,,,,116.600000,SKIP,,Price List 'DEAL' not found in Price_List__c
Price_List_Entry__c,PLP-V6X4 - PART - USD,MISSING,01t6A000000as8NQAQ,,,,91.300000,SKIP,,Price List 'PART' not found in Price_List__c
Price_List_Entry__c,PLP-V6X4 - DIST - USD,MISSING,01t6A000000as8NQAQ,,,,86.900000,SKIP,,Price List 'DIST' not found in Price_List__c
Price_List_Entry__c,PLP-V6X4 - SPEC - USD,MISSING,01t6A000000as8NQAQ,,,,82.500000,SKIP,,Price List 'SPEC' not found in Price_List__c
Price_List_Entry__c,PLP-V6X5 - DEAL - USD,MISSING,01t6A000000ar6jQAA,,,,201.300000,SKIP,,Price List 'DEAL' not found in Price_List__c
Price_List_Entry__c,PLP-V6X5 - PART - USD,MISSING,01t6A000000ar6jQAA,,,,158.400000,SKIP,,Price List 'PART' not found in Price_List__c
Price_List_Entry__c,PLP-V6X5 - DIST - USD,MISSING,01t6A000000ar6jQAA,,,,150.700000,SKIP,,Price List 'DIST' not found in Price_List__c
Price_List_Entry__c,PLP-V6X5 - SPEC - USD,MISSING,01t6A000000ar6jQAA,,,,141.900000,SKIP,,Price List 'SPEC' not found in Price_List__c
Price_List_Entry__c,PLP-V6X6 - DEAL - USD,MISSING,01t6A000000arcaQAA,,,,160.080000,SKIP,,Price List 'DEAL' not found in Price_List__c
Price_List_Entry__c,PLP-V6X6 - PART - USD,MISSING,01t6A000000arcaQAA,,,,126.390000,SKIP,,Price List 'PART' not found in Price_List__c
Price_List_Entry__c,PLP-V6X6 - DIST - USD,MISSING,01t6A000000arcaQAA,,,,120.070000,SKIP,,Price List 'DIST' not found in Price_List__c
Price_List_Entry__c,PLP-V6X6 - SPEC - USD,MISSING,01t6A000000arcaQAA,,,,113.740000,SKIP,,Price List 'SPEC' not found in Price_List__c
Price_List_Entry__c,PP730 - DEAL - USD,MISSING,01t6A000000aswhQAA,,,,37.050000,SKIP,,Price List 'DEAL' not found in Price_List__c
Price_List_Entry__c,PP730 - PART - USD,MISSING,01t6A000000aswhQAA,,,,29.260000,SKIP,,Price List 'PART' not found in Price_List__c
Price_List_Entry__c,PP730 - DIST - USD,MISSING,01t6A000000aswhQAA,,,,27.790000,SKIP,,Price List 'DIST' not found in Price_List__c
Price_List_Entry__c,PP730 - SPEC - USD,MISSING,01t6A000000aswhQAA,,,,26.330000,SKIP,,Price List 'SPEC' not found in Price_List__c
Price_List_Entry__c,PP740 - DEAL - USD,MISSING,01t6A000000atC7QAI,,,,68.560000,SKIP,,Price List 'DEAL' not found in Price_List__c
Price_List_Entry__c,PP740 - PART - USD,MISSING,01t6A000000atC7QAI,,,,54.120000,SKIP,,Price List 'PART' not found in Price_List__c
Price_List_Entry__c,PP740 - DIST - USD,MISSING,01t6A000000atC7QAI,,,,51.410000,SKIP,,Price List 'DIST' not found in Price_List__c
Price_List_Entry__c,PP740 - SPEC - USD,MISSING,01t6A000000atC7QAI,,,,48.720000,SKIP,,Price List 'SPEC' not found in Price_List__c
Price_List_Entry__c,PR560M - DEAL - USD,MISSING,01t2K000006XQXAQA4,,,,432.950000,SKIP,,Price List 'DEAL' not found in Price_List__c
Price_List_Entry__c,PR560M - PART - USD,MISSING,01t2K000006XQXAQA4,,,,342.000000,SKIP,,Price List 'PART' not found in Price_List__c
Price_List_Entry__c,PR560M - DIST - USD,MISSING,01t2K000006XQXAQA4,,,,324.410000,SKIP,,Price List 'DIST' not found in Price_List__c
Price_List_Entry__c,PR560M - SPEC - USD,MISSING,01t2K000006XQXAQA4,,,,308.040000,SKIP,,Price List 'SPEC' not found in Price_List__c
Price_List_Entry__c,PT630 - DEAL - USD,MISSING,01t6A000000aqhEQAQ,,,,18.520000,SKIP,,Price List 'DEAL' not found in Price_List__c
Price_List_Entry__c,PT630 - PART - USD,MISSING,01t6A000000aqhEQAQ,,,,14.640000,SKIP,,Price List 'PART' not found in Price_List__c
Price_List_Entry__c,PT630 - DIST - USD,MISSING,01t6A000000aqhEQAQ,,,,13.900000,SKIP,,Price List 'DIST' not found in Price_List__c
Price_List_Entry__c,PT630 - SPEC - USD,MISSING,01t6A000000aqhEQAQ,,,,13.170000,SKIP,,Price List 'SPEC' not found in Price_List__c
Price_List_Entry__c,PT632 - DEAL - USD,MISSING,01t6A000000aqgBQAQ,,,,31.490000,SKIP,,Price List 'DEAL' not found in Price_List__c
Price_List_Entry__c,PT632 - PART - USD,MISSING,01t6A000000aqgBQAQ,,,,24.870000,SKIP,,Price List 'PART' not found in Price_List__c
Price_List_Entry__c,PT632 - DIST - USD,MISSING,01t6A000000aqgBQAQ,,,,23.630000,SKIP,,Price List 'DIST' not found in Price_List__c
Price_List_Entry__c,PT632 - SPEC - USD,MISSING,01t6A000000aqgBQAQ,,,,22.390000,SKIP,,Price List 'SPEC' not found in Price_List__c
Price_List_Entry__c,PT640 - DEAL - USD,MISSING,01t6A000000arTbQAI,,,,74.130000,SKIP,,Price List 'DEAL' not found in Price_List__c
Price_List_Entry__c,PT640 - PART - USD,MISSING,01t6A000000arTbQAI,,,,58.510000,SKIP,,Price List 'PART' not found in Price_List__c
Price_List_Entry__c,PT640 - DIST - USD,MISSING,01t6A000000arTbQAI,,,,55.580000,SKIP,,Price List 'DIST' not found in Price_List__c
Price_List_Entry__c,PT640 - SPEC - USD,MISSING,01t6A000000arTbQAI,,,,52.660000,SKIP,,Price List 'SPEC' not found in Price_List__c
Price_List_Entry__c,PT650 - DEAL - USD,MISSING,01t6A000000asAJQAY,,,,92.640000,SKIP,,Price List 'DEAL' not found in Price_List__c
Price_List_Entry__c,PT650 - PART - USD,MISSING,01t6A000000asAJQAY,,,,73.130000,SKIP,,Price List 'PART' not found in Price_List__c
Price_List_Entry__c,PT650 - DIST - USD,MISSING,01t6A000000asAJQAY,,,,69.470000,SKIP,,Price List 'DIST' not found in Price_List__c
Price_List_Entry__c,PT650 - SPEC - USD,MISSING,01t6A000000asAJQAY,,,,65.820000,SKIP,,Price List 'SPEC' not found in Price_List__c
Price_List_Entry__c,PT660 - DEAL - USD,MISSING,01t6A000000arTcQAI,,,,111.180000,SKIP,,Price List 'DEAL' not found in Price_List__c
Price_List_Entry__c,PT660 - PART - USD,MISSING,01t6A000000arTcQAI,,,,87.760000,SKIP,,Price List 'PART' not found in Price_List__c
Price_List_Entry__c,PT660 - DIST - USD,MISSING,01t6A000000arTcQAI,,,,83.380000,SKIP,,Price List 'DIST' not found in Price_List__c
Price_List_Entry__c,PT660 - SPEC - USD,MISSING,01t6A000000arTcQAI,,,,78.990000,SKIP,,Price List 'SPEC' not found in Price_List__c
Price_List_Entry__c,PTM200 - DEAL - USD,MISSING,01t6A000000aslNQAQ,,,,60.500000,SKIP,,Price List 'DEAL' not found in Price_List__c
Price_List_Entry__c,PTM200 - PART - USD,MISSING,01t6A000000aslNQAQ,,,,47.300000,SKIP,,Price List 'PART' not found in Price_List__c
Price_List_Entry__c,PTM200 - DIST - USD,MISSING,01t6A000000aslNQAQ,,,,45.100000,SKIP,,Price List 'DIST' not found in Price_List__c
Price_List_Entry__c,PTM200 - SPEC - USD,MISSING,01t6A000000aslNQAQ,,,,42.900000,SKIP,,Price List 'SPEC' not found in Price_List__c
Price_List_Entry__c,PTM400 - DEAL - USD,MISSING,01t6A000000aslLQAQ,,,,83.390000,SKIP,,Price List 'DEAL' not found in Price_List__c
Price_List_Entry__c,PTM400 - PART - USD,MISSING,01t6A000000aslLQAQ,,,,65.840000,SKIP,,Price List 'PART' not found in Price_List__c
Price_List_Entry__c,PTM400 - DIST - USD,MISSING,01t6A000000aslLQAQ,,,,62.540000,SKIP,,Price List 'DIST' not found in Price_List__c
Price_List_Entry__c,PTM400 - SPEC - USD,MISSING,01t6A000000aslLQAQ,,,,59.250000,SKIP,,Price List 'SPEC' not found in Price_List__c
Price_List_Entry__c,PTM400S - DEAL - USD,MISSING,01t6A000000arq4QAA,,,,101.900000,SKIP,,Price List 'DEAL' not found in Price_List__c
Price_List_Entry__c,PTM400S - PART - USD,MISSING,01t6A000000arq4QAA,,,,80.470000,SKIP,,Price List 'PART' not found in Price_List__c
Price_List_Entry__c,PTM400S - DIST - USD,MISSING,01t6A000000arq4QAA,,,,76.430000,SKIP,,Price List 'DIST' not found in Price_List__c
Price_List_Entry__c,PTM400S - SPEC - USD,MISSING,01t6A000000arq4QAA,,,,72.390000,SKIP,,Price List 'SPEC' not found in Price_List__c
Price_List_Entry__c,PTS4X4 - DEAL - USD,MISSING,01t2K000004Zh6UQAS,,,,98.730000,SKIP,,Price List 'DEAL' not found in Price_List__c
Price_List_Entry__c,PTS4X4 - PART - USD,MISSING,01t2K000004Zh6UQAS,,,,77.390000,SKIP,,Price List 'PART' not found in Price_List__c
Price_List_Entry__c,PTS4X4 - DIST - USD,MISSING,01t2K000004Zh6UQAS,,,,73.370000,SKIP,,Price List 'DIST' not found in Price_List__c
Price_List_Entry__c,PTS4X4 - SPEC - USD,MISSING,01t2K000004Zh6UQAS,,,,69.370000,SKIP,,Price List 'SPEC' not found in Price_List__c
Price_List_Entry__c,RMI2C - DEAL - USD,MISSING,01t6A000000as76QAA,,,,204.000000,SKIP,,Price List 'DEAL' not found in Price_List__c
Price_List_Entry__c,RMI2C - PART - USD,MISSING,01t6A000000as76QAA,,,,161.000000,SKIP,,Price List 'PART' not found in Price_List__c
Price_List_Entry__c,RMI2C - DIST - USD,MISSING,01t6A000000as76QAA,,,,153.000000,SKIP,,Price List 'DIST' not found in Price_List__c
Price_List_Entry__c,RMI2C - SPEC - USD,MISSING,01t6A000000as76QAA,,,,145.000000,SKIP,,Price List 'SPEC' not found in Price_List__c
Price_List_Entry__c,RMI2W - DEAL - USD,MISSING,01t6A000000as78QAA,,,,212.660000,SKIP,,Price List 'DEAL' not found in Price_List__c
Price_List_Entry__c,RMI2W - PART - USD,MISSING,01t6A000000as78QAA,,,,167.890000,SKIP,,Price List 'PART' not found in Price_List__c
Price_List_Entry__c,RMI2W - DIST - USD,MISSING,01t6A000000as78QAA,,,,159.500000,SKIP,,Price List 'DIST' not found in Price_List__c
Price_List_Entry__c,RMI2W - SPEC - USD,MISSING,01t6A000000as78QAA,,,,151.530000,SKIP,,Price List 'SPEC' not found in Price_List__c
Price_List_Entry__c,RMI3-FLIP2 - DEAL - USD,MISSING,01t2K000006S2JqQAK,,,,333.510000,SKIP,,Price List 'DEAL' not found in Price_List__c
Price_List_Entry__c,RMI3-FLIP2 - PART - USD,MISSING,01t2K000006S2JqQAK,,,,264.140000,SKIP,,Price List 'PART' not found in Price_List__c
Price_List_Entry__c,RMI3-FLIP2 - DIST - USD,MISSING,01t2K000006S2JqQAK,,,,250.800000,SKIP,,Price List 'DIST' not found in Price_List__c
Price_List_Entry__c,RMI3-FLIP2 - SPEC - USD,MISSING,01t2K000006S2JqQAK,,,,237.470000,SKIP,,Price List 'SPEC' not found in Price_List__c
Price_List_Entry__c,SA730P - DEAL - USD,MISSING,01t6A000000arv2QAA,,,,100.060000,SKIP,,Price List 'DEAL' not found in Price_List__c
Price_List_Entry__c,SA730P - PART - USD,MISSING,01t6A000000arv2QAA,,,,78.990000,SKIP,,Price List 'PART' not found in Price_List__c
Price_List_Entry__c,SA730P - DIST - USD,MISSING,01t6A000000arv2QAA,,,,75.030000,SKIP,,Price List 'DIST' not found in Price_List__c
Price_List_Entry__c,SA730P - SPEC - USD,MISSING,01t6A000000arv2QAA,,,,71.090000,SKIP,,Price List 'SPEC' not found in Price_List__c
Price_List_Entry__c,SA740P - DEAL - USD,MISSING,01t6A000000aqxJQAQ,,,,163.060000,SKIP,,Price List 'DEAL' not found in Price_List__c
Price_List_Entry__c,SA740P - PART - USD,MISSING,01t6A000000aqxJQAQ,,,,128.720000,SKIP,,Price List 'PART' not found in Price_List__c
Price_List_Entry__c,SA740P - DIST - USD,MISSING,01t6A000000aqxJQAQ,,,,122.290000,SKIP,,Price List 'DIST' not found in Price_List__c
Price_List_Entry__c,SA740P - SPEC - USD,MISSING,01t6A000000aqxJQAQ,,,,115.860000,SKIP,,Price List 'SPEC' not found in Price_List__c
Price_List_Entry__c,SA746PU - DEAL - USD,MISSING,01t6A000000arTeQAI,,,,201.960000,SKIP,,Price List 'DEAL' not found in Price_List__c
Price_List_Entry__c,SA746PU - PART - USD,MISSING,01t6A000000arTeQAI,,,,159.460000,SKIP,,Price List 'PART' not found in Price_List__c
Price_List_Entry__c,SA746PU - DIST - USD,MISSING,01t6A000000arTeQAI,,,,151.470000,SKIP,,Price List 'DIST' not found in Price_List__c
Price_List_Entry__c,SA746PU - SPEC - USD,MISSING,01t6A000000arTeQAI,,,,143.500000,SKIP,,Price List 'SPEC' not found in Price_List__c
Price_List_Entry__c,SA752PU - DEAL - USD,MISSING,01t6A000000atCCQAY,,,,324.240000,SKIP,,Price List 'DEAL' not found in Price_List__c
Price_List_Entry__c,SA752PU - PART - USD,MISSING,01t6A000000atCCQAY,,,,255.960000,SKIP,,Price List 'PART' not found in Price_List__c
Price_List_Entry__c,SA752PU - DIST - USD,MISSING,01t6A000000atCCQAY,,,,243.180000,SKIP,,Price List 'DIST' not found in Price_List__c
Price_List_Entry__c,SA752PU - SPEC - USD,MISSING,01t6A000000atCCQAY,,,,230.400000,SKIP,,Price List 'SPEC' not found in Price_List__c
Price_List_Entry__c,SA761PU - DEAL - USD,MISSING,01t6A000000aqx3QAA,,,,407.630000,SKIP,,Price List 'DEAL' not found in Price_List__c
Price_List_Entry__c,SA761PU - PART - USD,MISSING,01t6A000000aqx3QAA,,,,321.810000,SKIP,,Price List 'PART' not found in Price_List__c
Price_List_Entry__c,SA761PU - DIST - USD,MISSING,01t6A000000aqx3QAA,,,,305.720000,SKIP,,Price List 'DIST' not found in Price_List__c
Price_List_Entry__c,SA761PU - SPEC - USD,MISSING,01t6A000000aqx3QAA,,,,289.640000,SKIP,,Price List 'SPEC' not found in Price_List__c
Price_List_Entry__c,SA771PU - DEAL - USD,MISSING,01t6A000000atGJQAY,,,,528.060000,SKIP,,Price List 'DEAL' not found in Price_List__c
Price_List_Entry__c,SA771PU - PART - USD,MISSING,01t6A000000atGJQAY,,,,416.910000,SKIP,,Price List 'PART' not found in Price_List__c
Price_List_Entry__c,SA771PU - DIST - USD,MISSING,01t6A000000atGJQAY,,,,396.040000,SKIP,,Price List 'DIST' not found in Price_List__c
Price_List_Entry__c,SA771PU - SPEC - USD,MISSING,01t6A000000atGJQAY,,,,375.200000,SKIP,,Price List 'SPEC' not found in Price_List__c
Price_List_Entry__c,SF16D - DEAL - USD,MISSING,01t6A000000arFvQAI,,,,79.200000,SKIP,,Price List 'DEAL' not found in Price_List__c
Price_List_Entry__c,SF16D - PART - USD,MISSING,01t6A000000arFvQAI,,,,62.520000,SKIP,,Price List 'PART' not found in Price_List__c
Price_List_Entry__c,SF16D - DIST - USD,MISSING,01t6A000000arFvQAI,,,,59.400000,SKIP,,Price List 'DIST' not found in Price_List__c
Price_List_Entry__c,SF16D - SPEC - USD,MISSING,01t6A000000arFvQAI,,,,56.430000,SKIP,,Price List 'SPEC' not found in Price_List__c
Price_List_Entry__c,SF630 - DEAL - USD,MISSING,01t6A000000asenQAA,,,,24.100000,SKIP,,Price List 'DEAL' not found in Price_List__c
Price_List_Entry__c,SF630 - PART - USD,MISSING,01t6A000000asenQAA,,,,19.020000,SKIP,,Price List 'PART' not found in Price_List__c
Price_List_Entry__c,SF630 - DIST - USD,MISSING,01t6A000000asenQAA,,,,18.070000,SKIP,,Price List 'DIST' not found in Price_List__c
Price_List_Entry__c,SF630 - SPEC - USD,MISSING,01t6A000000asenQAA,,,,17.130000,SKIP,,Price List 'SPEC' not found in Price_List__c
Price_List_Entry__c,SF630P - DEAL - USD,MISSING,01t6A000000ar5OQAQ,,,,24.100000,SKIP,,Price List 'DEAL' not found in Price_List__c
Price_List_Entry__c,SF630P - PART - USD,MISSING,01t6A000000ar5OQAQ,,,,19.020000,SKIP,,Price List 'PART' not found in Price_List__c
Price_List_Entry__c,SF630P - DIST - USD,MISSING,01t6A000000ar5OQAQ,,,,18.070000,SKIP,,Price List 'DIST' not found in Price_List__c
Price_List_Entry__c,SF630P - SPEC - USD,MISSING,01t6A000000ar5OQAQ,,,,17.130000,SKIP,,Price List 'SPEC' not found in Price_List__c
Price_List_Entry__c,SF632 - DEAL - USD,MISSING,01t6A000000aruzQAA,,,,42.630000,SKIP,,Price List 'DEAL' not found in Price_List__c
Price_List_Entry__c,SF632 - PART - USD,MISSING,01t6A000000aruzQAA,,,,33.640000,SKIP,,Price List 'PART' not found in Price_List__c
Price_List_Entry__c,SF632 - DIST - USD,MISSING,01t6A000000aruzQAA,,,,31.970000,SKIP,,Price List 'DIST' not found in Price_List__c
Price_List_Entry__c,SF632 - SPEC - USD,MISSING,01t6A000000aruzQAA,,,,30.280000,SKIP,,Price List 'SPEC' not found in Price_List__c
Price_List_Entry__c,SF632P - DEAL - USD,MISSING,01t6A000000arv0QAA,,,,42.630000,SKIP,,Price List 'DEAL' not found in Price_List__c
Price_List_Entry__c,SF632P - PART - USD,MISSING,01t6A000000arv0QAA,,,,33.640000,SKIP,,Price List 'PART' not found in Price_List__c
Price_List_Entry__c,SF632P - DIST - USD,MISSING,01t6A000000arv0QAA,,,,31.970000,SKIP,,Price List 'DIST' not found in Price_List__c
Price_List_Entry__c,SF632P - SPEC - USD,MISSING,01t6A000000arv0QAA,,,,30.280000,SKIP,,Price List 'SPEC' not found in Price_List__c
Price_List_Entry__c,SF640 - DEAL - USD,MISSING,01t6A000000aseoQAA,,,,51.880000,SKIP,,Price List 'DEAL' not found in Price_List__c
Price_List_Entry__c,SF640 - PART - USD,MISSING,01t6A000000aseoQAA,,,,40.980000,SKIP,,Price List 'PART' not found in Price_List__c
Price_List_Entry__c,SF640 - DIST - USD,MISSING,01t6A000000aseoQAA,,,,38.920000,SKIP,,Price List 'DIST' not found in Price_List__c
Price_List_Entry__c,SF640 - SPEC - USD,MISSING,01t6A000000aseoQAA,,,,36.860000,SKIP,,Price List 'SPEC' not found in Price_List__c
Price_List_Entry__c,SF640-HUB2 - DEAL - USD,MISSING,01t2K000006X7hWQAS,,,,292.600000,SKIP,,Price List 'DEAL' not found in Price_List__c
Price_List_Entry__c,SF640-HUB2 - PART - USD,MISSING,01t2K000006X7hWQAS,,,,231.000000,SKIP,,Price List 'PART' not found in Price_List__c
Price_List_Entry__c,SF640-HUB2 - DIST - USD,MISSING,01t2K000006X7hWQAS,,,,218.900000,SKIP,,Price List 'DIST' not found in Price_List__c
Price_List_Entry__c,SF640-HUB2 - SPEC - USD,MISSING,01t2K000006X7hWQAS,,,,207.900000,SKIP,,Price List 'SPEC' not found in Price_List__c
Price_List_Entry__c,SF640P - DEAL - USD,MISSING,01t6A000000at1zQAA,,,,51.880000,SKIP,,Price List 'DEAL' not found in Price_List__c
Price_List_Entry__c,SF640P - PART - USD,MISSING,01t6A000000at1zQAA,,,,40.980000,SKIP,,Price List 'PART' not found in Price_List__c
Price_List_Entry__c,SF640P - DIST - USD,MISSING,01t6A000000at1zQAA,,,,38.920000,SKIP,,Price List 'DIST' not found in Price_List__c
Price_List_Entry__c,SF640P - SPEC - USD,MISSING,01t6A000000at1zQAA,,,,36.860000,SKIP,,Price List 'SPEC' not found in Price_List__c
Price_List_Entry__c,SF650 - DEAL - USD,MISSING,01t6A000000aqgAQAQ,,,,75.980000,SKIP,,Price List 'DEAL' not found in Price_List__c
Price_List_Entry__c,SF650 - PART - USD,MISSING,01t6A000000aqgAQAQ,,,,59.980000,SKIP,,Price List 'PART' not found in Price_List__c
Price_List_Entry__c,SF650 - DIST - USD,MISSING,01t6A000000aqgAQAQ,,,,56.980000,SKIP,,Price List 'DIST' not found in Price_List__c
Price_List_Entry__c,SF650 - SPEC - USD,MISSING,01t6A000000aqgAQAQ,,,,53.970000,SKIP,,Price List 'SPEC' not found in Price_List__c
Price_List_Entry__c,SF650P - DEAL - USD,MISSING,01t6A000000arf6QAA,,,,75.980000,SKIP,,Price List 'DEAL' not found in Price_List__c
Price_List_Entry__c,SF650P - PART - USD,MISSING,01t6A000000arf6QAA,,,,59.980000,SKIP,,Price List 'PART' not found in Price_List__c
Price_List_Entry__c,SF650P - DIST - USD,MISSING,01t6A000000arf6QAA,,,,56.980000,SKIP,,Price List 'DIST' not found in Price_List__c
Price_List_Entry__c,SF650P - SPEC - USD,MISSING,01t6A000000arf6QAA,,,,53.970000,SKIP,,Price List 'SPEC' not found in Price_List__c
Price_List_Entry__c,SF660 - DEAL - USD,MISSING,01t6A000000asXAQAY,,,,92.640000,SKIP,,Price List 'DEAL' not found in Price_List__c
Price_List_Entry__c,SF660 - PART - USD,MISSING,01t6A000000asXAQAY,,,,73.130000,SKIP,,Price List 'PART' not found in Price_List__c
Price_List_Entry__c,SF660 - DIST - USD,MISSING,01t6A000000asXAQAY,,,,69.470000,SKIP,,Price List 'DIST' not found in Price_List__c
Price_List_Entry__c,SF660 - SPEC - USD,MISSING,01t6A000000asXAQAY,,,,65.820000,SKIP,,Price List 'SPEC' not found in Price_List__c
Price_List_Entry__c,SF660P - DEAL - USD,MISSING,01t6A000000astJQAQ,,,,92.640000,SKIP,,Price List 'DEAL' not found in Price_List__c
Price_List_Entry__c,SF660P - PART - USD,MISSING,01t6A000000astJQAQ,,,,73.130000,SKIP,,Price List 'PART' not found in Price_List__c
Price_List_Entry__c,SF660P - DIST - USD,MISSING,01t6A000000astJQAQ,,,,69.470000,SKIP,,Price List 'DIST' not found in Price_List__c
Price_List_Entry__c,SF660P - SPEC - USD,MISSING,01t6A000000astJQAQ,,,,65.820000,SKIP,,Price List 'SPEC' not found in Price_List__c
Price_List_Entry__c,SF670 - DEAL - USD,MISSING,01t6A000000arivQAA,,,,129.700000,SKIP,,Price List 'DEAL' not found in Price_List__c
Price_List_Entry__c,SF670 - PART - USD,MISSING,01t6A000000arivQAA,,,,102.400000,SKIP,,Price List 'PART' not found in Price_List__c
Price_List_Entry__c,SF670 - DIST - USD,MISSING,01t6A000000arivQAA,,,,97.280000,SKIP,,Price List 'DIST' not found in Price_List__c
Price_List_Entry__c,SF670 - SPEC - USD,MISSING,01t6A000000arivQAA,,,,92.160000,SKIP,,Price List 'SPEC' not found in Price_List__c
Price_List_Entry__c,SF670P - DEAL - USD,MISSING,01t6A000000arTXQAY,,,,129.700000,SKIP,,Price List 'DEAL' not found in Price_List__c
Price_List_Entry__c,SF670P - PART - USD,MISSING,01t6A000000arTXQAY,,,,102.400000,SKIP,,Price List 'PART' not found in Price_List__c
Price_List_Entry__c,SF670P - DIST - USD,MISSING,01t6A000000arTXQAY,,,,97.280000,SKIP,,Price List 'DIST' not found in Price_List__c
Price_List_Entry__c,SF670P - SPEC - USD,MISSING,01t6A000000arTXQAY,,,,92.160000,SKIP,,Price List 'SPEC' not found in Price_List__c
Price_List_Entry__c,SF680 - DEAL - USD,MISSING,01t6A000000ariwQAA,,,,183.450000,SKIP,,Price List 'DEAL' not found in Price_List__c
Price_List_Entry__c,SF680 - PART - USD,MISSING,01t6A000000ariwQAA,,,,144.830000,SKIP,,Price List 'PART' not found in Price_List__c
Price_List_Entry__c,SF680 - DIST - USD,MISSING,01t6A000000ariwQAA,,,,137.580000,SKIP,,Price List 'DIST' not found in Price_List__c
Price_List_Entry__c,SF680 - SPEC - USD,MISSING,01t6A000000ariwQAA,,,,130.340000,SKIP,,Price List 'SPEC' not found in Price_List__c
Price_List_Entry__c,SF680-HUB - DEAL - USD,MISSING,01t6A000000as8UQAQ,,,,311.280000,SKIP,,Price List 'DEAL' not found in Price_List__c
Price_List_Entry__c,SF680-HUB - PART - USD,MISSING,01t6A000000as8UQAQ,,,,245.740000,SKIP,,Price List 'PART' not found in Price_List__c
Price_List_Entry__c,SF680-HUB - DIST - USD,MISSING,01t6A000000as8UQAQ,,,,233.450000,SKIP,,Price List 'DIST' not found in Price_List__c
Price_List_Entry__c,SF680-HUB - SPEC - USD,MISSING,01t6A000000as8UQAQ,,,,221.170000,SKIP,,Price List 'SPEC' not found in Price_List__c
Price_List_Entry__c,SF680P - DEAL - USD,MISSING,01t6A000000arixQAA,,,,183.450000,SKIP,,Price List 'DEAL' not found in Price_List__c
Price_List_Entry__c,SF680P - PART - USD,MISSING,01t6A000000arixQAA,,,,144.830000,SKIP,,Price List 'PART' not found in Price_List__c
Price_List_Entry__c,SF680P - DIST - USD,MISSING,01t6A000000arixQAA,,,,137.580000,SKIP,,Price List 'DIST' not found in Price_List__c
Price_List_Entry__c,SF680P - SPEC - USD,MISSING,01t6A000000arixQAA,,,,130.340000,SKIP,,Price List 'SPEC' not found in Price_List__c
Price_List_Entry__c,SFP680 - DEAL - USD,MISSING,01t6A000000asIIQAY,,,,164.900000,SKIP,,Price List 'DEAL' not found in Price_List__c
Price_List_Entry__c,SFP680 - PART - USD,MISSING,01t6A000000asIIQAY,,,,130.190000,SKIP,,Price List 'PART' not found in Price_List__c
Price_List_Entry__c,SFP680 - DIST - USD,MISSING,01t6A000000asIIQAY,,,,123.680000,SKIP,,Price List 'DIST' not found in Price_List__c
Price_List_Entry__c,SFP680 - SPEC - USD,MISSING,01t6A000000asIIQAY,,,,117.160000,SKIP,,Price List 'SPEC' not found in Price_List__c
Price_List_Entry__c,SP730P - DEAL - USD,MISSING,01t6A000000arylQAA,,,,70.400000,SKIP,,Price List 'DEAL' not found in Price_List__c
Price_List_Entry__c,SP730P - PART - USD,MISSING,01t6A000000arylQAA,,,,55.570000,SKIP,,Price List 'PART' not found in Price_List__c
Price_List_Entry__c,SP730P - DIST - USD,MISSING,01t6A000000arylQAA,,,,52.800000,SKIP,,Price List 'DIST' not found in Price_List__c
Price_List_Entry__c,SP730P - SPEC - USD,MISSING,01t6A000000arylQAA,,,,50.040000,SKIP,,Price List 'SPEC' not found in Price_List__c
Price_List_Entry__c,SP740P - DEAL - USD,MISSING,01t6A000000asX8QAI,,,,133.070000,SKIP,,Price List 'DEAL' not found in Price_List__c
Price_List_Entry__c,SP740P - PART - USD,MISSING,01t6A000000asX8QAI,,,,105.050000,SKIP,,Price List 'PART' not found in Price_List__c
Price_List_Entry__c,SP740P - DIST - USD,MISSING,01t6A000000asX8QAI,,,,99.790000,SKIP,,Price List 'DIST' not found in Price_List__c
Price_List_Entry__c,SP740P - SPEC - USD,MISSING,01t6A000000asX8QAI,,,,94.550000,SKIP,,Price List 'SPEC' not found in Price_List__c
Price_List_Entry__c,SP746PU - DEAL - USD,MISSING,01t6A000000as8CQAQ,,,,183.450000,SKIP,,Price List 'DEAL' not found in Price_List__c
Price_List_Entry__c,SP746PU - PART - USD,MISSING,01t6A000000as8CQAQ,,,,144.830000,SKIP,,Price List 'PART' not found in Price_List__c
Price_List_Entry__c,SP746PU - DIST - USD,MISSING,01t6A000000as8CQAQ,,,,137.580000,SKIP,,Price List 'DIST' not found in Price_List__c
Price_List_Entry__c,SP746PU - SPEC - USD,MISSING,01t6A000000as8CQAQ,,,,130.340000,SKIP,,Price List 'SPEC' not found in Price_List__c
Price_List_Entry__c,SP840 - DEAL - USD,MISSING,01t6A000000aqiRQAQ,,,,259.390000,SKIP,,Price List 'DEAL' not found in Price_List__c
Price_List_Entry__c,SP840 - PART - USD,MISSING,01t6A000000aqiRQAQ,,,,204.800000,SKIP,,Price List 'PART' not found in Price_List__c
Price_List_Entry__c,SP840 - DIST - USD,MISSING,01t6A000000aqiRQAQ,,,,194.550000,SKIP,,Price List 'DIST' not found in Price_List__c
Price_List_Entry__c,SP840 - SPEC - USD,MISSING,01t6A000000aqiRQAQ,,,,184.290000,SKIP,,Price List 'SPEC' not found in Price_List__c
Price_List_Entry__c,SP850 - DEAL - USD,MISSING,01t6A000000ar0fQAA,,,,297.040000,SKIP,,Price List 'DEAL' not found in Price_List__c
Price_List_Entry__c,SP850 - PART - USD,MISSING,01t6A000000ar0fQAA,,,,234.510000,SKIP,,Price List 'PART' not found in Price_List__c
Price_List_Entry__c,SP850 - DIST - USD,MISSING,01t6A000000ar0fQAA,,,,222.780000,SKIP,,Price List 'DIST' not found in Price_List__c
Price_List_Entry__c,SP850 - SPEC - USD,MISSING,01t6A000000ar0fQAA,,,,211.060000,SKIP,,Price List 'SPEC' not found in Price_List__c
Price_List_Entry__c,SP850-UNL - DEAL - USD,MISSING,01t6A000000aqxkQAA,,,,399.320000,SKIP,,Price List 'DEAL' not found in Price_List__c
Price_List_Entry__c,SP850-UNL - PART - USD,MISSING,01t6A000000aqxkQAA,,,,315.270000,SKIP,,Price List 'PART' not found in Price_List__c
Price_List_Entry__c,SP850-UNL - DIST - USD,MISSING,01t6A000000aqxkQAA,,,,299.500000,SKIP,,Price List 'DIST' not found in Price_List__c
Price_List_Entry__c,SP850-UNL - SPEC - USD,MISSING,01t6A000000aqxkQAA,,,,283.720000,SKIP,,Price List 'SPEC' not found in Price_List__c
Price_List_Entry__c,SP850-UNLP - DEAL - USD,MISSING,01t6A000000arNFQAY,,,,399.320000,SKIP,,Price List 'DEAL' not found in Price_List__c
Price_List_Entry__c,SP850-UNLP - PART - USD,MISSING,01t6A000000arNFQAY,,,,315.270000,SKIP,,Price List 'PART' not found in Price_List__c
Price_List_Entry__c,SP850-UNLP - DIST - USD,MISSING,01t6A000000arNFQAY,,,,299.500000,SKIP,,Price List 'DIST' not found in Price_List__c
Price_List_Entry__c,SP850-UNLP - SPEC - USD,MISSING,01t6A000000arNFQAY,,,,283.720000,SKIP,,Price List 'SPEC' not found in Price_List__c
Price_List_Entry__c,SP850-UNM - DEAL - USD,MISSING,01t2K000006S2NHQA0,,,,356.190000,SKIP,,Price List 'DEAL' not found in Price_List__c
Price_List_Entry__c,SP850-UNM - PART - USD,MISSING,01t2K000006S2NHQA0,,,,281.480000,SKIP,,Price List 'PART' not found in Price_List__c
Price_List_Entry__c,SP850-UNM - DIST - USD,MISSING,01t2K000006S2NHQA0,,,,266.810000,SKIP,,Price List 'DIST' not found in Price_List__c
Price_List_Entry__c,SP850-UNM - SPEC - USD,MISSING,01t2K000006S2NHQA0,,,,253.470000,SKIP,,Price List 'SPEC' not found in Price_List__c
Price_List_Entry__c,SP850-V2X2 - DEAL - USD,MISSING,01t6A000000at19QAA,,,,304.770000,SKIP,,Price List 'DEAL' not found in Price_List__c
Price_List_Entry__c,SP850-V2X2 - PART - USD,MISSING,01t6A000000at19QAA,,,,240.610000,SKIP,,Price List 'PART' not found in Price_List__c
Price_List_Entry__c,SP850-V2X2 - DIST - USD,MISSING,01t6A000000at19QAA,,,,228.580000,SKIP,,Price List 'DIST' not found in Price_List__c
Price_List_Entry__c,SP850-V2X2 - SPEC - USD,MISSING,01t6A000000at19QAA,,,,216.550000,SKIP,,Price List 'SPEC' not found in Price_List__c
Price_List_Entry__c,SP850P - DEAL - USD,MISSING,01t6A000000aqsiQAA,,,,297.040000,SKIP,,Price List 'DEAL' not found in Price_List__c
Price_List_Entry__c,SP850P - PART - USD,MISSING,01t6A000000aqsiQAA,,,,234.510000,SKIP,,Price List 'PART' not found in Price_List__c
Price_List_Entry__c,SP850P - DIST - USD,MISSING,01t6A000000aqsiQAA,,,,222.780000,SKIP,,Price List 'DIST' not found in Price_List__c
Price_List_Entry__c,SP850P - SPEC - USD,MISSING,01t6A000000aqsiQAA,,,,211.060000,SKIP,,Price List 'SPEC' not found in Price_List__c
Price_List_Entry__c,SR555M - DEAL - USD,MISSING,01t6A000000asvyQAA,,,,1280.140000,SKIP,,Price List 'DEAL' not found in Price_List__c
Price_List_Entry__c,SR555M - PART - USD,MISSING,01t6A000000asvyQAA,,,,1010.640000,SKIP,,Price List 'PART' not found in Price_List__c
Price_List_Entry__c,SR555M - DIST - USD,MISSING,01t6A000000asvyQAA,,,,960.090000,SKIP,,Price List 'DIST' not found in Price_List__c
Price_List_Entry__c,SR555M - SPEC - USD,MISSING,01t6A000000asvyQAA,,,,909.570000,SKIP,,Price List 'SPEC' not found in Price_List__c
Price_List_Entry__c,SR560-FLIP2 - DEAL - USD,MISSING,01t2K000006S2P6QAK,,,,951.160000,SKIP,,Price List 'DEAL' not found in Price_List__c
Price_List_Entry__c,SR560-FLIP2 - PART - USD,MISSING,01t2K000006S2P6QAK,,,,751.060000,SKIP,,Price List 'PART' not found in Price_List__c
Price_List_Entry__c,SR560-FLIP2 - DIST - USD,MISSING,01t2K000006S2P6QAK,,,,713.700000,SKIP,,Price List 'DIST' not found in Price_List__c
Price_List_Entry__c,SR560-FLIP2 - SPEC - USD,MISSING,01t2K000006S2P6QAK,,,,669.690000,SKIP,,Price List 'SPEC' not found in Price_List__c
Price_List_Entry__c,SR560-HUB2 - DEAL - USD,MISSING,01t2K000006XG7fQAG,,,,1504.030000,SKIP,,Price List 'DEAL' not found in Price_List__c
Price_List_Entry__c,SR560-HUB2 - PART - USD,MISSING,01t2K000006XG7fQAG,,,,1187.010000,SKIP,,Price List 'PART' not found in Price_List__c
Price_List_Entry__c,SR560-HUB2 - DIST - USD,MISSING,01t2K000006XG7fQAG,,,,1127.720000,SKIP,,Price List 'DIST' not found in Price_List__c
Price_List_Entry__c,SR560-HUB2 - SPEC - USD,MISSING,01t2K000006XG7fQAG,,,,1068.430000,SKIP,,Price List 'SPEC' not found in Price_List__c
Price_List_Entry__c,SR560M - DEAL - USD,MISSING,01t6A000000arf5QAA,,,,629.200000,SKIP,,Price List 'DEAL' not found in Price_List__c
Price_List_Entry__c,SR560M - PART - USD,MISSING,01t6A000000arf5QAA,,,,497.200000,SKIP,,Price List 'PART' not found in Price_List__c
Price_List_Entry__c,SR560M - DIST - USD,MISSING,01t6A000000arf5QAA,,,,471.900000,SKIP,,Price List 'DIST' not found in Price_List__c
Price_List_Entry__c,SR560M - SPEC - USD,MISSING,01t6A000000arf5QAA,,,,447.700000,SKIP,,Price List 'SPEC' not found in Price_List__c
Price_List_Entry__c,SR575M - DEAL - USD,MISSING,01t6A000000asHCQAY,,,,739.280000,SKIP,,Price List 'DEAL' not found in Price_List__c
Price_List_Entry__c,SR575M - PART - USD,MISSING,01t6A000000asHCQAY,,,,583.660000,SKIP,,Price List 'PART' not found in Price_List__c
Price_List_Entry__c,SR575M - DIST - USD,MISSING,01t6A000000asHCQAY,,,,554.460000,SKIP,,Price List 'DIST' not found in Price_List__c
Price_List_Entry__c,SR575M - SPEC - USD,MISSING,01t6A000000asHCQAY,,,,525.270000,SKIP,,Price List 'SPEC' not found in Price_List__c
Price_List_Entry__c,SR598 - DEAL - USD,MISSING,01t6A000000arqhQAA,,,,849.200000,SKIP,,Price List 'DEAL' not found in Price_List__c
Price_List_Entry__c,SR598 - PART - USD,MISSING,01t6A000000arqhQAA,,,,671.000000,SKIP,,Price List 'PART' not found in Price_List__c
Price_List_Entry__c,SR598 - DIST - USD,MISSING,01t6A000000arqhQAA,,,,636.900000,SKIP,,Price List 'DIST' not found in Price_List__c
Price_List_Entry__c,SR598 - SPEC - USD,MISSING,01t6A000000arqhQAA,,,,603.900000,SKIP,,Price List 'SPEC' not found in Price_List__c
Price_List_Entry__c,SR598-HUB - DEAL - USD,MISSING,01t6A000000as8TQAQ,,,,1212.750000,SKIP,,Price List 'DEAL' not found in Price_List__c
Price_List_Entry__c,SR598-HUB - PART - USD,MISSING,01t6A000000as8TQAQ,,,,957.430000,SKIP,,Price List 'PART' not found in Price_List__c
Price_List_Entry__c,SR598-HUB - DIST - USD,MISSING,01t6A000000as8TQAQ,,,,909.570000,SKIP,,Price List 'DIST' not found in Price_List__c
Price_List_Entry__c,SR598-HUB - SPEC - USD,MISSING,01t6A000000as8TQAQ,,,,861.700000,SKIP,,Price List 'SPEC' not found in Price_List__c
Price_List_Entry__c,SR598ML3 - DEAL - USD,MISSING,01t6A000000brlUQAQ,,,,1840.960000,SKIP,,Price List 'DEAL' not found in Price_List__c
Price_List_Entry__c,SR598ML3 - PART - USD,MISSING,01t6A000000brlUQAQ,,,,1453.380000,SKIP,,Price List 'PART' not found in Price_List__c
Price_List_Entry__c,SR598ML3 - DIST - USD,MISSING,01t6A000000brlUQAQ,,,,1380.720000,SKIP,,Price List 'DIST' not found in Price_List__c
Price_List_Entry__c,SR598ML3 - SPEC - USD,MISSING,01t6A000000brlUQAQ,,,,1308.050000,SKIP,,Price List 'SPEC' not found in Price_List__c
Price_List_Entry__c,SR598ML3E - DEAL - USD,MISSING,01t6A000002ZtlmQAC,,,,1387.390000,SKIP,,Price List 'DEAL' not found in Price_List__c
Price_List_Entry__c,SR598ML3E - PART - USD,MISSING,01t6A000002ZtlmQAC,,,,1095.300000,SKIP,,Price List 'PART' not found in Price_List__c
Price_List_Entry__c,SR598ML3E - DIST - USD,MISSING,01t6A000002ZtlmQAC,,,,1040.550000,SKIP,,Price List 'DIST' not found in Price_List__c
Price_List_Entry__c,SR598ML3E - SPEC - USD,MISSING,01t6A000002ZtlmQAC,,,,985.790000,SKIP,,Price List 'SPEC' not found in Price_List__c
Price_List_Entry__c,SR598ML3T - DEAL - USD,MISSING,01t6A000003QQD8QAO,,,,2721.410000,SKIP,,Price List 'DEAL' not found in Price_List__c
Price_List_Entry__c,SR598ML3T - PART - USD,MISSING,01t6A000003QQD8QAO,,,,2148.490000,SKIP,,Price List 'PART' not found in Price_List__c
Price_List_Entry__c,SR598ML3T - DIST - USD,MISSING,01t6A000003QQD8QAO,,,,2041.060000,SKIP,,Price List 'DIST' not found in Price_List__c
Price_List_Entry__c,SR598ML3T - SPEC - USD,MISSING,01t6A000003QQD8QAO,,,,1933.620000,SKIP,,Price List 'SPEC' not found in Price_List__c
Price_List_Entry__c,SS560F - DEAL - USD,MISSING,01t6A000000art7QAA,,,,629.960000,SKIP,,Price List 'DEAL' not found in Price_List__c
Price_List_Entry__c,SS560F - PART - USD,MISSING,01t6A000000art7QAA,,,,497.330000,SKIP,,Price List 'PART' not found in Price_List__c
Price_List_Entry__c,SS560F - DIST - USD,MISSING,01t6A000000art7QAA,,,,472.470000,SKIP,,Price List 'DIST' not found in Price_List__c
Price_List_Entry__c,SS560F - SPEC - USD,MISSING,01t6A000000art7QAA,,,,447.610000,SKIP,,Price List 'SPEC' not found in Price_List__c
Price_List_Entry__c,SS575K - DEAL - USD,MISSING,01t6A000000arckQAA,,,,554.920000,SKIP,,Price List 'DEAL' not found in Price_List__c
Price_List_Entry__c,SS575K - PART - USD,MISSING,01t6A000000arckQAA,,,,438.100000,SKIP,,Price List 'PART' not found in Price_List__c
Price_List_Entry__c,SS575K - DIST - USD,MISSING,01t6A000000arckQAA,,,,416.200000,SKIP,,Price List 'DIST' not found in Price_List__c
Price_List_Entry__c,SS575K - SPEC - USD,MISSING,01t6A000000arckQAA,,,,394.300000,SKIP,,Price List 'SPEC' not found in Price_List__c
Price_List_Entry__c,SS598ML3 - DEAL - USD,MISSING,01t6A000003QPzhQAG,,,,1438.970000,SKIP,,Price List 'DEAL' not found in Price_List__c
Price_List_Entry__c,SS598ML3 - PART - USD,MISSING,01t6A000003QPzhQAG,,,,1136.040000,SKIP,,Price List 'PART' not found in Price_List__c
Price_List_Entry__c,SS598ML3 - DIST - USD,MISSING,01t6A000003QPzhQAG,,,,1079.220000,SKIP,,Price List 'DIST' not found in Price_List__c
Price_List_Entry__c,SS598ML3 - SPEC - USD,MISSING,01t6A000003QPzhQAG,,,,1022.430000,SKIP,,Price List 'SPEC' not found in Price_List__c
Price_List_Entry__c,ST16D - DEAL - USD,MISSING,01t6A000000arOZQAY,,,,121.000000,SKIP,,Price List 'DEAL' not found in Price_List__c
Price_List_Entry__c,ST16D - PART - USD,MISSING,01t6A000000arOZQAY,,,,94.900000,SKIP,,Price List 'PART' not found in Price_List__c
Price_List_Entry__c,ST16D - DIST - USD,MISSING,01t6A000000arOZQAY,,,,90.200000,SKIP,,Price List 'DIST' not found in Price_List__c
Price_List_Entry__c,ST16D - SPEC - USD,MISSING,01t6A000000arOZQAY,,,,85.800000,SKIP,,Price List 'SPEC' not found in Price_List__c
Price_List_Entry__c,ST630 - DEAL - USD,MISSING,01t6A000000ar9kQAA,,,,27.800000,SKIP,,Price List 'DEAL' not found in Price_List__c
Price_List_Entry__c,ST630 - PART - USD,MISSING,01t6A000000ar9kQAA,,,,21.930000,SKIP,,Price List 'PART' not found in Price_List__c
Price_List_Entry__c,ST630 - DIST - USD,MISSING,01t6A000000ar9kQAA,,,,20.850000,SKIP,,Price List 'DIST' not found in Price_List__c
Price_List_Entry__c,ST630 - SPEC - USD,MISSING,01t6A000000ar9kQAA,,,,19.760000,SKIP,,Price List 'SPEC' not found in Price_List__c
Price_List_Entry__c,ST630P - DEAL - USD,MISSING,01t6A000000ar9lQAA,,,,27.800000,SKIP,,Price List 'DEAL' not found in Price_List__c
Price_List_Entry__c,ST630P - PART - USD,MISSING,01t6A000000ar9lQAA,,,,21.930000,SKIP,,Price List 'PART' not found in Price_List__c
Price_List_Entry__c,ST630P - DIST - USD,MISSING,01t6A000000ar9lQAA,,,,20.850000,SKIP,,Price List 'DIST' not found in Price_List__c
Price_List_Entry__c,ST630P - SPEC - USD,MISSING,01t6A000000ar9lQAA,,,,19.760000,SKIP,,Price List 'SPEC' not found in Price_List__c
Price_List_Entry__c,ST632 - DEAL - USD,MISSING,01t6A000000arPzQAI,,,,46.320000,SKIP,,Price List 'DEAL' not found in Price_List__c
Price_List_Entry__c,ST632 - PART - USD,MISSING,01t6A000000arPzQAI,,,,36.560000,SKIP,,Price List 'PART' not found in Price_List__c
Price_List_Entry__c,ST632 - DIST - USD,MISSING,01t6A000000arPzQAI,,,,34.740000,SKIP,,Price List 'DIST' not found in Price_List__c
Price_List_Entry__c,ST632 - SPEC - USD,MISSING,01t6A000000arPzQAI,,,,32.910000,SKIP,,Price List 'SPEC' not found in Price_List__c
Price_List_Entry__c,ST632P - DEAL - USD,MISSING,01t6A000000as2cQAA,,,,46.320000,SKIP,,Price List 'DEAL' not found in Price_List__c
Price_List_Entry__c,ST632P - PART - USD,MISSING,01t6A000000as2cQAA,,,,36.560000,SKIP,,Price List 'PART' not found in Price_List__c
Price_List_Entry__c,ST632P - DIST - USD,MISSING,01t6A000000as2cQAA,,,,34.740000,SKIP,,Price List 'DIST' not found in Price_List__c
Price_List_Entry__c,ST632P - SPEC - USD,MISSING,01t6A000000as2cQAA,,,,32.910000,SKIP,,Price List 'SPEC' not found in Price_List__c
Price_List_Entry__c,ST635 - DEAL - USD,MISSING,01t6A000000aqmcQAA,,,,100.050000,SKIP,,Price List 'DEAL' not found in Price_List__c
Price_List_Entry__c,ST635 - PART - USD,MISSING,01t6A000000aqmcQAA,,,,78.980000,SKIP,,Price List 'PART' not found in Price_List__c
Price_List_Entry__c,ST635 - DIST - USD,MISSING,01t6A000000aqmcQAA,,,,75.030000,SKIP,,Price List 'DIST' not found in Price_List__c
Price_List_Entry__c,ST635 - SPEC - USD,MISSING,01t6A000000aqmcQAA,,,,71.280000,SKIP,,Price List 'SPEC' not found in Price_List__c
Price_List_Entry__c,ST635P - DEAL - USD,MISSING,01t6A000000ar9mQAA,,,,100.050000,SKIP,,Price List 'DEAL' not found in Price_List__c
Price_List_Entry__c,ST635P - PART - USD,MISSING,01t6A000000ar9mQAA,,,,78.980000,SKIP,,Price List 'PART' not found in Price_List__c
Price_List_Entry__c,ST635P - DIST - USD,MISSING,01t6A000000ar9mQAA,,,,75.030000,SKIP,,Price List 'DIST' not found in Price_List__c
Price_List_Entry__c,ST635P - SPEC - USD,MISSING,01t6A000000ar9mQAA,,,,71.280000,SKIP,,Price List 'SPEC' not found in Price_List__c
Price_List_Entry__c,ST640 - DEAL - USD,MISSING,01t6A000000ar9nQAA,,,,100.060000,SKIP,,Price List 'DEAL' not found in Price_List__c
Price_List_Entry__c,ST640 - PART - USD,MISSING,01t6A000000ar9nQAA,,,,78.990000,SKIP,,Price List 'PART' not found in Price_List__c
Price_List_Entry__c,ST640 - DIST - USD,MISSING,01t6A000000ar9nQAA,,,,75.030000,SKIP,,Price List 'DIST' not found in Price_List__c
Price_List_Entry__c,ST640 - SPEC - USD,MISSING,01t6A000000ar9nQAA,,,,71.090000,SKIP,,Price List 'SPEC' not found in Price_List__c
Price_List_Entry__c,ST640P - DEAL - USD,MISSING,01t6A000000ar9oQAA,,,,100.060000,SKIP,,Price List 'DEAL' not found in Price_List__c
Price_List_Entry__c,ST640P - PART - USD,MISSING,01t6A000000ar9oQAA,,,,78.990000,SKIP,,Price List 'PART' not found in Price_List__c
Price_List_Entry__c,ST640P - DIST - USD,MISSING,01t6A000000ar9oQAA,,,,75.030000,SKIP,,Price List 'DIST' not found in Price_List__c
Price_List_Entry__c,ST640P - SPEC - USD,MISSING,01t6A000000ar9oQAA,,,,71.090000,SKIP,,Price List 'SPEC' not found in Price_List__c
Price_List_Entry__c,ST650 - DEAL - USD,MISSING,01t6A000000ar9pQAA,,,,109.330000,SKIP,,Price List 'DEAL' not found in Price_List__c
Price_List_Entry__c,ST650 - PART - USD,MISSING,01t6A000000ar9pQAA,,,,86.300000,SKIP,,Price List 'PART' not found in Price_List__c
Price_List_Entry__c,ST650 - DIST - USD,MISSING,01t6A000000ar9pQAA,,,,81.990000,SKIP,,Price List 'DIST' not found in Price_List__c
Price_List_Entry__c,ST650 - SPEC - USD,MISSING,01t6A000000ar9pQAA,,,,77.680000,SKIP,,Price List 'SPEC' not found in Price_List__c
Price_List_Entry__c,ST650P - DEAL - USD,MISSING,01t6A000000arD9QAI,,,,109.330000,SKIP,,Price List 'DEAL' not found in Price_List__c
Price_List_Entry__c,ST650P - PART - USD,MISSING,01t6A000000arD9QAI,,,,86.300000,SKIP,,Price List 'PART' not found in Price_List__c
Price_List_Entry__c,ST650P - DIST - USD,MISSING,01t6A000000arD9QAI,,,,81.990000,SKIP,,Price List 'DIST' not found in Price_List__c
Price_List_Entry__c,ST650P - SPEC - USD,MISSING,01t6A000000arD9QAI,,,,77.680000,SKIP,,Price List 'SPEC' not found in Price_List__c
Price_List_Entry__c,ST660 - DEAL - USD,MISSING,01t6A000000ar9qQAA,,,,127.850000,SKIP,,Price List 'DEAL' not found in Price_List__c
Price_List_Entry__c,ST660 - PART - USD,MISSING,01t6A000000ar9qQAA,,,,100.930000,SKIP,,Price List 'PART' not found in Price_List__c
Price_List_Entry__c,ST660 - DIST - USD,MISSING,01t6A000000ar9qQAA,,,,95.880000,SKIP,,Price List 'DIST' not found in Price_List__c
Price_List_Entry__c,ST660 - SPEC - USD,MISSING,01t6A000000ar9qQAA,,,,90.860000,SKIP,,Price List 'SPEC' not found in Price_List__c
Price_List_Entry__c,ST660P - DEAL - USD,MISSING,01t6A000000ar9rQAA,,,,127.850000,SKIP,,Price List 'DEAL' not found in Price_List__c
Price_List_Entry__c,ST660P - PART - USD,MISSING,01t6A000000ar9rQAA,,,,100.930000,SKIP,,Price List 'PART' not found in Price_List__c
Price_List_Entry__c,ST660P - DIST - USD,MISSING,01t6A000000ar9rQAA,,,,95.880000,SKIP,,Price List 'DIST' not found in Price_List__c
Price_List_Entry__c,ST660P - SPEC - USD,MISSING,01t6A000000ar9rQAA,,,,90.860000,SKIP,,Price List 'SPEC' not found in Price_List__c
Price_List_Entry__c,ST670 - DEAL - USD,MISSING,01t6A000000ast7QAA,,,,146.380000,SKIP,,Price List 'DEAL' not found in Price_List__c
Price_List_Entry__c,ST670 - PART - USD,MISSING,01t6A000000ast7QAA,,,,115.560000,SKIP,,Price List 'PART' not found in Price_List__c
Price_List_Entry__c,ST670 - DIST - USD,MISSING,01t6A000000ast7QAA,,,,109.770000,SKIP,,Price List 'DIST' not found in Price_List__c
Price_List_Entry__c,ST670 - SPEC - USD,MISSING,01t6A000000ast7QAA,,,,104.010000,SKIP,,Price List 'SPEC' not found in Price_List__c
Price_List_Entry__c,ST670P - DEAL - USD,MISSING,01t6A000000ast8QAA,,,,146.380000,SKIP,,Price List 'DEAL' not found in Price_List__c
Price_List_Entry__c,ST670P - PART - USD,MISSING,01t6A000000ast8QAA,,,,115.560000,SKIP,,Price List 'PART' not found in Price_List__c
Price_List_Entry__c,ST670P - DIST - USD,MISSING,01t6A000000ast8QAA,,,,109.770000,SKIP,,Price List 'DIST' not found in Price_List__c
Price_List_Entry__c,ST670P - SPEC - USD,MISSING,01t6A000000ast8QAA,,,,104.010000,SKIP,,Price List 'SPEC' not found in Price_List__c
Price_List_Entry__c,ST680 - DEAL - USD,MISSING,01t6A000000ast9QAA,,,,183.450000,SKIP,,Price List 'DEAL' not found in Price_List__c
Price_List_Entry__c,ST680 - PART - USD,MISSING,01t6A000000ast9QAA,,,,144.830000,SKIP,,Price List 'PART' not found in Price_List__c
Price_List_Entry__c,ST680 - DIST - USD,MISSING,01t6A000000ast9QAA,,,,137.580000,SKIP,,Price List 'DIST' not found in Price_List__c
Price_List_Entry__c,ST680 - SPEC - USD,MISSING,01t6A000000ast9QAA,,,,130.340000,SKIP,,Price List 'SPEC' not found in Price_List__c
Price_List_Entry__c,ST680P - DEAL - USD,MISSING,01t6A000000ariuQAA,,,,183.450000,SKIP,,Price List 'DEAL' not found in Price_List__c
Price_List_Entry__c,ST680P - PART - USD,MISSING,01t6A000000ariuQAA,,,,144.830000,SKIP,,Price List 'PART' not found in Price_List__c
Price_List_Entry__c,ST680P - DIST - USD,MISSING,01t6A000000ariuQAA,,,,137.580000,SKIP,,Price List 'DIST' not found in Price_List__c
Price_List_Entry__c,ST680P - SPEC - USD,MISSING,01t6A000000ariuQAA,,,,130.340000,SKIP,,Price List 'SPEC' not found in Price_List__c
Price_List_Entry__c,STP680 - DEAL - USD,MISSING,01t6A000000asIJQAY,,,,183.450000,SKIP,,Price List 'DEAL' not found in Price_List__c
Price_List_Entry__c,STP680 - PART - USD,MISSING,01t6A000000asIJQAY,,,,144.830000,SKIP,,Price List 'PART' not found in Price_List__c
Price_List_Entry__c,STP680 - DIST - USD,MISSING,01t6A000000asIJQAY,,,,137.580000,SKIP,,Price List 'DIST' not found in Price_List__c
Price_List_Entry__c,STP680 - SPEC - USD,MISSING,01t6A000000asIJQAY,,,,130.340000,SKIP,,Price List 'SPEC' not found in Price_List__c
Price_List_Entry__c,SUA740P - DEAL - USD,MISSING,01t6A000000ar7sQAA,,,,213.080000,SKIP,,Price List 'DEAL' not found in Price_List__c
Price_List_Entry__c,SUA740P - PART - USD,MISSING,01t6A000000ar7sQAA,,,,168.200000,SKIP,,Price List 'PART' not found in Price_List__c
Price_List_Entry__c,SUA740P - DIST - USD,MISSING,01t6A000000ar7sQAA,,,,159.810000,SKIP,,Price List 'DIST' not found in Price_List__c
Price_List_Entry__c,SUA740P - SPEC - USD,MISSING,01t6A000000ar7sQAA,,,,151.390000,SKIP,,Price List 'SPEC' not found in Price_List__c
Price_List_Entry__c,SUA747PU - DEAL - USD,MISSING,01t6A000000asfUQAQ,,,,220.480000,SKIP,,Price List 'DEAL' not found in Price_List__c
Price_List_Entry__c,SUA747PU - PART - USD,MISSING,01t6A000000asfUQAQ,,,,174.060000,SKIP,,Price List 'PART' not found in Price_List__c
Price_List_Entry__c,SUA747PU - DIST - USD,MISSING,01t6A000000asfUQAQ,,,,165.370000,SKIP,,Price List 'DIST' not found in Price_List__c
Price_List_Entry__c,SUA747PU - SPEC - USD,MISSING,01t6A000000asfUQAQ,,,,156.670000,SKIP,,Price List 'SPEC' not found in Price_List__c
Price_List_Entry__c,SUA761PU - DEAL - USD,MISSING,01t6A000000ar4gQAA,,,,313.130000,SKIP,,Price List 'DEAL' not found in Price_List__c
Price_List_Entry__c,SUA761PU - PART - USD,MISSING,01t6A000000ar4gQAA,,,,247.210000,SKIP,,Price List 'PART' not found in Price_List__c
Price_List_Entry__c,SUA761PU - DIST - USD,MISSING,01t6A000000ar4gQAA,,,,234.840000,SKIP,,Price List 'DIST' not found in Price_List__c
Price_List_Entry__c,SUA761PU - SPEC - USD,MISSING,01t6A000000ar4gQAA,,,,222.490000,SKIP,,Price List 'SPEC' not found in Price_List__c
Price_List_Entry__c,SUA771PU - DEAL - USD,MISSING,01t6A000000asfVQAQ,,,,433.550000,SKIP,,Price List 'DEAL' not found in Price_List__c
Price_List_Entry__c,SUA771PU - PART - USD,MISSING,01t6A000000asfVQAQ,,,,342.290000,SKIP,,Price List 'PART' not found in Price_List__c
Price_List_Entry__c,SUA771PU - DIST - USD,MISSING,01t6A000000asfVQAQ,,,,325.170000,SKIP,,Price List 'DIST' not found in Price_List__c
Price_List_Entry__c,SUA771PU - SPEC - USD,MISSING,01t6A000000asfVQAQ,,,,308.060000,SKIP,,Price List 'SPEC' not found in Price_List__c
Price_List_Entry__c,SUF640P - DEAL - USD,MISSING,01t6A000000asCLQAY,,,,101.200000,SKIP,,Price List 'DEAL' not found in Price_List__c
Price_List_Entry__c,SUF640P - PART - USD,MISSING,01t6A000000asCLQAY,,,,79.890000,SKIP,,Price List 'PART' not found in Price_List__c
Price_List_Entry__c,SUF640P - DIST - USD,MISSING,01t6A000000asCLQAY,,,,75.900000,SKIP,,Price List 'DIST' not found in Price_List__c
Price_List_Entry__c,SUF640P - SPEC - USD,MISSING,01t6A000000asCLQAY,,,,72.110000,SKIP,,Price List 'SPEC' not found in Price_List__c
Price_List_Entry__c,SUF641 - DEAL - USD,MISSING,01t6A000000armZQAQ,,,,71.860000,SKIP,,Price List 'DEAL' not found in Price_List__c
Price_List_Entry__c,SUF641 - PART - USD,MISSING,01t6A000000armZQAQ,,,,56.740000,SKIP,,Price List 'PART' not found in Price_List__c
Price_List_Entry__c,SUF641 - DIST - USD,MISSING,01t6A000000armZQAQ,,,,53.900000,SKIP,,Price List 'DIST' not found in Price_List__c
Price_List_Entry__c,SUF641 - SPEC - USD,MISSING,01t6A000000armZQAQ,,,,51.210000,SKIP,,Price List 'SPEC' not found in Price_List__c
Price_List_Entry__c,SUF650P - DEAL - USD,MISSING,01t6A000000arKXQAY,,,,108.540000,SKIP,,Price List 'DEAL' not found in Price_List__c
Price_List_Entry__c,SUF650P - PART - USD,MISSING,01t6A000000arKXQAY,,,,85.680000,SKIP,,Price List 'PART' not found in Price_List__c
Price_List_Entry__c,SUF650P - DIST - USD,MISSING,01t6A000000arKXQAY,,,,81.400000,SKIP,,Price List 'DIST' not found in Price_List__c
Price_List_Entry__c,SUF650P - SPEC - USD,MISSING,01t6A000000arKXQAY,,,,77.330000,SKIP,,Price List 'SPEC' not found in Price_List__c
Price_List_Entry__c,SUF651 - DEAL - USD,MISSING,01t6A000000armaQAA,,,,86.540000,SKIP,,Price List 'DEAL' not found in Price_List__c
Price_List_Entry__c,SUF651 - PART - USD,MISSING,01t6A000000armaQAA,,,,68.320000,SKIP,,Price List 'PART' not found in Price_List__c
Price_List_Entry__c,SUF651 - DIST - USD,MISSING,01t6A000000armaQAA,,,,64.900000,SKIP,,Price List 'DIST' not found in Price_List__c
Price_List_Entry__c,SUF651 - SPEC - USD,MISSING,01t6A000000armaQAA,,,,61.660000,SKIP,,Price List 'SPEC' not found in Price_List__c
Price_List_Entry__c,SUF660P - DEAL - USD,MISSING,01t6A000000atErQAI,,,,115.860000,SKIP,,Price List 'DEAL' not found in Price_List__c
Price_List_Entry__c,SUF660P - PART - USD,MISSING,01t6A000000atErQAI,,,,91.480000,SKIP,,Price List 'PART' not found in Price_List__c
Price_List_Entry__c,SUF660P - DIST - USD,MISSING,01t6A000000atErQAI,,,,86.900000,SKIP,,Price List 'DIST' not found in Price_List__c
Price_List_Entry__c,SUF660P - SPEC - USD,MISSING,01t6A000000atErQAI,,,,82.560000,SKIP,,Price List 'SPEC' not found in Price_List__c
Price_List_Entry__c,SUF661 - DEAL - USD,MISSING,01t6A000000asldQAA,,,,88.060000,SKIP,,Price List 'DEAL' not found in Price_List__c
Price_List_Entry__c,SUF661 - PART - USD,MISSING,01t6A000000asldQAA,,,,69.530000,SKIP,,Price List 'PART' not found in Price_List__c
Price_List_Entry__c,SUF661 - DIST - USD,MISSING,01t6A000000asldQAA,,,,66.040000,SKIP,,Price List 'DIST' not found in Price_List__c
Price_List_Entry__c,SUF661 - SPEC - USD,MISSING,01t6A000000asldQAA,,,,62.550000,SKIP,,Price List 'SPEC' not found in Price_List__c
Price_List_Entry__c,TTS4X4 - DEAL - USD,MISSING,01t2K000004ZdRwQAK,,,,98.730000,SKIP,,Price List 'DEAL' not found in Price_List__c
Price_List_Entry__c,TTS4X4 - PART - USD,MISSING,01t2K000004ZdRwQAK,,,,77.390000,SKIP,,Price List 'PART' not found in Price_List__c
Price_List_Entry__c,TTS4X4 - DIST - USD,MISSING,01t2K000004ZdRwQAK,,,,73.370000,SKIP,,Price List 'DIST' not found in Price_List__c
Price_List_Entry__c,TTS4X4 - SPEC - USD,MISSING,01t2K000004ZdRwQAK,,,,69.370000,SKIP,,Price List 'SPEC' not found in Price_List__c
Price_List_Entry__c,TTS6X4 - DEAL - USD,MISSING,01t2K000006XLSZQA4,,,,250.800000,SKIP,,Price List 'DEAL' not found in Price_List__c
Price_List_Entry__c,TTS6X4 - PART - USD,MISSING,01t2K000006XLSZQA4,,,,198.770000,SKIP,,Price List 'PART' not found in Price_List__c
Price_List_Entry__c,TTS6X4 - DIST - USD,MISSING,01t2K000006XLSZQA4,,,,188.100000,SKIP,,Price List 'DIST' not found in Price_List__c
Price_List_Entry__c,TTS6X4 - SPEC - USD,MISSING,01t2K000006XLSZQA4,,,,178.760000,SKIP,,Price List 'SPEC' not found in Price_List__c
Price_List_Entry__c,TVA724 - DEAL - USD,MISSING,01t6A000000ar9HQAQ,,,,33.670000,SKIP,,Price List 'DEAL' not found in Price_List__c
Price_List_Entry__c,TVA724 - PART - USD,MISSING,01t6A000000ar9HQAQ,,,,26.600000,SKIP,,Price List 'PART' not found in Price_List__c
Price_List_Entry__c,TVA724 - DIST - USD,MISSING,01t6A000000ar9HQAQ,,,,25.260000,SKIP,,Price List 'DIST' not found in Price_List__c
Price_List_Entry__c,TVA724 - SPEC - USD,MISSING,01t6A000000ar9HQAQ,,,,23.930000,SKIP,,Price List 'SPEC' not found in Price_List__c
Price_List_Entry__c,TVA737 - DEAL - USD,MISSING,01t6A000000atWkQAI,,,,40.660000,SKIP,,Price List 'DEAL' not found in Price_List__c
Price_List_Entry__c,TVA737 - PART - USD,MISSING,01t6A000000atWkQAI,,,,32.090000,SKIP,,Price List 'PART' not found in Price_List__c
Price_List_Entry__c,TVA737 - DIST - USD,MISSING,01t6A000000atWkQAI,,,,30.490000,SKIP,,Price List 'DIST' not found in Price_List__c
Price_List_Entry__c,TVA737 - SPEC - USD,MISSING,01t6A000000atWkQAI,,,,28.900000,SKIP,,Price List 'SPEC' not found in Price_List__c
Price_List_Entry__c,TVA746 - DEAL - USD,MISSING,01t6A000000atY4QAI,,,,58.430000,SKIP,,Price List 'DEAL' not found in Price_List__c
Price_List_Entry__c,TVA746 - PART - USD,MISSING,01t6A000000atY4QAI,,,,46.130000,SKIP,,Price List 'PART' not found in Price_List__c
Price_List_Entry__c,TVA746 - DIST - USD,MISSING,01t6A000000atY4QAI,,,,43.810000,SKIP,,Price List 'DIST' not found in Price_List__c
Price_List_Entry__c,TVA746 - SPEC - USD,MISSING,01t6A000000atY4QAI,,,,41.510000,SKIP,,Price List 'SPEC' not found in Price_List__c
Price_List_Entry__c,TVA750 - DEAL - USD,MISSING,01t2K00000AoidSQAR,,,,55.650000,SKIP,,Price List 'DEAL' not found in Price_List__c
Price_List_Entry__c,TVA750 - PART - USD,MISSING,01t2K00000AoidSQAR,,,,43.930000,SKIP,,Price List 'PART' not found in Price_List__c
Price_List_Entry__c,TVA750 - DIST - USD,MISSING,01t2K00000AoidSQAR,,,,41.730000,SKIP,,Price List 'DIST' not found in Price_List__c
Price_List_Entry__c,TVA750 - SPEC - USD,MISSING,01t2K00000AoidSQAR,,,,39.550000,SKIP,,Price List 'SPEC' not found in Price_List__c
Price_List_Entry__c,TVA765 - DEAL - USD,MISSING,01t6A000000ar9IQAQ,,,,113.840000,SKIP,,Price List 'DEAL' not found in Price_List__c
Price_List_Entry__c,TVA765 - PART - USD,MISSING,01t6A000000ar9IQAQ,,,,89.880000,SKIP,,Price List 'PART' not found in Price_List__c
Price_List_Entry__c,TVA765 - DIST - USD,MISSING,01t6A000000ar9IQAQ,,,,85.380000,SKIP,,Price List 'DIST' not found in Price_List__c
Price_List_Entry__c,TVA765 - SPEC - USD,MISSING,01t6A000000ar9IQAQ,,,,80.870000,SKIP,,Price List 'SPEC' not found in Price_List__c
Price_List_Entry__c,TVA775 - DEAL - USD,MISSING,01t2K00000AoidmQAB,,,,108.420000,SKIP,,Price List 'DEAL' not found in Price_List__c
Price_List_Entry__c,TVA775 - PART - USD,MISSING,01t2K00000AoidmQAB,,,,85.590000,SKIP,,Price List 'PART' not found in Price_List__c
Price_List_Entry__c,TVA775 - DIST - USD,MISSING,01t2K00000AoidmQAB,,,,81.310000,SKIP,,Price List 'DIST' not found in Price_List__c
Price_List_Entry__c,TVA775 - SPEC - USD,MISSING,01t2K00000AoidmQAB,,,,77.030000,SKIP,,Price List 'SPEC' not found in Price_List__c
Price_List_Entry__c,TVF624 - DEAL - USD,MISSING,01t6A000000arHCQAY,,,,7.470000,SKIP,,Price List 'DEAL' not found in Price_List__c
Price_List_Entry__c,TVF624 - PART - USD,MISSING,01t6A000000arHCQAY,,,,5.900000,SKIP,,Price List 'PART' not found in Price_List__c
Price_List_Entry__c,TVF624 - DIST - USD,MISSING,01t6A000000arHCQAY,,,,5.600000,SKIP,,Price List 'DIST' not found in Price_List__c
Price_List_Entry__c,TVF624 - SPEC - USD,MISSING,01t6A000000arHCQAY,,,,5.310000,SKIP,,Price List 'SPEC' not found in Price_List__c
Price_List_Entry__c,TVF637 - DEAL - USD,MISSING,01t6A000000atWcQAI,,,,13.710000,SKIP,,Price List 'DEAL' not found in Price_List__c
Price_List_Entry__c,TVF637 - PART - USD,MISSING,01t6A000000atWcQAI,,,,10.850000,SKIP,,Price List 'PART' not found in Price_List__c
Price_List_Entry__c,TVF637 - DIST - USD,MISSING,01t6A000000atWcQAI,,,,10.300000,SKIP,,Price List 'DIST' not found in Price_List__c
Price_List_Entry__c,TVF637 - SPEC - USD,MISSING,01t6A000000atWcQAI,,,,9.750000,SKIP,,Price List 'SPEC' not found in Price_List__c
Price_List_Entry__c,TVF646 - DEAL - USD,MISSING,01t6A000000at8PQAQ,,,,29.900000,SKIP,,Price List 'DEAL' not found in Price_List__c
Price_List_Entry__c,TVF646 - PART - USD,MISSING,01t6A000000at8PQAQ,,,,23.600000,SKIP,,Price List 'PART' not found in Price_List__c
Price_List_Entry__c,TVF646 - DIST - USD,MISSING,01t6A000000at8PQAQ,,,,22.420000,SKIP,,Price List 'DIST' not found in Price_List__c
Price_List_Entry__c,TVF646 - SPEC - USD,MISSING,01t6A000000at8PQAQ,,,,21.260000,SKIP,,Price List 'SPEC' not found in Price_List__c
Price_List_Entry__c,TVF665 - DEAL - USD,MISSING,01t6A000000atDCQAY,,,,31.440000,SKIP,,Price List 'DEAL' not found in Price_List__c
Price_List_Entry__c,TVF665 - PART - USD,MISSING,01t6A000000atDCQAY,,,,24.820000,SKIP,,Price List 'PART' not found in Price_List__c
Price_List_Entry__c,TVF665 - DIST - USD,MISSING,01t6A000000atDCQAY,,,,23.570000,SKIP,,Price List 'DIST' not found in Price_List__c
Price_List_Entry__c,TVF665 - SPEC - USD,MISSING,01t6A000000atDCQAY,,,,22.340000,SKIP,,Price List 'SPEC' not found in Price_List__c
Price_List_Entry__c,TVFT650 - DEAL - USD,MISSING,01t2K00000AoidXQAR,,,,38.730000,SKIP,,Price List 'DEAL' not found in Price_List__c
Price_List_Entry__c,TVFT650 - PART - USD,MISSING,01t2K00000AoidXQAR,,,,30.580000,SKIP,,Price List 'PART' not found in Price_List__c
Price_List_Entry__c,TVFT650 - DIST - USD,MISSING,01t2K00000AoidXQAR,,,,29.050000,SKIP,,Price List 'DIST' not found in Price_List__c
Price_List_Entry__c,TVFT650 - SPEC - USD,MISSING,01t2K00000AoidXQAR,,,,27.530000,SKIP,,Price List 'SPEC' not found in Price_List__c
Price_List_Entry__c,TVFT665 - DEAL - USD,MISSING,01t2K00000AoidcQAB,,,,40.760000,SKIP,,Price List 'DEAL' not found in Price_List__c
Price_List_Entry__c,TVFT665 - PART - USD,MISSING,01t2K00000AoidcQAB,,,,32.190000,SKIP,,Price List 'PART' not found in Price_List__c
Price_List_Entry__c,TVFT665 - DIST - USD,MISSING,01t2K00000AoidcQAB,,,,30.570000,SKIP,,Price List 'DIST' not found in Price_List__c
Price_List_Entry__c,TVFT665 - SPEC - USD,MISSING,01t2K00000AoidcQAB,,,,28.900000,SKIP,,Price List 'SPEC' not found in Price_List__c
Price_List_Entry__c,TVFT690 - DEAL - USD,MISSING,01t2K00000AoidNQAR,,,,42.780000,SKIP,,Price List 'DEAL' not found in Price_List__c
Price_List_Entry__c,TVFT690 - PART - USD,MISSING,01t2K00000AoidNQAR,,,,33.770000,SKIP,,Price List 'PART' not found in Price_List__c
Price_List_Entry__c,TVFT690 - DIST - USD,MISSING,01t2K00000AoidNQAR,,,,32.080000,SKIP,,Price List 'DIST' not found in Price_List__c
Price_List_Entry__c,TVFT690 - SPEC - USD,MISSING,01t2K00000AoidNQAR,,,,30.390000,SKIP,,Price List 'SPEC' not found in Price_List__c
Price_List_Entry__c,TVP724 - DEAL - USD,MISSING,01t6A000000arHDQAY,,,,21.040000,SKIP,,Price List 'DEAL' not found in Price_List__c
Price_List_Entry__c,TVP724 - PART - USD,MISSING,01t6A000000arHDQAY,,,,16.600000,SKIP,,Price List 'PART' not found in Price_List__c
Price_List_Entry__c,TVP724 - DIST - USD,MISSING,01t6A000000arHDQAY,,,,15.770000,SKIP,,Price List 'DIST' not found in Price_List__c
Price_List_Entry__c,TVP724 - SPEC - USD,MISSING,01t6A000000arHDQAY,,,,14.960000,SKIP,,Price List 'SPEC' not found in Price_List__c
Price_List_Entry__c,TVP737 - DEAL - USD,MISSING,01t6A000000asEKQAY,,,,33.560000,SKIP,,Price List 'DEAL' not found in Price_List__c
Price_List_Entry__c,TVP737 - PART - USD,MISSING,01t6A000000asEKQAY,,,,26.490000,SKIP,,Price List 'PART' not found in Price_List__c
Price_List_Entry__c,TVP737 - DIST - USD,MISSING,01t6A000000asEKQAY,,,,25.170000,SKIP,,Price List 'DIST' not found in Price_List__c
Price_List_Entry__c,TVP737 - SPEC - USD,MISSING,01t6A000000asEKQAY,,,,23.850000,SKIP,,Price List 'SPEC' not found in Price_List__c
Price_List_Entry__c,TVT624 - DEAL - USD,MISSING,01t6A000000arHEQAY,,,,14.250000,SKIP,,Price List 'DEAL' not found in Price_List__c
Price_List_Entry__c,TVT624 - PART - USD,MISSING,01t6A000000arHEQAY,,,,11.240000,SKIP,,Price List 'PART' not found in Price_List__c
Price_List_Entry__c,TVT624 - DIST - USD,MISSING,01t6A000000arHEQAY,,,,10.680000,SKIP,,Price List 'DIST' not found in Price_List__c
Price_List_Entry__c,TVT624 - SPEC - USD,MISSING,01t6A000000arHEQAY,,,,10.130000,SKIP,,Price List 'SPEC' not found in Price_List__c
Price_List_Entry__c,TVT637 - DEAL - USD,MISSING,01t6A000000ar9JQAQ,,,,19.730000,SKIP,,Price List 'DEAL' not found in Price_List__c
Price_List_Entry__c,TVT637 - PART - USD,MISSING,01t6A000000ar9JQAQ,,,,15.570000,SKIP,,Price List 'PART' not found in Price_List__c
Price_List_Entry__c,TVT637 - DIST - USD,MISSING,01t6A000000ar9JQAQ,,,,14.780000,SKIP,,Price List 'DIST' not found in Price_List__c
Price_List_Entry__c,TVT637 - SPEC - USD,MISSING,01t6A000000ar9JQAQ,,,,14.030000,SKIP,,Price List 'SPEC' not found in Price_List__c
Price_List_Entry__c,TVT646 - DEAL - USD,MISSING,01t6A000000ar9KQAQ,,,,40.670000,SKIP,,Price List 'DEAL' not found in Price_List__c
Price_List_Entry__c,TVT646 - PART - USD,MISSING,01t6A000000ar9KQAQ,,,,32.100000,SKIP,,Price List 'PART' not found in Price_List__c
Price_List_Entry__c,TVT646 - DIST - USD,MISSING,01t6A000000ar9KQAQ,,,,30.500000,SKIP,,Price List 'DIST' not found in Price_List__c
Price_List_Entry__c,TVT646 - SPEC - USD,MISSING,01t6A000000ar9KQAQ,,,,28.910000,SKIP,,Price List 'SPEC' not found in Price_List__c
Price_List_Entry__c,TVT665 - DEAL - USD,MISSING,01t6A000000asEJQAY,,,,44.910000,SKIP,,Price List 'DEAL' not found in Price_List__c
Price_List_Entry__c,TVT665 - PART - USD,MISSING,01t6A000000asEJQAY,,,,35.460000,SKIP,,Price List 'PART' not found in Price_List__c
Price_List_Entry__c,TVT665 - DIST - USD,MISSING,01t6A000000asEJQAY,,,,33.680000,SKIP,,Price List 'DIST' not found in Price_List__c
Price_List_Entry__c,TVT665 - SPEC - USD,MISSING,01t6A000000asEJQAY,,,,31.920000,SKIP,,Price List 'SPEC' not found in Price_List__c
Price_List_Entry__c,VCM580 - DEAL - USD,MISSING,01t6A000000aqnxQAA,,,,3320.830000,SKIP,,Price List 'DEAL' not found in Price_List__c
Price_List_Entry__c,VCM580 - PART - USD,MISSING,01t6A000000aqnxQAA,,,,2621.710000,SKIP,,Price List 'PART' not found in Price_List__c
Price_List_Entry__c,VCM580 - DIST - USD,MISSING,01t6A000000aqnxQAA,,,,2490.630000,SKIP,,Price List 'DIST' not found in Price_List__c
Price_List_Entry__c,VCM580 - SPEC - USD,MISSING,01t6A000000aqnxQAA,,,,2359.540000,SKIP,,Price List 'SPEC' not found in Price_List__c
Price_List_Entry__c,VCM580S-4RU - DEAL - USD,MISSING,01t6A000000boI5QAI,,,,3320.830000,SKIP,,Price List 'DEAL' not found in Price_List__c
Price_List_Entry__c,VCM580S-4RU - PART - USD,MISSING,01t6A000000boI5QAI,,,,2621.710000,SKIP,,Price List 'PART' not found in Price_List__c
Price_List_Entry__c,VCM580S-4RU - DIST - USD,MISSING,01t6A000000boI5QAI,,,,2490.630000,SKIP,,Price List 'DIST' not found in Price_List__c
Price_List_Entry__c,VCM580S-4RU - SPEC - USD,MISSING,01t6A000000boI5QAI,,,,2359.540000,SKIP,,Price List 'SPEC' not found in Price_List__c
Price_List_Entry__c,WSP716-GB - DEAL - USD,MISSING,01t6A000000arwMQAQ,,,,119.170000,SKIP,,Price List 'DEAL' not found in Price_List__c
Price_List_Entry__c,WSP716-GB - PART - USD,MISSING,01t6A000000arwMQAQ,,,,94.090000,SKIP,,Price List 'PART' not found in Price_List__c
Price_List_Entry__c,WSP716-GB - DIST - USD,MISSING,01t6A000000arwMQAQ,,,,89.390000,SKIP,,Price List 'DIST' not found in Price_List__c
Price_List_Entry__c,WSP716-GB - SPEC - USD,MISSING,01t6A000000arwMQAQ,,,,84.670000,SKIP,,Price List 'SPEC' not found in Price_List__c
Price_List_Entry__c,WSP724-GB - DEAL - USD,MISSING,01t6A000000arwNQAQ,,,,128.060000,SKIP,,Price List 'DEAL' not found in Price_List__c
Price_List_Entry__c,WSP724-GB - PART - USD,MISSING,01t6A000000arwNQAQ,,,,101.110000,SKIP,,Price List 'PART' not found in Price_List__c
Price_List_Entry__c,WSP724-GB - DIST - USD,MISSING,01t6A000000arwNQAQ,,,,96.050000,SKIP,,Price List 'DIST' not found in Price_List__c
Price_List_Entry__c,WSP724-GB - SPEC - USD,MISSING,01t6A000000arwNQAQ,,,,90.990000,SKIP,,Price List 'SPEC' not found in Price_List__c
Price_List_Entry__c,WSP816 - DEAL - USD,MISSING,01t6A000000arEQQAY,,,,76.510000,SKIP,,Price List 'DEAL' not found in Price_List__c
Price_List_Entry__c,WSP816 - PART - USD,MISSING,01t6A000000arEQQAY,,,,60.390000,SKIP,,Price List 'PART' not found in Price_List__c
Price_List_Entry__c,WSP816 - DIST - USD,MISSING,01t6A000000arEQQAY,,,,57.380000,SKIP,,Price List 'DIST' not found in Price_List__c
Price_List_Entry__c,WSP816 - SPEC - USD,MISSING,01t6A000000arEQQAY,,,,54.360000,SKIP,,Price List 'SPEC' not found in Price_List__c
Price_List_Entry__c,WSP820 - DEAL - USD,MISSING,01t6A000000asHVQAY,,,,77.530000,SKIP,,Price List 'DEAL' not found in Price_List__c
Price_List_Entry__c,WSP820 - PART - USD,MISSING,01t6A000000asHVQAY,,,,61.190000,SKIP,,Price List 'PART' not found in Price_List__c
Price_List_Entry__c,WSP820 - DIST - USD,MISSING,01t6A000000asHVQAY,,,,58.150000,SKIP,,Price List 'DIST' not found in Price_List__c
Price_List_Entry__c,WSP820 - SPEC - USD,MISSING,01t6A000000asHVQAY,,,,55.080000,SKIP,,Price List 'SPEC' not found in Price_List__c
Price_List_Entry__c,ACCK119 - DEAL - USD,MISSING,01t6A000000atcPQAQ,,,,640.330000,SKIP,,Price List 'DEAL' not found in Price_List__c
Price_List_Entry__c,ACCK119 - PART - USD,MISSING,01t6A000000atcPQAQ,,,,608.310000,SKIP,,Price List 'PART' not found in Price_List__c
Price_List_Entry__c,ACCK119 - DIST - USD,MISSING,01t6A000000atcPQAQ,,,,608.310000,SKIP,,Price List 'DIST' not found in Price_List__c
Price_List_Entry__c,ACCK119 - SPEC - USD,MISSING,01t6A000000atcPQAQ,,,,586.970000,SKIP,,Price List 'SPEC' not found in Price_List__c
Price_List_Entry__c,ACCK120 - DEAL - USD,MISSING,01t2K000006S2GgQAK,,,,143.990000,SKIP,,Price List 'DEAL' not found in Price_List__c
Price_List_Entry__c,ACCK120 - PART - USD,MISSING,01t2K000006S2GgQAK,,,,136.730000,SKIP,,Price List 'PART' not found in Price_List__c
Price_List_Entry__c,ACCK120 - DIST - USD,MISSING,01t2K000006S2GgQAK,,,,129.470000,SKIP,,Price List 'DIST' not found in Price_List__c
Price_List_Entry__c,ACCK120 - SPEC - USD,MISSING,01t2K000006S2GgQAK,,,,122.210000,SKIP,,Price List 'SPEC' not found in Price_List__c
Price_List_Entry__c,ACCK121 - DEAL - USD,MISSING,01t2K000006S2KNQA0,,,,52.030000,SKIP,,Price List 'DEAL' not found in Price_List__c
Price_List_Entry__c,ACCK121 - PART - USD,MISSING,01t2K000006S2KNQA0,,,,49.610000,SKIP,,Price List 'PART' not found in Price_List__c
Price_List_Entry__c,ACCK121 - DIST - USD,MISSING,01t2K000006S2KNQA0,,,,47.190000,SKIP,,Price List 'DIST' not found in Price_List__c
Price_List_Entry__c,ACCK121 - SPEC - USD,MISSING,01t2K000006S2KNQA0,,,,44.770000,SKIP,,Price List 'SPEC' not found in Price_List__c
Price_List_Entry__c,ACC455 - DEAL - USD,MISSING,01t6A000000atKXQAY,,,,22.850000,SKIP,,Price List 'DEAL' not found in Price_List__c
Price_List_Entry__c,ACC455 - PART - USD,MISSING,01t6A000000atKXQAY,,,,18.040000,SKIP,,Price List 'PART' not found in Price_List__c
Price_List_Entry__c,ACC455 - DIST - USD,MISSING,01t6A000000atKXQAY,,,,17.130000,SKIP,,Price List 'DIST' not found in Price_List__c
Price_List_Entry__c,ACC455 - SPEC - USD,MISSING,01t6A000000atKXQAY,,,,16.230000,SKIP,,Price List 'SPEC' not found in Price_List__c
Price_List_Entry__c,ACC460 - DEAL - USD,MISSING,01t6A000000ar1EQAQ,,,,51.050000,SKIP,,Price List 'DEAL' not found in Price_List__c
Price_List_Entry__c,ACC460 - PART - USD,MISSING,01t6A000000ar1EQAQ,,,,40.300000,SKIP,,Price List 'PART' not found in Price_List__c
Price_List_Entry__c,ACC460 - DIST - USD,MISSING,01t6A000000ar1EQAQ,,,,38.290000,SKIP,,Price List 'DIST' not found in Price_List__c
Price_List_Entry__c,ACC460 - SPEC - USD,MISSING,01t6A000000ar1EQAQ,,,,36.370000,SKIP,,Price List 'SPEC' not found in Price_List__c
Price_List_Entry__c,ACC570 - DEAL - USD,MISSING,01t6A000000asNNQAY,,,,44.000000,SKIP,,Price List 'DEAL' not found in Price_List__c
Price_List_Entry__c,ACC570 - PART - USD,MISSING,01t6A000000asNNQAY,,,,34.740000,SKIP,,Price List 'PART' not found in Price_List__c
Price_List_Entry__c,ACC570 - DIST - USD,MISSING,01t6A000000asNNQAY,,,,33.000000,SKIP,,Price List 'DIST' not found in Price_List__c
Price_List_Entry__c,ACC570 - SPEC - USD,MISSING,01t6A000000asNNQAY,,,,31.350000,SKIP,,Price List 'SPEC' not found in Price_List__c
Price_List_Entry__c,ACC570W - DEAL - USD,MISSING,01t6A000000ar3YQAQ,,,,48.400000,SKIP,,Price List 'DEAL' not found in Price_List__c
Price_List_Entry__c,ACC570W - PART - USD,MISSING,01t6A000000ar3YQAQ,,,,38.210000,SKIP,,Price List 'PART' not found in Price_List__c
Price_List_Entry__c,ACC570W - DIST - USD,MISSING,01t6A000000ar3YQAQ,,,,36.300000,SKIP,,Price List 'DIST' not found in Price_List__c
Price_List_Entry__c,ACC570W - SPEC - USD,MISSING,01t6A000000ar3YQAQ,,,,34.490000,SKIP,,Price List 'SPEC' not found in Price_List__c
Price_List_Entry__c,ACC625 - DEAL - USD,MISSING,01t6A000000arVfQAI,,,,94.600000,SKIP,,Price List 'DEAL' not found in Price_List__c
Price_List_Entry__c,ACC625 - PART - USD,MISSING,01t6A000000arVfQAI,,,,73.700000,SKIP,,Price List 'PART' not found in Price_List__c
Price_List_Entry__c,ACC625 - DIST - USD,MISSING,01t6A000000arVfQAI,,,,70.400000,SKIP,,Price List 'DIST' not found in Price_List__c
Price_List_Entry__c,ACC625 - SPEC - USD,MISSING,01t6A000000arVfQAI,,,,67.100000,SKIP,,Price List 'SPEC' not found in Price_List__c
Price_List_Entry__c,ACC630 - DEAL - USD,MISSING,01t6A000000arVgQAI,,,,119.900000,SKIP,,Price List 'DEAL' not found in Price_List__c
Price_List_Entry__c,ACC630 - PART - USD,MISSING,01t6A000000arVgQAI,,,,93.500000,SKIP,,Price List 'PART' not found in Price_List__c
Price_List_Entry__c,ACC630 - DIST - USD,MISSING,01t6A000000arVgQAI,,,,89.100000,SKIP,,Price List 'DIST' not found in Price_List__c
Price_List_Entry__c,ACC630 - SPEC - USD,MISSING,01t6A000000arVgQAI,,,,84.700000,SKIP,,Price List 'SPEC' not found in Price_List__c
Price_List_Entry__c,ACC635 - DEAL - USD,MISSING,01t6A000000asqFQAQ,,,,82.500000,SKIP,,Price List 'DEAL' not found in Price_List__c
Price_List_Entry__c,ACC635 - PART - USD,MISSING,01t6A000000asqFQAQ,,,,64.900000,SKIP,,Price List 'PART' not found in Price_List__c
Price_List_Entry__c,ACC635 - DIST - USD,MISSING,01t6A000000asqFQAQ,,,,61.600000,SKIP,,Price List 'DIST' not found in Price_List__c
Price_List_Entry__c,ACC635 - SPEC - USD,MISSING,01t6A000000asqFQAQ,,,,58.300000,SKIP,,Price List 'SPEC' not found in Price_List__c
Price_List_Entry__c,ACC800 - DEAL - USD,MISSING,01t6A000000arZqQAI,,,,55.000000,SKIP,,Price List 'DEAL' not found in Price_List__c
Price_List_Entry__c,ACC800 - PART - USD,MISSING,01t6A000000arZqQAI,,,,42.900000,SKIP,,Price List 'PART' not found in Price_List__c
Price_List_Entry__c,ACC800 - DIST - USD,MISSING,01t6A000000arZqQAI,,,,40.700000,SKIP,,Price List 'DIST' not found in Price_List__c
Price_List_Entry__c,ACC800 - SPEC - USD,MISSING,01t6A000000arZqQAI,,,,39.600000,SKIP,,Price List 'SPEC' not found in Price_List__c
Price_List_Entry__c,ACC810 - DEAL - USD,MISSING,01t6A000000astzQAA,,,,21.740000,SKIP,,Price List 'DEAL' not found in Price_List__c
Price_List_Entry__c,ACC810 - PART - USD,MISSING,01t6A000000astzQAA,,,,17.160000,SKIP,,Price List 'PART' not found in Price_List__c
Price_List_Entry__c,ACC810 - DIST - USD,MISSING,01t6A000000astzQAA,,,,16.300000,SKIP,,Price List 'DIST' not found in Price_List__c
Price_List_Entry__c,ACC810 - SPEC - USD,MISSING,01t6A000000astzQAA,,,,15.460000,SKIP,,Price List 'SPEC' not found in Price_List__c
Price_List_Entry__c,ACC840 - DEAL - USD,MISSING,01t6A000000ar9TQAQ,,,,99.620000,SKIP,,Price List 'DEAL' not found in Price_List__c
Price_List_Entry__c,ACC840 - PART - USD,MISSING,01t6A000000ar9TQAQ,,,,78.650000,SKIP,,Price List 'PART' not found in Price_List__c
Price_List_Entry__c,ACC840 - DIST - USD,MISSING,01t6A000000ar9TQAQ,,,,74.710000,SKIP,,Price List 'DIST' not found in Price_List__c
Price_List_Entry__c,ACC840 - SPEC - USD,MISSING,01t6A000000ar9TQAQ,,,,70.980000,SKIP,,Price List 'SPEC' not found in Price_List__c
Price_List_Entry__c,ACC845 - DEAL - USD,MISSING,01t6A000000asUrQAI,,,,112.940000,SKIP,,Price List 'DEAL' not found in Price_List__c
Price_List_Entry__c,ACC845 - PART - USD,MISSING,01t6A000000asUrQAI,,,,89.160000,SKIP,,Price List 'PART' not found in Price_List__c
Price_List_Entry__c,ACC845 - DIST - USD,MISSING,01t6A000000asUrQAI,,,,84.700000,SKIP,,Price List 'DIST' not found in Price_List__c
Price_List_Entry__c,ACC845 - SPEC - USD,MISSING,01t6A000000asUrQAI,,,,80.470000,SKIP,,Price List 'SPEC' not found in Price_List__c
Price_List_Entry__c,ACC850 - DEAL - USD,MISSING,01t6A000000atSWQAY,,,,103.400000,SKIP,,Price List 'DEAL' not found in Price_List__c
Price_List_Entry__c,ACC850 - PART - USD,MISSING,01t6A000000atSWQAY,,,,81.400000,SKIP,,Price List 'PART' not found in Price_List__c
Price_List_Entry__c,ACC850 - DIST - USD,MISSING,01t6A000000atSWQAY,,,,77.000000,SKIP,,Price List 'DIST' not found in Price_List__c
Price_List_Entry__c,ACC850 - SPEC - USD,MISSING,01t6A000000atSWQAY,,,,73.700000,SKIP,,Price List 'SPEC' not found in Price_List__c
Price_List_Entry__c,ACC850S - DEAL - USD,MISSING,01t6A000000atSVQAY,,,,103.400000,SKIP,,Price List 'DEAL' not found in Price_List__c
Price_List_Entry__c,ACC850S - PART - USD,MISSING,01t6A000000atSVQAY,,,,81.400000,SKIP,,Price List 'PART' not found in Price_List__c
Price_List_Entry__c,ACC850S - DIST - USD,MISSING,01t6A000000atSVQAY,,,,77.000000,SKIP,,Price List 'DIST' not found in Price_List__c
Price_List_Entry__c,ACC850S - SPEC - USD,MISSING,01t6A000000atSVQAY,,,,73.700000,SKIP,,Price List 'SPEC' not found in Price_List__c
Price_List_Entry__c,ACC852 - DEAL - USD,MISSING,01t6A000000arxzQAA,,,,35.740000,SKIP,,Price List 'DEAL' not found in Price_List__c
Price_List_Entry__c,ACC852 - PART - USD,MISSING,01t6A000000arxzQAA,,,,28.220000,SKIP,,Price List 'PART' not found in Price_List__c
Price_List_Entry__c,ACC852 - DIST - USD,MISSING,01t6A000000arxzQAA,,,,26.790000,SKIP,,Price List 'DIST' not found in Price_List__c
Price_List_Entry__c,ACC852 - SPEC - USD,MISSING,01t6A000000arxzQAA,,,,25.390000,SKIP,,Price List 'SPEC' not found in Price_List__c
Price_List_Entry__c,ACC852W - DEAL - USD,MISSING,01t6A000000aqqRQAQ,,,,32.490000,SKIP,,Price List 'DEAL' not found in Price_List__c
Price_List_Entry__c,ACC852W - PART - USD,MISSING,01t6A000000aqqRQAQ,,,,25.650000,SKIP,,Price List 'PART' not found in Price_List__c
Price_List_Entry__c,ACC852W - DIST - USD,MISSING,01t6A000000aqqRQAQ,,,,24.350000,SKIP,,Price List 'DIST' not found in Price_List__c
Price_List_Entry__c,ACC852W - SPEC - USD,MISSING,01t6A000000aqqRQAQ,,,,23.080000,SKIP,,Price List 'SPEC' not found in Price_List__c
Price_List_Entry__c,ACC856 - DEAL - USD,MISSING,01t6A000000ary0QAA,,,,105.380000,SKIP,,Price List 'DEAL' not found in Price_List__c
Price_List_Entry__c,ACC856 - PART - USD,MISSING,01t6A000000ary0QAA,,,,83.190000,SKIP,,Price List 'PART' not found in Price_List__c
Price_List_Entry__c,ACC856 - DIST - USD,MISSING,01t6A000000ary0QAA,,,,79.020000,SKIP,,Price List 'DIST' not found in Price_List__c
Price_List_Entry__c,ACC856 - SPEC - USD,MISSING,01t6A000000ary0QAA,,,,74.880000,SKIP,,Price List 'SPEC' not found in Price_List__c
Price_List_Entry__c,ACC856W - DEAL - USD,MISSING,01t6A000000aqqSQAQ,,,,95.800000,SKIP,,Price List 'DEAL' not found in Price_List__c
Price_List_Entry__c,ACC856W - PART - USD,MISSING,01t6A000000aqqSQAQ,,,,75.630000,SKIP,,Price List 'PART' not found in Price_List__c
Price_List_Entry__c,ACC856W - DIST - USD,MISSING,01t6A000000aqqSQAQ,,,,71.840000,SKIP,,Price List 'DIST' not found in Price_List__c
Price_List_Entry__c,ACC856W - SPEC - USD,MISSING,01t6A000000aqqSQAQ,,,,68.070000,SKIP,,Price List 'SPEC' not found in Price_List__c
Price_List_Entry__c,ACC870 - DEAL - USD,MISSING,01t6A000000arx1QAA,,,,94.720000,SKIP,,Price List 'DEAL' not found in Price_List__c
Price_List_Entry__c,ACC870 - PART - USD,MISSING,01t6A000000arx1QAA,,,,74.700000,SKIP,,Price List 'PART' not found in Price_List__c
Price_List_Entry__c,ACC870 - DIST - USD,MISSING,01t6A000000arx1QAA,,,,70.700000,SKIP,,Price List 'DIST' not found in Price_List__c
Price_List_Entry__c,ACC870 - SPEC - USD,MISSING,01t6A000000arx1QAA,,,,68.040000,SKIP,,Price List 'SPEC' not found in Price_List__c
Price_List_Entry__c,ACC978 - DEAL - USD,MISSING,01t6A000000at8RQAQ,,,,90.620000,SKIP,,Price List 'DEAL' not found in Price_List__c
Price_List_Entry__c,ACC978 - PART - USD,MISSING,01t6A000000at8RQAQ,,,,71.530000,SKIP,,Price List 'PART' not found in Price_List__c
Price_List_Entry__c,ACC978 - DIST - USD,MISSING,01t6A000000at8RQAQ,,,,67.960000,SKIP,,Price List 'DIST' not found in Price_List__c
Price_List_Entry__c,ACC978 - SPEC - USD,MISSING,01t6A000000at8RQAQ,,,,64.370000,SKIP,,Price List 'SPEC' not found in Price_List__c
Price_List_Entry__c,ACC-VS2 - DEAL - USD,MISSING,01t6A000000asojQAA,,,,4.860000,SKIP,,Price List 'DEAL' not found in Price_List__c
Price_List_Entry__c,ACC-VS2 - PART - USD,MISSING,01t6A000000asojQAA,,,,3.840000,SKIP,,Price List 'PART' not found in Price_List__c
Price_List_Entry__c,ACC-VS2 - DIST - USD,MISSING,01t6A000000asojQAA,,,,3.650000,SKIP,,Price List 'DIST' not found in Price_List__c
Price_List_Entry__c,ACC-VS2 - SPEC - USD,MISSING,01t6A000000asojQAA,,,,3.480000,SKIP,,Price List 'SPEC' not found in Price_List__c
Price_List_Entry__c,CMR410 - DEAL - USD,MISSING,01t6A000000asnsQAA,,,,39.000000,SKIP,,Price List 'DEAL' not found in Price_List__c
Price_List_Entry__c,CMR410 - PART - USD,MISSING,01t6A000000asnsQAA,,,,31.000000,SKIP,,Price List 'PART' not found in Price_List__c
Price_List_Entry__c,CMR410 - DIST - USD,MISSING,01t6A000000asnsQAA,,,,29.000000,SKIP,,Price List 'DIST' not found in Price_List__c
Price_List_Entry__c,CMR410 - SPEC - USD,MISSING,01t6A000000asnsQAA,,,,28.000000,SKIP,,Price List 'SPEC' not found in Price_List__c
Price_List_Entry__c,HAR750 - DEAL - USD,MISSING,01t2K00000AoZnLQAV,,,,61.700000,SKIP,,Price List 'DEAL' not found in Price_List__c
Price_List_Entry__c,HAR750 - PART - USD,MISSING,01t2K00000AoZnLQAV,,,,48.720000,SKIP,,Price List 'PART' not found in Price_List__c
Price_List_Entry__c,HAR750 - DIST - USD,MISSING,01t2K00000AoZnLQAV,,,,46.270000,SKIP,,Price List 'DIST' not found in Price_List__c
Price_List_Entry__c,HAR750 - SPEC - USD,MISSING,01t2K00000AoZnLQAV,,,,43.840000,SKIP,,Price List 'SPEC' not found in Price_List__c
Price_List_Entry__c,HAR775 - DEAL - USD,MISSING,01t2K00000AoZnBQAV,,,,101.040000,SKIP,,Price List 'DEAL' not found in Price_List__c
Price_List_Entry__c,HAR775 - PART - USD,MISSING,01t2K00000AoZnBQAV,,,,79.760000,SKIP,,Price List 'PART' not found in Price_List__c
Price_List_Entry__c,HAR775 - DIST - USD,MISSING,01t2K00000AoZnBQAV,,,,75.770000,SKIP,,Price List 'DIST' not found in Price_List__c
Price_List_Entry__c,HAR775 - SPEC - USD,MISSING,01t2K00000AoZnBQAV,,,,71.470000,SKIP,,Price List 'SPEC' not found in Price_List__c
Price_List_Entry__c,HFT640 - DEAL - USD,MISSING,01t2K00000AoZnVQAV,,,,40.900000,SKIP,,Price List 'DEAL' not found in Price_List__c
Price_List_Entry__c,HFT640 - PART - USD,MISSING,01t2K00000AoZnVQAV,,,,32.290000,SKIP,,Price List 'PART' not found in Price_List__c
Price_List_Entry__c,HFT640 - DIST - USD,MISSING,01t2K00000AoZnVQAV,,,,30.680000,SKIP,,Price List 'DIST' not found in Price_List__c
Price_List_Entry__c,HFT640 - SPEC - USD,MISSING,01t2K00000AoZnVQAV,,,,29.050000,SKIP,,Price List 'SPEC' not found in Price_List__c
Price_List_Entry__c,HFT650 - DEAL - USD,MISSING,01t2K00000AoZnaQAF,,,,45.170000,SKIP,,Price List 'DEAL' not found in Price_List__c
Price_List_Entry__c,HFT650 - PART - USD,MISSING,01t2K00000AoZnaQAF,,,,35.650000,SKIP,,Price List 'PART' not found in Price_List__c
Price_List_Entry__c,HFT650 - DIST - USD,MISSING,01t2K00000AoZnaQAF,,,,33.870000,SKIP,,Price List 'DIST' not found in Price_List__c
Price_List_Entry__c,HFT650 - SPEC - USD,MISSING,01t2K00000AoZnaQAF,,,,32.090000,SKIP,,Price List 'SPEC' not found in Price_List__c
Price_List_Entry__c,HFT690 - DEAL - USD,MISSING,01t2K00000AoZnQQAV,,,,47.530000,SKIP,,Price List 'DEAL' not found in Price_List__c
Price_List_Entry__c,HFT690 - PART - USD,MISSING,01t2K00000AoZnQQAV,,,,37.530000,SKIP,,Price List 'PART' not found in Price_List__c
Price_List_Entry__c,HFT690 - DIST - USD,MISSING,01t2K00000AoZnQQAV,,,,35.650000,SKIP,,Price List 'DIST' not found in Price_List__c
Price_List_Entry__c,HFT690 - SPEC - USD,MISSING,01t2K00000AoZnQQAV,,,,33.770000,SKIP,,Price List 'SPEC' not found in Price_List__c
Price_List_Entry__c,KIL547 - DEAL - USD,MISSING,01t6A000000aqsZQAQ,,,,1914.330000,SKIP,,Price List 'DEAL' not found in Price_List__c
Price_List_Entry__c,KIL547 - PART - USD,MISSING,01t6A000000aqsZQAQ,,,,1812.940000,SKIP,,Price List 'PART' not found in Price_List__c
Price_List_Entry__c,KIL547 - DIST - USD,MISSING,01t6A000000aqsZQAQ,,,,1722.230000,SKIP,,Price List 'DIST' not found in Price_List__c
Price_List_Entry__c,KIL547 - SPEC - USD,MISSING,01t6A000000aqsZQAQ,,,,1631.520000,SKIP,,Price List 'SPEC' not found in Price_List__c
Price_List_Entry__c,KIL547-S - DEAL - USD,MISSING,01t6A000000aqsaQAA,,,,1914.330000,SKIP,,Price List 'DEAL' not found in Price_List__c
Price_List_Entry__c,KIL547-S - PART - USD,MISSING,01t6A000000aqsaQAA,,,,1812.940000,SKIP,,Price List 'PART' not found in Price_List__c
Price_List_Entry__c,KIL547-S - DIST - USD,MISSING,01t6A000000aqsaQAA,,,,1722.230000,SKIP,,Price List 'DIST' not found in Price_List__c
Price_List_Entry__c,KIL547-S - SPEC - USD,MISSING,01t6A000000aqsaQAA,,,,1631.520000,SKIP,,Price List 'SPEC' not found in Price_List__c
Price_List_Entry__c,KIL547-W - DEAL - USD,MISSING,01t6A000000aqlyQAA,,,,1914.330000,SKIP,,Price List 'DEAL' not found in Price_List__c
Price_List_Entry__c,KIL547-W - PART - USD,MISSING,01t6A000000aqlyQAA,,,,1812.940000,SKIP,,Price List 'PART' not found in Price_List__c
Price_List_Entry__c,KIL547-W - DIST - USD,MISSING,01t6A000000aqlyQAA,,,,1722.230000,SKIP,,Price List 'DIST' not found in Price_List__c
Price_List_Entry__c,KIL547-W - SPEC - USD,MISSING,01t6A000000aqlyQAA,,,,1631.520000,SKIP,,Price List 'SPEC' not found in Price_List__c
Price_List_Entry__c,KIL548 - DEAL - USD,MISSING,01t6A000000asElQAI,,,,1914.330000,SKIP,,Price List 'DEAL' not found in Price_List__c
Price_List_Entry__c,KIL548 - PART - USD,MISSING,01t6A000000asElQAI,,,,1812.940000,SKIP,,Price List 'PART' not found in Price_List__c
Price_List_Entry__c,KIL548 - DIST - USD,MISSING,01t6A000000asElQAI,,,,1722.230000,SKIP,,Price List 'DIST' not found in Price_List__c
Price_List_Entry__c,KIL548 - SPEC - USD,MISSING,01t6A000000asElQAI,,,,1631.520000,SKIP,,Price List 'SPEC' not found in Price_List__c
Price_List_Entry__c,KIL549-S - DEAL - USD,MISSING,01t6A000000asEnQAI,,,,1914.330000,SKIP,,Price List 'DEAL' not found in Price_List__c
Price_List_Entry__c,KIL549-S - PART - USD,MISSING,01t6A000000asEnQAI,,,,1812.940000,SKIP,,Price List 'PART' not found in Price_List__c
Price_List_Entry__c,KIL549-S - DIST - USD,MISSING,01t6A000000asEnQAI,,,,1722.230000,SKIP,,Price List 'DIST' not found in Price_List__c
Price_List_Entry__c,KIL549-S - SPEC - USD,MISSING,01t6A000000asEnQAI,,,,1631.520000,SKIP,,Price List 'SPEC' not found in Price_List__c
Price_List_Entry__c,KIL642-35D-S - DEAL - USD,MISSING,01t6A000000at9QQAQ,,,,1463.420000,SKIP,,Price List 'DEAL' not found in Price_List__c
Price_List_Entry__c,KIL642-35D-S - PART - USD,MISSING,01t6A000000at9QQAQ,,,,1386.060000,SKIP,,Price List 'PART' not found in Price_List__c
Price_List_Entry__c,KIL642-35D-S - DIST - USD,MISSING,01t6A000000at9QQAQ,,,,1316.690000,SKIP,,Price List 'DIST' not found in Price_List__c
Price_List_Entry__c,KIL642-35D-S - SPEC - USD,MISSING,01t6A000000at9QQAQ,,,,1247.310000,SKIP,,Price List 'SPEC' not found in Price_List__c
Price_List_Entry__c,KIL643 - DEAL - USD,MISSING,01t6A000000arFkQAI,,,,1350.030000,SKIP,,Price List 'DEAL' not found in Price_List__c
Price_List_Entry__c,KIL643 - PART - USD,MISSING,01t6A000000arFkQAI,,,,1279.330000,SKIP,,Price List 'PART' not found in Price_List__c
Price_List_Entry__c,KIL643 - DIST - USD,MISSING,01t6A000000arFkQAI,,,,1215.300000,SKIP,,Price List 'DIST' not found in Price_List__c
Price_List_Entry__c,KIL643 - SPEC - USD,MISSING,01t6A000000arFkQAI,,,,1151.270000,SKIP,,Price List 'SPEC' not found in Price_List__c
Price_List_Entry__c,KIL643-35D - DEAL - USD,MISSING,01t6A000000arFmQAI,,,,1463.420000,SKIP,,Price List 'DEAL' not found in Price_List__c
Price_List_Entry__c,KIL643-35D - PART - USD,MISSING,01t6A000000arFmQAI,,,,1386.060000,SKIP,,Price List 'PART' not found in Price_List__c
Price_List_Entry__c,KIL643-35D - DIST - USD,MISSING,01t6A000000arFmQAI,,,,1316.690000,SKIP,,Price List 'DIST' not found in Price_List__c
Price_List_Entry__c,KIL643-35D - SPEC - USD,MISSING,01t6A000000arFmQAI,,,,1247.310000,SKIP,,Price List 'SPEC' not found in Price_List__c
Price_List_Entry__c,KIL643-35D-S - DEAL - USD,MISSING,01t6A000000arFnQAI,,,,1463.420000,SKIP,,Price List 'DEAL' not found in Price_List__c
Price_List_Entry__c,KIL643-35D-S - PART - USD,MISSING,01t6A000000arFnQAI,,,,1386.060000,SKIP,,Price List 'PART' not found in Price_List__c
Price_List_Entry__c,KIL643-35D-S - DIST - USD,MISSING,01t6A000000arFnQAI,,,,1316.690000,SKIP,,Price List 'DIST' not found in Price_List__c
Price_List_Entry__c,KIL643-35D-S - SPEC - USD,MISSING,01t6A000000arFnQAI,,,,1247.310000,SKIP,,Price List 'SPEC' not found in Price_List__c
Price_List_Entry__c,KIL643-S - DEAL - USD,MISSING,01t6A000000arFlQAI,,,,1350.030000,SKIP,,Price List 'DEAL' not found in Price_List__c
Price_List_Entry__c,KIL643-S - PART - USD,MISSING,01t6A000000arFlQAI,,,,1279.330000,SKIP,,Price List 'PART' not found in Price_List__c
Price_List_Entry__c,KIL643-S - DIST - USD,MISSING,01t6A000000arFlQAI,,,,1215.300000,SKIP,,Price List 'DIST' not found in Price_List__c
Price_List_Entry__c,KIL643-S - SPEC - USD,MISSING,01t6A000000arFlQAI,,,,1151.270000,SKIP,,Price List 'SPEC' not found in Price_List__c
Price_List_Entry__c,KIL646 - DEAL - USD,MISSING,01t6A000000atZ1QAI,,,,1463.420000,SKIP,,Price List 'DEAL' not found in Price_List__c
Price_List_Entry__c,KIL646 - PART - USD,MISSING,01t6A000000atZ1QAI,,,,1386.060000,SKIP,,Price List 'PART' not found in Price_List__c
Price_List_Entry__c,KIL646 - DIST - USD,MISSING,01t6A000000atZ1QAI,,,,1316.690000,SKIP,,Price List 'DIST' not found in Price_List__c
Price_List_Entry__c,KIL646 - SPEC - USD,MISSING,01t6A000000atZ1QAI,,,,1247.310000,SKIP,,Price List 'SPEC' not found in Price_List__c
Price_List_Entry__c,KIL646-35D - DEAL - USD,MISSING,01t6A000000at9SQAQ,,,,1575.490000,SKIP,,Price List 'DEAL' not found in Price_List__c
Price_List_Entry__c,KIL646-35D - PART - USD,MISSING,01t6A000000at9SQAQ,,,,1492.780000,SKIP,,Price List 'PART' not found in Price_List__c
Price_List_Entry__c,KIL646-35D - DIST - USD,MISSING,01t6A000000at9SQAQ,,,,1418.080000,SKIP,,Price List 'DIST' not found in Price_List__c
Price_List_Entry__c,KIL646-35D - SPEC - USD,MISSING,01t6A000000at9SQAQ,,,,1343.360000,SKIP,,Price List 'SPEC' not found in Price_List__c
Price_List_Entry__c,KIL646-35D-S - DEAL - USD,MISSING,01t6A000000at9TQAQ,,,,1575.490000,SKIP,,Price List 'DEAL' not found in Price_List__c
Price_List_Entry__c,KIL646-35D-S - PART - USD,MISSING,01t6A000000at9TQAQ,,,,1492.780000,SKIP,,Price List 'PART' not found in Price_List__c
Price_List_Entry__c,KIL646-35D-S - DIST - USD,MISSING,01t6A000000at9TQAQ,,,,1418.080000,SKIP,,Price List 'DIST' not found in Price_List__c
Price_List_Entry__c,KIL646-35D-S - SPEC - USD,MISSING,01t6A000000at9TQAQ,,,,1343.360000,SKIP,,Price List 'SPEC' not found in Price_List__c
Price_List_Entry__c,KIL646-S - DEAL - USD,MISSING,01t6A000000atZ2QAI,,,,1463.420000,SKIP,,Price List 'DEAL' not found in Price_List__c
Price_List_Entry__c,KIL646-S - PART - USD,MISSING,01t6A000000atZ2QAI,,,,1386.060000,SKIP,,Price List 'PART' not found in Price_List__c
Price_List_Entry__c,KIL646-S - DIST - USD,MISSING,01t6A000000atZ2QAI,,,,1316.690000,SKIP,,Price List 'DIST' not found in Price_List__c
Price_List_Entry__c,KIL646-S - SPEC - USD,MISSING,01t6A000000atZ2QAI,,,,1247.310000,SKIP,,Price List 'SPEC' not found in Price_List__c
Price_List_Entry__c,KIL647 - DEAL - USD,MISSING,01t6A000000atZ3QAI,,,,1463.420000,SKIP,,Price List 'DEAL' not found in Price_List__c
Price_List_Entry__c,KIL647 - PART - USD,MISSING,01t6A000000atZ3QAI,,,,1386.060000,SKIP,,Price List 'PART' not found in Price_List__c
Price_List_Entry__c,KIL647 - DIST - USD,MISSING,01t6A000000atZ3QAI,,,,1316.690000,SKIP,,Price List 'DIST' not found in Price_List__c
Price_List_Entry__c,KIL647 - SPEC - USD,MISSING,01t6A000000atZ3QAI,,,,1247.310000,SKIP,,Price List 'SPEC' not found in Price_List__c
Price_List_Entry__c,KIL647-35D - DEAL - USD,MISSING,01t6A000000at9VQAQ,,,,1575.490000,SKIP,,Price List 'DEAL' not found in Price_List__c
Price_List_Entry__c,KIL647-35D - PART - USD,MISSING,01t6A000000at9VQAQ,,,,1492.780000,SKIP,,Price List 'PART' not found in Price_List__c
Price_List_Entry__c,KIL647-35D - DIST - USD,MISSING,01t6A000000at9VQAQ,,,,1418.080000,SKIP,,Price List 'DIST' not found in Price_List__c
Price_List_Entry__c,KIL647-35D - SPEC - USD,MISSING,01t6A000000at9VQAQ,,,,1343.360000,SKIP,,Price List 'SPEC' not found in Price_List__c
Price_List_Entry__c,KIL647-35D-S - DEAL - USD,MISSING,01t6A000000at9UQAQ,,,,1575.490000,SKIP,,Price List 'DEAL' not found in Price_List__c
Price_List_Entry__c,KIL647-35D-S - PART - USD,MISSING,01t6A000000at9UQAQ,,,,1492.780000,SKIP,,Price List 'PART' not found in Price_List__c
Price_List_Entry__c,KIL647-35D-S - DIST - USD,MISSING,01t6A000000at9UQAQ,,,,1418.080000,SKIP,,Price List 'DIST' not found in Price_List__c
Price_List_Entry__c,KIL647-35D-S - SPEC - USD,MISSING,01t6A000000at9UQAQ,,,,1343.360000,SKIP,,Price List 'SPEC' not found in Price_List__c
Price_List_Entry__c,KIL647-S - DEAL - USD,MISSING,01t6A000000atZ4QAI,,,,1463.420000,SKIP,,Price List 'DEAL' not found in Price_List__c
Price_List_Entry__c,KIL647-S - PART - USD,MISSING,01t6A000000atZ4QAI,,,,1386.060000,SKIP,,Price List 'PART' not found in Price_List__c
Price_List_Entry__c,KIL647-S - DIST - USD,MISSING,01t6A000000atZ4QAI,,,,1316.690000,SKIP,,Price List 'DIST' not found in Price_List__c
Price_List_Entry__c,KIL647-S - SPEC - USD,MISSING,01t6A000000atZ4QAI,,,,1247.310000,SKIP,,Price List 'SPEC' not found in Price_List__c
Price_List_Entry__c,KIL648 - DEAL - USD,MISSING,01t6A000000asd9QAA,,,,1330.380000,SKIP,,Price List 'DEAL' not found in Price_List__c
Price_List_Entry__c,KIL648 - PART - USD,MISSING,01t6A000000asd9QAA,,,,1260.050000,SKIP,,Price List 'PART' not found in Price_List__c
Price_List_Entry__c,KIL648 - DIST - USD,MISSING,01t6A000000asd9QAA,,,,1196.990000,SKIP,,Price List 'DIST' not found in Price_List__c
Price_List_Entry__c,KIL648 - SPEC - USD,MISSING,01t6A000000asd9QAA,,,,1133.920000,SKIP,,Price List 'SPEC' not found in Price_List__c
Price_List_Entry__c,KIL648-35D-S - DEAL - USD,MISSING,01t6A000000aru7QAA,,,,1575.490000,SKIP,,Price List 'DEAL' not found in Price_List__c
Price_List_Entry__c,KIL648-35D-S - PART - USD,MISSING,01t6A000000aru7QAA,,,,1492.780000,SKIP,,Price List 'PART' not found in Price_List__c
Price_List_Entry__c,KIL648-35D-S - DIST - USD,MISSING,01t6A000000aru7QAA,,,,1418.080000,SKIP,,Price List 'DIST' not found in Price_List__c
Price_List_Entry__c,KIL648-35D-S - SPEC - USD,MISSING,01t6A000000aru7QAA,,,,1343.360000,SKIP,,Price List 'SPEC' not found in Price_List__c
Price_List_Entry__c,KIL649-35D-S - DEAL - USD,MISSING,01t6A000000ask1QAA,,,,1432.260000,SKIP,,Price List 'DEAL' not found in Price_List__c
Price_List_Entry__c,KIL649-35D-S - PART - USD,MISSING,01t6A000000ask1QAA,,,,1357.070000,SKIP,,Price List 'PART' not found in Price_List__c
Price_List_Entry__c,KIL649-35D-S - DIST - USD,MISSING,01t6A000000ask1QAA,,,,1289.160000,SKIP,,Price List 'DIST' not found in Price_List__c
Price_List_Entry__c,KIL649-35D-S - SPEC - USD,MISSING,01t6A000000ask1QAA,,,,1221.240000,SKIP,,Price List 'SPEC' not found in Price_List__c
Price_List_Entry__c,KIL655 - DEAL - USD,MISSING,01t6A000000asdAQAQ,,,,1575.490000,SKIP,,Price List 'DEAL' not found in Price_List__c
Price_List_Entry__c,KIL655 - PART - USD,MISSING,01t6A000000asdAQAQ,,,,1492.780000,SKIP,,Price List 'PART' not found in Price_List__c
Price_List_Entry__c,KIL655 - DIST - USD,MISSING,01t6A000000asdAQAQ,,,,1418.080000,SKIP,,Price List 'DIST' not found in Price_List__c
Price_List_Entry__c,KIL655 - SPEC - USD,MISSING,01t6A000000asdAQAQ,,,,1343.360000,SKIP,,Price List 'SPEC' not found in Price_List__c
Price_List_Entry__c,KIL655-35D - DEAL - USD,MISSING,01t6A000000aru9QAA,,,,1688.890000,SKIP,,Price List 'DEAL' not found in Price_List__c
Price_List_Entry__c,KIL655-35D - PART - USD,MISSING,01t6A000000aru9QAA,,,,1599.500000,SKIP,,Price List 'PART' not found in Price_List__c
Price_List_Entry__c,KIL655-35D - DIST - USD,MISSING,01t6A000000aru9QAA,,,,1519.460000,SKIP,,Price List 'DIST' not found in Price_List__c
Price_List_Entry__c,KIL655-35D - SPEC - USD,MISSING,01t6A000000aru9QAA,,,,1439.420000,SKIP,,Price List 'SPEC' not found in Price_List__c
Price_List_Entry__c,KIL655-35D-B-HEX - DEAL - USD,MISSING,01t6A000002iNnNQAU,,,,1688.890000,SKIP,,Price List 'DEAL' not found in Price_List__c
Price_List_Entry__c,KIL655-35D-B-HEX - PART - USD,MISSING,01t6A000002iNnNQAU,,,,1599.500000,SKIP,,Price List 'PART' not found in Price_List__c
Price_List_Entry__c,KIL655-35D-B-HEX - DIST - USD,MISSING,01t6A000002iNnNQAU,,,,1519.460000,SKIP,,Price List 'DIST' not found in Price_List__c
Price_List_Entry__c,KIL655-35D-B-HEX - SPEC - USD,MISSING,01t6A000002iNnNQAU,,,,1439.420000,SKIP,,Price List 'SPEC' not found in Price_List__c
Price_List_Entry__c,KIL655-35D-S - DEAL - USD,MISSING,01t6A000000aru8QAA,,,,1688.890000,SKIP,,Price List 'DEAL' not found in Price_List__c
Price_List_Entry__c,KIL655-35D-S - PART - USD,MISSING,01t6A000000aru8QAA,,,,1599.500000,SKIP,,Price List 'PART' not found in Price_List__c
Price_List_Entry__c,KIL655-35D-S - DIST - USD,MISSING,01t6A000000aru8QAA,,,,1519.460000,SKIP,,Price List 'DIST' not found in Price_List__c
Price_List_Entry__c,KIL655-35D-S - SPEC - USD,MISSING,01t6A000000aru8QAA,,,,1439.420000,SKIP,,Price List 'SPEC' not found in Price_List__c
Price_List_Entry__c,KIL655-S - DEAL - USD,MISSING,01t6A000000asXzQAI,,,,1575.490000,SKIP,,Price List 'DEAL' not found in Price_List__c
Price_List_Entry__c,KIL655-S - PART - USD,MISSING,01t6A000000asXzQAI,,,,1492.780000,SKIP,,Price List 'PART' not found in Price_List__c
Price_List_Entry__c,KIL655-S - DIST - USD,MISSING,01t6A000000asXzQAI,,,,1418.080000,SKIP,,Price List 'DIST' not found in Price_List__c
Price_List_Entry__c,KIL655-S - SPEC - USD,MISSING,01t6A000000asXzQAI,,,,1343.360000,SKIP,,Price List 'SPEC' not found in Price_List__c
Price_List_Entry__c,KIL740 - DEAL - USD,MISSING,01t6A000000atW1QAI,,,,1023.560000,SKIP,,Price List 'DEAL' not found in Price_List__c
Price_List_Entry__c,KIL740 - PART - USD,MISSING,01t6A000000atW1QAI,,,,968.990000,SKIP,,Price List 'PART' not found in Price_List__c
Price_List_Entry__c,KIL740 - DIST - USD,MISSING,01t6A000000atW1QAI,,,,920.480000,SKIP,,Price List 'DIST' not found in Price_List__c
Price_List_Entry__c,KIL740 - SPEC - USD,MISSING,01t6A000000atW1QAI,,,,871.970000,SKIP,,Price List 'SPEC' not found in Price_List__c
Price_List_Entry__c,KILH543 - DEAL - USD,MISSING,01t6A000000asngQAA,,,,1800.940000,SKIP,,Price List 'DEAL' not found in Price_List__c
Price_List_Entry__c,KILH543 - PART - USD,MISSING,01t6A000000asngQAA,,,,1706.220000,SKIP,,Price List 'PART' not found in Price_List__c
Price_List_Entry__c,KILH543 - DIST - USD,MISSING,01t6A000000asngQAA,,,,1620.840000,SKIP,,Price List 'DIST' not found in Price_List__c
Price_List_Entry__c,KILH543 - SPEC - USD,MISSING,01t6A000000asngQAA,,,,1535.470000,SKIP,,Price List 'SPEC' not found in Price_List__c
Price_List_Entry__c,KILH543-S - DEAL - USD,MISSING,01t6A000000asnhQAA,,,,1800.940000,SKIP,,Price List 'DEAL' not found in Price_List__c
Price_List_Entry__c,KILH543-S - PART - USD,MISSING,01t6A000000asnhQAA,,,,1706.220000,SKIP,,Price List 'PART' not found in Price_List__c
Price_List_Entry__c,KILH543-S - DIST - USD,MISSING,01t6A000000asnhQAA,,,,1620.840000,SKIP,,Price List 'DIST' not found in Price_List__c
Price_List_Entry__c,KILH543-S - SPEC - USD,MISSING,01t6A000000asnhQAA,,,,1535.470000,SKIP,,Price List 'SPEC' not found in Price_List__c
Price_List_Entry__c,KILH546-W - DEAL - USD,MISSING,01t6A000002ZqNTQA0,,,,1740.300000,SKIP,,Price List 'DEAL' not found in Price_List__c
Price_List_Entry__c,KILH546-W - PART - USD,MISSING,01t6A000002ZqNTQA0,,,,1648.130000,SKIP,,Price List 'PART' not found in Price_List__c
Price_List_Entry__c,KILH546-W - DIST - USD,MISSING,01t6A000002ZqNTQA0,,,,1565.660000,SKIP,,Price List 'DIST' not found in Price_List__c
Price_List_Entry__c,KILH546-W - SPEC - USD,MISSING,01t6A000002ZqNTQA0,,,,1483.200000,SKIP,,Price List 'SPEC' not found in Price_List__c
Price_List_Entry__c,KILH547 - DEAL - USD,MISSING,01t6A000000atOpQAI,,,,1914.330000,SKIP,,Price List 'DEAL' not found in Price_List__c
Price_List_Entry__c,KILH547 - PART - USD,MISSING,01t6A000000atOpQAI,,,,1812.940000,SKIP,,Price List 'PART' not found in Price_List__c
Price_List_Entry__c,KILH547 - DIST - USD,MISSING,01t6A000000atOpQAI,,,,1722.230000,SKIP,,Price List 'DIST' not found in Price_List__c
Price_List_Entry__c,KILH547 - SPEC - USD,MISSING,01t6A000000atOpQAI,,,,1631.520000,SKIP,,Price List 'SPEC' not found in Price_List__c
Price_List_Entry__c,KILH547-S - DEAL - USD,MISSING,01t6A000000asgLQAQ,,,,1914.330000,SKIP,,Price List 'DEAL' not found in Price_List__c
Price_List_Entry__c,KILH547-S - PART - USD,MISSING,01t6A000000asgLQAQ,,,,1812.940000,SKIP,,Price List 'PART' not found in Price_List__c
Price_List_Entry__c,KILH547-S - DIST - USD,MISSING,01t6A000000asgLQAQ,,,,1722.230000,SKIP,,Price List 'DIST' not found in Price_List__c
Price_List_Entry__c,KILH547-S - SPEC - USD,MISSING,01t6A000000asgLQAQ,,,,1631.520000,SKIP,,Price List 'SPEC' not found in Price_List__c
Price_List_Entry__c,KILH555 - DEAL - USD,MISSING,01t6A000000aqrkQAA,,,,2026.390000,SKIP,,Price List 'DEAL' not found in Price_List__c
Price_List_Entry__c,KILH555 - PART - USD,MISSING,01t6A000000aqrkQAA,,,,1919.670000,SKIP,,Price List 'PART' not found in Price_List__c
Price_List_Entry__c,KILH555 - DIST - USD,MISSING,01t6A000000aqrkQAA,,,,1823.610000,SKIP,,Price List 'DIST' not found in Price_List__c
Price_List_Entry__c,KILH555 - SPEC - USD,MISSING,01t6A000000aqrkQAA,,,,1727.560000,SKIP,,Price List 'SPEC' not found in Price_List__c
Price_List_Entry__c,KILH555-S - DEAL - USD,MISSING,01t6A000000ash8QAA,,,,2026.390000,SKIP,,Price List 'DEAL' not found in Price_List__c
Price_List_Entry__c,KILH555-S - PART - USD,MISSING,01t6A000000ash8QAA,,,,1919.670000,SKIP,,Price List 'PART' not found in Price_List__c
Price_List_Entry__c,KILH555-S - DIST - USD,MISSING,01t6A000000ash8QAA,,,,1823.610000,SKIP,,Price List 'DIST' not found in Price_List__c
Price_List_Entry__c,KILH555-S - SPEC - USD,MISSING,01t6A000000ash8QAA,,,,1727.560000,SKIP,,Price List 'SPEC' not found in Price_List__c
Price_List_Entry__c,KIP522 - DEAL - USD,MISSING,01t2K00000AoZnGQAV,,,,748.330000,SKIP,,Price List 'DEAL' not found in Price_List__c
Price_List_Entry__c,KIP522 - PART - USD,MISSING,01t2K00000AoZnGQAV,,,,703.860000,SKIP,,Price List 'PART' not found in Price_List__c
Price_List_Entry__c,KIP522 - DIST - USD,MISSING,01t2K00000AoZnGQAV,,,,668.280000,SKIP,,Price List 'DIST' not found in Price_List__c
Price_List_Entry__c,KIP522 - SPEC - USD,MISSING,01t2K00000AoZnGQAV,,,,637.790000,SKIP,,Price List 'SPEC' not found in Price_List__c
Price_List_Entry__c,KIP522-S - DEAL - USD,MISSING,01t2K000006SuH8QAK,,,,748.330000,SKIP,,Price List 'DEAL' not found in Price_List__c
Price_List_Entry__c,KIP522-S - PART - USD,MISSING,01t2K000006SuH8QAK,,,,703.860000,SKIP,,Price List 'PART' not found in Price_List__c
Price_List_Entry__c,KIP522-S - DIST - USD,MISSING,01t2K000006SuH8QAK,,,,668.280000,SKIP,,Price List 'DIST' not found in Price_List__c
Price_List_Entry__c,KIP522-S - SPEC - USD,MISSING,01t2K000006SuH8QAK,,,,637.790000,SKIP,,Price List 'SPEC' not found in Price_List__c
Price_List_Entry__c,KIP586-1LG - DEAL - USD,MISSING,01t6A000000arIMQAY,,,,2457.040000,SKIP,,Price List 'DEAL' not found in Price_List__c
Price_List_Entry__c,KIP586-1LG - PART - USD,MISSING,01t6A000000arIMQAY,,,,2327.270000,SKIP,,Price List 'PART' not found in Price_List__c
Price_List_Entry__c,KIP586-1LG - DIST - USD,MISSING,01t6A000000arIMQAY,,,,2210.850000,SKIP,,Price List 'DIST' not found in Price_List__c
Price_List_Entry__c,KIP586-1LG - SPEC - USD,MISSING,01t6A000000arIMQAY,,,,2094.420000,SKIP,,Price List 'SPEC' not found in Price_List__c
Price_List_Entry__c,KIP586-2LG - DEAL - USD,MISSING,01t6A000000arILQAY,,,,2702.740000,SKIP,,Price List 'DEAL' not found in Price_List__c
Price_List_Entry__c,KIP586-2LG - PART - USD,MISSING,01t6A000000arILQAY,,,,2560.000000,SKIP,,Price List 'PART' not found in Price_List__c
Price_List_Entry__c,KIP586-2LG - DIST - USD,MISSING,01t6A000000arILQAY,,,,2431.940000,SKIP,,Price List 'DIST' not found in Price_List__c
Price_List_Entry__c,KIP586-2LG - SPEC - USD,MISSING,01t6A000000arILQAY,,,,2303.860000,SKIP,,Price List 'SPEC' not found in Price_List__c
Price_List_Entry__c,KIP586-2LG-S - DEAL - USD,MISSING,01t6A000000arIOQAY,,,,2702.740000,SKIP,,Price List 'DEAL' not found in Price_List__c
Price_List_Entry__c,KIP586-2LG-S - PART - USD,MISSING,01t6A000000arIOQAY,,,,2560.000000,SKIP,,Price List 'PART' not found in Price_List__c
Price_List_Entry__c,KIP586-2LG-S - DIST - USD,MISSING,01t6A000000arIOQAY,,,,2431.940000,SKIP,,Price List 'DIST' not found in Price_List__c
Price_List_Entry__c,KIP586-2LG-S - SPEC - USD,MISSING,01t6A000000arIOQAY,,,,2303.860000,SKIP,,Price List 'SPEC' not found in Price_List__c
Price_List_Entry__c,KIP586-2LG-W - DEAL - USD,MISSING,01t6A000002ga09QAA,,,,2702.740000,SKIP,,Price List 'DEAL' not found in Price_List__c
Price_List_Entry__c,KIP586-2LG-W - PART - USD,MISSING,01t6A000002ga09QAA,,,,2560.000000,SKIP,,Price List 'PART' not found in Price_List__c
Price_List_Entry__c,KIP586-2LG-W - DIST - USD,MISSING,01t6A000002ga09QAA,,,,2431.940000,SKIP,,Price List 'DIST' not found in Price_List__c
Price_List_Entry__c,KIP586-2LG-W - SPEC - USD,MISSING,01t6A000002ga09QAA,,,,2303.860000,SKIP,,Price List 'SPEC' not found in Price_List__c
Price_List_Entry__c,KIP586-3LG - DEAL - USD,MISSING,01t6A000000arIKQAY,,,,2928.190000,SKIP,,Price List 'DEAL' not found in Price_List__c
Price_List_Entry__c,KIP586-3LG - PART - USD,MISSING,01t6A000000arIKQAY,,,,2773.440000,SKIP,,Price List 'PART' not found in Price_List__c
Price_List_Entry__c,KIP586-3LG - DIST - USD,MISSING,01t6A000000arIKQAY,,,,2634.700000,SKIP,,Price List 'DIST' not found in Price_List__c
Price_List_Entry__c,KIP586-3LG - SPEC - USD,MISSING,01t6A000000arIKQAY,,,,2495.970000,SKIP,,Price List 'SPEC' not found in Price_List__c
Price_List_Entry__c,KIP586-3LG-S - DEAL - USD,MISSING,01t6A000000arIPQAY,,,,2928.190000,SKIP,,Price List 'DEAL' not found in Price_List__c
Price_List_Entry__c,KIP586-3LG-S - PART - USD,MISSING,01t6A000000arIPQAY,,,,2773.440000,SKIP,,Price List 'PART' not found in Price_List__c
Price_List_Entry__c,KIP586-3LG-S - DIST - USD,MISSING,01t6A000000arIPQAY,,,,2634.700000,SKIP,,Price List 'DIST' not found in Price_List__c
Price_List_Entry__c,KIP586-3LG-S - SPEC - USD,MISSING,01t6A000000arIPQAY,,,,2495.970000,SKIP,,Price List 'SPEC' not found in Price_List__c
Price_List_Entry__c,KIP586-4LG - DEAL - USD,MISSING,01t6A000000aqfkQAA,,,,3040.250000,SKIP,,Price List 'DEAL' not found in Price_List__c
Price_List_Entry__c,KIP586-4LG - PART - USD,MISSING,01t6A000000aqfkQAA,,,,2880.160000,SKIP,,Price List 'PART' not found in Price_List__c
Price_List_Entry__c,KIP586-4LG - DIST - USD,MISSING,01t6A000000aqfkQAA,,,,2736.090000,SKIP,,Price List 'DIST' not found in Price_List__c
Price_List_Entry__c,KIP586-4LG - SPEC - USD,MISSING,01t6A000000aqfkQAA,,,,2592.020000,SKIP,,Price List 'SPEC' not found in Price_List__c
Price_List_Entry__c,KIP586-4LG-S - DEAL - USD,MISSING,01t6A000000aruFQAQ,,,,3040.250000,SKIP,,Price List 'DEAL' not found in Price_List__c
Price_List_Entry__c,KIP586-4LG-S - PART - USD,MISSING,01t6A000000aruFQAQ,,,,2880.160000,SKIP,,Price List 'PART' not found in Price_List__c
Price_List_Entry__c,KIP586-4LG-S - DIST - USD,MISSING,01t6A000000aruFQAQ,,,,2736.090000,SKIP,,Price List 'DIST' not found in Price_List__c
Price_List_Entry__c,KIP586-4LG-S - SPEC - USD,MISSING,01t6A000000aruFQAQ,,,,2592.020000,SKIP,,Price List 'SPEC' not found in Price_List__c
Price_List_Entry__c,KIP640-35D - DEAL - USD,MISSING,01t6A000000at9rQAA,,,,1463.420000,SKIP,,Price List 'DEAL' not found in Price_List__c
Price_List_Entry__c,KIP640-35D - PART - USD,MISSING,01t6A000000at9rQAA,,,,1386.060000,SKIP,,Price List 'PART' not found in Price_List__c
Price_List_Entry__c,KIP640-35D - DIST - USD,MISSING,01t6A000000at9rQAA,,,,1316.690000,SKIP,,Price List 'DIST' not found in Price_List__c
Price_List_Entry__c,KIP640-35D - SPEC - USD,MISSING,01t6A000000at9rQAA,,,,1247.310000,SKIP,,Price List 'SPEC' not found in Price_List__c
Price_List_Entry__c,KIP640-35D-S - DEAL - USD,MISSING,01t6A000000at9qQAA,,,,1463.420000,SKIP,,Price List 'DEAL' not found in Price_List__c
Price_List_Entry__c,KIP640-35D-S - PART - USD,MISSING,01t6A000000at9qQAA,,,,1386.060000,SKIP,,Price List 'PART' not found in Price_List__c
Price_List_Entry__c,KIP640-35D-S - DIST - USD,MISSING,01t6A000000at9qQAA,,,,1316.690000,SKIP,,Price List 'DIST' not found in Price_List__c
Price_List_Entry__c,KIP640-35D-S - SPEC - USD,MISSING,01t6A000000at9qQAA,,,,1247.310000,SKIP,,Price List 'SPEC' not found in Price_List__c
Price_List_Entry__c,KIP642-35D - DEAL - USD,MISSING,01t6A000000at9oQAA,,,,1463.420000,SKIP,,Price List 'DEAL' not found in Price_List__c
Price_List_Entry__c,KIP642-35D - PART - USD,MISSING,01t6A000000at9oQAA,,,,1386.060000,SKIP,,Price List 'PART' not found in Price_List__c
Price_List_Entry__c,KIP642-35D - DIST - USD,MISSING,01t6A000000at9oQAA,,,,1316.690000,SKIP,,Price List 'DIST' not found in Price_List__c
Price_List_Entry__c,KIP642-35D - SPEC - USD,MISSING,01t6A000000at9oQAA,,,,1247.310000,SKIP,,Price List 'SPEC' not found in Price_List__c
Price_List_Entry__c,KIP642-35D-S - DEAL - USD,MISSING,01t6A000000at9pQAA,,,,1463.420000,SKIP,,Price List 'DEAL' not found in Price_List__c
Price_List_Entry__c,KIP642-35D-S - PART - USD,MISSING,01t6A000000at9pQAA,,,,1386.060000,SKIP,,Price List 'PART' not found in Price_List__c
Price_List_Entry__c,KIP642-35D-S - DIST - USD,MISSING,01t6A000000at9pQAA,,,,1316.690000,SKIP,,Price List 'DIST' not found in Price_List__c
Price_List_Entry__c,KIP642-35D-S - SPEC - USD,MISSING,01t6A000000at9pQAA,,,,1247.310000,SKIP,,Price List 'SPEC' not found in Price_List__c
Price_List_Entry__c,KIP646-35D - DEAL - USD,MISSING,01t6A000000at9nQAA,,,,1575.490000,SKIP,,Price List 'DEAL' not found in Price_List__c
Price_List_Entry__c,KIP646-35D - PART - USD,MISSING,01t6A000000at9nQAA,,,,1492.780000,SKIP,,Price List 'PART' not found in Price_List__c
Price_List_Entry__c,KIP646-35D - DIST - USD,MISSING,01t6A000000at9nQAA,,,,1418.080000,SKIP,,Price List 'DIST' not found in Price_List__c
Price_List_Entry__c,KIP646-35D - SPEC - USD,MISSING,01t6A000000at9nQAA,,,,1343.360000,SKIP,,Price List 'SPEC' not found in Price_List__c
Price_List_Entry__c,KIP647-35D - DEAL - USD,MISSING,01t6A000000at9kQAA,,,,1575.490000,SKIP,,Price List 'DEAL' not found in Price_List__c
Price_List_Entry__c,KIP647-35D - PART - USD,MISSING,01t6A000000at9kQAA,,,,1492.780000,SKIP,,Price List 'PART' not found in Price_List__c
Price_List_Entry__c,KIP647-35D - DIST - USD,MISSING,01t6A000000at9kQAA,,,,1418.080000,SKIP,,Price List 'DIST' not found in Price_List__c
Price_List_Entry__c,KIP647-35D - SPEC - USD,MISSING,01t6A000000at9kQAA,,,,1343.360000,SKIP,,Price List 'SPEC' not found in Price_List__c
Price_List_Entry__c,KIP647-35D-S - DEAL - USD,MISSING,01t6A000000at9lQAA,,,,1575.490000,SKIP,,Price List 'DEAL' not found in Price_List__c
Price_List_Entry__c,KIP647-35D-S - PART - USD,MISSING,01t6A000000at9lQAA,,,,1492.780000,SKIP,,Price List 'PART' not found in Price_List__c
Price_List_Entry__c,KIP647-35D-S - DIST - USD,MISSING,01t6A000000at9lQAA,,,,1418.080000,SKIP,,Price List 'DIST' not found in Price_List__c
Price_List_Entry__c,KIP647-35D-S - SPEC - USD,MISSING,01t6A000000at9lQAA,,,,1343.360000,SKIP,,Price List 'SPEC' not found in Price_List__c
Price_List_Entry__c,KIP648-35D - DEAL - USD,MISSING,01t6A000000at9jQAA,,,,1575.490000,SKIP,,Price List 'DEAL' not found in Price_List__c
Price_List_Entry__c,KIP648-35D - PART - USD,MISSING,01t6A000000at9jQAA,,,,1492.780000,SKIP,,Price List 'PART' not found in Price_List__c
Price_List_Entry__c,KIP648-35D - DIST - USD,MISSING,01t6A000000at9jQAA,,,,1418.080000,SKIP,,Price List 'DIST' not found in Price_List__c
Price_List_Entry__c,KIP648-35D - SPEC - USD,MISSING,01t6A000000at9jQAA,,,,1343.360000,SKIP,,Price List 'SPEC' not found in Price_List__c
Price_List_Entry__c,KIP648-35D-S - DEAL - USD,MISSING,01t6A000000at9iQAA,,,,1575.490000,SKIP,,Price List 'DEAL' not found in Price_List__c
Price_List_Entry__c,KIP648-35D-S - PART - USD,MISSING,01t6A000000at9iQAA,,,,1492.780000,SKIP,,Price List 'PART' not found in Price_List__c
Price_List_Entry__c,KIP648-35D-S - DIST - USD,MISSING,01t6A000000at9iQAA,,,,1418.080000,SKIP,,Price List 'DIST' not found in Price_List__c
Price_List_Entry__c,KIP648-35D-S - SPEC - USD,MISSING,01t6A000000at9iQAA,,,,1343.360000,SKIP,,Price List 'SPEC' not found in Price_List__c
Price_List_Entry__c,KIP649-35D - DEAL - USD,MISSING,01t6A000000aqrhQAA,,,,1575.490000,SKIP,,Price List 'DEAL' not found in Price_List__c
Price_List_Entry__c,KIP649-35D - PART - USD,MISSING,01t6A000000aqrhQAA,,,,1492.780000,SKIP,,Price List 'PART' not found in Price_List__c
Price_List_Entry__c,KIP649-35D - DIST - USD,MISSING,01t6A000000aqrhQAA,,,,1418.080000,SKIP,,Price List 'DIST' not found in Price_List__c
Price_List_Entry__c,KIP649-35D - SPEC - USD,MISSING,01t6A000000aqrhQAA,,,,1343.360000,SKIP,,Price List 'SPEC' not found in Price_List__c
Price_List_Entry__c,KIP649-35D-S - DEAL - USD,MISSING,01t6A000000aqriQAA,,,,1575.490000,SKIP,,Price List 'DEAL' not found in Price_List__c
Price_List_Entry__c,KIP649-35D-S - PART - USD,MISSING,01t6A000000aqriQAA,,,,1492.780000,SKIP,,Price List 'PART' not found in Price_List__c
Price_List_Entry__c,KIP649-35D-S - DIST - USD,MISSING,01t6A000000aqriQAA,,,,1418.080000,SKIP,,Price List 'DIST' not found in Price_List__c
Price_List_Entry__c,KIP649-35D-S - SPEC - USD,MISSING,01t6A000000aqriQAA,,,,1343.360000,SKIP,,Price List 'SPEC' not found in Price_List__c
Price_List_Entry__c,KIP655 - DEAL - USD,MISSING,01t6A000000asdEQAQ,,,,1575.490000,SKIP,,Price List 'DEAL' not found in Price_List__c
Price_List_Entry__c,KIP655 - PART - USD,MISSING,01t6A000000asdEQAQ,,,,1492.780000,SKIP,,Price List 'PART' not found in Price_List__c
Price_List_Entry__c,KIP655 - DIST - USD,MISSING,01t6A000000asdEQAQ,,,,1418.080000,SKIP,,Price List 'DIST' not found in Price_List__c
Price_List_Entry__c,KIP655 - SPEC - USD,MISSING,01t6A000000asdEQAQ,,,,1343.360000,SKIP,,Price List 'SPEC' not found in Price_List__c
Price_List_Entry__c,KIP655-35D - DEAL - USD,MISSING,01t6A000000aruAQAQ,,,,1688.890000,SKIP,,Price List 'DEAL' not found in Price_List__c
Price_List_Entry__c,KIP655-35D - PART - USD,MISSING,01t6A000000aruAQAQ,,,,1599.500000,SKIP,,Price List 'PART' not found in Price_List__c
Price_List_Entry__c,KIP655-35D - DIST - USD,MISSING,01t6A000000aruAQAQ,,,,1519.460000,SKIP,,Price List 'DIST' not found in Price_List__c
Price_List_Entry__c,KIP655-35D - SPEC - USD,MISSING,01t6A000000aruAQAQ,,,,1439.420000,SKIP,,Price List 'SPEC' not found in Price_List__c
Price_List_Entry__c,KIP655-35D-S - DEAL - USD,MISSING,01t6A000000aruBQAQ,,,,1688.890000,SKIP,,Price List 'DEAL' not found in Price_List__c
Price_List_Entry__c,KIP655-35D-S - PART - USD,MISSING,01t6A000000aruBQAQ,,,,1599.500000,SKIP,,Price List 'PART' not found in Price_List__c
Price_List_Entry__c,KIP655-35D-S - DIST - USD,MISSING,01t6A000000aruBQAQ,,,,1519.460000,SKIP,,Price List 'DIST' not found in Price_List__c
Price_List_Entry__c,KIP655-35D-S - SPEC - USD,MISSING,01t6A000000aruBQAQ,,,,1439.420000,SKIP,,Price List 'SPEC' not found in Price_List__c
Price_List_Entry__c,KIP655-S - DEAL - USD,MISSING,01t6A000000asJEQAY,,,,1575.490000,SKIP,,Price List 'DEAL' not found in Price_List__c
Price_List_Entry__c,KIP655-S - PART - USD,MISSING,01t6A000000asJEQAY,,,,1492.780000,SKIP,,Price List 'PART' not found in Price_List__c
Price_List_Entry__c,KIP655-S - DIST - USD,MISSING,01t6A000000asJEQAY,,,,1418.080000,SKIP,,Price List 'DIST' not found in Price_List__c
Price_List_Entry__c,KIP655-S - SPEC - USD,MISSING,01t6A000000asJEQAY,,,,1343.360000,SKIP,,Price List 'SPEC' not found in Price_List__c
Price_List_Entry__c,KIPC2540B-S - DEAL - USD,MISSING,01t6A000000at2dQAA,,,,2026.390000,SKIP,,Price List 'DEAL' not found in Price_List__c
Price_List_Entry__c,KIPC2540B-S - PART - USD,MISSING,01t6A000000at2dQAA,,,,1919.670000,SKIP,,Price List 'PART' not found in Price_List__c
Price_List_Entry__c,KIPC2540B-S - DIST - USD,MISSING,01t6A000000at2dQAA,,,,1823.610000,SKIP,,Price List 'DIST' not found in Price_List__c
Price_List_Entry__c,KIPC2540B-S - SPEC - USD,MISSING,01t6A000000at2dQAA,,,,1727.560000,SKIP,,Price List 'SPEC' not found in Price_List__c
Price_List_Entry__c,KIPC2540B-S-3 - DEAL - USD,MISSING,01t6A000000assmQAA,,,,2251.830000,SKIP,,Price List 'DEAL' not found in Price_List__c
Price_List_Entry__c,KIPC2540B-S-3 - PART - USD,MISSING,01t6A000000assmQAA,,,,2133.110000,SKIP,,Price List 'PART' not found in Price_List__c
Price_List_Entry__c,KIPC2540B-S-3 - DIST - USD,MISSING,01t6A000000assmQAA,,,,2026.390000,SKIP,,Price List 'DIST' not found in Price_List__c
Price_List_Entry__c,KIPC2540B-S-3 - SPEC - USD,MISSING,01t6A000000assmQAA,,,,1919.670000,SKIP,,Price List 'SPEC' not found in Price_List__c
Price_List_Entry__c,KIPC2542B-3 - DEAL - USD,MISSING,01t6A000000assnQAA,,,,2251.830000,SKIP,,Price List 'DEAL' not found in Price_List__c
Price_List_Entry__c,KIPC2542B-3 - PART - USD,MISSING,01t6A000000assnQAA,,,,2133.110000,SKIP,,Price List 'PART' not found in Price_List__c
Price_List_Entry__c,KIPC2542B-3 - DIST - USD,MISSING,01t6A000000assnQAA,,,,2026.390000,SKIP,,Price List 'DIST' not found in Price_List__c
Price_List_Entry__c,KIPC2542B-3 - SPEC - USD,MISSING,01t6A000000assnQAA,,,,1919.670000,SKIP,,Price List 'SPEC' not found in Price_List__c
Price_List_Entry__c,KIPC2550B-3 - DEAL - USD,MISSING,01t6A000000ar6YQAQ,,,,2275.120000,SKIP,,Price List 'DEAL' not found in Price_List__c
Price_List_Entry__c,KIPC2550B-3 - PART - USD,MISSING,01t6A000000ar6YQAQ,,,,2155.050000,SKIP,,Price List 'PART' not found in Price_List__c
Price_List_Entry__c,KIPC2550B-3 - DIST - USD,MISSING,01t6A000000ar6YQAQ,,,,2047.120000,SKIP,,Price List 'DIST' not found in Price_List__c
Price_List_Entry__c,KIPC2550B-3 - SPEC - USD,MISSING,01t6A000000ar6YQAQ,,,,1919.790000,SKIP,,Price List 'SPEC' not found in Price_List__c
Price_List_Entry__c,KIPC2555 - DEAL - USD,MISSING,01t6A000000atRuQAI,,,,2737.900000,SKIP,,Price List 'DEAL' not found in Price_List__c
Price_List_Entry__c,KIPC2555 - PART - USD,MISSING,01t6A000000atRuQAI,,,,2161.500000,SKIP,,Price List 'PART' not found in Price_List__c
Price_List_Entry__c,KIPC2555 - DIST - USD,MISSING,01t6A000000atRuQAI,,,,2052.600000,SKIP,,Price List 'DIST' not found in Price_List__c
Price_List_Entry__c,KIPC2555 - SPEC - USD,MISSING,01t6A000000atRuQAI,,,,1944.800000,SKIP,,Price List 'SPEC' not found in Price_List__c
Price_List_Entry__c,KIPC2555B - DEAL - USD,MISSING,01t6A000000asgZQAQ,,,,3071.200000,SKIP,,Price List 'DEAL' not found in Price_List__c
Price_List_Entry__c,KIPC2555B - PART - USD,MISSING,01t6A000000asgZQAQ,,,,2424.400000,SKIP,,Price List 'PART' not found in Price_List__c
Price_List_Entry__c,KIPC2555B - DIST - USD,MISSING,01t6A000000asgZQAQ,,,,2302.300000,SKIP,,Price List 'DIST' not found in Price_List__c
Price_List_Entry__c,KIPC2555B - SPEC - USD,MISSING,01t6A000000asgZQAQ,,,,2181.300000,SKIP,,Price List 'SPEC' not found in Price_List__c
Price_List_Entry__c,KIPC2555B-3 - DEAL - USD,MISSING,01t6A000000aqrDQAQ,,,,3241.700000,SKIP,,Price List 'DEAL' not found in Price_List__c
Price_List_Entry__c,KIPC2555B-3 - PART - USD,MISSING,01t6A000000aqrDQAQ,,,,2559.700000,SKIP,,Price List 'PART' not found in Price_List__c
Price_List_Entry__c,KIPC2555B-3 - DIST - USD,MISSING,01t6A000000aqrDQAQ,,,,2431.000000,SKIP,,Price List 'DIST' not found in Price_List__c
Price_List_Entry__c,KIPC2555B-3 - SPEC - USD,MISSING,01t6A000000aqrDQAQ,,,,2303.400000,SKIP,,Price List 'SPEC' not found in Price_List__c
Price_List_Entry__c,KIPC2555B-S - DEAL - USD,MISSING,01t6A000000asgaQAA,,,,3071.200000,SKIP,,Price List 'DEAL' not found in Price_List__c
Price_List_Entry__c,KIPC2555B-S - PART - USD,MISSING,01t6A000000asgaQAA,,,,2424.400000,SKIP,,Price List 'PART' not found in Price_List__c
Price_List_Entry__c,KIPC2555B-S - DIST - USD,MISSING,01t6A000000asgaQAA,,,,2302.300000,SKIP,,Price List 'DIST' not found in Price_List__c
Price_List_Entry__c,KIPC2555B-S - SPEC - USD,MISSING,01t6A000000asgaQAA,,,,2181.300000,SKIP,,Price List 'SPEC' not found in Price_List__c
Price_List_Entry__c,KIPC2555B-S-3 - DEAL - USD,MISSING,01t6A000000aqrEQAQ,,,,3241.700000,SKIP,,Price List 'DEAL' not found in Price_List__c
Price_List_Entry__c,KIPC2555B-S-3 - PART - USD,MISSING,01t6A000000aqrEQAQ,,,,2559.700000,SKIP,,Price List 'PART' not found in Price_List__c
Price_List_Entry__c,KIPC2555B-S-3 - DIST - USD,MISSING,01t6A000000aqrEQAQ,,,,2431.000000,SKIP,,Price List 'DIST' not found in Price_List__c
Price_List_Entry__c,KIPC2555B-S-3 - SPEC - USD,MISSING,01t6A000000aqrEQAQ,,,,2303.400000,SKIP,,Price List 'SPEC' not found in Price_List__c
Price_List_Entry__c,KIPC2555C - DEAL - USD,MISSING,01t6A000003QKxmQAG,,,,3256.000000,SKIP,,Price List 'DEAL' not found in Price_List__c
Price_List_Entry__c,KIPC2555C - PART - USD,MISSING,01t6A000003QKxmQAG,,,,2570.700000,SKIP,,Price List 'PART' not found in Price_List__c
Price_List_Entry__c,KIPC2555C - DIST - USD,MISSING,01t6A000003QKxmQAG,,,,2420.000000,SKIP,,Price List 'DIST' not found in Price_List__c
Price_List_Entry__c,KIPC2555C - SPEC - USD,MISSING,01t6A000003QKxmQAG,,,,2313.300000,SKIP,,Price List 'SPEC' not found in Price_List__c
Price_List_Entry__c,KIPC2555C-S - DEAL - USD,MISSING,01t6A000003QKxhQAG,,,,3256.000000,SKIP,,Price List 'DEAL' not found in Price_List__c
Price_List_Entry__c,KIPC2555C-S - PART - USD,MISSING,01t6A000003QKxhQAG,,,,2570.700000,SKIP,,Price List 'PART' not found in Price_List__c
Price_List_Entry__c,KIPC2555C-S - DIST - USD,MISSING,01t6A000003QKxhQAG,,,,2420.000000,SKIP,,Price List 'DIST' not found in Price_List__c
Price_List_Entry__c,KIPC2555C-S - SPEC - USD,MISSING,01t6A000003QKxhQAG,,,,2313.300000,SKIP,,Price List 'SPEC' not found in Price_List__c
Price_List_Entry__c,KIPC2555-S - DEAL - USD,MISSING,01t6A000000asZoQAI,,,,2737.900000,SKIP,,Price List 'DEAL' not found in Price_List__c
Price_List_Entry__c,KIPC2555-S - PART - USD,MISSING,01t6A000000asZoQAI,,,,2161.500000,SKIP,,Price List 'PART' not found in Price_List__c
Price_List_Entry__c,KIPC2555-S - DIST - USD,MISSING,01t6A000000asZoQAI,,,,2052.600000,SKIP,,Price List 'DIST' not found in Price_List__c
Price_List_Entry__c,KIPC2555-S - SPEC - USD,MISSING,01t6A000000asZoQAI,,,,1944.800000,SKIP,,Price List 'SPEC' not found in Price_List__c
Price_List_Entry__c,KIPC2565 - DEAL - USD,MISSING,01t6A000000arn1QAA,,,,3502.400000,SKIP,,Price List 'DEAL' not found in Price_List__c
Price_List_Entry__c,KIPC2565 - PART - USD,MISSING,01t6A000000arn1QAA,,,,2764.300000,SKIP,,Price List 'PART' not found in Price_List__c
Price_List_Entry__c,KIPC2565 - DIST - USD,MISSING,01t6A000000arn1QAA,,,,2625.700000,SKIP,,Price List 'DIST' not found in Price_List__c
Price_List_Entry__c,KIPC2565 - SPEC - USD,MISSING,01t6A000000arn1QAA,,,,2488.200000,SKIP,,Price List 'SPEC' not found in Price_List__c
Price_List_Entry__c,KIPC2565B - DEAL - USD,MISSING,01t6A000000aqugQAA,,,,3879.700000,SKIP,,Price List 'DEAL' not found in Price_List__c
Price_List_Entry__c,KIPC2565B - PART - USD,MISSING,01t6A000000aqugQAA,,,,3062.400000,SKIP,,Price List 'PART' not found in Price_List__c
Price_List_Entry__c,KIPC2565B - DIST - USD,MISSING,01t6A000000aqugQAA,,,,2909.500000,SKIP,,Price List 'DIST' not found in Price_List__c
Price_List_Entry__c,KIPC2565B - SPEC - USD,MISSING,01t6A000000aqugQAA,,,,2756.600000,SKIP,,Price List 'SPEC' not found in Price_List__c
Price_List_Entry__c,KIPC2565B-3 - DEAL - USD,MISSING,01t6A000000ar6aQAA,,,,4154.600000,SKIP,,Price List 'DEAL' not found in Price_List__c
Price_List_Entry__c,KIPC2565B-3 - PART - USD,MISSING,01t6A000000ar6aQAA,,,,3279.950000,SKIP,,Price List 'PART' not found in Price_List__c
Price_List_Entry__c,KIPC2565B-3 - DIST - USD,MISSING,01t6A000000ar6aQAA,,,,3115.950000,SKIP,,Price List 'DIST' not found in Price_List__c
Price_List_Entry__c,KIPC2565B-3 - SPEC - USD,MISSING,01t6A000000ar6aQAA,,,,2951.950000,SKIP,,Price List 'SPEC' not found in Price_List__c
Price_List_Entry__c,KIPC2565B-S - DEAL - USD,MISSING,01t6A000000asIZQAY,,,,3879.700000,SKIP,,Price List 'DEAL' not found in Price_List__c
Price_List_Entry__c,KIPC2565B-S - PART - USD,MISSING,01t6A000000asIZQAY,,,,3062.400000,SKIP,,Price List 'PART' not found in Price_List__c
Price_List_Entry__c,KIPC2565B-S - DIST - USD,MISSING,01t6A000000asIZQAY,,,,2909.500000,SKIP,,Price List 'DIST' not found in Price_List__c
Price_List_Entry__c,KIPC2565B-S - SPEC - USD,MISSING,01t6A000000asIZQAY,,,,2756.600000,SKIP,,Price List 'SPEC' not found in Price_List__c
Price_List_Entry__c,KIPC2565B-S-3 - DEAL - USD,MISSING,01t6A000000ar6bQAA,,,,4154.600000,SKIP,,Price List 'DEAL' not found in Price_List__c
Price_List_Entry__c,KIPC2565B-S-3 - PART - USD,MISSING,01t6A000000ar6bQAA,,,,3279.950000,SKIP,,Price List 'PART' not found in Price_List__c
Price_List_Entry__c,KIPC2565B-S-3 - DIST - USD,MISSING,01t6A000000ar6bQAA,,,,3115.950000,SKIP,,Price List 'DIST' not found in Price_List__c
Price_List_Entry__c,KIPC2565B-S-3 - SPEC - USD,MISSING,01t6A000000ar6bQAA,,,,2951.950000,SKIP,,Price List 'SPEC' not found in Price_List__c
Price_List_Entry__c,KIPC2565-S - DEAL - USD,MISSING,01t6A000000arn2QAA,,,,3502.400000,SKIP,,Price List 'DEAL' not found in Price_List__c
Price_List_Entry__c,KIPC2565-S - PART - USD,MISSING,01t6A000000arn2QAA,,,,2764.300000,SKIP,,Price List 'PART' not found in Price_List__c
Price_List_Entry__c,KIPC2565-S - DIST - USD,MISSING,01t6A000000arn2QAA,,,,2625.700000,SKIP,,Price List 'DIST' not found in Price_List__c
Price_List_Entry__c,KIPC2565-S - SPEC - USD,MISSING,01t6A000000arn2QAA,,,,2488.200000,SKIP,,Price List 'SPEC' not found in Price_List__c
Price_List_Entry__c,KLR62232 - DEAL - USD,MISSING,01t2K000006KEIPQA4,,,,1169.940000,SKIP,,Price List 'DEAL' not found in Price_List__c
Price_List_Entry__c,KLR62232 - PART - USD,MISSING,01t2K000006KEIPQA4,,,,1108.580000,SKIP,,Price List 'PART' not found in Price_List__c
Price_List_Entry__c,KLR62232 - DIST - USD,MISSING,01t2K000006KEIPQA4,,,,1065.890000,SKIP,,Price List 'DIST' not found in Price_List__c
Price_List_Entry__c,KLR62232 - SPEC - USD,MISSING,01t2K000006KEIPQA4,,,,997.850000,SKIP,,Price List 'SPEC' not found in Price_List__c
Price_List_Entry__c,KLR64255 - DEAL - USD,MISSING,01t2K000006KEIQQA4,,,,1366.050000,SKIP,,Price List 'DEAL' not found in Price_List__c
Price_List_Entry__c,KLR64255 - PART - USD,MISSING,01t2K000006KEIQQA4,,,,1292.670000,SKIP,,Price List 'PART' not found in Price_List__c
Price_List_Entry__c,KLR64255 - DIST - USD,MISSING,01t2K000006KEIQQA4,,,,1228.630000,SKIP,,Price List 'DIST' not found in Price_List__c
Price_List_Entry__c,KLR64255 - SPEC - USD,MISSING,01t2K000006KEIQQA4,,,,1164.600000,SKIP,,Price List 'SPEC' not found in Price_List__c
Price_List_Entry__c,KOF555-1 - DEAL - USD,MISSING,01t2K00000CgGplQAF,,,,2173.830000,SKIP,,Price List 'DEAL' not found in Price_List__c
Price_List_Entry__c,KOF555-1 - PART - USD,MISSING,01t2K00000CgGplQAF,,,,2064.570000,SKIP,,Price List 'PART' not found in Price_List__c
Price_List_Entry__c,KOF555-1 - DIST - USD,MISSING,01t2K00000CgGplQAF,,,,1961.650000,SKIP,,Price List 'DIST' not found in Price_List__c
Price_List_Entry__c,KOF555-1 - SPEC - USD,MISSING,01t2K00000CgGplQAF,,,,1863.830000,SKIP,,Price List 'SPEC' not found in Price_List__c
Price_List_Entry__c,KOF555-2 - DEAL - USD,MISSING,01t2K00000CgGppQAF,,,,2948.110000,SKIP,,Price List 'DEAL' not found in Price_List__c
Price_List_Entry__c,KOF555-2 - PART - USD,MISSING,01t2K00000CgGppQAF,,,,2800.370000,SKIP,,Price List 'PART' not found in Price_List__c
Price_List_Entry__c,KOF555-2 - DIST - USD,MISSING,01t2K00000CgGppQAF,,,,2672.770000,SKIP,,Price List 'DIST' not found in Price_List__c
Price_List_Entry__c,KOF555-2 - SPEC - USD,MISSING,01t2K00000CgGppQAF,,,,2539.800000,SKIP,,Price List 'SPEC' not found in Price_List__c
Price_List_Entry__c,KOF555-3 - DEAL - USD,MISSING,01t2K00000CgGpfQAF,,,,4056.890000,SKIP,,Price List 'DEAL' not found in Price_List__c
Price_List_Entry__c,KOF555-3 - PART - USD,MISSING,01t2K00000CgGpfQAF,,,,3853.610000,SKIP,,Price List 'PART' not found in Price_List__c
Price_List_Entry__c,KOF555-3 - DIST - USD,MISSING,01t2K00000CgGpfQAF,,,,3766.490000,SKIP,,Price List 'DIST' not found in Price_List__c
Price_List_Entry__c,KOF555-3 - SPEC - USD,MISSING,01t2K00000CgGpfQAF,,,,3577.730000,SKIP,,Price List 'SPEC' not found in Price_List__c
Price_List_Entry__c,KOP2555-OHF - DEAL - USD,MISSING,01t6A000002iEReQAM,,,,3470.900000,SKIP,,Price List 'DEAL' not found in Price_List__c
Price_List_Entry__c,KOP2555-OHF - PART - USD,MISSING,01t6A000002iEReQAM,,,,3297.470000,SKIP,,Price List 'PART' not found in Price_List__c
Price_List_Entry__c,KOP2555-OHF - DIST - USD,MISSING,01t6A000002iEReQAM,,,,3124.040000,SKIP,,Price List 'DIST' not found in Price_List__c
Price_List_Entry__c,KOP2555-OHF - SPEC - USD,MISSING,01t6A000002iEReQAM,,,,2950.620000,SKIP,,Price List 'SPEC' not found in Price_List__c
Price_List_Entry__c,KOP2555-S-OHF - DEAL - USD,MISSING,01t2K000006S2HZQA0,,,,3470.900000,SKIP,,Price List 'DEAL' not found in Price_List__c
Price_List_Entry__c,KOP2555-S-OHF - PART - USD,MISSING,01t2K000006S2HZQA0,,,,3297.470000,SKIP,,Price List 'PART' not found in Price_List__c
Price_List_Entry__c,KOP2555-S-OHF - DIST - USD,MISSING,01t2K000006S2HZQA0,,,,3124.040000,SKIP,,Price List 'DIST' not found in Price_List__c
Price_List_Entry__c,KOP2555-S-OHF - SPEC - USD,MISSING,01t2K000006S2HZQA0,,,,2950.620000,SKIP,,Price List 'SPEC' not found in Price_List__c
Price_List_Entry__c,KOP2555-XHB - DEAL - USD,MISSING,01t6A000002i8a6QAA,,,,12233.010000,SKIP,,Price List 'DEAL' not found in Price_List__c
Price_List_Entry__c,KOP2555-XHB - PART - USD,MISSING,01t6A000002i8a6QAA,,,,11621.790000,SKIP,,Price List 'PART' not found in Price_List__c
Price_List_Entry__c,KOP2555-XHB - DIST - USD,MISSING,01t6A000002i8a6QAA,,,,11009.350000,SKIP,,Price List 'DIST' not found in Price_List__c
Price_List_Entry__c,KOP2555-XHB - SPEC - USD,MISSING,01t6A000002i8a6QAA,,,,10398.120000,SKIP,,Price List 'SPEC' not found in Price_List__c
Price_List_Entry__c,MOD-PJF2KIT100-B - DEAL - USD,MISSING,01t2K000006NZcwQAG,,,,240.130000,SKIP,,Price List 'DEAL' not found in Price_List__c
Price_List_Entry__c,MOD-PJF2KIT100-B - PART - USD,MISSING,01t2K000006NZcwQAG,,,,190.770000,SKIP,,Price List 'PART' not found in Price_List__c
Price_List_Entry__c,MOD-PJF2KIT100-B - DIST - USD,MISSING,01t2K000006NZcwQAG,,,,180.090000,SKIP,,Price List 'DIST' not found in Price_List__c
Price_List_Entry__c,MOD-PJF2KIT100-B - SPEC - USD,MISSING,01t2K000006NZcwQAG,,,,170.750000,SKIP,,Price List 'SPEC' not found in Price_List__c
Price_List_Entry__c,MOD-PJF2KIT100-CPF-B - DEAL - USD,MISSING,01t2K000006NZcmQAG,,,,298.570000,SKIP,,Price List 'DEAL' not found in Price_List__c
Price_List_Entry__c,MOD-PJF2KIT100-CPF-B - PART - USD,MISSING,01t2K000006NZcmQAG,,,,236.310000,SKIP,,Price List 'PART' not found in Price_List__c
Price_List_Entry__c,MOD-PJF2KIT100-CPF-B - DIST - USD,MISSING,01t2K000006NZcmQAG,,,,223.610000,SKIP,,Price List 'DIST' not found in Price_List__c
Price_List_Entry__c,MOD-PJF2KIT100-CPF-B - SPEC - USD,MISSING,01t2K000006NZcmQAG,,,,211.820000,SKIP,,Price List 'SPEC' not found in Price_List__c
Price_List_Entry__c,MOD-PJF2KIT150-CPF-B - DEAL - USD,MISSING,01t2K000006NZcrQAG,,,,309.500000,SKIP,,Price List 'DEAL' not found in Price_List__c
Price_List_Entry__c,MOD-PJF2KIT150-CPF-B - PART - USD,MISSING,01t2K000006NZcrQAG,,,,245.470000,SKIP,,Price List 'PART' not found in Price_List__c
Price_List_Entry__c,MOD-PJF2KIT150-CPF-B - DIST - USD,MISSING,01t2K000006NZcrQAG,,,,232.120000,SKIP,,Price List 'DIST' not found in Price_List__c
Price_List_Entry__c,MOD-PJF2KIT150-CPF-B - SPEC - USD,MISSING,01t2K000006NZcrQAG,,,,220.110000,SKIP,,Price List 'SPEC' not found in Price_List__c
Price_List_Entry__c,MOD-PRGSKIT100 - DEAL - USD,MISSING,01t6A000000arvdQAA,,,,253.130000,SKIP,,Price List 'DEAL' not found in Price_List__c
Price_List_Entry__c,MOD-PRGSKIT100 - PART - USD,MISSING,01t6A000000arvdQAA,,,,199.840000,SKIP,,Price List 'PART' not found in Price_List__c
Price_List_Entry__c,MOD-PRGSKIT100 - DIST - USD,MISSING,01t6A000000arvdQAA,,,,189.850000,SKIP,,Price List 'DIST' not found in Price_List__c
Price_List_Entry__c,MOD-PRGSKIT100 - SPEC - USD,MISSING,01t6A000000arvdQAA,,,,179.850000,SKIP,,Price List 'SPEC' not found in Price_List__c
Price_List_Entry__c,MOD-PRGSKIT100-B - DEAL - USD,MISSING,01t6A000000arveQAA,,,,221.130000,SKIP,,Price List 'DEAL' not found in Price_List__c
Price_List_Entry__c,MOD-PRGSKIT100-B - PART - USD,MISSING,01t6A000000arveQAA,,,,174.570000,SKIP,,Price List 'PART' not found in Price_List__c
Price_List_Entry__c,MOD-PRGSKIT100-B - DIST - USD,MISSING,01t6A000000arveQAA,,,,165.860000,SKIP,,Price List 'DIST' not found in Price_List__c
Price_List_Entry__c,MOD-PRGSKIT100-B - SPEC - USD,MISSING,01t6A000000arveQAA,,,,157.120000,SKIP,,Price List 'SPEC' not found in Price_List__c
Price_List_Entry__c,MOD-PRGSKIT150 - DEAL - USD,MISSING,01t6A000000as2kQAA,,,,267.840000,SKIP,,Price List 'DEAL' not found in Price_List__c
Price_List_Entry__c,MOD-PRGSKIT150 - PART - USD,MISSING,01t6A000000as2kQAA,,,,211.450000,SKIP,,Price List 'PART' not found in Price_List__c
Price_List_Entry__c,MOD-PRGSKIT150 - DIST - USD,MISSING,01t6A000000as2kQAA,,,,200.880000,SKIP,,Price List 'DIST' not found in Price_List__c
Price_List_Entry__c,MOD-PRGSKIT150 - SPEC - USD,MISSING,01t6A000000as2kQAA,,,,190.830000,SKIP,,Price List 'SPEC' not found in Price_List__c
Price_List_Entry__c,MOD-PRGSKIT150-B - DEAL - USD,MISSING,01t6A000000as2lQAA,,,,248.060000,SKIP,,Price List 'DEAL' not found in Price_List__c
Price_List_Entry__c,MOD-PRGSKIT150-B - PART - USD,MISSING,01t6A000000as2lQAA,,,,195.840000,SKIP,,Price List 'PART' not found in Price_List__c
Price_List_Entry__c,MOD-PRGSKIT150-B - DIST - USD,MISSING,01t6A000000as2lQAA,,,,186.050000,SKIP,,Price List 'DIST' not found in Price_List__c
Price_List_Entry__c,MOD-PRGSKIT150-B - SPEC - USD,MISSING,01t6A000000as2lQAA,,,,176.740000,SKIP,,Price List 'SPEC' not found in Price_List__c
Price_List_Entry__c,MOD-PRGSKIT300 - DEAL - USD,MISSING,01t6A000000asGUQAY,,,,331.390000,SKIP,,Price List 'DEAL' not found in Price_List__c
Price_List_Entry__c,MOD-PRGSKIT300 - PART - USD,MISSING,01t6A000000asGUQAY,,,,261.640000,SKIP,,Price List 'PART' not found in Price_List__c
Price_List_Entry__c,MOD-PRGSKIT300 - DIST - USD,MISSING,01t6A000000asGUQAY,,,,248.550000,SKIP,,Price List 'DIST' not found in Price_List__c
Price_List_Entry__c,MOD-PRGSKIT300 - SPEC - USD,MISSING,01t6A000000asGUQAY,,,,235.470000,SKIP,,Price List 'SPEC' not found in Price_List__c
Price_List_Entry__c,MOD-PRGSKIT300-B - DEAL - USD,MISSING,01t6A000000arrkQAA,,,,256.300000,SKIP,,Price List 'DEAL' not found in Price_List__c
Price_List_Entry__c,MOD-PRGSKIT300-B - PART - USD,MISSING,01t6A000000arrkQAA,,,,202.320000,SKIP,,Price List 'PART' not found in Price_List__c
Price_List_Entry__c,MOD-PRGSKIT300-B - DIST - USD,MISSING,01t6A000000arrkQAA,,,,192.210000,SKIP,,Price List 'DIST' not found in Price_List__c
Price_List_Entry__c,MOD-PRGSKIT300-B - SPEC - USD,MISSING,01t6A000000arrkQAA,,,,182.120000,SKIP,,Price List 'SPEC' not found in Price_List__c
Price_List_Entry__c,NT652 - DEAL - USD,MISSING,01t2K000006SptvQAC,,,,2008.700000,SKIP,,Price List 'DEAL' not found in Price_List__c
Price_List_Entry__c,NT652 - PART - USD,MISSING,01t2K000006SptvQAC,,,,1962.520000,SKIP,,Price List 'PART' not found in Price_List__c
Price_List_Entry__c,NT652 - DIST - USD,MISSING,01t2K000006SptvQAC,,,,1908.260000,SKIP,,Price List 'DIST' not found in Price_List__c
Price_List_Entry__c,NT652 - SPEC - USD,MISSING,01t2K000006SptvQAC,,,,1807.830000,SKIP,,Price List 'SPEC' not found in Price_List__c
Price_List_Entry__c,NT752 - DEAL - USD,MISSING,01t2K000006SpcGQAS,,,,3114.030000,SKIP,,Price List 'DEAL' not found in Price_List__c
Price_List_Entry__c,NT752 - PART - USD,MISSING,01t2K000006SpcGQAS,,,,3042.450000,SKIP,,Price List 'PART' not found in Price_List__c
Price_List_Entry__c,NT752 - DIST - USD,MISSING,01t2K000006SpcGQAS,,,,2958.330000,SKIP,,Price List 'DIST' not found in Price_List__c
Price_List_Entry__c,NT752 - SPEC - USD,MISSING,01t2K000006SpcGQAS,,,,2802.640000,SKIP,,Price List 'SPEC' not found in Price_List__c
Price_List_Entry__c,OWMAM - DEAL - USD,MISSING,01t6A000000b2ohQAA,,,,249.220000,SKIP,,Price List 'DEAL' not found in Price_List__c
Price_List_Entry__c,OWMAM - PART - USD,MISSING,01t6A000000b2ohQAA,,,,236.760000,SKIP,,Price List 'PART' not found in Price_List__c
Price_List_Entry__c,OWMAM - DIST - USD,MISSING,01t6A000000b2ohQAA,,,,224.920000,SKIP,,Price List 'DIST' not found in Price_List__c
Price_List_Entry__c,OWMAM - SPEC - USD,MISSING,01t6A000000b2ohQAA,,,,213.680000,SKIP,,Price List 'SPEC' not found in Price_List__c
Price_List_Entry__c,OWMTL - DEAL - USD,MISSING,01t6A000000b2ouQAA,,,,133.360000,SKIP,,Price List 'DEAL' not found in Price_List__c
Price_List_Entry__c,OWMTL - PART - USD,MISSING,01t6A000000b2ouQAA,,,,126.700000,SKIP,,Price List 'PART' not found in Price_List__c
Price_List_Entry__c,OWMTL - DIST - USD,MISSING,01t6A000000b2ouQAA,,,,120.360000,SKIP,,Price List 'DIST' not found in Price_List__c
Price_List_Entry__c,OWMTL - SPEC - USD,MISSING,01t6A000000b2ouQAA,,,,114.350000,SKIP,,Price List 'SPEC' not found in Price_List__c
Price_List_Entry__c,PAP250-BARCO1 - DEAL - USD,MISSING,01t6A000002ZPaQQAW,,,,260.700000,SKIP,,Price List 'DEAL' not found in Price_List__c
Price_List_Entry__c,PAP250-BARCO1 - PART - USD,MISSING,01t6A000002ZPaQQAW,,,,205.700000,SKIP,,Price List 'PART' not found in Price_List__c
Price_List_Entry__c,PAP250-BARCO1 - DIST - USD,MISSING,01t6A000002ZPaQQAW,,,,194.700000,SKIP,,Price List 'DIST' not found in Price_List__c
Price_List_Entry__c,PAP250-BARCO1 - SPEC - USD,MISSING,01t6A000002ZPaQQAW,,,,184.800000,SKIP,,Price List 'SPEC' not found in Price_List__c
Price_List_Entry__c,PAP250-CHRISTIE1 - DEAL - USD,MISSING,01t6A000002hVAHQA2,,,,168.980000,SKIP,,Price List 'DEAL' not found in Price_List__c
Price_List_Entry__c,PAP250-CHRISTIE1 - PART - USD,MISSING,01t6A000002hVAHQA2,,,,133.410000,SKIP,,Price List 'PART' not found in Price_List__c
Price_List_Entry__c,PAP250-CHRISTIE1 - DIST - USD,MISSING,01t6A000002hVAHQA2,,,,126.730000,SKIP,,Price List 'DIST' not found in Price_List__c
Price_List_Entry__c,PAP250-CHRISTIE1 - SPEC - USD,MISSING,01t6A000002hVAHQA2,,,,120.070000,SKIP,,Price List 'SPEC' not found in Price_List__c
Price_List_Entry__c,PAP250-CHRISTIE2 - DEAL - USD,MISSING,01t6A000002hV9xQAE,,,,265.100000,SKIP,,Price List 'DEAL' not found in Price_List__c
Price_List_Entry__c,PAP250-CHRISTIE2 - PART - USD,MISSING,01t6A000002hV9xQAE,,,,209.000000,SKIP,,Price List 'PART' not found in Price_List__c
Price_List_Entry__c,PAP250-CHRISTIE2 - DIST - USD,MISSING,01t6A000002hV9xQAE,,,,199.100000,SKIP,,Price List 'DIST' not found in Price_List__c
Price_List_Entry__c,PAP250-CHRISTIE2 - SPEC - USD,MISSING,01t6A000002hV9xQAE,,,,188.100000,SKIP,,Price List 'SPEC' not found in Price_List__c
Price_List_Entry__c,PAP250-CHRISTIE3 - DEAL - USD,MISSING,01t6A000002hVACQA2,,,,202.770000,SKIP,,Price List 'DEAL' not found in Price_List__c
Price_List_Entry__c,PAP250-CHRISTIE3 - PART - USD,MISSING,01t6A000002hVACQA2,,,,160.080000,SKIP,,Price List 'PART' not found in Price_List__c
Price_List_Entry__c,PAP250-CHRISTIE3 - DIST - USD,MISSING,01t6A000002hVACQA2,,,,152.090000,SKIP,,Price List 'DIST' not found in Price_List__c
Price_List_Entry__c,PAP250-CHRISTIE3 - SPEC - USD,MISSING,01t6A000002hVACQA2,,,,144.080000,SKIP,,Price List 'SPEC' not found in Price_List__c
Price_List_Entry__c,PAP250-DP1 - DEAL - USD,MISSING,01t6A000002ZbU1QAK,,,,188.030000,SKIP,,Price List 'DEAL' not found in Price_List__c
Price_List_Entry__c,PAP250-DP1 - PART - USD,MISSING,01t6A000002ZbU1QAK,,,,148.650000,SKIP,,Price List 'PART' not found in Price_List__c
Price_List_Entry__c,PAP250-DP1 - DIST - USD,MISSING,01t6A000002ZbU1QAK,,,,141.030000,SKIP,,Price List 'DIST' not found in Price_List__c
Price_List_Entry__c,PAP250-DP1 - SPEC - USD,MISSING,01t6A000002ZbU1QAK,,,,133.410000,SKIP,,Price List 'SPEC' not found in Price_List__c
Price_List_Entry__c,PAP250-NEC1 - DEAL - USD,MISSING,01t6A000000arrOQAQ,,,,137.410000,SKIP,,Price List 'DEAL' not found in Price_List__c
Price_List_Entry__c,PAP250-NEC1 - PART - USD,MISSING,01t6A000000arrOQAQ,,,,108.050000,SKIP,,Price List 'PART' not found in Price_List__c
Price_List_Entry__c,PAP250-NEC1 - DIST - USD,MISSING,01t6A000000arrOQAQ,,,,102.720000,SKIP,,Price List 'DIST' not found in Price_List__c
Price_List_Entry__c,PAP250-NEC1 - SPEC - USD,MISSING,01t6A000000arrOQAQ,,,,97.380000,SKIP,,Price List 'SPEC' not found in Price_List__c
Price_List_Entry__c,PAP250-PANA1 - DEAL - USD,MISSING,01t6A000002hVA2QAM,,,,245.300000,SKIP,,Price List 'DEAL' not found in Price_List__c
Price_List_Entry__c,PAP250-PANA1 - PART - USD,MISSING,01t6A000002hVA2QAM,,,,192.500000,SKIP,,Price List 'PART' not found in Price_List__c
Price_List_Entry__c,PAP250-PANA1 - DIST - USD,MISSING,01t6A000002hVA2QAM,,,,183.700000,SKIP,,Price List 'DIST' not found in Price_List__c
Price_List_Entry__c,PAP250-PANA1 - SPEC - USD,MISSING,01t6A000002hVA2QAM,,,,173.800000,SKIP,,Price List 'SPEC' not found in Price_List__c
Price_List_Entry__c,PAP250-PANA2 - DEAL - USD,MISSING,01t6A000002hVA7QAM,,,,135.180000,SKIP,,Price List 'DEAL' not found in Price_List__c
Price_List_Entry__c,PAP250-PANA2 - PART - USD,MISSING,01t6A000002hVA7QAM,,,,106.720000,SKIP,,Price List 'PART' not found in Price_List__c
Price_List_Entry__c,PAP250-PANA2 - DIST - USD,MISSING,01t6A000002hVA7QAM,,,,101.390000,SKIP,,Price List 'DIST' not found in Price_List__c
Price_List_Entry__c,PAP250-PANA2 - SPEC - USD,MISSING,01t6A000002hVA7QAM,,,,96.050000,SKIP,,Price List 'SPEC' not found in Price_List__c
Price_List_Entry__c,PAP250-PANA3 - DEAL - USD,MISSING,01t6A000002hVA8QAM,,,,87.150000,SKIP,,Price List 'DEAL' not found in Price_List__c
Price_List_Entry__c,PAP250-PANA3 - PART - USD,MISSING,01t6A000002hVA8QAM,,,,68.820000,SKIP,,Price List 'PART' not found in Price_List__c
Price_List_Entry__c,PAP250-PANA3 - DIST - USD,MISSING,01t6A000002hVA8QAM,,,,65.360000,SKIP,,Price List 'DIST' not found in Price_List__c
Price_List_Entry__c,PAP250-PANA3 - SPEC - USD,MISSING,01t6A000002hVA8QAM,,,,61.930000,SKIP,,Price List 'SPEC' not found in Price_List__c
Price_List_Entry__c,PAP-UNV - DEAL - USD,MISSING,01t6A000000asBzQAI,,,,84.800000,SKIP,,Price List 'DEAL' not found in Price_List__c
Price_List_Entry__c,PAP-UNV - PART - USD,MISSING,01t6A000000asBzQAI,,,,66.940000,SKIP,,Price List 'PART' not found in Price_List__c
Price_List_Entry__c,PAP-UNV - DIST - USD,MISSING,01t6A000000asBzQAI,,,,63.590000,SKIP,,Price List 'DIST' not found in Price_List__c
Price_List_Entry__c,PAP-UNV - SPEC - USD,MISSING,01t6A000000asBzQAI,,,,60.250000,SKIP,,Price List 'SPEC' not found in Price_List__c
Price_List_Entry__c,PAP-UNV-W - DEAL - USD,MISSING,01t6A000000arLJQAY,,,,77.090000,SKIP,,Price List 'DEAL' not found in Price_List__c
Price_List_Entry__c,PAP-UNV-W - PART - USD,MISSING,01t6A000000arLJQAY,,,,60.850000,SKIP,,Price List 'PART' not found in Price_List__c
Price_List_Entry__c,PAP-UNV-W - DIST - USD,MISSING,01t6A000000arLJQAY,,,,57.810000,SKIP,,Price List 'DIST' not found in Price_List__c
Price_List_Entry__c,PAP-UNV-W - SPEC - USD,MISSING,01t6A000000arLJQAY,,,,54.770000,SKIP,,Price List 'SPEC' not found in Price_List__c
Price_List_Entry__c,PE1120 - DEAL - USD,MISSING,01t6A000000aqoVQAQ,,,,587.590000,SKIP,,Price List 'DEAL' not found in Price_List__c
Price_List_Entry__c,PE1120 - PART - USD,MISSING,01t6A000000aqoVQAQ,,,,463.890000,SKIP,,Price List 'PART' not found in Price_List__c
Price_List_Entry__c,PE1120 - DIST - USD,MISSING,01t6A000000aqoVQAQ,,,,440.690000,SKIP,,Price List 'DIST' not found in Price_List__c
Price_List_Entry__c,PE1120 - SPEC - USD,MISSING,01t6A000000aqoVQAQ,,,,418.660000,SKIP,,Price List 'SPEC' not found in Price_List__c
Price_List_Entry__c,PE1120-W - DEAL - USD,MISSING,01t6A000000arewQAA,,,,553.300000,SKIP,,Price List 'DEAL' not found in Price_List__c
Price_List_Entry__c,PE1120-W - PART - USD,MISSING,01t6A000000arewQAA,,,,436.700000,SKIP,,Price List 'PART' not found in Price_List__c
Price_List_Entry__c,PE1120-W - DIST - USD,MISSING,01t6A000000arewQAA,,,,414.700000,SKIP,,Price List 'DIST' not found in Price_List__c
Price_List_Entry__c,PE1120-W - SPEC - USD,MISSING,01t6A000000arewQAA,,,,392.700000,SKIP,,Price List 'SPEC' not found in Price_List__c
Price_List_Entry__c,PJF2-1-S - DEAL - USD,MISSING,01t6A000000at6cQAA,,,,81.300000,SKIP,,Price List 'DEAL' not found in Price_List__c
Price_List_Entry__c,PJF2-1-S - PART - USD,MISSING,01t6A000000at6cQAA,,,,64.200000,SKIP,,Price List 'PART' not found in Price_List__c
Price_List_Entry__c,PJF2-1-S - DIST - USD,MISSING,01t6A000000at6cQAA,,,,60.970000,SKIP,,Price List 'DIST' not found in Price_List__c
Price_List_Entry__c,PJF2-1-S - SPEC - USD,MISSING,01t6A000000at6cQAA,,,,57.760000,SKIP,,Price List 'SPEC' not found in Price_List__c
Price_List_Entry__c,PJF2-UNV - DEAL - USD,MISSING,01t6A000000aqiqQAA,,,,150.300000,SKIP,,Price List 'DEAL' not found in Price_List__c
Price_List_Entry__c,PJF2-UNV - PART - USD,MISSING,01t6A000000aqiqQAA,,,,118.670000,SKIP,,Price List 'PART' not found in Price_List__c
Price_List_Entry__c,PJF2-UNV - DIST - USD,MISSING,01t6A000000aqiqQAA,,,,112.740000,SKIP,,Price List 'DIST' not found in Price_List__c
Price_List_Entry__c,PJF2-UNV - SPEC - USD,MISSING,01t6A000000aqiqQAA,,,,106.790000,SKIP,,Price List 'SPEC' not found in Price_List__c
Price_List_Entry__c,PJR125 - DEAL - USD,MISSING,01t6A000002i3VQQAY,,,,282.810000,SKIP,,Price List 'DEAL' not found in Price_List__c
Price_List_Entry__c,PJR125 - PART - USD,MISSING,01t6A000002i3VQQAY,,,,223.280000,SKIP,,Price List 'PART' not found in Price_List__c
Price_List_Entry__c,PJR125 - DIST - USD,MISSING,01t6A000002i3VQQAY,,,,212.110000,SKIP,,Price List 'DIST' not found in Price_List__c
Price_List_Entry__c,PJR125 - SPEC - USD,MISSING,01t6A000002i3VQQAY,,,,200.950000,SKIP,,Price List 'SPEC' not found in Price_List__c
Price_List_Entry__c,PJR125-POR - DEAL - USD,MISSING,01t6A000002i3VaQAI,,,,355.740000,SKIP,,Price List 'DEAL' not found in Price_List__c
Price_List_Entry__c,PJR125-POR - PART - USD,MISSING,01t6A000002i3VaQAI,,,,280.850000,SKIP,,Price List 'PART' not found in Price_List__c
Price_List_Entry__c,PJR125-POR - DIST - USD,MISSING,01t6A000002i3VaQAI,,,,266.810000,SKIP,,Price List 'DIST' not found in Price_List__c
Price_List_Entry__c,PJR125-POR - SPEC - USD,MISSING,01t6A000002i3VaQAI,,,,252.760000,SKIP,,Price List 'SPEC' not found in Price_List__c
Price_List_Entry__c,PJR125-W - DEAL - USD,MISSING,01t2K000006KEPkQAO,,,,287.980000,SKIP,,Price List 'DEAL' not found in Price_List__c
Price_List_Entry__c,PJR125-W - PART - USD,MISSING,01t2K000006KEPkQAO,,,,227.480000,SKIP,,Price List 'PART' not found in Price_List__c
Price_List_Entry__c,PJR125-W - DIST - USD,MISSING,01t2K000006KEPkQAO,,,,215.380000,SKIP,,Price List 'DIST' not found in Price_List__c
Price_List_Entry__c,PJR125-W - SPEC - USD,MISSING,01t2K000006KEPkQAO,,,,204.490000,SKIP,,Price List 'SPEC' not found in Price_List__c
Price_List_Entry__c,PJR250 - DEAL - USD,MISSING,01t6A000000aqrFQAQ,,,,342.780000,SKIP,,Price List 'DEAL' not found in Price_List__c
Price_List_Entry__c,PJR250 - PART - USD,MISSING,01t6A000000aqrFQAQ,,,,270.600000,SKIP,,Price List 'PART' not found in Price_List__c
Price_List_Entry__c,PJR250 - DIST - USD,MISSING,01t6A000000aqrFQAQ,,,,257.090000,SKIP,,Price List 'DIST' not found in Price_List__c
Price_List_Entry__c,PJR250 - SPEC - USD,MISSING,01t6A000000aqrFQAQ,,,,243.560000,SKIP,,Price List 'SPEC' not found in Price_List__c
Price_List_Entry__c,PRGS-455 - DEAL - USD,MISSING,01t6A000000arY2QAI,,,,211.000000,SKIP,,Price List 'DEAL' not found in Price_List__c
Price_List_Entry__c,PRGS-455 - PART - USD,MISSING,01t6A000000arY2QAI,,,,166.000000,SKIP,,Price List 'PART' not found in Price_List__c
Price_List_Entry__c,PRGS-455 - DIST - USD,MISSING,01t6A000000arY2QAI,,,,158.000000,SKIP,,Price List 'DIST' not found in Price_List__c
Price_List_Entry__c,PRGS-455 - SPEC - USD,MISSING,01t6A000000arY2QAI,,,,149.000000,SKIP,,Price List 'SPEC' not found in Price_List__c
Price_List_Entry__c,PRGS-UNV - DEAL - USD,MISSING,01t6A000000aswTQAQ,,,,135.180000,SKIP,,Price List 'DEAL' not found in Price_List__c
Price_List_Entry__c,PRGS-UNV - PART - USD,MISSING,01t6A000000aswTQAQ,,,,106.720000,SKIP,,Price List 'PART' not found in Price_List__c
Price_List_Entry__c,PRGS-UNV - DIST - USD,MISSING,01t6A000000aswTQAQ,,,,101.390000,SKIP,,Price List 'DIST' not found in Price_List__c
Price_List_Entry__c,PRGS-UNV - SPEC - USD,MISSING,01t6A000000aswTQAQ,,,,96.050000,SKIP,,Price List 'SPEC' not found in Price_List__c
Price_List_Entry__c,PRGS-UNV-W - DEAL - USD,MISSING,01t6A000000asYTQAY,,,,122.890000,SKIP,,Price List 'DEAL' not found in Price_List__c
Price_List_Entry__c,PRGS-UNV-W - PART - USD,MISSING,01t6A000000asYTQAY,,,,97.020000,SKIP,,Price List 'PART' not found in Price_List__c
Price_List_Entry__c,PRGS-UNV-W - DIST - USD,MISSING,01t6A000000asYTQAY,,,,92.170000,SKIP,,Price List 'DIST' not found in Price_List__c
Price_List_Entry__c,PRGS-UNV-W - SPEC - USD,MISSING,01t6A000000asYTQAY,,,,87.320000,SKIP,,Price List 'SPEC' not found in Price_List__c
Price_List_Entry__c,PRG-UNV - DEAL - USD,MISSING,01t6A000000arWqQAI,,,,179.650000,SKIP,,Price List 'DEAL' not found in Price_List__c
Price_List_Entry__c,PRG-UNV - PART - USD,MISSING,01t6A000000arWqQAI,,,,141.830000,SKIP,,Price List 'PART' not found in Price_List__c
Price_List_Entry__c,PRG-UNV - DIST - USD,MISSING,01t6A000000arWqQAI,,,,134.740000,SKIP,,Price List 'DIST' not found in Price_List__c
Price_List_Entry__c,PRG-UNV - SPEC - USD,MISSING,01t6A000000arWqQAI,,,,127.630000,SKIP,,Price List 'SPEC' not found in Price_List__c
Price_List_Entry__c,PRG-UNV-W - DEAL - USD,MISSING,01t6A000000atUCQAY,,,,163.320000,SKIP,,Price List 'DEAL' not found in Price_List__c
Price_List_Entry__c,PRG-UNV-W - PART - USD,MISSING,01t6A000000atUCQAY,,,,128.940000,SKIP,,Price List 'PART' not found in Price_List__c
Price_List_Entry__c,PRG-UNV-W - DIST - USD,MISSING,01t6A000000atUCQAY,,,,122.490000,SKIP,,Price List 'DIST' not found in Price_List__c
Price_List_Entry__c,PRG-UNV-W - SPEC - USD,MISSING,01t6A000000atUCQAY,,,,116.030000,SKIP,,Price List 'SPEC' not found in Price_List__c
Price_List_Entry__c,PWA-14 - DEAL - USD,MISSING,01t6A000000arTdQAI,,,,86.020000,SKIP,,Price List 'DEAL' not found in Price_List__c
Price_List_Entry__c,PWA-14 - PART - USD,MISSING,01t6A000000arTdQAI,,,,67.910000,SKIP,,Price List 'PART' not found in Price_List__c
Price_List_Entry__c,PWA-14 - DIST - USD,MISSING,01t6A000000arTdQAI,,,,64.520000,SKIP,,Price List 'DIST' not found in Price_List__c
Price_List_Entry__c,PWA-14 - SPEC - USD,MISSING,01t6A000000arTdQAI,,,,61.120000,SKIP,,Price List 'SPEC' not found in Price_List__c
Price_List_Entry__c,PWA-14S - DEAL - USD,MISSING,01t6A000000asC5QAI,,,,90.210000,SKIP,,Price List 'DEAL' not found in Price_List__c
Price_List_Entry__c,PWA-14S - PART - USD,MISSING,01t6A000000asC5QAI,,,,71.220000,SKIP,,Price List 'PART' not found in Price_List__c
Price_List_Entry__c,PWA-14S - DIST - USD,MISSING,01t6A000000asC5QAI,,,,67.660000,SKIP,,Price List 'DIST' not found in Price_List__c
Price_List_Entry__c,PWA-14S - SPEC - USD,MISSING,01t6A000000asC5QAI,,,,64.270000,SKIP,,Price List 'SPEC' not found in Price_List__c
Price_List_Entry__c,PWA-14W - DEAL - USD,MISSING,01t6A000000asC6QAI,,,,86.020000,SKIP,,Price List 'DEAL' not found in Price_List__c
Price_List_Entry__c,PWA-14W - PART - USD,MISSING,01t6A000000asC6QAI,,,,67.910000,SKIP,,Price List 'PART' not found in Price_List__c
Price_List_Entry__c,PWA-14W - DIST - USD,MISSING,01t6A000000asC6QAI,,,,64.520000,SKIP,,Price List 'DIST' not found in Price_List__c
Price_List_Entry__c,PWA-14W - SPEC - USD,MISSING,01t6A000000asC6QAI,,,,61.120000,SKIP,,Price List 'SPEC' not found in Price_List__c
Price_List_Entry__c,THR-400 - DEAL - USD,MISSING,01t2K000006XAofQAG,,,,3956.000000,SKIP,,Price List 'DEAL' not found in Price_List__c
Price_List_Entry__c,THR-400 - PART - USD,MISSING,01t2K000006XAofQAG,,,,3575.190000,SKIP,,Price List 'PART' not found in Price_List__c
Price_List_Entry__c,THR-400 - DIST - USD,MISSING,01t2K000006XAofQAG,,,,3455.120000,SKIP,,Price List 'DIST' not found in Price_List__c
Price_List_Entry__c,THR-400 - SPEC - USD,MISSING,01t2K000006XAofQAG,,,,3336.280000,SKIP,,Price List 'SPEC' not found in Price_List__c
Price_List_Entry__c,THR-600 - DEAL - USD,MISSING,01t2K000006XAokQAG,,,,6081.940000,SKIP,,Price List 'DEAL' not found in Price_List__c
Price_List_Entry__c,THR-600 - PART - USD,MISSING,01t2K000006XAokQAG,,,,5933.980000,SKIP,,Price List 'PART' not found in Price_List__c
Price_List_Entry__c,THR-600 - DIST - USD,MISSING,01t2K000006XAokQAG,,,,5803.010000,SKIP,,Price List 'DIST' not found in Price_List__c
Price_List_Entry__c,THR-600 - SPEC - USD,MISSING,01t2K000006XAokQAG,,,,5669.610000,SKIP,,Price List 'SPEC' not found in Price_List__c
Price_List_Entry__c,ACCD-DC75 - DEAL - USD,MISSING,01t2K00000ApcTSQAZ,,,,78.750000,SKIP,,Price List 'DEAL' not found in Price_List__c
Price_List_Entry__c,ACCD-DC75 - PART - USD,MISSING,01t2K00000ApcTSQAZ,,,,74.550000,SKIP,,Price List 'PART' not found in Price_List__c
Price_List_Entry__c,ACCD-DC75 - DIST - USD,MISSING,01t2K00000ApcTSQAZ,,,,71.400000,SKIP,,Price List 'DIST' not found in Price_List__c
Price_List_Entry__c,ACCD-DC75 - SPEC - USD,MISSING,01t2K00000ApcTSQAZ,,,,67.200000,SKIP,,Price List 'SPEC' not found in Price_List__c
Price_List_Entry__c,KIPC2550-S-WHL - DEAL - USD,MISSING,01tPW00000FBgkrYAD,,,,3805.450000,SKIP,,Price List 'DEAL' not found in Price_List__c
Price_List_Entry__c,KIPC2550-S-WHL - PART - USD,MISSING,01tPW00000FBgkrYAD,,,,3604.590000,SKIP,,Price List 'PART' not found in Price_List__c
Price_List_Entry__c,KIPC2550-S-WHL - DIST - USD,MISSING,01tPW00000FBgkrYAD,,,,3423.090000,SKIP,,Price List 'DIST' not found in Price_List__c
Price_List_Entry__c,KIPC2550-S-WHL - SPEC - USD,MISSING,01tPW00000FBgkrYAD,,,,3242.800000,SKIP,,Price List 'SPEC' not found in Price_List__c
Price_List_Entry__c,KIPC2550-WHL - DEAL - USD,MISSING,01tPW00000FBgzNYAT,,,,3805.450000,SKIP,,Price List 'DEAL' not found in Price_List__c
Price_List_Entry__c,KIPC2550-WHL - PART - USD,MISSING,01tPW00000FBgzNYAT,,,,3604.590000,SKIP,,Price List 'PART' not found in Price_List__c
Price_List_Entry__c,KIPC2550-WHL - DIST - USD,MISSING,01tPW00000FBgzNYAT,,,,3423.090000,SKIP,,Price List 'DIST' not found in Price_List__c
Price_List_Entry__c,KIPC2550-WHL - SPEC - USD,MISSING,01tPW00000FBgzNYAT,,,,3242.800000,SKIP,,Price List 'SPEC' not found in Price_List__c
Price_List_Entry__c,KIPC2555B-3-WHL - DEAL - USD,MISSING,01t2K00000ApcbVQAR,,,,4114.000000,SKIP,,Price List 'DEAL' not found in Price_List__c
Price_List_Entry__c,KIPC2555B-3-WHL - PART - USD,MISSING,01t2K00000ApcbVQAR,,,,3897.410000,SKIP,,Price List 'PART' not found in Price_List__c
Price_List_Entry__c,KIPC2555B-3-WHL - DIST - USD,MISSING,01t2K00000ApcbVQAR,,,,3702.600000,SKIP,,Price List 'DIST' not found in Price_List__c
Price_List_Entry__c,KIPC2555B-3-WHL - SPEC - USD,MISSING,01t2K00000ApcbVQAR,,,,3507.790000,SKIP,,Price List 'SPEC' not found in Price_List__c
Price_List_Entry__c,KIPC2555B-S-3-WHL - DEAL - USD,MISSING,01t2K00000ChVy3QAF,,,,4114.000000,SKIP,,Price List 'DEAL' not found in Price_List__c
Price_List_Entry__c,KIPC2555B-S-3-WHL - PART - USD,MISSING,01t2K00000ChVy3QAF,,,,3897.410000,SKIP,,Price List 'PART' not found in Price_List__c
Price_List_Entry__c,KIPC2555B-S-3-WHL - DIST - USD,MISSING,01t2K00000ChVy3QAF,,,,3702.600000,SKIP,,Price List 'DIST' not found in Price_List__c
Price_List_Entry__c,KIPC2555B-S-3-WHL - SPEC - USD,MISSING,01t2K00000ChVy3QAF,,,,3507.790000,SKIP,,Price List 'SPEC' not found in Price_List__c
Price_List_Entry__c,KIPC2555B-S-WHL - DEAL - USD,MISSING,01tPW00000EtlheYAB,,,,3970.000000,SKIP,,Price List 'DEAL' not found in Price_List__c
Price_List_Entry__c,KIPC2555B-S-WHL - PART - USD,MISSING,01tPW00000EtlheYAB,,,,3761.000000,SKIP,,Price List 'PART' not found in Price_List__c
Price_List_Entry__c,KIPC2555B-S-WHL - DIST - USD,MISSING,01tPW00000EtlheYAB,,,,3573.000000,SKIP,,Price List 'DIST' not found in Price_List__c
Price_List_Entry__c,KIPC2555B-S-WHL - SPEC - USD,MISSING,01tPW00000EtlheYAB,,,,3385.000000,SKIP,,Price List 'SPEC' not found in Price_List__c
Price_List_Entry__c,KIPC2555B-WHL - DEAL - USD,MISSING,01tPW00000E4uBdYAJ,,,,3970.000000,SKIP,,Price List 'DEAL' not found in Price_List__c
Price_List_Entry__c,KIPC2555B-WHL - PART - USD,MISSING,01tPW00000E4uBdYAJ,,,,3761.000000,SKIP,,Price List 'PART' not found in Price_List__c
Price_List_Entry__c,KIPC2555B-WHL - DIST - USD,MISSING,01tPW00000E4uBdYAJ,,,,3573.000000,SKIP,,Price List 'DIST' not found in Price_List__c
Price_List_Entry__c,KIPC2555B-WHL - SPEC - USD,MISSING,01tPW00000E4uBdYAJ,,,,3385.000000,SKIP,,Price List 'SPEC' not found in Price_List__c
Price_List_Entry__c,KIPC2555-S-WHL - DEAL - USD,MISSING,01t2K00000CgmZzQAJ,,,,3817.550000,SKIP,,Price List 'DEAL' not found in Price_List__c
Price_List_Entry__c,KIPC2555-S-WHL - PART - USD,MISSING,01t2K00000CgmZzQAJ,,,,3616.690000,SKIP,,Price List 'PART' not found in Price_List__c
Price_List_Entry__c,KIPC2555-S-WHL - DIST - USD,MISSING,01t2K00000CgmZzQAJ,,,,3435.190000,SKIP,,Price List 'DIST' not found in Price_List__c
Price_List_Entry__c,KIPC2555-S-WHL - SPEC - USD,MISSING,01t2K00000CgmZzQAJ,,,,3254.900000,SKIP,,Price List 'SPEC' not found in Price_List__c
Price_List_Entry__c,KIPC2555-WHL - DEAL - USD,MISSING,01t2K00000ApeKXQAZ,,,,3817.550000,SKIP,,Price List 'DEAL' not found in Price_List__c
Price_List_Entry__c,KIPC2555-WHL - PART - USD,MISSING,01t2K00000ApeKXQAZ,,,,3616.690000,SKIP,,Price List 'PART' not found in Price_List__c
Price_List_Entry__c,KIPC2555-WHL - DIST - USD,MISSING,01t2K00000ApeKXQAZ,,,,3435.190000,SKIP,,Price List 'DIST' not found in Price_List__c
Price_List_Entry__c,KIPC2555-WHL - SPEC - USD,MISSING,01t2K00000ApeKXQAZ,,,,3254.900000,SKIP,,Price List 'SPEC' not found in Price_List__c
Price_List_Entry__c,PTS6X4 - DEAL - USD,MISSING,01t2K00000AoLHuQAN,,,,250.800000,SKIP,,Price List 'DEAL' not found in Price_List__c
Price_List_Entry__c,PTS6X4 - PART - USD,MISSING,01t2K00000AoLHuQAN,,,,198.770000,SKIP,,Price List 'PART' not found in Price_List__c
Price_List_Entry__c,PTS6X4 - DIST - USD,MISSING,01t2K00000AoLHuQAN,,,,188.100000,SKIP,,Price List 'DIST' not found in Price_List__c
Price_List_Entry__c,PTS6X4 - SPEC - USD,MISSING,01t2K00000AoLHuQAN,,,,178.760000,SKIP,,Price List 'SPEC' not found in Price_List__c
Price_List_Entry__c,A4X4 - DEAL - USD,MISSING,01t2K00000ApcV3QAJ,,,,58.430000,SKIP,,Price List 'DEAL' not found in Price_List__c
Price_List_Entry__c,A4X4 - PART - USD,MISSING,01t2K00000ApcV3QAJ,,,,46.130000,SKIP,,Price List 'PART' not found in Price_List__c
Price_List_Entry__c,A4X4 - DIST - USD,MISSING,01t2K00000ApcV3QAJ,,,,43.810000,SKIP,,Price List 'DIST' not found in Price_List__c
Price_List_Entry__c,A4X4 - SPEC - USD,MISSING,01t2K00000ApcV3QAJ,,,,41.510000,SKIP,,Price List 'SPEC' not found in Price_List__c
Price_List_Entry__c,A6X4 - DEAL - USD,MISSING,01t2K00000ApcUmQAJ,,,,113.840000,SKIP,,Price List 'DEAL' not found in Price_List__c
Price_List_Entry__c,A6X4 - PART - USD,MISSING,01t2K00000ApcUmQAJ,,,,89.880000,SKIP,,Price List 'PART' not found in Price_List__c
Price_List_Entry__c,A6X4 - DIST - USD,MISSING,01t2K00000ApcUmQAJ,,,,85.380000,SKIP,,Price List 'DIST' not found in Price_List__c
Price_List_Entry__c,A6X4 - SPEC - USD,MISSING,01t2K00000ApcUmQAJ,,,,80.870000,SKIP,,Price List 'SPEC' not found in Price_List__c
Price_List_Entry__c,ACC185 - DEAL - USD,MISSING,01t2K00000Aoo5tQAB,,,,89.360000,SKIP,,Price List 'DEAL' not found in Price_List__c
Price_List_Entry__c,ACC185 - PART - USD,MISSING,01t2K00000Aoo5tQAB,,,,70.550000,SKIP,,Price List 'PART' not found in Price_List__c
Price_List_Entry__c,ACC185 - DIST - USD,MISSING,01t2K00000Aoo5tQAB,,,,67.020000,SKIP,,Price List 'DIST' not found in Price_List__c
Price_List_Entry__c,ACC185 - SPEC - USD,MISSING,01t2K00000Aoo5tQAB,,,,63.530000,SKIP,,Price List 'SPEC' not found in Price_List__c
Price_List_Entry__c,LCT650SD - DEAL - USD,MISSING,01t2K00000AowCNQAZ,,,,437.050000,SKIP,,Price List 'DEAL' not found in Price_List__c
Price_List_Entry__c,LCT650SD - PART - USD,MISSING,01t2K00000AowCNQAZ,,,,344.310000,SKIP,,Price List 'PART' not found in Price_List__c
Price_List_Entry__c,LCT650SD - DIST - USD,MISSING,01t2K00000AowCNQAZ,,,,327.790000,SKIP,,Price List 'DIST' not found in Price_List__c
Price_List_Entry__c,LCT650SD - SPEC - USD,MISSING,01t2K00000AowCNQAZ,,,,310.000000,SKIP,,Price List 'SPEC' not found in Price_List__c
Price_List_Entry__c,T4X4 - DEAL - USD,MISSING,01t2K00000ApcUiQAJ,,,,40.670000,SKIP,,Price List 'DEAL' not found in Price_List__c
Price_List_Entry__c,T4X4 - PART - USD,MISSING,01t2K00000ApcUiQAJ,,,,32.100000,SKIP,,Price List 'PART' not found in Price_List__c
Price_List_Entry__c,T4X4 - DIST - USD,MISSING,01t2K00000ApcUiQAJ,,,,30.500000,SKIP,,Price List 'DIST' not found in Price_List__c
Price_List_Entry__c,T4X4 - SPEC - USD,MISSING,01t2K00000ApcUiQAJ,,,,28.910000,SKIP,,Price List 'SPEC' not found in Price_List__c
Price_List_Entry__c,T6X4 - DEAL - USD,MISSING,01t2K00000ApcXwQAJ,,,,42.690000,SKIP,,Price List 'DEAL' not found in Price_List__c
Price_List_Entry__c,T6X4 - PART - USD,MISSING,01t2K00000ApcXwQAJ,,,,33.700000,SKIP,,Price List 'PART' not found in Price_List__c
Price_List_Entry__c,T6X4 - DIST - USD,MISSING,01t2K00000ApcXwQAJ,,,,32.020000,SKIP,,Price List 'DIST' not found in Price_List__c
Price_List_Entry__c,T6X4 - SPEC - USD,MISSING,01t2K00000ApcXwQAJ,,,,30.340000,SKIP,,Price List 'SPEC' not found in Price_List__c
Price_List_Entry__c,T8X4 - DEAL - USD,MISSING,01t2K00000ApcWaQAJ,,,,44.910000,SKIP,,Price List 'DEAL' not found in Price_List__c
Price_List_Entry__c,T8X4 - PART - USD,MISSING,01t2K00000ApcWaQAJ,,,,35.460000,SKIP,,Price List 'PART' not found in Price_List__c
Price_List_Entry__c,T8X4 - DIST - USD,MISSING,01t2K00000ApcWaQAJ,,,,33.680000,SKIP,,Price List 'DIST' not found in Price_List__c
Price_List_Entry__c,T8X4 - SPEC - USD,MISSING,01t2K00000ApcWaQAJ,,,,31.920000,SKIP,,Price List 'SPEC' not found in Price_List__c
Price_List_Entry__c,ACCD-DC553 - DEAL - USD,MISSING,01t2K00000ChukIQAR,,,,43.990000,SKIP,,Price List 'DEAL' not found in Price_List__c
Price_List_Entry__c,ACCD-DC553 - PART - USD,MISSING,01t2K00000ChukIQAR,,,,41.790000,SKIP,,Price List 'PART' not found in Price_List__c
Price_List_Entry__c,ACCD-DC553 - DIST - USD,MISSING,01t2K00000ChukIQAR,,,,39.700000,SKIP,,Price List 'DIST' not found in Price_List__c
Price_List_Entry__c,ACCD-DC553 - SPEC - USD,MISSING,01t2K00000ChukIQAR,,,,37.720000,SKIP,,Price List 'SPEC' not found in Price_List__c
Price_List_Entry__c,ACCD-DC653 - DEAL - USD,MISSING,01t2K00000ChukSQAR,,,,61.590000,SKIP,,Price List 'DEAL' not found in Price_List__c
Price_List_Entry__c,ACCD-DC653 - PART - USD,MISSING,01t2K00000ChukSQAR,,,,58.510000,SKIP,,Price List 'PART' not found in Price_List__c
Price_List_Entry__c,ACCD-DC653 - DIST - USD,MISSING,01t2K00000ChukSQAR,,,,55.580000,SKIP,,Price List 'DIST' not found in Price_List__c
Price_List_Entry__c,ACCD-DC653 - SPEC - USD,MISSING,01t2K00000ChukSQAR,,,,52.810000,SKIP,,Price List 'SPEC' not found in Price_List__c
Price_List_Entry__c,ACCD-DC753 - DEAL - USD,MISSING,01t2K00000ChukTQAR,,,,79.190000,SKIP,,Price List 'DEAL' not found in Price_List__c
Price_List_Entry__c,ACCD-DC753 - PART - USD,MISSING,01t2K00000ChukTQAR,,,,75.230000,SKIP,,Price List 'PART' not found in Price_List__c
Price_List_Entry__c,ACCD-DC753 - DIST - USD,MISSING,01t2K00000ChukTQAR,,,,71.470000,SKIP,,Price List 'DIST' not found in Price_List__c
Price_List_Entry__c,ACCD-DC753 - SPEC - USD,MISSING,01t2K00000ChukTQAR,,,,67.890000,SKIP,,Price List 'SPEC' not found in Price_List__c
Price_List_Entry__c,ACCD-REM03 - DEAL - USD,MISSING,01t8V000008plFOQAY,,,,38.810000,SKIP,,Price List 'DEAL' not found in Price_List__c
Price_List_Entry__c,ACCD-REM03 - PART - USD,MISSING,01t8V000008plFOQAY,,,,36.390000,SKIP,,Price List 'PART' not found in Price_List__c
Price_List_Entry__c,ACCD-REM03 - DIST - USD,MISSING,01t8V000008plFOQAY,,,,33.960000,SKIP,,Price List 'DIST' not found in Price_List__c
Price_List_Entry__c,ACCD-REM03 - SPEC - USD,MISSING,01t8V000008plFOQAY,,,,32.750000,SKIP,,Price List 'SPEC' not found in Price_List__c
Price_List_Entry__c,ACCK122 - DEAL - USD,MISSING,01t2K00000CgtThQAJ,,,,96.800000,SKIP,,Price List 'DEAL' not found in Price_List__c
Price_List_Entry__c,ACCK122 - PART - USD,MISSING,01t2K00000CgtThQAJ,,,,90.750000,SKIP,,Price List 'PART' not found in Price_List__c
Price_List_Entry__c,ACCK122 - DIST - USD,MISSING,01t2K00000CgtThQAJ,,,,87.120000,SKIP,,Price List 'DIST' not found in Price_List__c
Price_List_Entry__c,ACCK122 - SPEC - USD,MISSING,01t2K00000CgtThQAJ,,,,82.280000,SKIP,,Price List 'SPEC' not found in Price_List__c
Price_List_Entry__c,ACC-V1500X - DEAL - USD,MISSING,01t2K00000ChukmQAB,,,,272.250000,SKIP,,Price List 'DEAL' not found in Price_List__c
Price_List_Entry__c,ACC-V1500X - PART - USD,MISSING,01t2K00000ChukmQAB,,,,215.380000,SKIP,,Price List 'PART' not found in Price_List__c
Price_List_Entry__c,ACC-V1500X - DIST - USD,MISSING,01t2K00000ChukmQAB,,,,204.490000,SKIP,,Price List 'DIST' not found in Price_List__c
Price_List_Entry__c,ACC-V1500X - SPEC - USD,MISSING,01t2K00000ChukmQAB,,,,193.600000,SKIP,,Price List 'SPEC' not found in Price_List__c
Price_List_Entry__c,ECMUA - DEAL - USD,MISSING,01t8V000008YtRGQA0,,,,337.700000,SKIP,,Price List 'DEAL' not found in Price_List__c
Price_List_Entry__c,ECMUA - PART - USD,MISSING,01t8V000008YtRGQA0,,,,266.200000,SKIP,,Price List 'PART' not found in Price_List__c
Price_List_Entry__c,ECMUA - DIST - USD,MISSING,01t8V000008YtRGQA0,,,,253.000000,SKIP,,Price List 'DIST' not found in Price_List__c
Price_List_Entry__c,ECMUA - SPEC - USD,MISSING,01t8V000008YtRGQA0,,,,239.800000,SKIP,,Price List 'SPEC' not found in Price_List__c
Price_List_Entry__c,IMAL - DEAL - USD,MISSING,01t2K00000CgC2CQAV,,,,439.230000,SKIP,,Price List 'DEAL' not found in Price_List__c
Price_List_Entry__c,IMAL - PART - USD,MISSING,01t2K00000CgC2CQAV,,,,347.270000,SKIP,,Price List 'PART' not found in Price_List__c
Price_List_Entry__c,IMAL - DIST - USD,MISSING,01t2K00000CgC2CQAV,,,,329.120000,SKIP,,Price List 'DIST' not found in Price_List__c
Price_List_Entry__c,IMAL - SPEC - USD,MISSING,01t2K00000CgC2CQAV,,,,312.180000,SKIP,,Price List 'SPEC' not found in Price_List__c
Price_List_Entry__c,IMAM - DEAL - USD,MISSING,01t2K00000CgC27QAF,,,,325.490000,SKIP,,Price List 'DEAL' not found in Price_List__c
Price_List_Entry__c,IMAM - PART - USD,MISSING,01t2K00000CgC27QAF,,,,256.520000,SKIP,,Price List 'PART' not found in Price_List__c
Price_List_Entry__c,IMAM - DIST - USD,MISSING,01t2K00000CgC27QAF,,,,244.420000,SKIP,,Price List 'DIST' not found in Price_List__c
Price_List_Entry__c,IMAM - SPEC - USD,MISSING,01t2K00000CgC27QAF,,,,232.320000,SKIP,,Price List 'SPEC' not found in Price_List__c
Price_List_Entry__c,KIRP-XHB4 - DEAL - USD,MISSING,01t2K00000Chpf7QAB,,,,4255.060000,SKIP,,Price List 'DEAL' not found in Price_List__c
Price_List_Entry__c,KIRP-XHB4 - PART - USD,MISSING,01t2K00000Chpf7QAB,,,,3359.260000,SKIP,,Price List 'PART' not found in Price_List__c
Price_List_Entry__c,KIRP-XHB4 - DIST - USD,MISSING,01t2K00000Chpf7QAB,,,,3191.300000,SKIP,,Price List 'DIST' not found in Price_List__c
Price_List_Entry__c,KIRP-XHB4 - SPEC - USD,MISSING,01t2K00000Chpf7QAB,,,,3023.340000,SKIP,,Price List 'SPEC' not found in Price_List__c
Price_List_Entry__c,KIRP-XHB4-HT - DEAL - USD,MISSING,01t2K00000Chpf8QAB,,,,5083.290000,SKIP,,Price List 'DEAL' not found in Price_List__c
Price_List_Entry__c,KIRP-XHB4-HT - PART - USD,MISSING,01t2K00000Chpf8QAB,,,,4013.120000,SKIP,,Price List 'PART' not found in Price_List__c
Price_List_Entry__c,KIRP-XHB4-HT - DIST - USD,MISSING,01t2K00000Chpf8QAB,,,,3812.470000,SKIP,,Price List 'DIST' not found in Price_List__c
Price_List_Entry__c,KIRP-XHB4-HT - SPEC - USD,MISSING,01t2K00000Chpf8QAB,,,,3611.820000,SKIP,,Price List 'SPEC' not found in Price_List__c
Price_List_Entry__c,KOF-OPT-553BRKTS - DEAL - USD,MISSING,01t2K00000Cg5MBQAZ,,,,45.980000,SKIP,,Price List 'DEAL' not found in Price_List__c
Price_List_Entry__c,KOF-OPT-553BRKTS - PART - USD,MISSING,01t2K00000Cg5MBQAZ,,,,43.560000,SKIP,,Price List 'PART' not found in Price_List__c
Price_List_Entry__c,KOF-OPT-553BRKTS - DIST - USD,MISSING,01t2K00000Cg5MBQAZ,,,,37.510000,SKIP,,Price List 'DIST' not found in Price_List__c
Price_List_Entry__c,KOF-OPT-553BRKTS - SPEC - USD,MISSING,01t2K00000Cg5MBQAZ,,,,35.090000,SKIP,,Price List 'SPEC' not found in Price_List__c
Price_List_Entry__c,KOF-OPT-ELECTRICAL - DEAL - USD,MISSING,01t2K00000CgGpkQAF,,,,651.520000,SKIP,,Price List 'DEAL' not found in Price_List__c
Price_List_Entry__c,KOF-OPT-ELECTRICAL - PART - USD,MISSING,01t2K00000CgGpkQAF,,,,514.360000,SKIP,,Price List 'PART' not found in Price_List__c
Price_List_Entry__c,KOF-OPT-ELECTRICAL - DIST - USD,MISSING,01t2K00000CgGpkQAF,,,,488.640000,SKIP,,Price List 'DIST' not found in Price_List__c
Price_List_Entry__c,KOF-OPT-ELECTRICAL - SPEC - USD,MISSING,01t2K00000CgGpkQAF,,,,462.920000,SKIP,,Price List 'SPEC' not found in Price_List__c
Price_List_Entry__c,KOF-OPT-FAN - DEAL - USD,MISSING,01t2K00000CgGpaQAF,,,,331.410000,SKIP,,Price List 'DEAL' not found in Price_List__c
Price_List_Entry__c,KOF-OPT-FAN - PART - USD,MISSING,01t2K00000CgGpaQAF,,,,261.640000,SKIP,,Price List 'PART' not found in Price_List__c
Price_List_Entry__c,KOF-OPT-FAN - DIST - USD,MISSING,01t2K00000CgGpaQAF,,,,248.560000,SKIP,,Price List 'DIST' not found in Price_List__c
Price_List_Entry__c,KOF-OPT-FAN - SPEC - USD,MISSING,01t2K00000CgGpaQAF,,,,235.480000,SKIP,,Price List 'SPEC' not found in Price_List__c
Price_List_Entry__c,KOF-OPT-SHELF - DEAL - USD,MISSING,01t2K00000CgGpbQAF,,,,48.400000,SKIP,,Price List 'DEAL' not found in Price_List__c
Price_List_Entry__c,KOF-OPT-SHELF - PART - USD,MISSING,01t2K00000CgGpbQAF,,,,45.980000,SKIP,,Price List 'PART' not found in Price_List__c
Price_List_Entry__c,KOF-OPT-SHELF - DIST - USD,MISSING,01t2K00000CgGpbQAF,,,,41.140000,SKIP,,Price List 'DIST' not found in Price_List__c
Price_List_Entry__c,KOF-OPT-SHELF - SPEC - USD,MISSING,01t2K00000CgGpbQAF,,,,38.720000,SKIP,,Price List 'SPEC' not found in Price_List__c
Price_List_Entry__c,KOF-OPT-SPK - DEAL - USD,MISSING,01t2K00000CgGpuQAF,,,,733.220000,SKIP,,Price List 'DEAL' not found in Price_List__c
Price_List_Entry__c,KOF-OPT-SPK - PART - USD,MISSING,01t2K00000CgGpuQAF,,,,578.850000,SKIP,,Price List 'PART' not found in Price_List__c
Price_List_Entry__c,KOF-OPT-SPK - DIST - USD,MISSING,01t2K00000CgGpuQAF,,,,549.910000,SKIP,,Price List 'DIST' not found in Price_List__c
Price_List_Entry__c,KOF-OPT-SPK - SPEC - USD,MISSING,01t2K00000CgGpuQAF,,,,520.970000,SKIP,,Price List 'SPEC' not found in Price_List__c
Price_List_Entry__c,NT553 - DEAL - USD,MISSING,01t2K00000ChrRlQAJ,,,,1550.000000,SKIP,,Price List 'DEAL' not found in Price_List__c
Price_List_Entry__c,NT553 - PART - USD,MISSING,01t2K00000ChrRlQAJ,,,,1480.000000,SKIP,,Price List 'PART' not found in Price_List__c
Price_List_Entry__c,NT553 - DIST - USD,MISSING,01t2K00000ChrRlQAJ,,,,1350.000000,SKIP,,Price List 'DIST' not found in Price_List__c
Price_List_Entry__c,NT553 - SPEC - USD,MISSING,01t2K00000ChrRlQAJ,,,,1260.000000,SKIP,,Price List 'SPEC' not found in Price_List__c
Price_List_Entry__c,NT653 - DEAL - USD,MISSING,01t2K00000ChrRqQAJ,,,,1980.000000,SKIP,,Price List 'DEAL' not found in Price_List__c
Price_List_Entry__c,NT653 - PART - USD,MISSING,01t2K00000ChrRqQAJ,,,,1890.000000,SKIP,,Price List 'PART' not found in Price_List__c
Price_List_Entry__c,NT653 - DIST - USD,MISSING,01t2K00000ChrRqQAJ,,,,1720.000000,SKIP,,Price List 'DIST' not found in Price_List__c
Price_List_Entry__c,NT653 - SPEC - USD,MISSING,01t2K00000ChrRqQAJ,,,,1610.000000,SKIP,,Price List 'SPEC' not found in Price_List__c
Price_List_Entry__c,NT753 - DEAL - USD,MISSING,01t2K00000ChrRrQAJ,,,,3436.360000,SKIP,,Price List 'DEAL' not found in Price_List__c
Price_List_Entry__c,NT753 - PART - USD,MISSING,01t2K00000ChrRrQAJ,,,,3264.540000,SKIP,,Price List 'PART' not found in Price_List__c
Price_List_Entry__c,NT753 - DIST - USD,MISSING,01t2K00000ChrRrQAJ,,,,3101.310000,SKIP,,Price List 'DIST' not found in Price_List__c
Price_List_Entry__c,NT753 - SPEC - USD,MISSING,01t2K00000ChrRrQAJ,,,,2946.240000,SKIP,,Price List 'SPEC' not found in Price_List__c
Price_List_Entry__c,SF680P-HUB2 - DEAL - USD,MISSING,01t2K00000AptM3QAJ,,,,323.070000,SKIP,,Price List 'DEAL' not found in Price_List__c
Price_List_Entry__c,SF680P-HUB2 - PART - USD,MISSING,01t2K00000AptM3QAJ,,,,255.310000,SKIP,,Price List 'PART' not found in Price_List__c
Price_List_Entry__c,SF680P-HUB2 - DIST - USD,MISSING,01t2K00000AptM3QAJ,,,,242.000000,SKIP,,Price List 'DIST' not found in Price_List__c
Price_List_Entry__c,SF680P-HUB2 - SPEC - USD,MISSING,01t2K00000AptM3QAJ,,,,229.900000,SKIP,,Price List 'SPEC' not found in Price_List__c
Price_List_Entry__c,SR598-HUB2 - DEAL - USD,MISSING,01t2K00000ApB6cQAF,,,,1609.300000,SKIP,,Price List 'DEAL' not found in Price_List__c
Price_List_Entry__c,SR598-HUB2 - PART - USD,MISSING,01t2K00000ApB6cQAF,,,,1270.500000,SKIP,,Price List 'PART' not found in Price_List__c
Price_List_Entry__c,SR598-HUB2 - DIST - USD,MISSING,01t2K00000ApB6cQAF,,,,1207.580000,SKIP,,Price List 'DIST' not found in Price_List__c
Price_List_Entry__c,SR598-HUB2 - SPEC - USD,MISSING,01t2K00000ApB6cQAF,,,,1144.660000,SKIP,,Price List 'SPEC' not found in Price_List__c
Price_List_Entry__c,XHB554 - DEAL - USD,MISSING,01t2K00000Chg0NQAR,,,,4048.000000,SKIP,,Price List 'DEAL' not found in Price_List__c
Price_List_Entry__c,XHB554 - PART - USD,MISSING,01t2K00000Chg0NQAR,,,,3872.000000,SKIP,,Price List 'PART' not found in Price_List__c
Price_List_Entry__c,XHB554 - DIST - USD,MISSING,01t2K00000Chg0NQAR,,,,3696.000000,SKIP,,Price List 'DIST' not found in Price_List__c
Price_List_Entry__c,XHB554 - SPEC - USD,MISSING,01t2K00000Chg0NQAR,,,,3520.000000,SKIP,,Price List 'SPEC' not found in Price_List__c
Price_List_Entry__c,XHB653 - DEAL - USD,MISSING,01t2K00000ChpfWQAR,,,,8855.000000,SKIP,,Price List 'DEAL' not found in Price_List__c
Price_List_Entry__c,XHB653 - PART - USD,MISSING,01t2K00000ChpfWQAR,,,,8470.000000,SKIP,,Price List 'PART' not found in Price_List__c
Price_List_Entry__c,XHB653 - DIST - USD,MISSING,01t2K00000ChpfWQAR,,,,8085.000000,SKIP,,Price List 'DIST' not found in Price_List__c
Price_List_Entry__c,XHB653 - SPEC - USD,MISSING,01t2K00000ChpfWQAR,,,,7700.000000,SKIP,,Price List 'SPEC' not found in Price_List__c
Price_List_Entry__c,XHB754 - DEAL - USD,MISSING,01t2K00000Ci3huQAB,,,,11385.000000,SKIP,,Price List 'DEAL' not found in Price_List__c
Price_List_Entry__c,XHB754 - PART - USD,MISSING,01t2K00000Ci3huQAB,,,,10890.000000,SKIP,,Price List 'PART' not found in Price_List__c
Price_List_Entry__c,XHB754 - DIST - USD,MISSING,01t2K00000Ci3huQAB,,,,10395.000000,SKIP,,Price List 'DIST' not found in Price_List__c
Price_List_Entry__c,XHB754 - SPEC - USD,MISSING,01t2K00000Ci3huQAB,,,,9900.000000,SKIP,,Price List 'SPEC' not found in Price_List__c
Price_List_Entry__c,55XHBWARR-003 - DEAL - USD,MISSING,01t6A000002ZPaeQAG,,,,368.000000,SKIP,,Price List 'DEAL' not found in Price_List__c
Price_List_Entry__c,55XHBWARR-003 - PART - USD,MISSING,01t6A000002ZPaeQAG,,,,368.000000,SKIP,,Price List 'PART' not found in Price_List__c
Price_List_Entry__c,55XHBWARR-003 - DIST - USD,MISSING,01t6A000002ZPaeQAG,,,,336.000000,SKIP,,Price List 'DIST' not found in Price_List__c
Price_List_Entry__c,55XHBWARR-003 - SPEC - USD,MISSING,01t6A000002ZPaeQAG,,,,336.000000,SKIP,,Price List 'SPEC' not found in Price_List__c
Price_List_Entry__c,55XHBWARR-034 - DEAL - USD,MISSING,01t6A000002ZPcXQAW,,,,736.000000,SKIP,,Price List 'DEAL' not found in Price_List__c
Price_List_Entry__c,55XHBWARR-034 - PART - USD,MISSING,01t6A000002ZPcXQAW,,,,736.000000,SKIP,,Price List 'PART' not found in Price_List__c
Price_List_Entry__c,55XHBWARR-034 - DIST - USD,MISSING,01t6A000002ZPcXQAW,,,,672.000000,SKIP,,Price List 'DIST' not found in Price_List__c
Price_List_Entry__c,55XHBWARR-034 - SPEC - USD,MISSING,01t6A000002ZPcXQAW,,,,672.000000,SKIP,,Price List 'SPEC' not found in Price_List__c
Price_List_Entry__c,55XHBWARR-345 - DEAL - USD,MISSING,01t6A000002ZPbwQAG,,,,1104.000000,SKIP,,Price List 'DEAL' not found in Price_List__c
Price_List_Entry__c,55XHBWARR-345 - PART - USD,MISSING,01t6A000002ZPbwQAG,,,,1104.000000,SKIP,,Price List 'PART' not found in Price_List__c
Price_List_Entry__c,55XHBWARR-345 - DIST - USD,MISSING,01t6A000002ZPbwQAG,,,,1008.000000,SKIP,,Price List 'DIST' not found in Price_List__c
Price_List_Entry__c,55XHBWARR-345 - SPEC - USD,MISSING,01t6A000002ZPbwQAG,,,,1008.000000,SKIP,,Price List 'SPEC' not found in Price_List__c
Price_List_Entry__c,65XHBWARR-003 - DEAL - USD,MISSING,01t6A000002ZPcZQAW,,,,805.000000,SKIP,,Price List 'DEAL' not found in Price_List__c
Price_List_Entry__c,65XHBWARR-003 - PART - USD,MISSING,01t6A000002ZPcZQAW,,,,805.000000,SKIP,,Price List 'PART' not found in Price_List__c
Price_List_Entry__c,65XHBWARR-003 - DIST - USD,MISSING,01t6A000002ZPcZQAW,,,,735.000000,SKIP,,Price List 'DIST' not found in Price_List__c
Price_List_Entry__c,65XHBWARR-003 - SPEC - USD,MISSING,01t6A000002ZPcZQAW,,,,735.000000,SKIP,,Price List 'SPEC' not found in Price_List__c
Price_List_Entry__c,65XHBWARR-034 - DEAL - USD,MISSING,01t6A000002ZPdYQAW,,,,1610.000000,SKIP,,Price List 'DEAL' not found in Price_List__c
Price_List_Entry__c,65XHBWARR-034 - PART - USD,MISSING,01t6A000002ZPdYQAW,,,,1610.000000,SKIP,,Price List 'PART' not found in Price_List__c
Price_List_Entry__c,65XHBWARR-034 - DIST - USD,MISSING,01t6A000002ZPdYQAW,,,,1470.000000,SKIP,,Price List 'DIST' not found in Price_List__c
Price_List_Entry__c,65XHBWARR-034 - SPEC - USD,MISSING,01t6A000002ZPdYQAW,,,,1470.000000,SKIP,,Price List 'SPEC' not found in Price_List__c
Price_List_Entry__c,65XHBWARR-345 - DEAL - USD,MISSING,01t6A000002ZPa7QAG,,,,2415.000000,SKIP,,Price List 'DEAL' not found in Price_List__c
Price_List_Entry__c,65XHBWARR-345 - PART - USD,MISSING,01t6A000002ZPa7QAG,,,,2415.000000,SKIP,,Price List 'PART' not found in Price_List__c
Price_List_Entry__c,65XHBWARR-345 - DIST - USD,MISSING,01t6A000002ZPa7QAG,,,,2205.000000,SKIP,,Price List 'DIST' not found in Price_List__c
Price_List_Entry__c,65XHBWARR-345 - SPEC - USD,MISSING,01t6A000002ZPa7QAG,,,,2205.000000,SKIP,,Price List 'SPEC' not found in Price_List__c
Price_List_Entry__c,ACCK-KOPXHB - DEAL - USD,MISSING,01t8V000008plHAQAY,,,,712.800000,SKIP,,Price List 'DEAL' not found in Price_List__c
Price_List_Entry__c,ACCK-KOPXHB - PART - USD,MISSING,01t8V000008plHAQAY,,,,675.400000,SKIP,,Price List 'PART' not found in Price_List__c
Price_List_Entry__c,ACCK-KOPXHB - DIST - USD,MISSING,01t8V000008plHAQAY,,,,642.400000,SKIP,,Price List 'DIST' not found in Price_List__c
Price_List_Entry__c,ACCK-KOPXHB - SPEC - USD,MISSING,01t8V000008plHAQAY,,,,608.300000,SKIP,,Price List 'SPEC' not found in Price_List__c
Price_List_Entry__c,ACSBR2 - DEAL - USD,MISSING,01t8V000008plvNQAQ,,,,31.900000,SKIP,,Price List 'DEAL' not found in Price_List__c
Price_List_Entry__c,ACSBR2 - PART - USD,MISSING,01t8V000008plvNQAQ,,,,25.300000,SKIP,,Price List 'PART' not found in Price_List__c
Price_List_Entry__c,ACSBR2 - DIST - USD,MISSING,01t8V000008plvNQAQ,,,,23.100000,SKIP,,Price List 'DIST' not found in Price_List__c
Price_List_Entry__c,ACSBR2 - SPEC - USD,MISSING,01t8V000008plvNQAQ,,,,22.000000,SKIP,,Price List 'SPEC' not found in Price_List__c
Price_List_Entry__c,PA775 - DEAL - USD,MISSING,01t8V000008plvSQAQ,,,,257.400000,SKIP,,Price List 'DEAL' not found in Price_List__c
Price_List_Entry__c,PA775 - PART - USD,MISSING,01t8V000008plvSQAQ,,,,203.500000,SKIP,,Price List 'PART' not found in Price_List__c
Price_List_Entry__c,PA775 - DIST - USD,MISSING,01t8V000008plvSQAQ,,,,192.500000,SKIP,,Price List 'DIST' not found in Price_List__c
Price_List_Entry__c,PA775 - SPEC - USD,MISSING,01t8V000008plvSQAQ,,,,182.600000,SKIP,,Price List 'SPEC' not found in Price_List__c
Price_List_Entry__c,PT670 - DEAL - USD,MISSING,01t8V000008plvhQAA,,,,130.900000,SKIP,,Price List 'DEAL' not found in Price_List__c
Price_List_Entry__c,PT670 - PART - USD,MISSING,01t8V000008plvhQAA,,,,103.400000,SKIP,,Price List 'PART' not found in Price_List__c
Price_List_Entry__c,PT670 - DIST - USD,MISSING,01t8V000008plvhQAA,,,,97.900000,SKIP,,Price List 'DIST' not found in Price_List__c
Price_List_Entry__c,PT670 - SPEC - USD,MISSING,01t8V000008plvhQAA,,,,93.500000,SKIP,,Price List 'SPEC' not found in Price_List__c
Price_List_Entry__c,SPKSU - DEAL - USD,MISSING,01t8V000008plvXQAQ,,,,122.000000,SKIP,,Price List 'DEAL' not found in Price_List__c
Price_List_Entry__c,SPKSU - PART - USD,MISSING,01t8V000008plvXQAQ,,,,96.000000,SKIP,,Price List 'PART' not found in Price_List__c
Price_List_Entry__c,SPKSU - DIST - USD,MISSING,01t8V000008plvXQAQ,,,,91.000000,SKIP,,Price List 'DIST' not found in Price_List__c
Price_List_Entry__c,SPKSU - SPEC - USD,MISSING,01t8V000008plvXQAQ,,,,87.000000,SKIP,,Price List 'SPEC' not found in Price_List__c
Price_List_Entry__c,ACC148 - DEAL - USD,MISSING,01tPW000003JdryYAC,,,,86.900000,SKIP,,Price List 'DEAL' not found in Price_List__c
Price_List_Entry__c,ACC148 - PART - USD,MISSING,01tPW000003JdryYAC,,,,86.900000,SKIP,,Price List 'PART' not found in Price_List__c
Price_List_Entry__c,ACC148 - DIST - USD,MISSING,01tPW000003JdryYAC,,,,66.000000,SKIP,,Price List 'DIST' not found in Price_List__c
Price_List_Entry__c,ACC148 - SPEC - USD,MISSING,01tPW000003JdryYAC,,,,62.700000,SKIP,,Price List 'SPEC' not found in Price_List__c
Price_List_Entry__c,ACC149 - DEAL - USD,MISSING,01tPW000003JxU5YAK,,,,97.900000,SKIP,,Price List 'DEAL' not found in Price_List__c
Price_List_Entry__c,ACC149 - PART - USD,MISSING,01tPW000003JxU5YAK,,,,77.000000,SKIP,,Price List 'PART' not found in Price_List__c
Price_List_Entry__c,ACC149 - DIST - USD,MISSING,01tPW000003JxU5YAK,,,,73.700000,SKIP,,Price List 'DIST' not found in Price_List__c
Price_List_Entry__c,ACC149 - SPEC - USD,MISSING,01tPW000003JxU5YAK,,,,69.300000,SKIP,,Price List 'SPEC' not found in Price_List__c
Price_List_Entry__c,ACC151 - DEAL - USD,MISSING,01tPW000003JxVhYAK,,,,82.500000,SKIP,,Price List 'DEAL' not found in Price_List__c
Price_List_Entry__c,ACC151 - PART - USD,MISSING,01tPW000003JxVhYAK,,,,64.900000,SKIP,,Price List 'PART' not found in Price_List__c
Price_List_Entry__c,ACC151 - DIST - USD,MISSING,01tPW000003JxVhYAK,,,,61.600000,SKIP,,Price List 'DIST' not found in Price_List__c
Price_List_Entry__c,ACC151 - SPEC - USD,MISSING,01tPW000003JxVhYAK,,,,58.300000,SKIP,,Price List 'SPEC' not found in Price_List__c
Price_List_Entry__c,ACC152 - DEAL - USD,MISSING,01tPW000003JxSTYA0,,,,117.700000,SKIP,,Price List 'DEAL' not found in Price_List__c
Price_List_Entry__c,ACC152 - PART - USD,MISSING,01tPW000003JxSTYA0,,,,92.400000,SKIP,,Price List 'PART' not found in Price_List__c
Price_List_Entry__c,ACC152 - DIST - USD,MISSING,01tPW000003JxSTYA0,,,,88.000000,SKIP,,Price List 'DIST' not found in Price_List__c
Price_List_Entry__c,ACC152 - SPEC - USD,MISSING,01tPW000003JxSTYA0,,,,83.600000,SKIP,,Price List 'SPEC' not found in Price_List__c
Price_List_Entry__c,ACC-CSH2 - DEAL - USD,MISSING,01t8V000008YpYdQAK,,,,64.900000,SKIP,,Price List 'DEAL' not found in Price_List__c
Price_List_Entry__c,ACC-CSH2 - PART - USD,MISSING,01t8V000008YpYdQAK,,,,51.700000,SKIP,,Price List 'PART' not found in Price_List__c
Price_List_Entry__c,ACC-CSH2 - DIST - USD,MISSING,01t8V000008YpYdQAK,,,,48.400000,SKIP,,Price List 'DIST' not found in Price_List__c
Price_List_Entry__c,ACC-CSH2 - SPEC - USD,MISSING,01t8V000008YpYdQAK,,,,46.200000,SKIP,,Price List 'SPEC' not found in Price_List__c
Price_List_Entry__c,ACCK-KOPBASE - DEAL - USD,MISSING,01t8V000008YvjvQAC,,,,143.990000,SKIP,,Price List 'DEAL' not found in Price_List__c
Price_List_Entry__c,ACCK-KOPBASE - PART - USD,MISSING,01t8V000008YvjvQAC,,,,136.730000,SKIP,,Price List 'PART' not found in Price_List__c
Price_List_Entry__c,ACCK-KOPBASE - DIST - USD,MISSING,01t8V000008YvjvQAC,,,,129.470000,SKIP,,Price List 'DIST' not found in Price_List__c
Price_List_Entry__c,ACCK-KOPBASE - SPEC - USD,MISSING,01t8V000008YvjvQAC,,,,122.210000,SKIP,,Price List 'SPEC' not found in Price_List__c
Price_List_Entry__c,ACCK-KOPBASE-B2B - DEAL - USD,MISSING,01t8V000008YwhgQAC,,,,182.600000,SKIP,,Price List 'DEAL' not found in Price_List__c
Price_List_Entry__c,ACCK-KOPBASE-B2B - PART - USD,MISSING,01t8V000008YwhgQAC,,,,172.700000,SKIP,,Price List 'PART' not found in Price_List__c
Price_List_Entry__c,ACCK-KOPBASE-B2B - DIST - USD,MISSING,01t8V000008YwhgQAC,,,,163.900000,SKIP,,Price List 'DIST' not found in Price_List__c
Price_List_Entry__c,ACCK-KOPBASE-B2B - SPEC - USD,MISSING,01t8V000008YwhgQAC,,,,155.100000,SKIP,,Price List 'SPEC' not found in Price_List__c
Price_List_Entry__c,ACC-SB2 - DEAL - USD,MISSING,01t8V000008ZBGMQA4,,,,44.000000,SKIP,,Price List 'DEAL' not found in Price_List__c
Price_List_Entry__c,ACC-SB2 - PART - USD,MISSING,01t8V000008ZBGMQA4,,,,35.200000,SKIP,,Price List 'PART' not found in Price_List__c
Price_List_Entry__c,ACC-SB2 - DIST - USD,MISSING,01t8V000008ZBGMQA4,,,,33.000000,SKIP,,Price List 'DIST' not found in Price_List__c
Price_List_Entry__c,ACC-SB2 - SPEC - USD,MISSING,01t8V000008ZBGMQA4,,,,30.800000,SKIP,,Price List 'SPEC' not found in Price_List__c
Price_List_Entry__c,ACC-UCM2 - DEAL - USD,MISSING,01tPW000004XhezYAC,,,,59.400000,SKIP,,Price List 'DEAL' not found in Price_List__c
Price_List_Entry__c,ACC-UCM2 - PART - USD,MISSING,01tPW000004XhezYAC,,,,47.300000,SKIP,,Price List 'PART' not found in Price_List__c
Price_List_Entry__c,ACC-UCM2 - DIST - USD,MISSING,01tPW000004XhezYAC,,,,44.000000,SKIP,,Price List 'DIST' not found in Price_List__c
Price_List_Entry__c,ACC-UCM2 - SPEC - USD,MISSING,01tPW000004XhezYAC,,,,41.800000,SKIP,,Price List 'SPEC' not found in Price_List__c
Price_List_Entry__c,DS-MBZ642L-TDL - DEAL - USD,MISSING,01t8V0000095fYUQAY,,,,128.920000,SKIP,,Price List 'DEAL' not found in Price_List__c
Price_List_Entry__c,DS-MBZ642L-TDL - PART - USD,MISSING,01t8V0000095fYUQAY,,,,101.780000,SKIP,,Price List 'PART' not found in Price_List__c
Price_List_Entry__c,DS-MBZ642L-TDL - DIST - USD,MISSING,01t8V0000095fYUQAY,,,,96.690000,SKIP,,Price List 'DIST' not found in Price_List__c
Price_List_Entry__c,DS-MBZ642L-TDL - SPEC - USD,MISSING,01t8V0000095fYUQAY,,,,91.610000,SKIP,,Price List 'SPEC' not found in Price_List__c
Price_List_Entry__c,DS-MBZ647L-TDL - DEAL - USD,MISSING,01t8V0000095fYPQAY,,,,128.920000,SKIP,,Price List 'DEAL' not found in Price_List__c
Price_List_Entry__c,DS-MBZ647L-TDL - PART - USD,MISSING,01t8V0000095fYPQAY,,,,101.780000,SKIP,,Price List 'PART' not found in Price_List__c
Price_List_Entry__c,DS-MBZ647L-TDL - DIST - USD,MISSING,01t8V0000095fYPQAY,,,,96.690000,SKIP,,Price List 'DIST' not found in Price_List__c
Price_List_Entry__c,DS-MBZ647L-TDL - SPEC - USD,MISSING,01t8V0000095fYPQAY,,,,91.610000,SKIP,,Price List 'SPEC' not found in Price_List__c
Price_List_Entry__c,ESF675 - DEAL - USD,MISSING,01t8V000008YwAAQA0,,,,745.800000,SKIP,,Price List 'DEAL' not found in Price_List__c
Price_List_Entry__c,ESF675 - PART - USD,MISSING,01t8V000008YwAAQA0,,,,588.500000,SKIP,,Price List 'PART' not found in Price_List__c
Price_List_Entry__c,ESF675 - DIST - USD,MISSING,01t8V000008YwAAQA0,,,,559.900000,SKIP,,Price List 'DIST' not found in Price_List__c
Price_List_Entry__c,ESF675 - SPEC - USD,MISSING,01t8V000008YwAAQA0,,,,530.200000,SKIP,,Price List 'SPEC' not found in Price_List__c
Price_List_Entry__c,HPF675 - DEAL - USD,MISSING,01t8V000008Z8EGQA0,,,,208.890000,SKIP,,Price List 'DEAL' not found in Price_List__c
Price_List_Entry__c,HPF675 - PART - USD,MISSING,01t8V000008Z8EGQA0,,,,164.910000,SKIP,,Price List 'PART' not found in Price_List__c
Price_List_Entry__c,HPF675 - DIST - USD,MISSING,01t8V000008Z8EGQA0,,,,156.670000,SKIP,,Price List 'DIST' not found in Price_List__c
Price_List_Entry__c,HPF675 - SPEC - USD,MISSING,01t8V000008Z8EGQA0,,,,148.420000,SKIP,,Price List 'SPEC' not found in Price_List__c
Price_List_Entry__c,KOF-OPT-LG - DEAL - USD,MISSING,01t8V000008XMvxQAG,,,,183.700000,SKIP,,Price List 'DEAL' not found in Price_List__c
Price_List_Entry__c,KOF-OPT-LG - PART - USD,MISSING,01t8V000008XMvxQAG,,,,145.200000,SKIP,,Price List 'PART' not found in Price_List__c
Price_List_Entry__c,KOF-OPT-LG - DIST - USD,MISSING,01t8V000008XMvxQAG,,,,138.600000,SKIP,,Price List 'DIST' not found in Price_List__c
Price_List_Entry__c,KOF-OPT-LG - SPEC - USD,MISSING,01t8V000008XMvxQAG,,,,130.900000,SKIP,,Price List 'SPEC' not found in Price_List__c
Price_List_Entry__c,KOF-OPT-SAM - DEAL - USD,MISSING,01t8V000008XMvsQAG,,,,183.700000,SKIP,,Price List 'DEAL' not found in Price_List__c
Price_List_Entry__c,KOF-OPT-SAM - PART - USD,MISSING,01t8V000008XMvsQAG,,,,145.200000,SKIP,,Price List 'PART' not found in Price_List__c
Price_List_Entry__c,KOF-OPT-SAM - DIST - USD,MISSING,01t8V000008XMvsQAG,,,,138.600000,SKIP,,Price List 'DIST' not found in Price_List__c
Price_List_Entry__c,KOF-OPT-SAM - SPEC - USD,MISSING,01t8V000008XMvsQAG,,,,130.900000,SKIP,,Price List 'SPEC' not found in Price_List__c
Price_List_Entry__c,KOP55XHB - DEAL - USD,MISSING,01t8V0000095r4AQAQ,,,,9391.800000,SKIP,,Price List 'DEAL' not found in Price_List__c
Price_List_Entry__c,KOP55XHB - PART - USD,MISSING,01t8V0000095r4AQAQ,,,,9032.100000,SKIP,,Price List 'PART' not found in Price_List__c
Price_List_Entry__c,KOP55XHB - DIST - USD,MISSING,01t8V0000095r4AQAQ,,,,8714.200000,SKIP,,Price List 'DIST' not found in Price_List__c
Price_List_Entry__c,KOP55XHB - SPEC - USD,MISSING,01t8V0000095r4AQAQ,,,,8521.700000,SKIP,,Price List 'SPEC' not found in Price_List__c
Price_List_Entry__c,KOP55XHB2 - DEAL - USD,MISSING,01t8V000008YpjxQAC,,,,14465.000000,SKIP,,Price List 'DEAL' not found in Price_List__c
Price_List_Entry__c,KOP55XHB2 - PART - USD,MISSING,01t8V000008YpjxQAC,,,,14010.700000,SKIP,,Price List 'PART' not found in Price_List__c
Price_List_Entry__c,KOP55XHB2 - DIST - USD,MISSING,01t8V000008YpjxQAC,,,,13609.200000,SKIP,,Price List 'DIST' not found in Price_List__c
Price_List_Entry__c,KOP55XHB2 - SPEC - USD,MISSING,01t8V000008YpjxQAC,,,,13365.000000,SKIP,,Price List 'SPEC' not found in Price_List__c
Price_List_Entry__c,KOP55XHB2-A - DEAL - USD,MISSING,01t8V000008YpjsQAC,,,,15472.600000,SKIP,,Price List 'DEAL' not found in Price_List__c
Price_List_Entry__c,KOP55XHB2-A - PART - USD,MISSING,01t8V000008YpjsQAC,,,,14955.600000,SKIP,,Price List 'PART' not found in Price_List__c
Price_List_Entry__c,KOP55XHB2-A - DIST - USD,MISSING,01t8V000008YpjsQAC,,,,14499.100000,SKIP,,Price List 'DIST' not found in Price_List__c
Price_List_Entry__c,KOP55XHB2-A - SPEC - USD,MISSING,01t8V000008YpjsQAC,,,,14223.000000,SKIP,,Price List 'SPEC' not found in Price_List__c
Price_List_Entry__c,KOP55XHB2-S - DEAL - USD,MISSING,01t8V000008Ypk2QAC,,,,14465.000000,SKIP,,Price List 'DEAL' not found in Price_List__c
Price_List_Entry__c,KOP55XHB2-S - PART - USD,MISSING,01t8V000008Ypk2QAC,,,,14010.700000,SKIP,,Price List 'PART' not found in Price_List__c
Price_List_Entry__c,KOP55XHB2-S - DIST - USD,MISSING,01t8V000008Ypk2QAC,,,,13609.200000,SKIP,,Price List 'DIST' not found in Price_List__c
Price_List_Entry__c,KOP55XHB2-S - SPEC - USD,MISSING,01t8V000008Ypk2QAC,,,,13365.000000,SKIP,,Price List 'SPEC' not found in Price_List__c
Price_List_Entry__c,KOP55XHB2-SA - DEAL - USD,MISSING,01t8V000008Ypk3QAC,,,,15472.600000,SKIP,,Price List 'DEAL' not found in Price_List__c
Price_List_Entry__c,KOP55XHB2-SA - PART - USD,MISSING,01t8V000008Ypk3QAC,,,,14955.600000,SKIP,,Price List 'PART' not found in Price_List__c
Price_List_Entry__c,KOP55XHB2-SA - DIST - USD,MISSING,01t8V000008Ypk3QAC,,,,14499.100000,SKIP,,Price List 'DIST' not found in Price_List__c
Price_List_Entry__c,KOP55XHB2-SA - SPEC - USD,MISSING,01t8V000008Ypk3QAC,,,,14223.000000,SKIP,,Price List 'SPEC' not found in Price_List__c
Price_List_Entry__c,KOP55XHB-A - DEAL - USD,MISSING,01t8V0000095r45QAA,,,,9966.000000,SKIP,,Price List 'DEAL' not found in Price_List__c
Price_List_Entry__c,KOP55XHB-A - PART - USD,MISSING,01t8V0000095r45QAA,,,,9571.100000,SKIP,,Price List 'PART' not found in Price_List__c
Price_List_Entry__c,KOP55XHB-A - DIST - USD,MISSING,01t8V0000095r45QAA,,,,9222.400000,SKIP,,Price List 'DIST' not found in Price_List__c
Price_List_Entry__c,KOP55XHB-A - SPEC - USD,MISSING,01t8V0000095r45QAA,,,,9011.200000,SKIP,,Price List 'SPEC' not found in Price_List__c
Price_List_Entry__c,KOP55XHB-S - DEAL - USD,MISSING,01t8V0000095r4BQAQ,,,,9391.800000,SKIP,,Price List 'DEAL' not found in Price_List__c
Price_List_Entry__c,KOP55XHB-S - PART - USD,MISSING,01t8V0000095r4BQAQ,,,,9032.100000,SKIP,,Price List 'PART' not found in Price_List__c
Price_List_Entry__c,KOP55XHB-S - DIST - USD,MISSING,01t8V0000095r4BQAQ,,,,8714.200000,SKIP,,Price List 'DIST' not found in Price_List__c
Price_List_Entry__c,KOP55XHB-S - SPEC - USD,MISSING,01t8V0000095r4BQAQ,,,,8521.700000,SKIP,,Price List 'SPEC' not found in Price_List__c
Price_List_Entry__c,KOP55XHB-SA - DEAL - USD,MISSING,01t8V0000095r40QAA,,,,9966.000000,SKIP,,Price List 'DEAL' not found in Price_List__c
Price_List_Entry__c,KOP55XHB-SA - PART - USD,MISSING,01t8V0000095r40QAA,,,,9571.100000,SKIP,,Price List 'PART' not found in Price_List__c
Price_List_Entry__c,KOP55XHB-SA - DIST - USD,MISSING,01t8V0000095r40QAA,,,,9222.400000,SKIP,,Price List 'DIST' not found in Price_List__c
Price_List_Entry__c,KOP55XHB-SA - SPEC - USD,MISSING,01t8V0000095r40QAA,,,,9011.200000,SKIP,,Price List 'SPEC' not found in Price_List__c
Price_List_Entry__c,NT554 - DEAL - USD,MISSING,01tPW000001OcDFYA0,,,,1959.000000,SKIP,,Price List 'DEAL' not found in Price_List__c
Price_List_Entry__c,NT554 - PART - USD,MISSING,01tPW000001OcDFYA0,,,,1874.000000,SKIP,,Price List 'PART' not found in Price_List__c
Price_List_Entry__c,NT554 - DIST - USD,MISSING,01tPW000001OcDFYA0,,,,1769.000000,SKIP,,Price List 'DIST' not found in Price_List__c
Price_List_Entry__c,NT554 - SPEC - USD,MISSING,01tPW000001OcDFYA0,,,,1732.000000,SKIP,,Price List 'SPEC' not found in Price_List__c
Price_List_Entry__c,NT654 - DEAL - USD,MISSING,01tPW000001OcDGYA0,,,,2391.000000,SKIP,,Price List 'DEAL' not found in Price_List__c
Price_List_Entry__c,NT654 - PART - USD,MISSING,01tPW000001OcDGYA0,,,,2285.000000,SKIP,,Price List 'PART' not found in Price_List__c
Price_List_Entry__c,NT654 - DIST - USD,MISSING,01tPW000001OcDGYA0,,,,2159.000000,SKIP,,Price List 'DIST' not found in Price_List__c
Price_List_Entry__c,NT654 - SPEC - USD,MISSING,01tPW000001OcDGYA0,,,,2113.000000,SKIP,,Price List 'SPEC' not found in Price_List__c
Price_List_Entry__c,PR565 - DEAL - USD,MISSING,01tPW000001exnBYAQ,,,,330.000000,SKIP,,Price List 'DEAL' not found in Price_List__c
Price_List_Entry__c,PR565 - PART - USD,MISSING,01tPW000001exnBYAQ,,,,260.700000,SKIP,,Price List 'PART' not found in Price_List__c
Price_List_Entry__c,PR565 - DIST - USD,MISSING,01tPW000001exnBYAQ,,,,247.500000,SKIP,,Price List 'DIST' not found in Price_List__c
Price_List_Entry__c,PR565 - SPEC - USD,MISSING,01tPW000001exnBYAQ,,,,235.400000,SKIP,,Price List 'SPEC' not found in Price_List__c
Price_List_Entry__c,SR860 - DEAL - USD,MISSING,01tPW000001sZwHYAU,,,,657.800000,SKIP,,Price List 'DEAL' not found in Price_List__c
Price_List_Entry__c,SR860 - PART - USD,MISSING,01tPW000001sZwHYAU,,,,519.200000,SKIP,,Price List 'PART' not found in Price_List__c
Price_List_Entry__c,SR860 - DIST - USD,MISSING,01tPW000001sZwHYAU,,,,493.900000,SKIP,,Price List 'DIST' not found in Price_List__c
Price_List_Entry__c,SR860 - SPEC - USD,MISSING,01tPW000001sZwHYAU,,,,467.500000,SKIP,,Price List 'SPEC' not found in Price_List__c
Price_List_Entry__c,SR898 - DEAL - USD,MISSING,01tPW000001sVr6YAE,,,,877.800000,SKIP,,Price List 'DEAL' not found in Price_List__c
Price_List_Entry__c,SR898 - PART - USD,MISSING,01tPW000001sVr6YAE,,,,693.000000,SKIP,,Price List 'PART' not found in Price_List__c
Price_List_Entry__c,SR898 - DIST - USD,MISSING,01tPW000001sVr6YAE,,,,658.900000,SKIP,,Price List 'DIST' not found in Price_List__c
Price_List_Entry__c,SR898 - SPEC - USD,MISSING,01tPW000001sVr6YAE,,,,623.700000,SKIP,,Price List 'SPEC' not found in Price_List__c
Price_List_Entry__c,STS650 - DEAL - USD,MISSING,01tPW0000014BHFYA2,,,,298.100000,SKIP,,Price List 'DEAL' not found in Price_List__c
Price_List_Entry__c,STS650 - PART - USD,MISSING,01tPW0000014BHFYA2,,,,235.400000,SKIP,,Price List 'PART' not found in Price_List__c
Price_List_Entry__c,STS650 - DIST - USD,MISSING,01tPW0000014BHFYA2,,,,223.300000,SKIP,,Price List 'DIST' not found in Price_List__c
Price_List_Entry__c,STS650 - SPEC - USD,MISSING,01tPW0000014BHFYA2,,,,212.300000,SKIP,,Price List 'SPEC' not found in Price_List__c
Price_List_Entry__c,SPK812 - DEAL - USD,MISSING,01tPW000008a16dYAA,,,,42.900000,SKIP,,Price List 'DEAL' not found in Price_List__c
Price_List_Entry__c,SPK812 - PART - USD,MISSING,01tPW000008a16dYAA,,,,34.100000,SKIP,,Price List 'PART' not found in Price_List__c
Price_List_Entry__c,SPK812 - DIST - USD,MISSING,01tPW000008a16dYAA,,,,31.900000,SKIP,,Price List 'DIST' not found in Price_List__c
Price_List_Entry__c,SPK812 - SPEC - USD,MISSING,01tPW000008a16dYAA,,,,30.800000,SKIP,,Price List 'SPEC' not found in Price_List__c
Price_List_Entry__c,PCM150 - DEAL - USD,MISSING,01tPW0000067xr7YAA,,,,160.600000,SKIP,,Price List 'DEAL' not found in Price_List__c
Price_List_Entry__c,PCM150 - PART - USD,MISSING,01tPW0000067xr7YAA,,,,126.500000,SKIP,,Price List 'PART' not found in Price_List__c
Price_List_Entry__c,PCM150 - DIST - USD,MISSING,01tPW0000067xr7YAA,,,,119.900000,SKIP,,Price List 'DIST' not found in Price_List__c
Price_List_Entry__c,PCM150 - SPEC - USD,MISSING,01tPW0000067xr7YAA,,,,114.400000,SKIP,,Price List 'SPEC' not found in Price_List__c
Price_List_Entry__c,75XHBWARR-003 - DEAL - USD,MISSING,01t8V0000095kMnQAI,,,,1035.000000,SKIP,,Price List 'DEAL' not found in Price_List__c
Price_List_Entry__c,75XHBWARR-003 - PART - USD,MISSING,01t8V0000095kMnQAI,,,,1035.000000,SKIP,,Price List 'PART' not found in Price_List__c
Price_List_Entry__c,75XHBWARR-003 - DIST - USD,MISSING,01t8V0000095kMnQAI,,,,945.000000,SKIP,,Price List 'DIST' not found in Price_List__c
Price_List_Entry__c,75XHBWARR-003 - SPEC - USD,MISSING,01t8V0000095kMnQAI,,,,945.000000,SKIP,,Price List 'SPEC' not found in Price_List__c
Price_List_Entry__c,75XHBWARR-034 - DEAL - USD,MISSING,01t8V0000095kMiQAI,,,,2070.000000,SKIP,,Price List 'DEAL' not found in Price_List__c
Price_List_Entry__c,75XHBWARR-034 - PART - USD,MISSING,01t8V0000095kMiQAI,,,,2070.000000,SKIP,,Price List 'PART' not found in Price_List__c
Price_List_Entry__c,75XHBWARR-034 - DIST - USD,MISSING,01t8V0000095kMiQAI,,,,1890.000000,SKIP,,Price List 'DIST' not found in Price_List__c
Price_List_Entry__c,75XHBWARR-034 - SPEC - USD,MISSING,01t8V0000095kMiQAI,,,,1890.000000,SKIP,,Price List 'SPEC' not found in Price_List__c
Price_List_Entry__c,75XHBWARR-345 - DEAL - USD,MISSING,01t8V0000095kMdQAI,,,,3105.000000,SKIP,,Price List 'DEAL' not found in Price_List__c
Price_List_Entry__c,75XHBWARR-345 - PART - USD,MISSING,01t8V0000095kMdQAI,,,,3105.000000,SKIP,,Price List 'PART' not found in Price_List__c
Price_List_Entry__c,75XHBWARR-345 - DIST - USD,MISSING,01t8V0000095kMdQAI,,,,2835.000000,SKIP,,Price List 'DIST' not found in Price_List__c
Price_List_Entry__c,75XHBWARR-345 - SPEC - USD,MISSING,01t8V0000095kMdQAI,,,,2835.000000,SKIP,,Price List 'SPEC' not found in Price_List__c
Price_List_Entry__c,ACC180 - DEAL - USD,MISSING,01tPW000009Xqx7YAC,,,,45.100000,SKIP,,Price List 'DEAL' not found in Price_List__c
Price_List_Entry__c,ACC180 - PART - USD,MISSING,01tPW000009Xqx7YAC,,,,36.300000,SKIP,,Price List 'PART' not found in Price_List__c
Price_List_Entry__c,ACC180 - DIST - USD,MISSING,01tPW000009Xqx7YAC,,,,34.100000,SKIP,,Price List 'DIST' not found in Price_List__c
Price_List_Entry__c,ACC180 - SPEC - USD,MISSING,01tPW000009Xqx7YAC,,,,33.000000,SKIP,,Price List 'SPEC' not found in Price_List__c
Price_List_Entry__c,PR565ML3 - DEAL - USD,MISSING,01tPW000009TWSLYA4,,,,547.800000,SKIP,,Price List 'DEAL' not found in Price_List__c
Price_List_Entry__c,PR565ML3 - PART - USD,MISSING,01tPW000009TWSLYA4,,,,432.300000,SKIP,,Price List 'PART' not found in Price_List__c
Price_List_Entry__c,PR565ML3 - DIST - USD,MISSING,01tPW000009TWSLYA4,,,,410.580000,SKIP,,Price List 'DIST' not found in Price_List__c
Price_List_Entry__c,PR565ML3 - SPEC - USD,MISSING,01tPW000009TWSLYA4,,,,389.400000,SKIP,,Price List 'SPEC' not found in Price_List__c
Price_List_Entry__c,NTSB150 - DEAL - USD,MISSING,01tPW00000ACJkHYAX,,,,639.000000,SKIP,,Price List 'DEAL' not found in Price_List__c
Price_List_Entry__c,NTSB150 - PART - USD,MISSING,01tPW00000ACJkHYAX,,,,599.000000,SKIP,,Price List 'PART' not found in Price_List__c
Price_List_Entry__c,NTSB150 - DIST - USD,MISSING,01tPW00000ACJkHYAX,,,,559.000000,SKIP,,Price List 'DIST' not found in Price_List__c
Price_List_Entry__c,NTSB150 - SPEC - USD,MISSING,01tPW00000ACJkHYAX,,,,529.000000,SKIP,,Price List 'SPEC' not found in Price_List__c
Price_List_Entry__c,XHB5541 - DEAL - USD,MISSING,01tPW000008me9pYAA,,,,3680.000000,SKIP,,Price List 'DEAL' not found in Price_List__c
Price_List_Entry__c,XHB5541 - PART - USD,MISSING,01tPW000008me9pYAA,,,,3520.000000,SKIP,,Price List 'PART' not found in Price_List__c
Price_List_Entry__c,XHB5541 - DIST - USD,MISSING,01tPW000008me9pYAA,,,,3360.000000,SKIP,,Price List 'DIST' not found in Price_List__c
Price_List_Entry__c,XHB5541 - SPEC - USD,MISSING,01tPW000008me9pYAA,,,,3200.000000,SKIP,,Price List 'SPEC' not found in Price_List__c
Price_List_Entry__c,NTSD55 - DEAL - USD,MISSING,01tPW00000ACJnVYAX,,,,1380.000000,SKIP,,Price List 'DEAL' not found in Price_List__c
Price_List_Entry__c,NTSD55 - PART - USD,MISSING,01tPW00000ACJnVYAX,,,,1310.000000,SKIP,,Price List 'PART' not found in Price_List__c
Price_List_Entry__c,NTSD55 - DIST - USD,MISSING,01tPW00000ACJnVYAX,,,,1200.000000,SKIP,,Price List 'DIST' not found in Price_List__c
Price_List_Entry__c,NTSD55 - SPEC - USD,MISSING,01tPW00000ACJnVYAX,,,,1120.000000,SKIP,,Price List 'SPEC' not found in Price_List__c
Price_List_Entry__c,NTSD65 - DEAL - USD,MISSING,01tPW00000ACIJcYAP,,,,1720.000000,SKIP,,Price List 'DEAL' not found in Price_List__c
Price_List_Entry__c,NTSD65 - PART - USD,MISSING,01tPW00000ACIJcYAP,,,,1640.000000,SKIP,,Price List 'PART' not found in Price_List__c
Price_List_Entry__c,NTSD65 - DIST - USD,MISSING,01tPW00000ACIJcYAP,,,,1500.000000,SKIP,,Price List 'DIST' not found in Price_List__c
Price_List_Entry__c,NTSD65 - SPEC - USD,MISSING,01tPW00000ACIJcYAP,,,,1400.000000,SKIP,,Price List 'SPEC' not found in Price_List__c
Price_List_Entry__c,OCMUA - DEAL - USD,MISSING,01tPW00000ACJynYAH,,,,337.700000,SKIP,,Price List 'DEAL' not found in Price_List__c
Price_List_Entry__c,OCMUA - PART - USD,MISSING,01tPW00000ACJynYAH,,,,266.200000,SKIP,,Price List 'PART' not found in Price_List__c
Price_List_Entry__c,OCMUA - DIST - USD,MISSING,01tPW00000ACJynYAH,,,,253.000000,SKIP,,Price List 'DIST' not found in Price_List__c
Price_List_Entry__c,OCMUA - SPEC - USD,MISSING,01tPW00000ACJynYAH,,,,239.800000,SKIP,,Price List 'SPEC' not found in Price_List__c
Price_List_Entry__c,NTSD65-BND - DEAL - USD,MISSING,01tPW00000FBhFVYA1,,,,1875.000000,SKIP,,Price List 'DEAL' not found in Price_List__c
Price_List_Entry__c,NTSD65-BND - PART - USD,MISSING,01tPW00000FBhFVYA1,,,,1790.000000,SKIP,,Price List 'PART' not found in Price_List__c
Price_List_Entry__c,NTSD65-BND - DIST - USD,MISSING,01tPW00000FBhFVYA1,,,,1695.000000,SKIP,,Price List 'DIST' not found in Price_List__c
Price_List_Entry__c,NTSD65-BND - SPEC - USD,MISSING,01tPW00000FBhFVYA1,,,,1615.000000,SKIP,,Price List 'SPEC' not found in Price_List__c
Price_List_Entry__c,RTS450 - DEAL - USD,MISSING,01tPW00000HcC81YAF,,,,67.050000,SKIP,,Price List 'DEAL' not found in Price_List__c
Price_List_Entry__c,RTS450 - PART - USD,MISSING,01tPW00000HcC81YAF,,,,56.460000,SKIP,,Price List 'PART' not found in Price_List__c
Price_List_Entry__c,RTS450 - DIST - USD,MISSING,01tPW00000HcC81YAF,,,,53.640000,SKIP,,Price List 'DIST' not found in Price_List__c
Price_List_Entry__c,RTS450 - SPEC - USD,MISSING,01tPW00000HcC81YAF,,,,52.030000,SKIP,,Price List 'SPEC' not found in Price_List__c
Price_List_Entry__c,SPKSS - DEAL - USD,MISSING,01tPW00000HcCO9YAN,,,,62.550000,SKIP,,Price List 'DEAL' not found in Price_List__c
Price_List_Entry__c,SPKSS - PART - USD,MISSING,01tPW00000HcCO9YAN,,,,52.670000,SKIP,,Price List 'PART' not found in Price_List__c
Price_List_Entry__c,SPKSS - DIST - USD,MISSING,01tPW00000HcCO9YAN,,,,50.040000,SKIP,,Price List 'DIST' not found in Price_List__c
Price_List_Entry__c,SPKSS - SPEC - USD,MISSING,01tPW00000HcCO9YAN,,,,48.540000,SKIP,,Price List 'SPEC' not found in Price_List__c
Price_List_Entry__c,ACC-FASTEN - DEAL - USD,MISSING,01tPW00000HcBLdYAN,,,,6.300000,SKIP,,Price List 'DEAL' not found in Price_List__c
Price_List_Entry__c,ACC-FASTEN - PART - USD,MISSING,01tPW00000HcBLdYAN,,,,5.310000,SKIP,,Price List 'PART' not found in Price_List__c
Price_List_Entry__c,ACC-FASTEN - DIST - USD,MISSING,01tPW00000HcBLdYAN,,,,5.040000,SKIP,,Price List 'DIST' not found in Price_List__c
Price_List_Entry__c,ACC-FASTEN - SPEC - USD,MISSING,01tPW00000HcBLdYAN,,,,4.890000,SKIP,,Price List 'SPEC' not found in Price_List__c
Price_List_Entry__c,RF4X4 - DEAL - USD,MISSING,01tPW00000HcBrtYAF,,,,31.050000,SKIP,,Price List 'DEAL' not found in Price_List__c
Price_List_Entry__c,RF4X4 - PART - USD,MISSING,01tPW00000HcBrtYAF,,,,26.150000,SKIP,,Price List 'PART' not found in Price_List__c
Price_List_Entry__c,RF4X4 - DIST - USD,MISSING,01tPW00000HcBrtYAF,,,,24.840000,SKIP,,Price List 'DIST' not found in Price_List__c
Price_List_Entry__c,RF4X4 - SPEC - USD,MISSING,01tPW00000HcBrtYAF,,,,24.090000,SKIP,,Price List 'SPEC' not found in Price_List__c
Price_List_Entry__c,RT4X4 - DEAL - USD,MISSING,01tPW00000HcC1ZYAV,,,,40.050000,SKIP,,Price List 'DEAL' not found in Price_List__c
Price_List_Entry__c,RT4X4 - PART - USD,MISSING,01tPW00000HcC1ZYAV,,,,33.730000,SKIP,,Price List 'PART' not found in Price_List__c
Price_List_Entry__c,RT4X4 - DIST - USD,MISSING,01tPW00000HcC1ZYAV,,,,32.040000,SKIP,,Price List 'DIST' not found in Price_List__c
Price_List_Entry__c,RT4X4 - SPEC - USD,MISSING,01tPW00000HcC1ZYAV,,,,31.080000,SKIP,,Price List 'SPEC' not found in Price_List__c
Price_List_Entry__c,RF8X4 - DEAL - USD,MISSING,01tPW00000HcBv7YAF,,,,35.550000,SKIP,,Price List 'DEAL' not found in Price_List__c
Price_List_Entry__c,RF8X4 - PART - USD,MISSING,01tPW00000HcBv7YAF,,,,29.940000,SKIP,,Price List 'PART' not found in Price_List__c
Price_List_Entry__c,RF8X4 - DIST - USD,MISSING,01tPW00000HcBv7YAF,,,,28.440000,SKIP,,Price List 'DIST' not found in Price_List__c
Price_List_Entry__c,RF8X4 - SPEC - USD,MISSING,01tPW00000HcBv7YAF,,,,27.590000,SKIP,,Price List 'SPEC' not found in Price_List__c
Price_List_Entry__c,RT8X4 - DEAL - USD,MISSING,01tPW00000HcC3BYAV,,,,49.050000,SKIP,,Price List 'DEAL' not found in Price_List__c
Price_List_Entry__c,RT8X4 - PART - USD,MISSING,01tPW00000HcC3BYAV,,,,41.310000,SKIP,,Price List 'PART' not found in Price_List__c
Price_List_Entry__c,RT8X4 - DIST - USD,MISSING,01tPW00000HcC3BYAV,,,,39.240000,SKIP,,Price List 'DIST' not found in Price_List__c
Price_List_Entry__c,RT8X4 - SPEC - USD,MISSING,01tPW00000HcC3BYAV,,,,38.060000,SKIP,,Price List 'SPEC' not found in Price_List__c
Price_List_Entry__c,RA6X4 - DEAL - USD,MISSING,01tPW00000HcBn3YAF,,,,89.550000,SKIP,,Price List 'DEAL' not found in Price_List__c
Price_List_Entry__c,RA6X4 - PART - USD,MISSING,01tPW00000HcBn3YAF,,,,75.410000,SKIP,,Price List 'PART' not found in Price_List__c
Price_List_Entry__c,RA6X4 - DIST - USD,MISSING,01tPW00000HcBn3YAF,,,,71.640000,SKIP,,Price List 'DIST' not found in Price_List__c
Price_List_Entry__c,RA6X4 - SPEC - USD,MISSING,01tPW00000HcBn3YAF,,,,69.490000,SKIP,,Price List 'SPEC' not found in Price_List__c
Price_List_Entry__c,SPKSEB - DEAL - USD,MISSING,01tPW00000HcCKvYAN,,,,31.050000,SKIP,,Price List 'DEAL' not found in Price_List__c
Price_List_Entry__c,SPKSEB - PART - USD,MISSING,01tPW00000HcCKvYAN,,,,26.150000,SKIP,,Price List 'PART' not found in Price_List__c
Price_List_Entry__c,SPKSEB - DIST - USD,MISSING,01tPW00000HcCKvYAN,,,,24.840000,SKIP,,Price List 'DIST' not found in Price_List__c
Price_List_Entry__c,SPKSEB - SPEC - USD,MISSING,01tPW00000HcCKvYAN,,,,24.090000,SKIP,,Price List 'SPEC' not found in Price_List__c
Price_List_Entry__c,RRG-UNV - DEAL - USD,MISSING,01tPW00000HcBzxYAF,,,,58.050000,SKIP,,Price List 'DEAL' not found in Price_List__c
Price_List_Entry__c,RRG-UNV - PART - USD,MISSING,01tPW00000HcBzxYAF,,,,48.880000,SKIP,,Price List 'PART' not found in Price_List__c
Price_List_Entry__c,RRG-UNV - DIST - USD,MISSING,01tPW00000HcBzxYAF,,,,46.440000,SKIP,,Price List 'DIST' not found in Price_List__c
Price_List_Entry__c,RRG-UNV - SPEC - USD,MISSING,01tPW00000HcBzxYAF,,,,45.050000,SKIP,,Price List 'SPEC' not found in Price_List__c
Price_List_Entry__c,RTS88 - DEAL - USD,MISSING,01tPW00000HcCG5YAN,,,,22.500000,SKIP,,Price List 'DEAL' not found in Price_List__c
Price_List_Entry__c,RTS88 - PART - USD,MISSING,01tPW00000HcCG5YAN,,,,18.940000,SKIP,,Price List 'PART' not found in Price_List__c
Price_List_Entry__c,RTS88 - DIST - USD,MISSING,01tPW00000HcCG5YAN,,,,18.000000,SKIP,,Price List 'DIST' not found in Price_List__c
Price_List_Entry__c,RTS88 - SPEC - USD,MISSING,01tPW00000HcCG5YAN,,,,17.460000,SKIP,,Price List 'SPEC' not found in Price_List__c
Price_List_Entry__c,RTS6X4 - DEAL - USD,MISSING,01tPW00000HcCETYA3,,,,94.050000,SKIP,,Price List 'DEAL' not found in Price_List__c
Price_List_Entry__c,RTS6X4 - PART - USD,MISSING,01tPW00000HcCETYA3,,,,79.200000,SKIP,,Price List 'PART' not found in Price_List__c
Price_List_Entry__c,RTS6X4 - DIST - USD,MISSING,01tPW00000HcCETYA3,,,,75.240000,SKIP,,Price List 'DIST' not found in Price_List__c
Price_List_Entry__c,RTS6X4 - SPEC - USD,MISSING,01tPW00000HcCETYA3,,,,72.980000,SKIP,,Price List 'SPEC' not found in Price_List__c
Price_List_Entry__c,RTS10X6 - DEAL - USD,MISSING,01tPW00000HcC6PYAV,,,,112.050000,SKIP,,Price List 'DEAL' not found in Price_List__c
Price_List_Entry__c,RTS10X6 - PART - USD,MISSING,01tPW00000HcC6PYAV,,,,94.360000,SKIP,,Price List 'PART' not found in Price_List__c
Price_List_Entry__c,RTS10X6 - DIST - USD,MISSING,01tPW00000HcC6PYAV,,,,89.640000,SKIP,,Price List 'DIST' not found in Price_List__c
Price_List_Entry__c,RTS10X6 - SPEC - USD,MISSING,01tPW00000HcC6PYAV,,,,86.950000,SKIP,,Price List 'SPEC' not found in Price_List__c
Price_List_Entry__c,STS680 - DEAL - USD,MISSING,01tPW00000EezfpYAB,,,,519.000000,SKIP,,Price List 'DEAL' not found in Price_List__c
Price_List_Entry__c,STS680 - PART - USD,MISSING,01tPW00000EezfpYAB,,,,410.000000,SKIP,,Price List 'PART' not found in Price_List__c
Price_List_Entry__c,STS680 - DIST - USD,MISSING,01tPW00000EezfpYAB,,,,389.000000,SKIP,,Price List 'DIST' not found in Price_List__c
Price_List_Entry__c,STS680 - SPEC - USD,MISSING,01tPW00000EezfpYAB,,,,369.000000,SKIP,,Price List 'SPEC' not found in Price_List__c
Price_List_Entry__c,ACC-SA800 - DEAL - USD,MISSING,01tPW00000FBgphYAD,,,,71.000000,SKIP,,Price List 'DEAL' not found in Price_List__c
Price_List_Entry__c,ACC-SA800 - PART - USD,MISSING,01tPW00000FBgphYAD,,,,56.000000,SKIP,,Price List 'PART' not found in Price_List__c
Price_List_Entry__c,ACC-SA800 - DIST - USD,MISSING,01tPW00000FBgphYAD,,,,53.000000,SKIP,,Price List 'DIST' not found in Price_List__c
Price_List_Entry__c,ACC-SA800 - SPEC - USD,MISSING,01tPW00000FBgphYAD,,,,50.000000,SKIP,,Price List 'SPEC' not found in Price_List__c
Price_List_Entry__c,ACC-SAVAB - DEAL - USD,MISSING,01tPW00000FBhCHYA1,,,,45.000000,SKIP,,Price List 'DEAL' not found in Price_List__c
Price_List_Entry__c,ACC-SAVAB - PART - USD,MISSING,01tPW00000FBhCHYA1,,,,36.000000,SKIP,,Price List 'PART' not found in Price_List__c
Price_List_Entry__c,ACC-SAVAB - DIST - USD,MISSING,01tPW00000FBhCHYA1,,,,34.000000,SKIP,,Price List 'DIST' not found in Price_List__c
Price_List_Entry__c,ACC-SAVAB - SPEC - USD,MISSING,01tPW00000FBhCHYA1,,,,32.000000,SKIP,,Price List 'SPEC' not found in Price_List__c
Price_List_Entry__c,ACC-SA600 - DEAL - USD,MISSING,01tPW00000FBgmTYAT,,,,49.000000,SKIP,,Price List 'DEAL' not found in Price_List__c
Price_List_Entry__c,ACC-SA600 - PART - USD,MISSING,01tPW00000FBgmTYAT,,,,39.000000,SKIP,,Price List 'PART' not found in Price_List__c
Price_List_Entry__c,ACC-SA600 - DIST - USD,MISSING,01tPW00000FBgmTYAT,,,,37.000000,SKIP,,Price List 'DIST' not found in Price_List__c
Price_List_Entry__c,ACC-SA600 - SPEC - USD,MISSING,01tPW00000FBgmTYAT,,,,35.000000,SKIP,,Price List 'SPEC' not found in Price_List__c
Price_List_Entry__c,ACC-SA400 - DEAL - USD,MISSING,01tPW00000FBgbBYAT,,,,40.000000,SKIP,,Price List 'DEAL' not found in Price_List__c
Price_List_Entry__c,ACC-SA400 - PART - USD,MISSING,01tPW00000FBgbBYAT,,,,31.000000,SKIP,,Price List 'PART' not found in Price_List__c
Price_List_Entry__c,ACC-SA400 - DIST - USD,MISSING,01tPW00000FBgbBYAT,,,,30.000000,SKIP,,Price List 'DIST' not found in Price_List__c
Price_List_Entry__c,ACC-SA400 - SPEC - USD,MISSING,01tPW00000FBgbBYAT,,,,28.000000,SKIP,,Price List 'SPEC' not found in Price_List__c
Price_List_Entry__c,ACC-SA300 - DEAL - USD,MISSING,01tPW00000FBh4DYAT,,,,34.000000,SKIP,,Price List 'DEAL' not found in Price_List__c
Price_List_Entry__c,ACC-SA300 - PART - USD,MISSING,01tPW00000FBh4DYAT,,,,27.000000,SKIP,,Price List 'PART' not found in Price_List__c
Price_List_Entry__c,ACC-SA300 - DIST - USD,MISSING,01tPW00000FBh4DYAT,,,,26.000000,SKIP,,Price List 'DIST' not found in Price_List__c
Price_List_Entry__c,ACC-SA300 - SPEC - USD,MISSING,01tPW00000FBh4DYAT,,,,24.000000,SKIP,,Price List 'SPEC' not found in Price_List__c
Price_List_Entry__c,ACC-SA200 - DEAL - USD,MISSING,01tPW00000FBgw9YAD,,,,44.000000,SKIP,,Price List 'DEAL' not found in Price_List__c
Price_List_Entry__c,ACC-SA200 - PART - USD,MISSING,01tPW00000FBgw9YAD,,,,35.000000,SKIP,,Price List 'PART' not found in Price_List__c
Price_List_Entry__c,ACC-SA200 - DIST - USD,MISSING,01tPW00000FBgw9YAD,,,,33.000000,SKIP,,Price List 'DIST' not found in Price_List__c
Price_List_Entry__c,ACC-SA200 - SPEC - USD,MISSING,01tPW00000FBgw9YAD,,,,31.000000,SKIP,,Price List 'SPEC' not found in Price_List__c
Price_List_Entry__c,IB14X14-B - DEAL - USD,MISSING,01tPW00000HcBThYAN,,,,124.060000,SKIP,,Price List 'DEAL' not found in Price_List__c
Price_List_Entry__c,IB14X14-B - PART - USD,MISSING,01tPW00000HcBThYAN,,,,98.730000,SKIP,,Price List 'PART' not found in Price_List__c
Price_List_Entry__c,IB14X14-B - DIST - USD,MISSING,01tPW00000HcBThYAN,,,,93.390000,SKIP,,Price List 'DIST' not found in Price_List__c
Price_List_Entry__c,ACC-UCM3 - DEAL - USD,MISSING,01tPW00000EtlfmYAB,,,,67.000000,SKIP,,Price List 'DEAL' not found in Price_List__c
Price_List_Entry__c,ACC-UCM3 - PART - USD,MISSING,01tPW00000EtlfmYAB,,,,53.000000,SKIP,,Price List 'PART' not found in Price_List__c
Price_List_Entry__c,ACC-UCM3 - DIST - USD,MISSING,01tPW00000EtlfmYAB,,,,50.000000,SKIP,,Price List 'DIST' not found in Price_List__c
Price_List_Entry__c,ACC-UCM3 - SPEC - USD,MISSING,01tPW00000EtlfmYAB,,,,48.000000,SKIP,,Price List 'SPEC' not found in Price_List__c
Price_List_Entry__c,ACC-STSPTZ - DEAL - USD,MISSING,01tPW00000Eg2GfYAJ,,,,145.000000,SKIP,,Price List 'DEAL' not found in Price_List__c
Price_List_Entry__c,ACC-STSPTZ - PART - USD,MISSING,01tPW00000Eg2GfYAJ,,,,115.000000,SKIP,,Price List 'PART' not found in Price_List__c
Price_List_Entry__c,ACC-STSPTZ - DIST - USD,MISSING,01tPW00000Eg2GfYAJ,,,,109.000000,SKIP,,Price List 'DIST' not found in Price_List__c
Price_List_Entry__c,ACC-STSPTZ - SPEC - USD,MISSING,01tPW00000Eg2GfYAJ,,,,104.000000,SKIP,,Price List 'SPEC' not found in Price_List__c
Price_List_Entry__c,ACC-STSVCB - DEAL - USD,MISSING,01tPW00000Eg2WnYAJ,,,,185.000000,SKIP,,Price List 'DEAL' not found in Price_List__c
Price_List_Entry__c,ACC-STSVCB - PART - USD,MISSING,01tPW00000Eg2WnYAJ,,,,146.000000,SKIP,,Price List 'PART' not found in Price_List__c
Price_List_Entry__c,ACC-STSVCB - DIST - USD,MISSING,01tPW00000Eg2WnYAJ,,,,139.000000,SKIP,,Price List 'DIST' not found in Price_List__c
Price_List_Entry__c,ACC-STSVCB - SPEC - USD,MISSING,01tPW00000Eg2WnYAJ,,,,131.000000,SKIP,,Price List 'SPEC' not found in Price_List__c
Price_List_Entry__c,ACC-STSLB - DEAL - USD,MISSING,01tPW00000Eg2YPYAZ,,,,26.000000,SKIP,,Price List 'DEAL' not found in Price_List__c
Price_List_Entry__c,ACC-STSLB - PART - USD,MISSING,01tPW00000Eg2YPYAZ,,,,20.000000,SKIP,,Price List 'PART' not found in Price_List__c
Price_List_Entry__c,ACC-STSLB - DIST - USD,MISSING,01tPW00000Eg2YPYAZ,,,,19.000000,SKIP,,Price List 'DIST' not found in Price_List__c
Price_List_Entry__c,ACC-STSLB - SPEC - USD,MISSING,01tPW00000Eg2YPYAZ,,,,18.000000,SKIP,,Price List 'SPEC' not found in Price_List__c
Price_List_Entry__c,ACC-STSPDU - DEAL - USD,MISSING,01tPW00000Eg2TZYAZ,,,,64.000000,SKIP,,Price List 'DEAL' not found in Price_List__c
Price_List_Entry__c,ACC-STSPDU - PART - USD,MISSING,01tPW00000Eg2TZYAZ,,,,51.000000,SKIP,,Price List 'PART' not found in Price_List__c
Price_List_Entry__c,ACC-STSPDU - DIST - USD,MISSING,01tPW00000Eg2TZYAZ,,,,48.000000,SKIP,,Price List 'DIST' not found in Price_List__c
Price_List_Entry__c,ACC-STSPDU - SPEC - USD,MISSING,01tPW00000Eg2TZYAZ,,,,46.000000,SKIP,,Price List 'SPEC' not found in Price_List__c
Price_List_Entry__c,ACC-STSCF1 - DEAL - USD,MISSING,01tPW00000Eg2VBYAZ,,,,79.000000,SKIP,,Price List 'DEAL' not found in Price_List__c
Price_List_Entry__c,ACC-STSCF1 - PART - USD,MISSING,01tPW00000Eg2VBYAZ,,,,62.000000,SKIP,,Price List 'PART' not found in Price_List__c
Price_List_Entry__c,ACC-STSCF1 - DIST - USD,MISSING,01tPW00000Eg2VBYAZ,,,,59.000000,SKIP,,Price List 'DIST' not found in Price_List__c
Price_List_Entry__c,ACC-STSCF1 - SPEC - USD,MISSING,01tPW00000Eg2VBYAZ,,,,56.000000,SKIP,,Price List 'SPEC' not found in Price_List__c
Price_List_Entry__c,STS680-1UCM3 - DEAL - USD,MISSING,01tPW00000EnQu9YAF,,,,572.000000,SKIP,,Price List 'DEAL' not found in Price_List__c
Price_List_Entry__c,STS680-1UCM3 - PART - USD,MISSING,01tPW00000EnQu9YAF,,,,452.000000,SKIP,,Price List 'PART' not found in Price_List__c
Price_List_Entry__c,STS680-1UCM3 - DIST - USD,MISSING,01tPW00000EnQu9YAF,,,,429.000000,SKIP,,Price List 'DIST' not found in Price_List__c
Price_List_Entry__c,STS680-1UCM3 - SPEC - USD,MISSING,01tPW00000EnQu9YAF,,,,407.000000,SKIP,,Price List 'SPEC' not found in Price_List__c
Price_List_Entry__c,STS680-2UCM3 - DEAL - USD,MISSING,01tPW00000EnQvlYAF,,,,625.000000,SKIP,,Price List 'DEAL' not found in Price_List__c
Price_List_Entry__c,STS680-2UCM3 - PART - USD,MISSING,01tPW00000EnQvlYAF,,,,494.000000,SKIP,,Price List 'PART' not found in Price_List__c
Price_List_Entry__c,STS680-2UCM3 - DIST - USD,MISSING,01tPW00000EnQvlYAF,,,,469.000000,SKIP,,Price List 'DIST' not found in Price_List__c
Price_List_Entry__c,STS680-2UCM3 - SPEC - USD,MISSING,01tPW00000EnQvlYAF,,,,445.000000,SKIP,,Price List 'SPEC' not found in Price_List__c
Price_List_Entry__c,ACCD-REM-NT26 - DEAL - USD,MISSING,01tPW00000ICL6LYAX,,,,38.810000,SKIP,,Price List 'DEAL' not found in Price_List__c
Price_List_Entry__c,ACCD-REM-NT26 - PART - USD,MISSING,01tPW00000ICL6LYAX,,,,36.390000,SKIP,,Price List 'PART' not found in Price_List__c
Price_List_Entry__c,ACCD-REM-NT26 - DIST - USD,MISSING,01tPW00000ICL6LYAX,,,,33.960000,SKIP,,Price List 'DIST' not found in Price_List__c
Price_List_Entry__c,ACCD-REM-NT26 - SPEC - USD,MISSING,01tPW00000ICL6LYAX,,,,32.750000,SKIP,,Price List 'SPEC' not found in Price_List__c
SBQQ__ContractedPrice__c,PEE084585-VOLTA55A,,01t6A000002ZbsxQAC,0016A00000JqrrcQAB,a0FPW00000WmhOG2AZ,3701.53,3701.530000,UPDATE,,
SBQQ__ContractedPrice__c,PEE084585-FMAL,,01t6A000002ZPdHQAW,0016A00000JqrrcQAB,a0FPW00000Wm9Tw2AJ,24.06,21.870000,UPDATE,,
SBQQ__ContractedPrice__c,FRE292654-FMAL,,01t6A000002ZPdHQAW,0016A00000JqrIPQAZ,a0FPW00000xReEV2A0,40.03,40.030000,UPDATE,,
SBQQ__ContractedPrice__c,FRE292654-FMFL,,01t6A000002ZPaJQAW,0016A00000JqrIPQAZ,a0FPW00000xReEY2A0,16.64,16.640000,UPDATE,,
SBQQ__ContractedPrice__c,PEE084585-FMFL,,01t6A000002ZPaJQAW,0016A00000JqrrcQAB,a0FPW00000Wm9Tz2AJ,6.88,6.250000,UPDATE,,
SBQQ__ContractedPrice__c,PEE084585-38TK99,,01t6A000000arOEQAY,0016A00000JqrrcQAB,a0FPW00000Wmb4u2AB,41.78,37.980000,UPDATE,,
SBQQ__ContractedPrice__c,PEE084585-407K80,,01t2K000006NXeUQAW,0016A00000JqrrcQAB,a0FPW00000WmUrJ2AV,45.53,41.390000,UPDATE,,
SBQQ__ContractedPrice__c,PEE084585-LCT100S,,01t6A000000as7kQAA,0016A00000JqrrcQAB,a0FPW00000WmbKo2AJ,31.87,28.970000,UPDATE,,
SBQQ__ContractedPrice__c,CAS131664-LCT100S,,01t6A000000as7kQAA,0016A00000JqrfSQAR,a0FPW00000WmYOS2A3,151.0,151.000000,UPDATE,,
SBQQ__ContractedPrice__c,CAS131679-LCT100S,,01t6A000000as7kQAA,001PW00000iFUdzYAG,a0FPW00000WmYeG2AV,48.0,48.000000,UPDATE,,
SBQQ__ContractedPrice__c,PEE084585-FMTM,,01t6A000002ZPcHQAW,0016A00000JqrrcQAB,a0FPW00000Wm9U22AJ,7.18,6.530000,UPDATE,,
SBQQ__ContractedPrice__c,FRE292654-FMTM,,01t6A000002ZPcHQAW,0016A00000JqrIPQAZ,a0FPW00000xReEb2AK,10.05,10.050000,UPDATE,,
SBQQ__ContractedPrice__c,PEE084585-080000277,,01t6A000002ZPZxQAO,0016A00000JqrrcQAB,,,4.770000,INSERT,,
SBQQ__ContractedPrice__c,PEE084585-407K72,,01t2K000006NXLLQA4,0016A00000JqrrcQAB,a0FPW00000WmUrB2AV,25.33,23.030000,UPDATE,,
SBQQ__ContractedPrice__c,PEE084585-FMAM,,01t6A000002ZPaIQAW,0016A00000JqrrcQAB,a0FPW00000Wm9Tx2AJ,11.24,10.220000,UPDATE,,
SBQQ__ContractedPrice__c,FRE292654-FMAM,,01t6A000002ZPaIQAW,0016A00000JqrIPQAZ,a0FPW00000xReEW2A0,19.97,19.970000,UPDATE,,
SBQQ__ContractedPrice__c,FRE292654-FMAS,,01t6A000002ZPdIQAW,0016A00000JqrIPQAZ,a0FPW00000xReEX2A0,16.82,16.820000,UPDATE,,
SBQQ__ContractedPrice__c,PEE084585-FMAS,,01t6A000002ZPdIQAW,0016A00000JqrrcQAB,a0FPW00000Wm9Ty2AJ,6.88,6.250000,UPDATE,,
SBQQ__ContractedPrice__c,PEE084585-080000278,,01t6A000002ZPdQQAW,0016A00000JqrrcQAB,,,5.840000,INSERT,,
SBQQ__ContractedPrice__c,PEE084585-407K70,,01t2K000006NXdyQAG,0016A00000JqrrcQAB,a0FPW00000WmUr92AF,20.43,18.570000,UPDATE,,
SBQQ__ContractedPrice__c,PEE084585-407K73,,01t2K000006KEKLQA4,0016A00000JqrrcQAB,a0FPW00000WmUrC2AV,25.19,22.900000,UPDATE,,
SBQQ__ContractedPrice__c,PEE084585-38TK97,,01t6A000000aqu0QAA,0016A00000JqrrcQAB,a0FPW00000Wmb4t2AB,47.44,43.130000,UPDATE,,
SBQQ__ContractedPrice__c,PEE084585-407K89,,01t2K000006NXe1QAG,0016A00000JqrrcQAB,a0FPW00000WmUrR2AV,90.59,82.350000,UPDATE,,
SBQQ__ContractedPrice__c,PEE084585-407K92,,01t2K000006NXeVQAW,0016A00000JqrrcQAB,a0FPW00000WmUrT2AV,21.43,19.480000,UPDATE,,
SBQQ__ContractedPrice__c,CAS131664-ACC-QRL,,01t6A000000asWjQAI,0016A00000JqrfSQAR,a0FPW00000WmYG12AN,176.0,176.000000,UPDATE,,
SBQQ__ContractedPrice__c,CAS131679-ACC-QRL,,01t6A000000asWjQAI,001PW00000iFUdzYAG,a0FPW00000WmYUU2A3,58.0,60.600000,UPDATE,,
SBQQ__ContractedPrice__c,PEE084585-ACC-QRL,,01t6A000000asWjQAI,0016A00000JqrrcQAB,a0FPW00000WmbC52AJ,45.69,41.540000,UPDATE,,
SBQQ__ContractedPrice__c,PEE084585-ACC109MX,,01t6A000000asIcQAI,0016A00000JqrrcQAB,a0FPW00000WmUsX2AV,5.39,4.900000,UPDATE,,
SBQQ__ContractedPrice__c,PEE084585-FMTL,,01t6A000002ZPcqQAG,0016A00000JqrrcQAB,a0FPW00000Wm9U12AJ,7.81,7.100000,UPDATE,,
SBQQ__ContractedPrice__c,FRE292654-FMTL,,01t6A000002ZPcqQAG,0016A00000JqrIPQAZ,a0FPW00000xReEa2AK,21.48,21.480000,UPDATE,,
SBQQ__ContractedPrice__c,PEE084585-407K82,,01t2K000006NXe0QAG,0016A00000JqrrcQAB,a0FPW00000WmUrL2AV,61.22,55.650000,UPDATE,,
SBQQ__ContractedPrice__c,PEE084585-55YF29,,01t2K000006XRo1QAG,0016A00000JqrrcQAB,a0FPW00000WmUsB2AV,54.2,49.270000,UPDATE,,
SBQQ__ContractedPrice__c,PEE084585-ACC-LGOLED,,01t6A000000arA7QAI,0016A00000JqrrcQAB,a0FPW00000WmbBl2AJ,9.2,8.360000,UPDATE,,
SBQQ__ContractedPrice__c,CAS131679-ACC-LGOLED,,01t6A000000arA7QAI,001PW00000iFUdzYAG,a0FPW00000WmYUE2A3,32.0,32.000000,UPDATE,,
SBQQ__ContractedPrice__c,PEE084585-ACC-M440,,01t6A000000assaQAA,0016A00000JqrrcQAB,a0FPW00000WmbBn2AJ,7.11,6.460000,UPDATE,,
SBQQ__ContractedPrice__c,PEE084585-ACC506,,01t6A000000asguQAA,0016A00000JqrrcQAB,a0FPW00000Wmb6a2AB,7.82,7.110000,UPDATE,,
SBQQ__ContractedPrice__c,CAS131664-ACC558,,01t6A000000asNLQAY,0016A00000JqrfSQAR,a0FPW00000WmYFC2A3,176.0,176.000000,UPDATE,,
SBQQ__ContractedPrice__c,PEE084585-ACC558,,01t6A000000asNLQAY,0016A00000JqrrcQAB,a0FPW00000Wmb6g2AB,45.76,41.600000,UPDATE,,
SBQQ__ContractedPrice__c,CAS131679-ACC558,,01t6A000000asNLQAY,001PW00000iFUdzYAG,a0FPW00000WmYTM2A3,57.0,59.650000,UPDATE,,
SBQQ__ContractedPrice__c,CAS131679-ACC640-B,,01t6A000000asrmQAA,001PW00000iFUdzYAG,a0FPW00000WmYTY2A3,15.0,15.000000,UPDATE,,
SBQQ__ContractedPrice__c,PEE084585-ACC640-B,,01t6A000000asrmQAA,0016A00000JqrrcQAB,a0FPW00000Wmb6s2AB,10.15,9.230000,UPDATE,,
SBQQ__ContractedPrice__c,CAS131664-ACC640-B,,01t6A000000asrmQAA,0016A00000JqrfSQAR,a0FPW00000WmYFN2A3,48.0,48.000000,UPDATE,,
SBQQ__ContractedPrice__c,PEE084585-29WK07,,01t6A000000arwtQAA,0016A00000JqrrcQAB,a0FPW00000Wmb4k2AB,5.24,4.760000,UPDATE,,
SBQQ__ContractedPrice__c,PEE084585-407K96,,01t2K000006NXfAQAW,0016A00000JqrrcQAB,a0FPW00000WmUrX2AV,20.19,18.350000,UPDATE,,
SBQQ__ContractedPrice__c,PEE084585-407L01,,01t2K000006NXe2QAG,0016A00000JqrrcQAB,a0FPW00000WmUra2AF,71.96,65.420000,UPDATE,,
SBQQ__ContractedPrice__c,PEE084585-407L02,,01t2K000006NXfBQAW,0016A00000JqrrcQAB,a0FPW00000WmUrb2AF,83.62,76.020000,UPDATE,,
SBQQ__ContractedPrice__c,PEE084585-9EKD6,,01t6A000000atOGQAY,0016A00000JqrrcQAB,a0FPW00000WmUsM2AV,15.42,14.020000,UPDATE,,
SBQQ__ContractedPrice__c,PEE084585-ACC-QRP,,01t6A000000aqzLQAQ,0016A00000JqrrcQAB,a0FPW00000WmbC62AJ,50.15,45.590000,UPDATE,,
SBQQ__ContractedPrice__c,CAS131664-ACC-QRP,,01t6A000000aqzLQAQ,0016A00000JqrfSQAR,a0FPW00000WmYG22AN,188.0,189.000000,UPDATE,,
SBQQ__ContractedPrice__c,PEE084585-407K95,,01t2K000006S2BDQA0,0016A00000JqrrcQAB,a0FPW00000WmUrW2AV,21.12,19.200000,UPDATE,,
SBQQ__ContractedPrice__c,PEE084585-407K99,,01t2K000006NXe5QAG,0016A00000JqrrcQAB,a0FPW00000WmUrZ2AV,24.81,22.550000,UPDATE,,
SBQQ__ContractedPrice__c,PEE084585-407L03,,01t2K000006NXfYQAW,0016A00000JqrrcQAB,a0FPW00000WmUrc2AF,59.93,54.480000,UPDATE,,
SBQQ__ContractedPrice__c,PEE084585-55YF28,,01t2K000006XFkOQAW,0016A00000JqrrcQAB,a0FPW00000WmUsA2AV,72.08,65.530000,UPDATE,,
SBQQ__ContractedPrice__c,PEE084585-ACC-780,,01t6A000000beniQAA,0016A00000JqrrcQAB,a0FPW00000Wmb6w2AB,6.62,6.020000,UPDATE,,
SBQQ__ContractedPrice__c,PEE084585-ACC-HPF650,,01t6A000000ardlQAA,0016A00000JqrrcQAB,a0FPW00000WmbBB2AZ,36.82,33.470000,UPDATE,,
SBQQ__ContractedPrice__c,PEE084585-ACC-M1020,,01t6A000000arcAQAQ,0016A00000JqrrcQAB,a0FPW00000WmbBm2AJ,5.75,5.230000,UPDATE,,
SBQQ__ContractedPrice__c,PEE084585-ACC-ML3ELS,,01t6A000003QGrnQAG,0016A00000JqrrcQAB,a0FPW00000WmbC22AJ,34.65,31.500000,UPDATE,,
SBQQ__ContractedPrice__c,CAS131679-ACC-ML3ELS,,01t6A000003QGrnQAG,001PW00000iFUdzYAG,a0FPW00000WmYUR2A3,51.0,51.000000,UPDATE,,
SBQQ__ContractedPrice__c,CAS131664-ACC-V600X,,01t6A000000argdQAA,0016A00000JqrfSQAR,a0FPW00000WmYGD2A3,112.0,113.000000,UPDATE,,
SBQQ__ContractedPrice__c,CAS131679-ACC-V600X,,01t6A000000argdQAA,001PW00000iFUdzYAG,a0FPW00000WmYUd2AN,37.0,37.000000,UPDATE,,
SBQQ__ContractedPrice__c,PEE084585-ACC-V600X,,01t6A000000argdQAA,0016A00000JqrrcQAB,a0FPW00000WmbCJ2AZ,23.85,21.680000,UPDATE,,
SBQQ__ContractedPrice__c,CAS131679-ACC210,,01t6A000000arCBQAY,001PW00000iFUdzYAG,a0FPW00000WmYR42AN,4.0,4.000000,UPDATE,,
SBQQ__ContractedPrice__c,CAS131664-ACC210,,01t6A000000arCBQAY,0016A00000JqrfSQAR,a0FPW00000WmYEr2AN,11.0,11.000000,UPDATE,,
SBQQ__ContractedPrice__c,CAS131679-ACC-QRP,,01t6A000000aqzLQAQ,001PW00000iFUdzYAG,a0FPW00000WmYUV2A3,63.0,64.820000,UPDATE,,
SBQQ__ContractedPrice__c,CAS131664-ACC020,,01t6A000000aqyTQAQ,0016A00000JqrfSQAR,a0FPW00000WmYEj2AN,188.0,189.000000,UPDATE,,
SBQQ__ContractedPrice__c,PEE084585-ACC020,,01t6A000000aqyTQAQ,0016A00000JqrrcQAB,a0FPW00000WmUsU2AV,35.11,31.920000,UPDATE,,
SBQQ__ContractedPrice__c,CAS131679-ACC020,,01t6A000000aqyTQAQ,001PW00000iFUdzYAG,a0FPW00000WmYQr2AN,61.0,61.000000,UPDATE,,
SBQQ__ContractedPrice__c,CAS131679-ACC109,,01t6A000000arCAQAY,001PW00000iFUdzYAG,a0FPW00000WmYQt2AN,31.0,31.000000,UPDATE,,
SBQQ__ContractedPrice__c,PEE084585-ACC109,,01t6A000000arCAQAY,0016A00000JqrrcQAB,a0FPW00000WmUsW2AV,18.3,16.640000,UPDATE,,
SBQQ__ContractedPrice__c,CAS131664-ACC109,,01t6A000000arCAQAY,0016A00000JqrfSQAR,a0FPW00000WmYEl2AN,100.0,100.000000,UPDATE,,
SBQQ__ContractedPrice__c,PEE084585-ACC641,,01t6A000000areqQAA,0016A00000JqrrcQAB,a0FPW00000Wmb6u2AB,5.8,5.270000,UPDATE,,
SBQQ__ContractedPrice__c,CAS131664-ACC666,,01t6A000000asNQQAY,0016A00000JqrfSQAR,a0FPW00000WmYFP2A3,50.0,49.000000,UPDATE,,
SBQQ__ContractedPrice__c,PEE084585-ACC666,,01t6A000000asNQQAY,0016A00000JqrrcQAB,a0FPW00000Wmb6v2AB,10.15,9.230000,UPDATE,,
SBQQ__ContractedPrice__c,PEE084585-ACC957,,01t6A000000asZBQAY,0016A00000JqrrcQAB,,,14.930000,INSERT,,
SBQQ__ContractedPrice__c,PEE084585-ACCSH300,,01t6A000000aqpdQAA,0016A00000JqrrcQAB,a0FPW00000WmbCA2AZ,27.34,24.850000,UPDATE,,
SBQQ__ContractedPrice__c,CAS131664-ACCSH300,,01t6A000000aqpdQAA,0016A00000JqrfSQAR,a0FPW00000WmYG62AN,92.0,92.000000,UPDATE,,
SBQQ__ContractedPrice__c,CAS131664-ADD0305,,01t6A000000asNTQAY,0016A00000JqrfSQAR,a0FPW00000WmYGO2A3,211.0,212.000000,UPDATE,,
SBQQ__ContractedPrice__c,PEE084585-ACC210,,01t6A000000arCBQAY,0016A00000JqrrcQAB,a0FPW00000Wmb6B2AR,1.62,1.470000,UPDATE,,
SBQQ__ContractedPrice__c,PEE084585-ACC310VWC6,,01t6A000000arNCQAY,0016A00000JqrrcQAB,a0FPW00000Wmb6N2AR,105.9,96.270000,UPDATE,,
SBQQ__ContractedPrice__c,CAS131679-ACC310VWC6,,01t6A000000arNCQAY,001PW00000iFUdzYAG,a0FPW00000WmYRD2A3,131.0,131.000000,UPDATE,,
SBQQ__ContractedPrice__c,CAS131664-ACC310VWC6,,01t6A000000arNCQAY,0016A00000JqrfSQAR,a0FPW00000WmYF02AN,391.0,391.000000,UPDATE,,
SBQQ__ContractedPrice__c,PEE084585-ACC515,,01t6A000000aqwuQAA,0016A00000JqrrcQAB,a0FPW00000Wmb6b2AB,50.34,45.760000,UPDATE,,
SBQQ__ContractedPrice__c,CAS131679-ACC515,,01t6A000000aqwuQAA,001PW00000iFUdzYAG,a0FPW00000WmYTH2A3,63.0,64.800000,UPDATE,,
SBQQ__ContractedPrice__c,CAS131679-ACC556,,01t6A000000at4QQAQ,001PW00000iFUdzYAG,a0FPW00000WmYTK2A3,34.0,33.750000,UPDATE,,
SBQQ__ContractedPrice__c,CAS131664-ACC-V900X,,01t6A000000ar5BQAQ,0016A00000JqrfSQAR,a0FPW00000WmYGE2A3,264.0,265.000000,UPDATE,,
SBQQ__ContractedPrice__c,CAS131679-ACC-V900X,,01t6A000000ar5BQAQ,001PW00000iFUdzYAG,a0FPW00000WmYUe2AN,90.0,90.000000,UPDATE,,
SBQQ__ContractedPrice__c,PEE084585-ACC-V900X,,01t6A000000ar5BQAQ,0016A00000JqrrcQAB,a0FPW00000WmbCK2AZ,63.54,57.760000,UPDATE,,
SBQQ__ContractedPrice__c,PEE084585-ACC050,,01t6A000000ar20QAA,0016A00000JqrrcQAB,a0FPW00000WmUsV2AV,26.85,24.410000,UPDATE,,
SBQQ__ContractedPrice__c,CAS131664-ACC050,,01t6A000000ar20QAA,0016A00000JqrfSQAR,a0FPW00000WmYEk2AN,125.0,125.000000,UPDATE,,
SBQQ__ContractedPrice__c,CAS131679-ACC050,,01t6A000000ar20QAA,001PW00000iFUdzYAG,a0FPW00000WmYQs2AN,39.0,40.590000,UPDATE,,
SBQQ__ContractedPrice__c,CAS131679-ACC120,,01t6A000000at3jQAA,001PW00000iFUdzYAG,a0FPW00000WmYQw2AN,66.0,66.000000,UPDATE,,
SBQQ__ContractedPrice__c,PEE084585-407K75,,01t2K000006NXdzQAG,0016A00000JqrrcQAB,a0FPW00000WmUrE2AV,32.18,29.250000,UPDATE,,
SBQQ__ContractedPrice__c,PEE084585-407K77,,01t2K000006NXepQAG,0016A00000JqrrcQAB,a0FPW00000WmUrG2AV,35.55,32.320000,UPDATE,,
SBQQ__ContractedPrice__c,PEE084585-407K85,,01t2K000006NaCAQA0,0016A00000JqrrcQAB,a0FPW00000WmUrO2AV,72.62,66.020000,UPDATE,,
SBQQ__ContractedPrice__c,PEE084585-407K87,,01t2K000006NaCBQA0,0016A00000JqrrcQAB,a0FPW00000WmUrP2AV,84.14,76.490000,UPDATE,,
SBQQ__ContractedPrice__c,PEE084585-407K91,,01t2K000006NXeFQAW,0016A00000JqrrcQAB,a0FPW00000WmUrS2AV,14.86,13.510000,UPDATE,,
SBQQ__ContractedPrice__c,PEE084585-42013,,01t6A000000arvjQAA,0016A00000JqrrcQAB,,,7.250000,INSERT,,
SBQQ__ContractedPrice__c,PEE084585-ACC-FLIP65,,01t2K000006WSOPQA4,0016A00000JqrrcQAB,a0FPW00000WmbB72AJ,27.84,25.310000,UPDATE,,
SBQQ__ContractedPrice__c,CAS131664-ACC230,,01t6A000000arGBQAY,0016A00000JqrfSQAR,a0FPW00000WmYEu2AN,50.0,49.000000,UPDATE,,
SBQQ__ContractedPrice__c,PEE084585-ACC230,,01t6A000000arGBQAY,0016A00000JqrrcQAB,a0FPW00000Wmb6E2AR,15.26,13.870000,UPDATE,,
SBQQ__ContractedPrice__c,PEE084585-ACC244,,01t6A000000arGCQAY,0016A00000JqrrcQAB,a0FPW00000Wmb6G2AR,1.95,1.770000,UPDATE,,
SBQQ__ContractedPrice__c,CAS131664-ACC244,,01t6A000000arGCQAY,0016A00000JqrfSQAR,a0FPW00000WmYEw2AN,11.0,11.000000,UPDATE,,
SBQQ__ContractedPrice__c,CAS131679-ACC244,,01t6A000000arGCQAY,001PW00000iFUdzYAG,a0FPW00000WmYR82AN,3.0,2.640000,UPDATE,,
SBQQ__ContractedPrice__c,PEE084585-ACC2RU-580,,01t6A000000asUBQAY,0016A00000JqrrcQAB,a0FPW00000Wmb6H2AR,281.62,256.020000,UPDATE,,
SBQQ__ContractedPrice__c,CAS131679-ACC557,,01t6A000000asNKQAY,001PW00000iFUdzYAG,a0FPW00000WmYTL2A3,26.0,27.220000,UPDATE,,
SBQQ__ContractedPrice__c,PEE084585-407K76,,01t2K000006NXgHQAW,0016A00000JqrrcQAB,a0FPW00000WmUrF2AV,34.25,31.140000,UPDATE,,
SBQQ__ContractedPrice__c,PEE084585-407K78,,01t2K000006NXejQAG,0016A00000JqrrcQAB,a0FPW00000WmUrH2AV,36.58,33.250000,UPDATE,,
SBQQ__ContractedPrice__c,PEE084585-407K84,,01t2K000006S2EmQAK,0016A00000JqrrcQAB,a0FPW00000WmUrN2AV,71.92,65.380000,UPDATE,,
SBQQ__ContractedPrice__c,PEE084585-47475234,,01t2K000006XLODQA4,0016A00000JqrrcQAB,,,72.340000,INSERT,,
SBQQ__ContractedPrice__c,PEE084585-ACC-M835,,01t6A000000aqr7QAA,0016A00000JqrrcQAB,a0FPW00000WmbBp2AJ,3.26,2.960000,UPDATE,,
SBQQ__ContractedPrice__c,CAS131679-ACC-M835,,01t6A000000aqr7QAA,001PW00000iFUdzYAG,a0FPW00000WmYUF2A3,6.0,6.000000,UPDATE,,
SBQQ__ContractedPrice__c,CAS131679-ACC-ML3ECW,,01t6A000003QGriQAG,001PW00000iFUdzYAG,a0FPW00000WmYUQ2A3,18.0,18.000000,UPDATE,,
SBQQ__ContractedPrice__c,CAS131679-ADD0305,,01t6A000000asNTQAY,001PW00000iFUdzYAG,a0FPW00000WmYUn2AN,67.0,67.000000,UPDATE,,
SBQQ__ContractedPrice__c,PEE084585-ADD0305,,01t6A000000asNTQAY,0016A00000JqrrcQAB,a0FPW00000WmbCV2AZ,52.29,47.540000,UPDATE,,
SBQQ__ContractedPrice__c,PEE084585-ADD0810,,01t6A000000arPZQAY,0016A00000JqrrcQAB,a0FPW00000WmbCX2AZ,90.46,82.240000,UPDATE,,
SBQQ__ContractedPrice__c,CAS131664-ADD0810,,01t6A000000arPZQAY,0016A00000JqrfSQAR,a0FPW00000WmYGQ2A3,361.0,361.000000,UPDATE,,
SBQQ__ContractedPrice__c,CAS131679-ADD0810,,01t6A000000arPZQAY,001PW00000iFUdzYAG,a0FPW00000WmYUp2AN,113.0,113.000000,UPDATE,,
SBQQ__ContractedPrice__c,PEE084585-ADD105,,01t6A000000atJ7QAI,0016A00000JqrrcQAB,a0FPW00000WmbCa2AJ,60.62,55.110000,UPDATE,,
SBQQ__ContractedPrice__c,PEE084585-ADD107,,01t6A000000arseQAA,0016A00000JqrrcQAB,a0FPW00000WmbCc2AJ,82.47,74.970000,UPDATE,,
SBQQ__ContractedPrice__c,CAS131664-AEC012018-W,,01t6A000000atUWQAY,0016A00000JqrfSQAR,a0FPW00000WmYGZ2A3,151.0,151.000000,UPDATE,,
SBQQ__ContractedPrice__c,PEE084585-AEC012018-W,,01t6A000000atUWQAY,0016A00000JqrrcQAB,a0FPW00000WmbCn2AJ,20.2,18.360000,UPDATE,,
SBQQ__ContractedPrice__c,CAS131679-AEC012018-W,,01t6A000000atUWQAY,001PW00000iFUdzYAG,a0FPW00000WmYUz2AN,51.0,51.000000,UPDATE,,
SBQQ__ContractedPrice__c,CAS131679-AEC0305-S,,01t6A000000asqNQAQ,001PW00000iFUdzYAG,a0FPW00000WmYV72AN,76.0,76.000000,UPDATE,,
SBQQ__ContractedPrice__c,PEE084585-AEC0305-S,,01t6A000000asqNQAQ,0016A00000JqrrcQAB,a0FPW00000WmbCv2AJ,41.71,37.920000,UPDATE,,
SBQQ__ContractedPrice__c,CAS131664-AEC0305-S,,01t6A000000asqNQAQ,0016A00000JqrfSQAR,a0FPW00000WmYGh2AN,227.0,227.000000,UPDATE,,
SBQQ__ContractedPrice__c,CAS131664-AEC0507-W,,01t6A000000arTKQAY,0016A00000JqrfSQAR,a0FPW00000WmYGo2AN,252.0,252.000000,UPDATE,,
SBQQ__ContractedPrice__c,PEE084585-AEC0507-W,,01t6A000000arTKQAY,0016A00000JqrrcQAB,a0FPW00000WmbD22AJ,67.27,61.150000,UPDATE,,
SBQQ__ContractedPrice__c,CAS131679-AEC0507-W,,01t6A000000arTKQAY,001PW00000iFUdzYAG,a0FPW00000WmYVE2A3,88.0,89.000000,UPDATE,,
SBQQ__ContractedPrice__c,CAS131679-AEC0608-W,,01t6A000000asqSQAQ,001PW00000iFUdzYAG,a0FPW00000WmYVH2A3,86.0,92.650000,UPDATE,,
SBQQ__ContractedPrice__c,PEE084585-AEC0608-W,,01t6A000000asqSQAQ,0016A00000JqrrcQAB,a0FPW00000WmbD52AJ,68.88,62.620000,UPDATE,,
SBQQ__ContractedPrice__c,CAS131664-AEC0608-W,,01t6A000000asqSQAQ,0016A00000JqrfSQAR,a0FPW00000WmYGr2AN,264.0,265.000000,UPDATE,,
SBQQ__ContractedPrice__c,PEE084585-AEC0810-W,,01t6A000000aqhTQAQ,0016A00000JqrrcQAB,a0FPW00000WmbD82AJ,80.4,73.090000,UPDATE,,
SBQQ__ContractedPrice__c,CAS131664-AEC0810-W,,01t6A000000aqhTQAQ,0016A00000JqrfSQAR,a0FPW00000WmYGu2AN,303.0,302.000000,UPDATE,,
SBQQ__ContractedPrice__c,CAS131679-AEC0810-W,,01t6A000000aqhTQAQ,001PW00000iFUdzYAG,a0FPW00000WmYVK2A3,105.0,109.930000,UPDATE,,
SBQQ__ContractedPrice__c,CAS131679-CMJ453,,01t6A000000asnoQAA,001PW00000iFUdzYAG,a0FPW00000WmYVR2A3,100.0,100.000000,UPDATE,,
SBQQ__ContractedPrice__c,CAS131664-CMJ453,,01t6A000000asnoQAA,0016A00000JqrfSQAR,a0FPW00000WmYH22AN,319.0,319.000000,UPDATE,,
SBQQ__ContractedPrice__c,PEE084585-CMJ453,,01t6A000000asnoQAA,0016A00000JqrrcQAB,a0FPW00000WmbDg2AJ,78.88,71.710000,UPDATE,,
SBQQ__ContractedPrice__c,PEE084585-CMJ490,,01t6A000000asnrQAA,0016A00000JqrrcQAB,a0FPW00000WmbDl2AJ,28.25,25.680000,UPDATE,,
SBQQ__ContractedPrice__c,CAS131664-CMJ490,,01t6A000000asnrQAA,0016A00000JqrfSQAR,a0FPW00000WmYH62AN,112.0,113.000000,UPDATE,,
SBQQ__ContractedPrice__c,CAS131679-CMJ490,,01t6A000000asnrQAA,001PW00000iFUdzYAG,a0FPW00000WmYVW2A3,37.0,37.000000,UPDATE,,
SBQQ__ContractedPrice__c,PEE084585-ACC556,,01t6A000000at4QQAQ,0016A00000JqrrcQAB,a0FPW00000Wmb6e2AB,25.85,23.500000,UPDATE,,
SBQQ__ContractedPrice__c,CAS131664-ACC556,,01t6A000000at4QQAQ,0016A00000JqrfSQAR,a0FPW00000WmYFA2A3,100.0,100.000000,UPDATE,,
SBQQ__ContractedPrice__c,PEE084585-ACC615,,01t6A000000arPCQAY,0016A00000JqrrcQAB,a0FPW00000Wmb6n2AB,6.96,6.330000,UPDATE,,
SBQQ__ContractedPrice__c,CAS131679-ACC615,,01t6A000000arPCQAY,001PW00000iFUdzYAG,a0FPW00000WmYTT2A3,10.0,10.230000,UPDATE,,
SBQQ__ContractedPrice__c,CAS131664-ACC615,,01t6A000000arPCQAY,0016A00000JqrfSQAR,a0FPW00000WmYFJ2A3,36.0,37.000000,UPDATE,,
SBQQ__ContractedPrice__c,CAS131664-ACC640,,01t6A000000asNPQAY,0016A00000JqrfSQAR,a0FPW00000WmYFM2A3,41.0,40.000000,UPDATE,,
SBQQ__ContractedPrice__c,CAS131679-ACC640,,01t6A000000asNPQAY,001PW00000iFUdzYAG,a0FPW00000WmYTX2A3,13.0,13.000000,UPDATE,,
SBQQ__ContractedPrice__c,CAS131679-DCT100,,01t6A000000asNDQAY,001PW00000iFUdzYAG,a0FPW00000WmYVa2AN,50.0,50.000000,UPDATE,,
SBQQ__ContractedPrice__c,CAS131664-DCT100,,01t6A000000asNDQAY,0016A00000JqrfSQAR,a0FPW00000WmYHA2A3,158.0,159.000000,UPDATE,,
SBQQ__ContractedPrice__c,PEE084585-DCT100,,01t6A000000asNDQAY,0016A00000JqrrcQAB,a0FPW00000Wm4iA2AR,39.33,35.750000,UPDATE,,
SBQQ__ContractedPrice__c,PEE084585-DCT900,,01t6A000000asWxQAI,0016A00000JqrrcQAB,a0FPW00000Wm4iE2AR,71.39,64.900000,UPDATE,,
SBQQ__ContractedPrice__c,CAS131664-DCT900,,01t6A000000asWxQAI,0016A00000JqrfSQAR,a0FPW00000WmYHE2A3,288.0,289.000000,UPDATE,,
SBQQ__ContractedPrice__c,CAS131679-DCT900,,01t6A000000asWxQAI,001PW00000iFUdzYAG,a0FPW00000WmYVe2AN,91.0,90.680000,UPDATE,,
SBQQ__ContractedPrice__c,CAS131679-DS-VWRS040,,01t6A000000aqfIQAQ,001PW00000iFUdzYAG,a0FPW00000WmT122AF,80.0,80.000000,UPDATE,,
SBQQ__ContractedPrice__c,PEE084585-ACC-ML3ECW,,01t6A000003QGriQAG,0016A00000JqrrcQAB,a0FPW00000WmbC12AJ,8.02,7.290000,UPDATE,,
SBQQ__ContractedPrice__c,PEE084585-ACC-SPARK70,,01t6A000000asboQAA,0016A00000JqrrcQAB,a0FPW00000WmbCC2AZ,83.09,75.540000,UPDATE,,
SBQQ__ContractedPrice__c,CAS131664-ACC-SPARK70,,01t6A000000asboQAA,0016A00000JqrfSQAR,a0FPW00000WmYG82AN,416.0,416.000000,UPDATE,,
SBQQ__ContractedPrice__c,CAS131679-ACC-SPARK70,,01t6A000000asboQAA,001PW00000iFUdzYAG,a0FPW00000WmYUY2A3,122.0,122.000000,UPDATE,,
SBQQ__ContractedPrice__c,CAS131664-ACC-V600800,,01t6A000000asw3QAA,0016A00000JqrfSQAR,a0FPW00000WmYGC2A3,87.0,87.000000,UPDATE,,
SBQQ__ContractedPrice__c,CAS131679-ACC-V600800,,01t6A000000asw3QAA,001PW00000iFUdzYAG,a0FPW00000WmYUc2AN,25.0,25.000000,UPDATE,,
SBQQ__ContractedPrice__c,PEE084585-ACC-V600800,,01t6A000000asw3QAA,0016A00000JqrrcQAB,a0FPW00000WmbCI2AZ,17.03,15.480000,UPDATE,,
SBQQ__ContractedPrice__c,PEE084585-ACC310VWC4,,01t6A000000ar0qQAA,0016A00000JqrrcQAB,a0FPW00000Wmb6M2AR,85.46,77.690000,UPDATE,,
SBQQ__ContractedPrice__c,CAS131679-ACC310VWC4,,01t6A000000ar0qQAA,001PW00000iFUdzYAG,a0FPW00000WmYRC2A3,108.0,109.600000,UPDATE,,
SBQQ__ContractedPrice__c,CAS131664-ACC310VWC4,,01t6A000000ar0qQAA,0016A00000JqrfSQAR,a0FPW00000WmYEz2AN,328.0,328.000000,UPDATE,,
SBQQ__ContractedPrice__c,PEE084585-ACC550,,01t6A000000at8rQAA,0016A00000JqrrcQAB,a0FPW00000Wmb6d2AB,15.96,14.510000,UPDATE,,
SBQQ__ContractedPrice__c,CAS131664-ACC550,,01t6A000000at8rQAA,0016A00000JqrfSQAR,a0FPW00000WmYF92AN,76.0,76.000000,UPDATE,,
SBQQ__ContractedPrice__c,CAS131679-ACC550,,01t6A000000at8rQAA,001PW00000iFUdzYAG,a0FPW00000WmYTJ2A3,24.0,24.000000,UPDATE,,
SBQQ__ContractedPrice__c,PEE084585-DS-VWRS040,,01t6A000000aqfIQAQ,0016A00000JqrrcQAB,a0FPW00000WmbFC2AZ,53.94,49.040000,UPDATE,,
SBQQ__ContractedPrice__c,PEE084585-DS-VWRS053,,01t6A000000aqmoQAA,0016A00000JqrrcQAB,a0FPW00000WmbFF2AZ,59.41,54.010000,UPDATE,,
SBQQ__ContractedPrice__c,CAS131679-DS-VWRS053,,01t6A000000aqmoQAA,001PW00000iFUdzYAG,a0FPW00000WmT152AF,88.0,88.000000,UPDATE,,
SBQQ__ContractedPrice__c,PEE084585-DS-VWS016,,01t6A000000arDdQAI,0016A00000JqrrcQAB,a0FPW00000WmbFb2AJ,8.9,8.090000,UPDATE,,
SBQQ__ContractedPrice__c,PEE084585-DS-VWS017-P,,01t6A000000atGsQAI,0016A00000JqrrcQAB,a0FPW00000WmbFe2AJ,13.66,12.420000,UPDATE,,
SBQQ__ContractedPrice__c,PEE084585-DS-VWS019-P,,01t6A000000atGtQAI,0016A00000JqrrcQAB,a0FPW00000WmbFh2AJ,20.19,18.350000,UPDATE,,
SBQQ__ContractedPrice__c,PEE084585-DS-VWS020-P,,01t6A000000ar4KQAQ,0016A00000JqrrcQAB,a0FPW00000WmbFj2AJ,18.67,16.970000,UPDATE,,
SBQQ__ContractedPrice__c,CAS131664-ACC120,,01t6A000000at3jQAA,0016A00000JqrfSQAR,a0FPW00000WmYEn2AN,201.0,201.000000,UPDATE,,
SBQQ__ContractedPrice__c,PEE084585-ACC120,,01t6A000000at3jQAA,0016A00000JqrrcQAB,a0FPW00000Wmb662AB,40.22,36.560000,UPDATE,,
SBQQ__ContractedPrice__c,PEE084585-ACC200,,01t6A000000ar8xQAA,0016A00000JqrrcQAB,a0FPW00000Wmb6A2AR,4.28,3.890000,UPDATE,,
SBQQ__ContractedPrice__c,CAS131664-ACC217,,01t6A000000asz8QAA,0016A00000JqrfSQAR,a0FPW00000WmYEt2AN,188.0,189.000000,UPDATE,,
SBQQ__ContractedPrice__c,PEE084585-ACC217,,01t6A000000asz8QAA,0016A00000JqrrcQAB,a0FPW00000Wmb6D2AR,40.07,36.430000,UPDATE,,
SBQQ__ContractedPrice__c,CAS131679-ACC217,,01t6A000000asz8QAA,001PW00000iFUdzYAG,a0FPW00000WmYR62AN,59.0,59.000000,UPDATE,,
SBQQ__ContractedPrice__c,CAS131679-ACC234,,01t6A000000asKmQAI,001PW00000iFUdzYAG,a0FPW00000WmYR72AN,6.0,6.000000,UPDATE,,
SBQQ__ContractedPrice__c,CAS131664-ACC557,,01t6A000000asNKQAY,0016A00000JqrfSQAR,a0FPW00000WmYFB2A3,75.0,75.000000,UPDATE,,
SBQQ__ContractedPrice__c,PEE084585-ACC557,,01t6A000000asNKQAY,0016A00000JqrrcQAB,a0FPW00000Wmb6f2AB,20.0,18.180000,UPDATE,,
SBQQ__ContractedPrice__c,PEE084585-ADD1012,,01t6A000000atJ4QAI,0016A00000JqrrcQAB,a0FPW00000WmbCY2AZ,119.24,108.400000,UPDATE,,
SBQQ__ContractedPrice__c,CAS131664-AEC012018,,01t6A000000aqlMQAQ,0016A00000JqrfSQAR,a0FPW00000WmYGX2A3,151.0,151.000000,UPDATE,,
SBQQ__ContractedPrice__c,CAS131679-AEC012018,,01t6A000000aqlMQAQ,001PW00000iFUdzYAG,a0FPW00000WmYUx2AN,51.0,51.000000,UPDATE,,
SBQQ__ContractedPrice__c,PEE084585-AEC012018,,01t6A000000aqlMQAQ,0016A00000JqrrcQAB,a0FPW00000WmbCl2AJ,19.42,17.650000,UPDATE,,
SBQQ__ContractedPrice__c,PEE084585-AEC0203,,01t6A000000ar5UQAQ,0016A00000JqrrcQAB,a0FPW00000WmbCr2AJ,31.13,28.300000,UPDATE,,
SBQQ__ContractedPrice__c,PEE084585-ACC234,,01t6A000000asKmQAI,0016A00000JqrrcQAB,a0FPW00000Wmb6F2AR,2.86,2.600000,UPDATE,,
SBQQ__ContractedPrice__c,CAS131664-ACC234,,01t6A000000asKmQAI,0016A00000JqrfSQAR,a0FPW00000WmYEv2AN,24.0,24.000000,UPDATE,,
SBQQ__ContractedPrice__c,CAS131664-ACC415,,01t6A000000arWtQAI,0016A00000JqrfSQAR,a0FPW00000WmYF52AN,28.0,28.000000,UPDATE,,
SBQQ__ContractedPrice__c,PEE084585-ACC415,,01t6A000000arWtQAI,0016A00000JqrrcQAB,a0FPW00000Wmb6U2AR,5.36,4.870000,UPDATE,,
SBQQ__ContractedPrice__c,CAS131679-ACC415,,01t6A000000arWtQAI,001PW00000iFUdzYAG,a0FPW00000WmYTC2A3,9.0,9.000000,UPDATE,,
SBQQ__ContractedPrice__c,CAS131679-ACC954,,01t6A000000aslMQAQ,001PW00000iFUdzYAG,a0FPW00000WmYTj2AN,22.0,22.000000,UPDATE,,
SBQQ__ContractedPrice__c,PEE084585-ACC954,,01t6A000000aslMQAQ,0016A00000JqrrcQAB,a0FPW00000Wmb7B2AR,14.23,12.940000,UPDATE,,
SBQQ__ContractedPrice__c,CAS131679-AEC0203,,01t6A000000ar5UQAQ,001PW00000iFUdzYAG,a0FPW00000WmYV32AN,61.0,61.000000,UPDATE,,
SBQQ__ContractedPrice__c,CAS131664-AEC0203,,01t6A000000ar5UQAQ,0016A00000JqrfSQAR,a0FPW00000WmYGd2AN,188.0,189.000000,UPDATE,,
SBQQ__ContractedPrice__c,CAS131664-AEC0203-W,,01t6A000000ar5WQAQ,0016A00000JqrfSQAR,a0FPW00000WmYGf2AN,188.0,189.000000,UPDATE,,
SBQQ__ContractedPrice__c,CAS131679-AEC0203-W,,01t6A000000ar5WQAQ,001PW00000iFUdzYAG,a0FPW00000WmYV52AN,61.0,61.000000,UPDATE,,
SBQQ__ContractedPrice__c,PEE084585-AEC0203-W,,01t6A000000ar5WQAQ,0016A00000JqrrcQAB,a0FPW00000WmbCt2AJ,32.14,29.220000,UPDATE,,
SBQQ__ContractedPrice__c,PEE084585-AEC0810-S,,01t6A000000aqhSQAQ,0016A00000JqrrcQAB,a0FPW00000WmbD72AJ,80.4,73.090000,UPDATE,,
SBQQ__ContractedPrice__c,CAS131679-AEC0810-S,,01t6A000000aqhSQAQ,001PW00000iFUdzYAG,a0FPW00000WmYVJ2A3,105.0,105.000000,UPDATE,,
SBQQ__ContractedPrice__c,CAS131679-ACC560,,01t6A000000atBCQAY,001PW00000iFUdzYAG,a0FPW00000WmYTO2A3,17.0,17.000000,UPDATE,,
SBQQ__ContractedPrice__c,CAS131664-ACC560,,01t6A000000atBCQAY,0016A00000JqrfSQAR,a0FPW00000WmYFE2A3,52.0,52.000000,UPDATE,,
SBQQ__ContractedPrice__c,PEE084585-ACC560,,01t6A000000atBCQAY,0016A00000JqrrcQAB,a0FPW00000Wmb6i2AB,10.64,9.670000,UPDATE,,
SBQQ__ContractedPrice__c,PEE084585-ACC912,,01t6A000000asuPQAQ,0016A00000JqrrcQAB,a0FPW00000Wmb772AB,18.18,16.530000,UPDATE,,
SBQQ__ContractedPrice__c,CAS131664-ACC912,,01t6A000000asuPQAQ,0016A00000JqrfSQAR,a0FPW00000WmYFV2A3,75.0,75.000000,UPDATE,,
SBQQ__ContractedPrice__c,CAS131679-ACC912,,01t6A000000asuPQAQ,001PW00000iFUdzYAG,a0FPW00000WmYTg2AN,30.0,30.000000,UPDATE,,
SBQQ__ContractedPrice__c,CAS131664-ADD102,,01t6A000000atJ5QAI,0016A00000JqrfSQAR,a0FPW00000WmYGR2A3,120.0,121.000000,UPDATE,,
SBQQ__ContractedPrice__c,CAS131664-ACC-FLIP65,,01t2K000006WSOPQA4,0016A00000JqrfSQAR,a0FPW00000WmYFl2AN,151.0,151.000000,UPDATE,,
SBQQ__ContractedPrice__c,CAS131679-ACC-FLIP65,,01t2K000006WSOPQA4,001PW00000iFUdzYAG,a0FPW00000WmYU42AN,45.0,45.000000,UPDATE,,
SBQQ__ContractedPrice__c,CAS131679-ACC-M8X50,,01t6A000000asjvQAA,001PW00000iFUdzYAG,a0FPW00000WmYUH2A3,8.0,8.000000,UPDATE,,
SBQQ__ContractedPrice__c,PEE084585-ACC-M8X50,,01t6A000000asjvQAA,0016A00000JqrrcQAB,a0FPW00000WmbBr2AJ,4.77,4.340000,UPDATE,,
SBQQ__ContractedPrice__c,PEE084585-ACC-MCCM,,01t2K000006RrGJQA0,0016A00000JqrrcQAB,a0FPW00000WmbBz2AJ,18.63,16.940000,UPDATE,,
SBQQ__ContractedPrice__c,CAS131679-ACC-MCCM,,01t2K000006RrGJQA0,001PW00000iFUdzYAG,a0FPW00000WmYUO2A3,33.0,33.000000,UPDATE,,
SBQQ__ContractedPrice__c,CAS131679-ACC-SPARK55,,01t6A000000atcpQAA,001PW00000iFUdzYAG,a0FPW00000WmYUX2A3,57.0,57.000000,UPDATE,,
SBQQ__ContractedPrice__c,PEE084585-ADD102,,01t6A000000atJ5QAI,0016A00000JqrrcQAB,a0FPW00000WmbCZ2AZ,28.9,26.270000,UPDATE,,
SBQQ__ContractedPrice__c,CAS131679-ADD102,,01t6A000000atJ5QAI,001PW00000iFUdzYAG,a0FPW00000WmYUq2AN,39.0,39.000000,UPDATE,,
SBQQ__ContractedPrice__c,CAS131679-AEC006009,,01t6A000000atAJQAY,001PW00000iFUdzYAG,a0FPW00000WmYUr2AN,33.0,33.000000,UPDATE,,
SBQQ__ContractedPrice__c,PEE084585-AEC006009,,01t6A000000atAJQAY,0016A00000JqrrcQAB,a0FPW00000WmbCf2AJ,16.01,14.550000,UPDATE,,
SBQQ__ContractedPrice__c,CAS131664-AEC006009,,01t6A000000atAJQAY,0016A00000JqrfSQAR,a0FPW00000WmYGS2A3,100.0,100.000000,UPDATE,,
SBQQ__ContractedPrice__c,CAS131664-AEC009012,,01t6A000000arfMQAQ,0016A00000JqrfSQAR,a0FPW00000WmYGV2A3,112.0,113.000000,UPDATE,,
SBQQ__ContractedPrice__c,PEE084585-AEC009012,,01t6A000000arfMQAQ,0016A00000JqrrcQAB,a0FPW00000WmbCi2AJ,20.91,19.010000,UPDATE,,
SBQQ__ContractedPrice__c,CAS131664-AEC0810-S,,01t6A000000aqhSQAQ,0016A00000JqrfSQAR,a0FPW00000WmYGt2AN,303.0,302.000000,UPDATE,,
SBQQ__ContractedPrice__c,PEE084585-AMK-PXX3,,01t6A000000asHFQAY,0016A00000JqrrcQAB,a0FPW00000WmbDD2AZ,34.06,30.960000,UPDATE,,
SBQQ__ContractedPrice__c,CAS131664-DCT300,,01t6A000000asNEQAY,0016A00000JqrfSQAR,a0FPW00000WmYHB2A3,179.0,179.000000,UPDATE,,
SBQQ__ContractedPrice__c,CAS131679-DCT300,,01t6A000000asNEQAY,001PW00000iFUdzYAG,a0FPW00000WmYVb2AN,56.0,56.000000,UPDATE,,
SBQQ__ContractedPrice__c,PEE084585-DCT300,,01t6A000000asNEQAY,0016A00000JqrrcQAB,a0FPW00000Wm4iB2AR,42.48,38.620000,UPDATE,,
SBQQ__ContractedPrice__c,PEE084585-DS-VWS004-P,,01t6A000000atCeQAI,0016A00000JqrrcQAB,a0FPW00000WmbFM2AZ,16.59,15.080000,UPDATE,,
SBQQ__ContractedPrice__c,PEE084585-DS-VWS024-P,,01t6A000000atURQAY,0016A00000JqrrcQAB,a0FPW00000WmbFr2AJ,20.87,18.970000,UPDATE,,
SBQQ__ContractedPrice__c,PEE084585-DS-VWS026-P,,01t6A000000asmlQAA,0016A00000JqrrcQAB,a0FPW00000WmbFv2AJ,20.13,18.300000,UPDATE,,
SBQQ__ContractedPrice__c,PEE084585-DS-VWS033-P,,01t6A000000atFLQAY,0016A00000JqrrcQAB,a0FPW00000WmbG42AJ,17.51,15.920000,UPDATE,,
SBQQ__ContractedPrice__c,PEE084585-DS-VWS038,,01t6A000000atVaQAI,0016A00000JqrrcQAB,a0FPW00000WmbG72AJ,15.75,14.320000,UPDATE,,
SBQQ__ContractedPrice__c,PEE084585-DS-VWS042-P,,01t6A000000atFPQAY,0016A00000JqrrcQAB,a0FPW00000WmbGF2AZ,24.31,22.100000,UPDATE,,
SBQQ__ContractedPrice__c,PEE084585-DS-VWS056-P,,01t6A000000arnAQAQ,0016A00000JqrrcQAB,a0FPW00000WmbGX2AZ,15.42,14.020000,UPDATE,,
SBQQ__ContractedPrice__c,PEE084585-DS-VWS092-P,,01t6A000000asUCQAY,0016A00000JqrrcQAB,a0FPW00000WmbGw2AJ,17.73,16.120000,UPDATE,,
SBQQ__ContractedPrice__c,CAS131679-AEC009012,,01t6A000000arfMQAQ,001PW00000iFUdzYAG,a0FPW00000WmYUu2AN,40.0,40.000000,UPDATE,,
SBQQ__ContractedPrice__c,CAS131679-AEC018024-W,,01t6A000000atUZQAY,001PW00000iFUdzYAG,a0FPW00000WmYV22AN,56.0,56.000000,UPDATE,,
SBQQ__ContractedPrice__c,CAS131664-AEC018024-W,,01t6A000000atUZQAY,0016A00000JqrfSQAR,a0FPW00000WmYGc2AN,163.0,163.000000,UPDATE,,
SBQQ__ContractedPrice__c,PEE084585-AEC018024-W,,01t6A000000atUZQAY,0016A00000JqrrcQAB,a0FPW00000WmbCq2AJ,29.82,27.110000,UPDATE,,
SBQQ__ContractedPrice__c,PEE084585-AEC0406,,01t6A000000aqhMQAQ,0016A00000JqrrcQAB,a0FPW00000WmbCx2AJ,53.25,48.410000,UPDATE,,
SBQQ__ContractedPrice__c,CAS131664-AEC0406,,01t6A000000aqhMQAQ,0016A00000JqrfSQAR,a0FPW00000WmYGj2AN,239.0,239.000000,UPDATE,,
SBQQ__ContractedPrice__c,CAS131679-AEC0406,,01t6A000000aqhMQAQ,001PW00000iFUdzYAG,a0FPW00000WmYV92AN,81.0,81.000000,UPDATE,,
SBQQ__ContractedPrice__c,CAS131664-ACC954,,01t6A000000aslMQAQ,0016A00000JqrfSQAR,a0FPW00000WmYFY2A3,69.0,70.000000,UPDATE,,
SBQQ__ContractedPrice__c,PEE084585-ACCSH100,,01t6A000000ar3OQAQ,0016A00000JqrrcQAB,a0FPW00000WmbC82AJ,10.7,9.730000,UPDATE,,
SBQQ__ContractedPrice__c,CAS131664-ACCSH100,,01t6A000000ar3OQAQ,0016A00000JqrfSQAR,a0FPW00000WmYG42AN,43.0,43.000000,UPDATE,,
SBQQ__ContractedPrice__c,CAS131664-ACCXT400,,01t6A000000ar16QAA,0016A00000JqrfSQAR,a0FPW00000WmYGH2A3,201.0,201.000000,UPDATE,,
SBQQ__ContractedPrice__c,PEE084585-ACCXT400,,01t6A000000ar16QAA,0016A00000JqrrcQAB,a0FPW00000WmbCO2AZ,43.9,39.910000,UPDATE,,
SBQQ__ContractedPrice__c,PEE084585-ADD012018,,01t6A000000asNRQAY,0016A00000JqrrcQAB,a0FPW00000WmbCS2AZ,20.94,19.040000,UPDATE,,
SBQQ__ContractedPrice__c,CAS131679-ADD012018,,01t6A000000asNRQAY,001PW00000iFUdzYAG,a0FPW00000WmYUk2AN,40.0,40.000000,UPDATE,,
SBQQ__ContractedPrice__c,CAS131679-ESHV20,,01t6A000000aqpfQAA,001PW00000iFUdzYAG,a0FPW00000WmT1Q2AV,29.0,29.000000,UPDATE,,
SBQQ__ContractedPrice__c,CAS131664-ESHV20,,01t6A000000aqpfQAA,0016A00000JqrfSQAR,a0FPW00000WmYM92AN,68.0,68.000000,UPDATE,,
SBQQ__ContractedPrice__c,PEE084585-ESHV20,,01t6A000000aqpfQAA,0016A00000JqrrcQAB,a0FPW00000Wm9Tc2AJ,10.82,9.840000,UPDATE,,
SBQQ__ContractedPrice__c,PEE084585-MIS35178,,01t6A000000aswkQAA,0016A00000JqrrcQAB,a0FPW00000WmbLD2AZ,62.63,56.940000,UPDATE,,
SBQQ__ContractedPrice__c,PEE084585-MIS37268,,01t6A000002ZnbcQAC,0016A00000JqrrcQAB,a0FPW00000WmbMH2AZ,3.95,3.590000,UPDATE,,
SBQQ__ContractedPrice__c,PEE084585-MIS37354,,01t6A000003QB33QAG,0016A00000JqrrcQAB,a0FPW00000WmbMI2AZ,80.85,73.500000,UPDATE,,
SBQQ__ContractedPrice__c,PEE084585-MIS38426-FP,,01t2K000006S2LHQA0,0016A00000JqrrcQAB,a0FPW00000WmbMP2AZ,5.17,4.700000,UPDATE,,
SBQQ__ContractedPrice__c,CAS131664-ADD012018,,01t6A000000asNRQAY,0016A00000JqrfSQAR,a0FPW00000WmYGL2A3,125.0,125.000000,UPDATE,,
SBQQ__ContractedPrice__c,CAS131664-ADD0507,,01t6A000000asNUQAY,0016A00000JqrfSQAR,a0FPW00000WmYGP2A3,252.0,252.000000,UPDATE,,
SBQQ__ContractedPrice__c,PEE084585-ADD0507,,01t6A000000asNUQAY,0016A00000JqrrcQAB,a0FPW00000WmbCW2AZ,63.83,58.030000,UPDATE,,
SBQQ__ContractedPrice__c,CAS131679-ADD0507,,01t6A000000asNUQAY,001PW00000iFUdzYAG,a0FPW00000WmYUo2AN,79.0,79.000000,UPDATE,,
SBQQ__ContractedPrice__c,CAS131679-AEC006009-W,,01t6A000000atUUQAY,001PW00000iFUdzYAG,a0FPW00000WmYUt2AN,33.0,33.000000,UPDATE,,
SBQQ__ContractedPrice__c,PEE084585-AEC006009-W,,01t6A000000atUUQAY,0016A00000JqrrcQAB,a0FPW00000WmbCh2AJ,18.47,16.790000,UPDATE,,
SBQQ__ContractedPrice__c,CAS131664-AEC006009-W,,01t6A000000atUUQAY,0016A00000JqrfSQAR,a0FPW00000WmYGU2A3,100.0,100.000000,UPDATE,,
SBQQ__ContractedPrice__c,PEE084585-ACC-SPARK55,,01t6A000000atcpQAA,0016A00000JqrrcQAB,a0FPW00000WmbCB2AZ,31.78,28.890000,UPDATE,,
SBQQ__ContractedPrice__c,CAS131664-ACC-SPARK55,,01t6A000000atcpQAA,0016A00000JqrfSQAR,a0FPW00000WmYG72AN,176.0,176.000000,UPDATE,,
SBQQ__ContractedPrice__c,CAS131664-ACC166,,01t2K000006XREoQAO,0016A00000JqrfSQAR,a0FPW00000WmYEo2AN,112.0,113.000000,UPDATE,,
SBQQ__ContractedPrice__c,PEE084585-ACC166,,01t2K000006XREoQAO,0016A00000JqrrcQAB,a0FPW00000Wmb672AB,21.99,19.990000,UPDATE,,
SBQQ__ContractedPrice__c,CAS131664-ACC215,,01t6A000000arCLQAY,0016A00000JqrfSQAR,a0FPW00000WmYEs2AN,20.0,21.000000,UPDATE,,
SBQQ__ContractedPrice__c,PEE084585-ACC215,,01t6A000000arCLQAY,0016A00000JqrrcQAB,a0FPW00000Wmb6C2AR,3.23,2.940000,UPDATE,,
SBQQ__ContractedPrice__c,CAS131679-ACC215,,01t6A000000arCLQAY,001PW00000iFUdzYAG,a0FPW00000WmYR52AN,7.0,7.000000,UPDATE,,
SBQQ__ContractedPrice__c,CAS131679-AEC0608,,01t6A000000aqhPQAQ,001PW00000iFUdzYAG,a0FPW00000WmYVF2A3,86.0,91.520000,UPDATE,,
SBQQ__ContractedPrice__c,CAS131664-AEC0608,,01t6A000000aqhPQAQ,0016A00000JqrfSQAR,a0FPW00000WmYGp2AN,264.0,265.000000,UPDATE,,
SBQQ__ContractedPrice__c,PEE084585-AEC0608,,01t6A000000aqhPQAQ,0016A00000JqrrcQAB,a0FPW00000WmbD32AJ,67.97,61.790000,UPDATE,,
SBQQ__ContractedPrice__c,PEE084585-BM-5005A,,MISSING,0016A00000JqrrcQAB,,,26.920000,SKIP,,InventoryCD 'BM-5005A' not found in Product2.Part_Number__c
SBQQ__ContractedPrice__c,CAS131679-BM-5005A,,MISSING,001PW00000iFUdzYAG,,,50.000000,SKIP,,InventoryCD 'BM-5005A' not found in Product2.Part_Number__c
SBQQ__ContractedPrice__c,CAS131679-CMJ450,,01t6A000000asnnQAA,001PW00000iFUdzYAG,a0FPW00000WmYVQ2A3,88.0,88.000000,UPDATE,,
SBQQ__ContractedPrice__c,PEE084585-CMJ450,,01t6A000000asnnQAA,0016A00000JqrrcQAB,a0FPW00000WmbDf2AJ,67.22,61.110000,UPDATE,,
SBQQ__ContractedPrice__c,CAS131664-CMJ450,,01t6A000000asnnQAA,0016A00000JqrfSQAR,a0FPW00000WmYH12AN,281.0,281.000000,UPDATE,,
SBQQ__ContractedPrice__c,CAS131664-CMJ470,,01t6A000000asnqQAA,0016A00000JqrfSQAR,a0FPW00000WmYH42AN,75.0,75.000000,UPDATE,,
SBQQ__ContractedPrice__c,PEE084585-CMJ470,,01t6A000000asnqQAA,0016A00000JqrrcQAB,a0FPW00000WmbDi2AJ,17.2,15.640000,UPDATE,,
SBQQ__ContractedPrice__c,CAS131679-CMJ470,,01t6A000000asnqQAA,001PW00000iFUdzYAG,a0FPW00000WmYVT2A3,25.0,25.000000,UPDATE,,
SBQQ__ContractedPrice__c,CAS131679-DCS200,,01t6A000000asNBQAY,001PW00000iFUdzYAG,a0FPW00000WmYVY2A3,63.0,63.000000,UPDATE,,
SBQQ__ContractedPrice__c,PEE084585-DCS200,,01t6A000000asNBQAY,0016A00000JqrrcQAB,a0FPW00000Wm4i82AB,47.64,43.310000,UPDATE,,
SBQQ__ContractedPrice__c,CAS131664-DCS200,,01t6A000000asNBQAY,0016A00000JqrfSQAR,a0FPW00000WmYH82AN,201.0,201.000000,UPDATE,,
SBQQ__ContractedPrice__c,PEE084585-AEC009012-W,,01t6A000000arfOQAQ,0016A00000JqrrcQAB,a0FPW00000WmbCk2AJ,22.62,20.560000,UPDATE,,
SBQQ__ContractedPrice__c,CAS131664-AEC009012-W,,01t6A000000arfOQAQ,0016A00000JqrfSQAR,a0FPW00000WmYGW2A3,112.0,113.000000,UPDATE,,
SBQQ__ContractedPrice__c,CAS131679-AEC009012-W,,01t6A000000arfOQAQ,001PW00000iFUdzYAG,a0FPW00000WmYUw2AN,40.0,40.000000,UPDATE,,
SBQQ__ContractedPrice__c,CAS131679-AEC018024-S,,01t6A000000atUYQAY,001PW00000iFUdzYAG,a0FPW00000WmYV12AN,56.0,56.000000,UPDATE,,
SBQQ__ContractedPrice__c,CAS131664-AEC018024-S,,01t6A000000atUYQAY,0016A00000JqrfSQAR,a0FPW00000WmYGb2AN,163.0,163.000000,UPDATE,,
SBQQ__ContractedPrice__c,PEE084585-AEC018024-S,,01t6A000000atUYQAY,0016A00000JqrrcQAB,a0FPW00000WmbCp2AJ,29.82,27.110000,UPDATE,,
SBQQ__ContractedPrice__c,PEE084585-AEC0203-S,,01t6A000000ar5VQAQ,0016A00000JqrrcQAB,a0FPW00000WmbCs2AJ,32.14,29.220000,UPDATE,,
SBQQ__ContractedPrice__c,CAS131679-MOD-ACF-W,,01t6A000000atMnQAI,001PW00000iFUdzYAG,a0FPW00000WmYeV2AV,35.0,41.120000,UPDATE,,
SBQQ__ContractedPrice__c,PEE084585-MOD-ACF-W,,01t6A000000atMnQAI,0016A00000JqrrcQAB,a0FPW00000WmbNT2AZ,28.04,25.490000,UPDATE,,
SBQQ__ContractedPrice__c,CAS131664-MOD-ACF-W,,01t6A000000atMnQAI,0016A00000JqrfSQAR,a0FPW00000WmYOc2AN,112.0,113.000000,UPDATE,,
SBQQ__ContractedPrice__c,CAS131664-MOD-ASC,,01t6A000000atFwQAI,0016A00000JqrfSQAR,a0FPW00000WmYOf2AN,56.0,55.000000,UPDATE,,
SBQQ__ContractedPrice__c,PEE084585-MOD-ASC,,01t6A000000atFwQAI,0016A00000JqrrcQAB,a0FPW00000WmbNW2AZ,10.38,9.440000,UPDATE,,
SBQQ__ContractedPrice__c,CAS131679-MOD-ASC,,01t6A000000atFwQAI,001PW00000iFUdzYAG,a0FPW00000WmYeY2AV,18.0,18.000000,UPDATE,,
SBQQ__ContractedPrice__c,CAS131679-MOD-CPF,,01t6A000000at1jQAA,001PW00000iFUdzYAG,a0FPW00000WmYei2AF,35.0,38.500000,UPDATE,,
SBQQ__ContractedPrice__c,CAS131664-AEC0203-S,,01t6A000000ar5VQAQ,0016A00000JqrfSQAR,a0FPW00000WmYGe2AN,188.0,189.000000,UPDATE,,
SBQQ__ContractedPrice__c,CAS131679-AEC0203-S,,01t6A000000ar5VQAQ,001PW00000iFUdzYAG,a0FPW00000WmYV42AN,61.0,61.000000,UPDATE,,
SBQQ__ContractedPrice__c,CAS131664-AEC0507,,01t6A000000aqyXQAQ,0016A00000JqrfSQAR,a0FPW00000WmYGm2AN,252.0,252.000000,UPDATE,,
SBQQ__ContractedPrice__c,PEE084585-AEC0507,,01t6A000000aqyXQAQ,0016A00000JqrrcQAB,a0FPW00000WmbD02AJ,65.74,59.760000,UPDATE,,
SBQQ__ContractedPrice__c,CAS131679-AEC0507,,01t6A000000aqyXQAQ,001PW00000iFUdzYAG,a0FPW00000WmYVC2A3,88.0,89.720000,UPDATE,,
SBQQ__ContractedPrice__c,PEE084585-AEC1012-S,,01t6A000000as67QAA,0016A00000JqrrcQAB,a0FPW00000WmbDA2AZ,93.29,84.810000,UPDATE,,
SBQQ__ContractedPrice__c,CAS131664-AEC1012-S,,01t6A000000as67QAA,0016A00000JqrfSQAR,a0FPW00000WmYGw2AN,340.0,340.000000,UPDATE,,
SBQQ__ContractedPrice__c,PEE084585-MOD-CPF,,01t6A000000at1jQAA,0016A00000JqrrcQAB,a0FPW00000WmbNg2AJ,28.36,25.780000,UPDATE,,
SBQQ__ContractedPrice__c,CAS131664-MOD-CPF,,01t6A000000at1jQAA,0016A00000JqrfSQAR,a0FPW00000WmYOn2AN,112.0,113.000000,UPDATE,,
SBQQ__ContractedPrice__c,CAS131664-MOD-CPI,,01t6A000000at1lQAA,0016A00000JqrfSQAR,a0FPW00000WmYOp2AN,188.0,189.000000,UPDATE,,
SBQQ__ContractedPrice__c,PEE084585-MOD-CPI,,01t6A000000at1lQAA,0016A00000JqrrcQAB,a0FPW00000WmbNj2AJ,46.09,41.900000,UPDATE,,
SBQQ__ContractedPrice__c,CAS131679-MOD-CPI,,01t6A000000at1lQAA,001PW00000iFUdzYAG,a0FPW00000WmYel2AF,59.0,66.000000,UPDATE,,
SBQQ__ContractedPrice__c,CAS131679-MOD-P100-S,,01t6A000000atbHQAQ,001PW00000iFUdzYAG,a0FPW00000WmYfD2AV,30.0,30.000000,UPDATE,,
SBQQ__ContractedPrice__c,PEE084585-MOD-P100-S,,01t6A000000atbHQAQ,0016A00000JqrrcQAB,a0FPW00000WmbOC2AZ,17.58,15.980000,UPDATE,,
SBQQ__ContractedPrice__c,CAS131664-DCT600,,01t6A000000asNGQAY,0016A00000JqrfSQAR,a0FPW00000WmYHD2A3,394.0,393.000000,UPDATE,,
SBQQ__ContractedPrice__c,PEE084585-DCT600,,01t6A000000asNGQAY,0016A00000JqrrcQAB,a0FPW00000Wm4iD2AR,95.41,86.740000,UPDATE,,
SBQQ__ContractedPrice__c,CAS131679-DCT600,,01t6A000000asNGQAY,001PW00000iFUdzYAG,a0FPW00000WmYVd2AN,123.0,123.000000,UPDATE,,
SBQQ__ContractedPrice__c,CAS131679-DS-VWRS045,,01t6A000000aqmmQAA,001PW00000iFUdzYAG,a0FPW00000WmT132AF,80.0,80.000000,UPDATE,,
SBQQ__ContractedPrice__c,PEE084585-DS-VWRS045,,01t6A000000aqmmQAA,0016A00000JqrrcQAB,a0FPW00000WmbFD2AZ,43.59,39.630000,UPDATE,,
SBQQ__ContractedPrice__c,PEE084585-DS-VWS002,,01t6A000000atUTQAY,0016A00000JqrrcQAB,a0FPW00000WmbFK2AZ,7.78,7.070000,UPDATE,,
SBQQ__ContractedPrice__c,PEE084585-DS-VWS006,,01t6A000000arDWQAY,0016A00000JqrrcQAB,a0FPW00000WmbFN2AZ,11.62,10.560000,UPDATE,,
SBQQ__ContractedPrice__c,CAS131679-MOD-P200-W,,01t6A000000arvbQAA,001PW00000iFUdzYAG,a0FPW00000WmYfK2AV,55.0,55.000000,UPDATE,,
SBQQ__ContractedPrice__c,PEE084585-MOD-P200-W,,01t6A000000arvbQAA,0016A00000JqrrcQAB,a0FPW00000WmbOJ2AZ,26.84,24.400000,UPDATE,,
SBQQ__ContractedPrice__c,PEE084585-MOD-P300-W,,01t6A000000arkMQAQ,0016A00000JqrrcQAB,a0FPW00000WmbOM2AZ,38.5,35.000000,UPDATE,,
SBQQ__ContractedPrice__c,CAS131679-MOD-P300-W,,01t6A000000arkMQAQ,001PW00000iFUdzYAG,a0FPW00000WmYfN2AV,78.0,78.000000,UPDATE,,
SBQQ__ContractedPrice__c,CAS131679-MOD-UNM,,01t6A000000arOYQAY,001PW00000iFUdzYAG,a0FPW00000WmYfa2AF,34.0,34.000000,UPDATE,,
SBQQ__ContractedPrice__c,PEE084585-MOD-UNM,,01t6A000000arOYQAY,0016A00000JqrrcQAB,a0FPW00000WmbOc2AJ,12.46,11.330000,UPDATE,,
SBQQ__ContractedPrice__c,CAS131664-MOD-UNM,,01t6A000000arOYQAY,0016A00000JqrfSQAR,a0FPW00000WmBIA2A3,112.0,113.000000,UPDATE,,
SBQQ__ContractedPrice__c,CAS131664-AEC1012-W,,01t6A000000as68QAA,0016A00000JqrfSQAR,a0FPW00000WmYGx2AN,340.0,340.000000,UPDATE,,
SBQQ__ContractedPrice__c,PEE084585-AEC1012-W,,01t6A000000as68QAA,0016A00000JqrrcQAB,a0FPW00000WmbDB2AZ,93.29,84.810000,UPDATE,,
SBQQ__ContractedPrice__c,PEE084585-CMJ300,,01t6A000000asgvQAA,0016A00000JqrrcQAB,a0FPW00000WmbDd2AJ,11.33,10.300000,UPDATE,,
SBQQ__ContractedPrice__c,CAS131664-CMJ300,,01t6A000000asgvQAA,0016A00000JqrfSQAR,a0FPW00000WmYGz2AN,62.0,62.000000,UPDATE,,
SBQQ__ContractedPrice__c,CAS131679-CMJ300,,01t6A000000asgvQAA,001PW00000iFUdzYAG,a0FPW00000WmYVO2A3,21.0,21.000000,UPDATE,,
SBQQ__ContractedPrice__c,PEE084585-DEV-DCT300,,01t6A000000atJrQAI,0016A00000JqrrcQAB,a0FPW00000Wm4iF2AR,70.86,64.420000,UPDATE,,
SBQQ__ContractedPrice__c,PEE084585-DS-VWRS029,,01t6A000000aqfGQAQ,0016A00000JqrrcQAB,a0FPW00000WmbFA2AZ,60.54,55.040000,UPDATE,,
SBQQ__ContractedPrice__c,PEE084585-DS-VWS006-P,,01t6A000000asfjQAA,0016A00000JqrrcQAB,a0FPW00000WmbFO2AZ,16.87,15.340000,UPDATE,,
SBQQ__ContractedPrice__c,PEE084585-DS-VWS015-P,,01t6A000000atGqQAI,0016A00000JqrrcQAB,a0FPW00000WmbFa2AJ,19.01,17.280000,UPDATE,,
SBQQ__ContractedPrice__c,PEE084585-DS-VWS016-P,,01t6A000000atGrQAI,0016A00000JqrrcQAB,a0FPW00000WmbFc2AJ,15.9,14.450000,UPDATE,,
SBQQ__ContractedPrice__c,PEE084585-DS-VWS028-P,,01t6A000000ar4LQAQ,0016A00000JqrrcQAB,a0FPW00000WmbFx2AJ,26.83,24.390000,UPDATE,,
SBQQ__ContractedPrice__c,PEE084585-DS-VWS030,,01t6A000000aswfQAA,0016A00000JqrrcQAB,a0FPW00000WmbFz2AJ,10.73,9.750000,UPDATE,,
SBQQ__ContractedPrice__c,PEE084585-DS-VWS046,,01t6A000000at8WQAQ,0016A00000JqrrcQAB,a0FPW00000WmbGM2AZ,9.79,8.900000,UPDATE,,
SBQQ__ContractedPrice__c,PEE084585-DS-VWS060,,01t6A000000as49QAA,0016A00000JqrrcQAB,a0FPW00000WmbGZ2AZ,13.48,12.250000,UPDATE,,
SBQQ__ContractedPrice__c,PEE084585-ACC2RU-755,,01t6A000000arCgQAI,0016A00000JqrrcQAB,a0FPW00000Wmb6I2AR,65.1,59.180000,UPDATE,,
SBQQ__ContractedPrice__c,PEE084585-ACC559,,01t6A000000asNMQAY,0016A00000JqrrcQAB,a0FPW00000Wmb6h2AB,45.78,41.620000,UPDATE,,
SBQQ__ContractedPrice__c,CAS131664-ACC559,,01t6A000000asNMQAY,0016A00000JqrfSQAR,a0FPW00000WmYFD2A3,209.0,209.000000,UPDATE,,
SBQQ__ContractedPrice__c,CAS131679-ACC559,,01t6A000000asNMQAY,001PW00000iFUdzYAG,a0FPW00000WmYTN2A3,66.0,66.000000,UPDATE,,
SBQQ__ContractedPrice__c,CAS131679-ACC600,,01t6A000000asNOQAY,001PW00000iFUdzYAG,a0FPW00000WmYTR2A3,37.0,37.000000,UPDATE,,
SBQQ__ContractedPrice__c,PEE084585-ACC600,,01t6A000000asNOQAY,0016A00000JqrrcQAB,a0FPW00000Wmb6l2AB,25.92,23.560000,UPDATE,,
SBQQ__ContractedPrice__c,CAS131664-ACC600,,01t6A000000asNOQAY,0016A00000JqrfSQAR,a0FPW00000WmYFH2A3,112.0,113.000000,UPDATE,,
SBQQ__ContractedPrice__c,PEE084585-DS-VWS061,,01t6A000000atEAQAY,0016A00000JqrrcQAB,a0FPW00000WmbGb2AJ,13.83,12.570000,UPDATE,,
SBQQ__ContractedPrice__c,PEE084585-DS-VWS061-P,,01t6A000000atEBQAY,0016A00000JqrrcQAB,a0FPW00000WmbGc2AJ,16.82,15.290000,UPDATE,,
SBQQ__ContractedPrice__c,PEE084585-DS-VWS070,,01t6A000000atSaQAI,0016A00000JqrrcQAB,a0FPW00000WmbGk2AJ,20.74,18.850000,UPDATE,,
SBQQ__ContractedPrice__c,PEE084585-DS45,,01t6A000000aqkkQAA,0016A00000JqrrcQAB,a0FPW00000Wm4iT2AR,46.06,41.870000,UPDATE,,
SBQQ__ContractedPrice__c,PEE084585-IBMP,,01t2K000006VpINQA0,0016A00000JqrrcQAB,a0FPW00000WmbHN2AZ,4.04,3.670000,UPDATE,,
SBQQ__ContractedPrice__c,CAS131679-IBMP,,01t2K000006VpINQA0,001PW00000iFUdzYAG,a0FPW00000WmYWT2A3,17.0,17.000000,UPDATE,,
SBQQ__ContractedPrice__c,CAS131664-IBMP,,01t2K000006VpINQA0,0016A00000JqrfSQAR,a0FPW00000WmYMb2AN,62.0,62.000000,UPDATE,,
SBQQ__ContractedPrice__c,CAS131664-PB-1,,01t6A000000arESQAY,0016A00000JqrfSQAR,a0FPW00000WmBIP2A3,163.0,163.000000,UPDATE,,
SBQQ__ContractedPrice__c,PEE084585-PB-1,,01t6A000000arESQAY,0016A00000JqrrcQAB,a0FPW00000WmJFv2AN,41.93,38.120000,UPDATE,,
SBQQ__ContractedPrice__c,CAS131679-PB-1,,01t6A000000arESQAY,001PW00000iFUdzYAG,a0FPW00000WmYg12AF,56.0,56.860000,UPDATE,,
SBQQ__ContractedPrice__c,CAS131679-WMJ018,,01t6A000000arazQAA,001PW00000iFUdzYAG,a0FPW00000WmYkT2AV,67.0,67.000000,UPDATE,,
SBQQ__ContractedPrice__c,PEE084585-WMJ018,,01t6A000000arazQAA,0016A00000JqrrcQAB,a0FPW00000WmbVo2AJ,51.24,46.580000,UPDATE,,
SBQQ__ContractedPrice__c,CAS131664-WMJ018,,01t6A000000arazQAA,0016A00000JqrfSQAR,a0FPW00000WmYQd2AN,211.0,212.000000,UPDATE,,
SBQQ__ContractedPrice__c,PEE084585-BILX-ACCLVA1,,01t2K000006XG7GQAW,0016A00000JqrrcQAB,a0FPW00000Wmh4x2AB,1201.77,1201.770000,UPDATE,,
SBQQ__ContractedPrice__c,CAS131664-ACC640-W,,01t6A000000atEkQAI,0016A00000JqrfSQAR,a0FPW00000WmYFO2A3,48.0,48.000000,UPDATE,,
SBQQ__ContractedPrice__c,PEE084585-ACC640-W,,01t6A000000atEkQAI,0016A00000JqrrcQAB,a0FPW00000Wmb6t2AB,8.15,7.410000,UPDATE,,
SBQQ__ContractedPrice__c,CAS131679-ACC640-W,,01t6A000000atEkQAI,001PW00000iFUdzYAG,a0FPW00000WmYTZ2A3,15.0,16.670000,UPDATE,,
SBQQ__ContractedPrice__c,CAS131679-ACC964,,01t6A000000atExQAI,001PW00000iFUdzYAG,a0FPW00000WmYTk2AN,133.0,133.000000,UPDATE,,
SBQQ__ContractedPrice__c,PEE084585-ACC964,,01t6A000000atExQAI,0016A00000JqrrcQAB,a0FPW00000Wmb7C2AR,101.71,92.460000,UPDATE,,
SBQQ__ContractedPrice__c,PEE084585-ACCSH200,,01t6A000000aqpcQAA,0016A00000JqrrcQAB,a0FPW00000WmbC92AJ,17.49,15.900000,UPDATE,,
SBQQ__ContractedPrice__c,CAS131664-ACCSH200,,01t6A000000aqpcQAA,0016A00000JqrfSQAR,a0FPW00000WmYG52AN,54.0,54.000000,UPDATE,,
SBQQ__ContractedPrice__c,PEE084585-ACCXT402,,01t6A000000aswlQAA,0016A00000JqrrcQAB,a0FPW00000WmbCP2AZ,48.27,43.880000,UPDATE,,
SBQQ__ContractedPrice__c,CAS131664-ACCXT402,,01t6A000000aswlQAA,0016A00000JqrfSQAR,a0FPW00000WmYGI2A3,201.0,201.000000,UPDATE,,
SBQQ__ContractedPrice__c,PEE084585-ADD106,,01t6A000000atJ8QAI,0016A00000JqrrcQAB,a0FPW00000WmbCb2AJ,61.69,56.080000,UPDATE,,
SBQQ__ContractedPrice__c,PEE084585-ADD110,,01t6A000000at45QAA,0016A00000JqrrcQAB,a0FPW00000WmbCd2AJ,91.17,82.880000,UPDATE,,
SBQQ__ContractedPrice__c,CAS131664-AEC0305-W,,01t6A000000aqhLQAQ,0016A00000JqrfSQAR,a0FPW00000WmYGi2AN,227.0,227.000000,UPDATE,,
SBQQ__ContractedPrice__c,PEE084585-AEC0305-W,,01t6A000000aqhLQAQ,0016A00000JqrrcQAB,a0FPW00000WmbCw2AJ,41.1,37.360000,UPDATE,,
SBQQ__ContractedPrice__c,CAS131679-AEC0305-W,,01t6A000000aqhLQAQ,001PW00000iFUdzYAG,a0FPW00000WmYV82AN,76.0,76.000000,UPDATE,,
SBQQ__ContractedPrice__c,PEE084585-DS-VWS014-P,,01t6A000000atGpQAI,0016A00000JqrrcQAB,a0FPW00000WmbFY2AZ,25.61,23.280000,UPDATE,,
SBQQ__ContractedPrice__c,PEE084585-DS-VWS044,,01t6A000000atGyQAI,0016A00000JqrrcQAB,a0FPW00000WmbGI2AZ,16.72,15.200000,UPDATE,,
SBQQ__ContractedPrice__c,PEE084585-DS-VWS045,,01t6A000000arI7QAI,0016A00000JqrrcQAB,a0FPW00000WmbGK2AZ,11.29,10.260000,UPDATE,,
SBQQ__ContractedPrice__c,PEE084585-DS-VWS049-P,,01t6A000000atZqQAI,0016A00000JqrrcQAB,a0FPW00000WmbGP2AZ,20.32,18.470000,UPDATE,,
SBQQ__ContractedPrice__c,PEE084585-DS-VWS050,,01t6A000000arp4QAA,0016A00000JqrrcQAB,a0FPW00000WmbGQ2AZ,11.31,10.280000,UPDATE,,
SBQQ__ContractedPrice__c,PEE084585-DS-VWS053-P,,01t6A000000at7VQAQ,0016A00000JqrrcQAB,a0FPW00000WmbGV2AZ,17.88,16.250000,UPDATE,,
SBQQ__ContractedPrice__c,PEE084585-DS-VWS062,,01t6A000000as4AQAQ,0016A00000JqrrcQAB,a0FPW00000WmbGd2AJ,16.69,15.170000,UPDATE,,
SBQQ__ContractedPrice__c,CAS131679-DS-VWRS029,,01t6A000000aqfGQAQ,001PW00000iFUdzYAG,a0FPW00000WmT102AF,89.0,89.000000,UPDATE,,
SBQQ__ContractedPrice__c,CAS131679-DS-VWRS090,,01t6A000000arZDQAY,001PW00000iFUdzYAG,a0FPW00000WmT172AF,100.0,100.000000,UPDATE,,
SBQQ__ContractedPrice__c,PEE084585-DS-VWRS090,,01t6A000000arZDQAY,0016A00000JqrrcQAB,a0FPW00000WmbFH2AZ,70.04,63.670000,UPDATE,,
SBQQ__ContractedPrice__c,PEE084585-DS-VWRS091,,01t6A000002iG1rQAE,0016A00000JqrrcQAB,a0FPW00000WmbFI2AZ,81.77,74.340000,UPDATE,,
SBQQ__ContractedPrice__c,CAS131679-DS-VWRS091,,01t6A000002iG1rQAE,001PW00000iFUdzYAG,a0FPW00000WmT182AF,100.0,91.490000,UPDATE,,
SBQQ__ContractedPrice__c,PEE084585-DS-VWS007-P,,01t6A000000atCfQAI,0016A00000JqrrcQAB,a0FPW00000WmbFQ2AZ,19.9,18.090000,UPDATE,,
SBQQ__ContractedPrice__c,PEE084585-DS-VWS009,,01t6A000000arDYQAY,0016A00000JqrrcQAB,a0FPW00000WmbFR2AZ,5.72,5.200000,UPDATE,,
SBQQ__ContractedPrice__c,PEE084585-MIS213,,01t6A000000aqs6QAA,0016A00000JqrrcQAB,a0FPW00000WmbL22AJ,32.91,29.920000,UPDATE,,
SBQQ__ContractedPrice__c,PEE084585-MIS37581,,01t6A000002ZqhsQAC,0016A00000JqrrcQAB,a0FPW00000WmbMJ2AZ,8.56,7.780000,UPDATE,,
SBQQ__ContractedPrice__c,PEE084585-MIS953,,01t6A000000asQVQAY,0016A00000JqrrcQAB,a0FPW00000WmbN62AJ,28.71,26.100000,UPDATE,,
SBQQ__ContractedPrice__c,PEE084585-MIS963,,01t6A000000asyGQAQ,0016A00000JqrrcQAB,a0FPW00000WmbNA2AZ,45.47,41.340000,UPDATE,,
SBQQ__ContractedPrice__c,PEE084585-MOD-ACF,,01t6A000000asyZQAQ,0016A00000JqrrcQAB,a0FPW00000WmbNR2AZ,28.58,25.980000,UPDATE,,
SBQQ__ContractedPrice__c,CAS131664-MOD-ACF,,01t6A000000asyZQAQ,0016A00000JqrfSQAR,a0FPW00000WmYOb2AN,112.0,113.000000,UPDATE,,
SBQQ__ContractedPrice__c,CAS131679-MOD-ACF,,01t6A000000asyZQAQ,001PW00000iFUdzYAG,a0FPW00000WmYeT2AV,35.0,41.820000,UPDATE,,
SBQQ__ContractedPrice__c,PEE084585-ACCD-IRREP,,01t2K000006XS4EQAW,0016A00000JqrrcQAB,a0FPW00000WmbB22AJ,6.25,5.680000,UPDATE,,
SBQQ__ContractedPrice__c,PEE084585-CL-42PLC68-OB-B,,01t6A000000aqg2QAA,0016A00000JqrrcQAB,a0FPW00000WmbDT2AZ,347.05,315.500000,UPDATE,,
SBQQ__ContractedPrice__c,PEE084585-CL-49PLC68-OB-R,,01t6A000000aqfxQAA,0016A00000JqrrcQAB,a0FPW00000WmhBc2AJ,2810.59,2810.590000,UPDATE,,
SBQQ__ContractedPrice__c,PEE084585-CL-55PLC68-OB-B,,01t6A000000arjxQAA,0016A00000JqrrcQAB,a0FPW00000WmbDX2AZ,578.41,525.830000,UPDATE,,
SBQQ__ContractedPrice__c,PEE084585-CO-XHB49,,01t2K000006X9nrQAC,0016A00000JqrrcQAB,a0FPW00000Wmb4T2AR,0.01,0.010000,UPDATE,,
SBQQ__ContractedPrice__c,PEE084585-UV492-R,,01t6A000002hinSQAQ,0016A00000JqrrcQAB,a0FPW00000WmhO72AJ,1103.52,1103.520000,UPDATE,,
SBQQ__ContractedPrice__c,CAS131679-MOD-ADF,,01t6A000000at68QAA,001PW00000iFUdzYAG,a0FPW00000WmYeW2AV,25.0,25.000000,UPDATE,,
SBQQ__ContractedPrice__c,CAS131664-MOD-ADF,,01t6A000000at68QAA,0016A00000JqrfSQAR,a0FPW00000WmYOd2AN,75.0,75.000000,UPDATE,,
SBQQ__ContractedPrice__c,PEE084585-MOD-ADF,,01t6A000000at68QAA,0016A00000JqrrcQAB,a0FPW00000WmbNU2AZ,15.9,14.450000,UPDATE,,
SBQQ__ContractedPrice__c,CAS131679-MOD-P100-W,,01t6A000000arvZQAQ,001PW00000iFUdzYAG,a0FPW00000WmYfE2AV,30.0,30.000000,UPDATE,,
SBQQ__ContractedPrice__c,PEE084585-MOD-P100-W,,01t6A000000arvZQAQ,0016A00000JqrrcQAB,a0FPW00000WmbOD2AZ,17.58,15.980000,UPDATE,,
SBQQ__ContractedPrice__c,PEE084585-MOD-P200-B,,01t6A000000arp2QAA,0016A00000JqrrcQAB,a0FPW00000WmbOI2AZ,26.4,24.000000,UPDATE,,
SBQQ__ContractedPrice__c,CAS131679-MOD-P200-B,,01t6A000000arp2QAA,001PW00000iFUdzYAG,a0FPW00000WmYfJ2AV,35.0,35.000000,UPDATE,,
SBQQ__ContractedPrice__c,CAS131664-MOD-P200-B,,01t6A000000arp2QAA,0016A00000JqrfSQAR,a0FPW00000WmYPC2A3,112.0,113.000000,UPDATE,,
SBQQ__ContractedPrice__c,CAS131679-AEC0406-S,,01t6A000000aqhNQAQ,001PW00000iFUdzYAG,a0FPW00000WmYVA2A3,81.0,81.000000,UPDATE,,
SBQQ__ContractedPrice__c,PEE084585-AEC0406-S,,01t6A000000aqhNQAQ,0016A00000JqrrcQAB,a0FPW00000WmbCy2AJ,56.78,51.620000,UPDATE,,
SBQQ__ContractedPrice__c,CAS131664-AEC0406-S,,01t6A000000aqhNQAQ,0016A00000JqrfSQAR,a0FPW00000WmYGk2AN,239.0,239.000000,UPDATE,,
SBQQ__ContractedPrice__c,CAS131664-AEC0406-W,,01t6A000000aqhOQAQ,0016A00000JqrfSQAR,a0FPW00000WmYGl2AN,239.0,239.000000,UPDATE,,
SBQQ__ContractedPrice__c,PEE084585-AEC0406-W,,01t6A000000aqhOQAQ,0016A00000JqrrcQAB,a0FPW00000WmbCz2AJ,56.78,51.620000,UPDATE,,
SBQQ__ContractedPrice__c,CAS131679-AEC0406-W,,01t6A000000aqhOQAQ,001PW00000iFUdzYAG,a0FPW00000WmYVB2A3,81.0,81.000000,UPDATE,,
SBQQ__ContractedPrice__c,CAS131679-AEC1012,,01t6A000000as66QAA,001PW00000iFUdzYAG,a0FPW00000WmYVL2A3,113.0,114.810000,UPDATE,,
SBQQ__ContractedPrice__c,PEE084585-DS-VWS066,,01t6A000000atLrQAI,0016A00000JqrrcQAB,a0FPW00000WmbGh2AJ,17.48,15.890000,UPDATE,,
SBQQ__ContractedPrice__c,PEE084585-DS-VWS076,,01t6A000000atPFQAY,0016A00000JqrrcQAB,a0FPW00000WmbGm2AJ,13.94,12.670000,UPDATE,,
SBQQ__ContractedPrice__c,PEE084585-DSX200,,01t6A000000arGHQAY,0016A00000JqrrcQAB,a0FPW00000WmbGy2AJ,67.89,61.720000,UPDATE,,
SBQQ__ContractedPrice__c,CAS131679-ESHV20-S1,,01t6A000000arxlQAA,001PW00000iFUdzYAG,a0FPW00000WmT1R2AV,29.0,29.000000,UPDATE,,
SBQQ__ContractedPrice__c,PEE084585-ESHV20-S1,,01t6A000000arxlQAA,0016A00000JqrrcQAB,a0FPW00000Wm9Td2AJ,11.91,10.830000,UPDATE,,
SBQQ__ContractedPrice__c,PEE084585-ESHV30-S1,,01t6A000000asIvQAI,0016A00000JqrrcQAB,a0FPW00000Wm9Tf2AJ,21.33,19.390000,UPDATE,,
SBQQ__ContractedPrice__c,CAS131679-ESHV30-S1,,01t6A000000asIvQAI,001PW00000iFUdzYAG,a0FPW00000WmT1T2AV,46.0,46.000000,UPDATE,,
SBQQ__ContractedPrice__c,PEE084585-AEC1012,,01t6A000000as66QAA,0016A00000JqrrcQAB,a0FPW00000WmbD92AJ,85.93,78.120000,UPDATE,,
SBQQ__ContractedPrice__c,CAS131664-AEC1012,,01t6A000000as66QAA,0016A00000JqrfSQAR,a0FPW00000WmYGv2AN,340.0,340.000000,UPDATE,,
SBQQ__ContractedPrice__c,PEE084585-C3851-31,,01t6A000000arB0QAI,0016A00000JqrrcQAB,a0FPW00000WmbDR2AZ,70.84,64.400000,UPDATE,,
SBQQ__ContractedPrice__c,CAS131664-CMJ455,,01t6A000000asnpQAA,0016A00000JqrfSQAR,a0FPW00000WmYH32AN,238.0,238.000000,UPDATE,,
SBQQ__ContractedPrice__c,PEE084585-CMJ455,,01t6A000000asnpQAA,0016A00000JqrrcQAB,a0FPW00000WmbDh2AJ,55.18,50.160000,UPDATE,,
SBQQ__ContractedPrice__c,CAS131679-CMJ455,,01t6A000000asnpQAA,001PW00000iFUdzYAG,a0FPW00000WmYVS2A3,75.0,75.000000,UPDATE,,
SBQQ__ContractedPrice__c,PEE084585-CMJ500R1,,01t6A000000aryMQAQ,0016A00000JqrrcQAB,a0FPW00000WmbDm2AJ,50.23,45.660000,UPDATE,,
SBQQ__ContractedPrice__c,PEE084585-DS-VWS011-P,,01t6A000000atGmQAI,0016A00000JqrrcQAB,a0FPW00000WmbFT2AZ,16.75,15.230000,UPDATE,,
SBQQ__ContractedPrice__c,PEE084585-DS-VWS013,,01t6A000000arDbQAI,0016A00000JqrrcQAB,a0FPW00000WmbFW2AZ,6.5,5.910000,UPDATE,,
SBQQ__ContractedPrice__c,CAS131679-DS-VWS013,,01t6A000000arDbQAI,001PW00000iFUdzYAG,a0FPW00000WmT1A2AV,22.0,22.000000,UPDATE,,
SBQQ__ContractedPrice__c,PEE084585-DS-VWS015,,01t6A000000arI8QAI,0016A00000JqrrcQAB,a0FPW00000WmbFZ2AZ,14.85,13.500000,UPDATE,,
SBQQ__ContractedPrice__c,PEE084585-DS-VWS021-P,,01t6A000000atNFQAY,0016A00000JqrrcQAB,a0FPW00000WmbFl2AJ,17.19,15.630000,UPDATE,,
SBQQ__ContractedPrice__c,PEE084585-DS-VWS028,,01t6A000000arWhQAI,0016A00000JqrrcQAB,a0FPW00000WmbFw2AJ,16.59,15.080000,UPDATE,,
SBQQ__ContractedPrice__c,PEE084585-DS-VWS029,,01t6A000000atGNQAY,0016A00000JqrrcQAB,a0FPW00000WmbFy2AJ,13.21,12.010000,UPDATE,,
SBQQ__ContractedPrice__c,PEE084585-PS200,,01t6A000000arR5QAI,0016A00000JqrrcQAB,a0FPW00000WmbPq2AJ,49.69,45.170000,UPDATE,,
SBQQ__ContractedPrice__c,CAS131664-PS200,,01t6A000000arR5QAI,0016A00000JqrfSQAR,a0FPW00000WmBJM2A3,188.0,189.000000,UPDATE,,
SBQQ__ContractedPrice__c,CAS131679-PS200,,01t6A000000arR5QAI,001PW00000iFUdzYAG,a0FPW00000WmYgo2AF,59.0,59.000000,UPDATE,,
SBQQ__ContractedPrice__c,CAS131679-PSP2,,01t6A000000assFQAQ,001PW00000iFUdzYAG,a0FPW00000WmYgp2AF,13.0,13.000000,UPDATE,,
SBQQ__ContractedPrice__c,CAS131664-PSP2,,01t6A000000assFQAQ,0016A00000JqrfSQAR,a0FPW00000WmBJN2A3,62.0,62.000000,UPDATE,,
SBQQ__ContractedPrice__c,PEE084585-PSP2,,01t6A000000assFQAQ,0016A00000JqrrcQAB,a0FPW00000WmbPr2AJ,11.28,10.250000,UPDATE,,
SBQQ__ContractedPrice__c,PEE084585-100013421,,01t6A000000arMnQAI,0016A00000JqrrcQAB,,,41.370000,INSERT,,
SBQQ__ContractedPrice__c,CAS131664-MOD-P300,,01t6A000000ar2pQAA,0016A00000JqrfSQAR,a0FPW00000WmYPD2A3,277.0,277.000000,UPDATE,,
SBQQ__ContractedPrice__c,CAS131679-MOD-P300,,01t6A000000ar2pQAA,001PW00000iFUdzYAG,a0FPW00000WmYfL2AV,90.0,90.000000,UPDATE,,
SBQQ__ContractedPrice__c,PEE084585-MOD-P300,,01t6A000000ar2pQAA,0016A00000JqrrcQAB,a0FPW00000WmbOK2AZ,68.45,62.230000,UPDATE,,
SBQQ__ContractedPrice__c,PEE084585-MOD-P300-B,,01t6A000000arp3QAA,0016A00000JqrrcQAB,a0FPW00000WmbOL2AZ,38.5,35.000000,UPDATE,,
SBQQ__ContractedPrice__c,CAS131679-MOD-P300-B,,01t6A000000arp3QAA,001PW00000iFUdzYAG,a0FPW00000WmYfM2AV,53.0,53.000000,UPDATE,,
SBQQ__ContractedPrice__c,CAS131664-MOD-P300-B,,01t6A000000arp3QAA,0016A00000JqrfSQAR,a0FPW00000WmYPE2A3,239.0,239.000000,UPDATE,,
SBQQ__ContractedPrice__c,PEE084585-MOD-PJR125-KIT,,01t6A000002iLNKQA2,0016A00000JqrrcQAB,a0FPW00000WmbOR2AZ,7.19,6.540000,UPDATE,,
SBQQ__ContractedPrice__c,PEE084585-EXT106,,01t6A000000arB5QAI,0016A00000JqrrcQAB,a0FPW00000Wm9Tr2AJ,41.03,37.300000,UPDATE,,
SBQQ__ContractedPrice__c,PEE084585-EXT107,,01t6A000000arB6QAI,0016A00000JqrrcQAB,a0FPW00000Wm9Ts2AJ,55.36,50.330000,UPDATE,,
SBQQ__ContractedPrice__c,PEE084585-MIS947-49UH5B,,01t6A000000atPsQAI,0016A00000JqrrcQAB,a0FPW00000WmbN52AJ,48.53,44.120000,UPDATE,,
SBQQ__ContractedPrice__c,PEE084585-MIS995,,01t6A000000arAJQAY,0016A00000JqrrcQAB,a0FPW00000WmbNF2AZ,41.57,37.790000,UPDATE,,
SBQQ__ContractedPrice__c,CAS131679-MIS995,,01t6A000000arAJQAY,001PW00000iFUdzYAG,a0FPW00000WmYeP2AV,62.0,62.000000,UPDATE,,
SBQQ__ContractedPrice__c,CAS131679-MOD-APC,,01t6A000000arIwQAI,001PW00000iFUdzYAG,a0FPW00000WmYeX2AV,13.0,14.620000,UPDATE,,
SBQQ__ContractedPrice__c,PEE084585-MOD-APC,,01t6A000000arIwQAI,0016A00000JqrrcQAB,a0FPW00000WmbNV2AZ,10.42,9.470000,UPDATE,,
SBQQ__ContractedPrice__c,PEE084585-PVP1200-CPL6,,01t2K000006W062QAC,0016A00000JqrrcQAB,a0FPW00000WmbQ32AJ,16.61,15.100000,UPDATE,,
SBQQ__ContractedPrice__c,CAS131679-PVP1200-CPL6,,01t2K000006W062QAC,001PW00000iFUdzYAG,a0FPW00000WmYh12AF,26.0,26.000000,UPDATE,,
SBQQ__ContractedPrice__c,PEE084585-RHMSU,,01t6A000000atO8QAI,0016A00000JqrrcQAB,a0FPW00000WmbQ82AJ,59.48,54.070000,UPDATE,,
SBQQ__ContractedPrice__c,PEE084585-SCP200,,01t6A000000ar5vQAA,0016A00000JqrrcQAB,a0FPW00000WmbQM2AZ,43.79,39.810000,UPDATE,,
SBQQ__ContractedPrice__c,PEE084585-WSP716-W,,01t6A000000atEbQAI,0016A00000JqrrcQAB,a0FPW00000WmbW02AJ,67.55,61.410000,UPDATE,,
SBQQ__ContractedPrice__c,PEE084585-BILX-ACCLVC,,01t2K000006XG7LQAW,0016A00000JqrrcQAB,a0FPW00000WmbDM2AZ,964.5,876.820000,UPDATE,,
SBQQ__ContractedPrice__c,PEE084585-BILXA-011,,01t2K000006S3OwQAK,0016A00000JqrrcQAB,a0FPW00000Wmh4w2AB,5799.74,5799.740000,UPDATE,,
SBQQ__ContractedPrice__c,CAS131664-CMJ500R1,,01t6A000000aryMQAQ,0016A00000JqrfSQAR,a0FPW00000WmYH72AN,211.0,212.000000,UPDATE,,
SBQQ__ContractedPrice__c,CAS131679-CMJ500R1,,01t6A000000aryMQAQ,001PW00000iFUdzYAG,a0FPW00000WmYVX2A3,67.0,67.000000,UPDATE,,
SBQQ__ContractedPrice__c,CAS131679-DCS400,,01t6A000000asNCQAY,001PW00000iFUdzYAG,a0FPW00000WmYVZ2A3,67.0,67.000000,UPDATE,,
SBQQ__ContractedPrice__c,CAS131664-DCS400,,01t6A000000asNCQAY,0016A00000JqrfSQAR,a0FPW00000WmYH92AN,213.0,214.000000,UPDATE,,
SBQQ__ContractedPrice__c,PEE084585-DCS400,,01t6A000000asNCQAY,0016A00000JqrrcQAB,a0FPW00000Wm4i92AB,51.87,47.150000,UPDATE,,
SBQQ__ContractedPrice__c,PEE084585-DCT500,,01t6A000000asNFQAY,0016A00000JqrrcQAB,a0FPW00000Wm4iC2AR,74.69,67.900000,UPDATE,,
SBQQ__ContractedPrice__c,CAS131664-DCT500,,01t6A000000asNFQAY,0016A00000JqrfSQAR,a0FPW00000WmYHC2A3,307.0,307.000000,UPDATE,,
SBQQ__ContractedPrice__c,CAS131679-DCT500,,01t6A000000asNFQAY,001PW00000iFUdzYAG,a0FPW00000WmYVc2AN,97.0,97.000000,UPDATE,,
SBQQ__ContractedPrice__c,CAS131679-DS-VWRS039,,01t6A000000aqfHQAQ,001PW00000iFUdzYAG,a0FPW00000WmT112AF,88.0,88.000000,UPDATE,,
SBQQ__ContractedPrice__c,PEE084585-DS-VWRS039,,01t6A000000aqfHQAQ,0016A00000JqrrcQAB,a0FPW00000WmbFB2AZ,59.46,54.050000,UPDATE,,
SBQQ__ContractedPrice__c,PEE084585-DS-VWRS086,,01t6A000000aqfJQAQ,0016A00000JqrrcQAB,a0FPW00000WmbFG2AZ,59.42,54.020000,UPDATE,,
SBQQ__ContractedPrice__c,CAS131679-DS-VWRS086,,01t6A000000aqfJQAQ,001PW00000iFUdzYAG,a0FPW00000WmT162AF,88.0,88.000000,UPDATE,,
SBQQ__ContractedPrice__c,PEE084585-DS-VWS004,,01t6A000000arDVQAY,0016A00000JqrrcQAB,a0FPW00000WmbFL2AZ,9.19,8.350000,UPDATE,,
SBQQ__ContractedPrice__c,PEE084585-DS-VWS012,,01t6A000000arDaQAI,0016A00000JqrrcQAB,a0FPW00000WmbFU2AZ,9.61,8.740000,UPDATE,,
SBQQ__ContractedPrice__c,PEE084585-DS-VWS031,,01t6A000000arw8QAA,0016A00000JqrrcQAB,a0FPW00000WmbG12AJ,16.3,14.820000,UPDATE,,
SBQQ__ContractedPrice__c,PEE084585-DS-VWS037,,01t6A000000arFAQAY,0016A00000JqrrcQAB,a0FPW00000WmbG52AJ,17.61,16.010000,UPDATE,,
SBQQ__ContractedPrice__c,PEE084585-DS-VWS039-P,,01t6A000000atFNQAY,0016A00000JqrrcQAB,a0FPW00000WmbGA2AZ,20.5,18.640000,UPDATE,,
SBQQ__ContractedPrice__c,PEE084585-DS-VWS040-P,,01t6A000000atFOQAY,0016A00000JqrrcQAB,a0FPW00000WmbGC2AZ,17.68,16.070000,UPDATE,,
SBQQ__ContractedPrice__c,CAS131679-DS-VWS040-P,,01t6A000000atFOQAY,001PW00000iFUdzYAG,a0FPW00000WmT1C2AV,26.0,26.000000,UPDATE,,
SBQQ__ContractedPrice__c,PEE084585-DS-VWS043-P,,01t6A000000asfrQAA,0016A00000JqrrcQAB,a0FPW00000WmbGH2AZ,17.18,15.620000,UPDATE,,
SBQQ__ContractedPrice__c,PEE084585-DS-VWS046-P,,01t6A000000asmxQAA,0016A00000JqrrcQAB,a0FPW00000WmbGN2AZ,16.16,14.690000,UPDATE,,
SBQQ__ContractedPrice__c,CAS131664-MOD-APC,,01t6A000000arIwQAI,0016A00000JqrfSQAR,a0FPW00000WmYOe2AN,50.0,49.000000,UPDATE,,
SBQQ__ContractedPrice__c,CAS131664-MOD-ATA,,01t6A000000atZBQAY,0016A00000JqrfSQAR,a0FPW00000WmYOh2AN,62.0,62.000000,UPDATE,,
SBQQ__ContractedPrice__c,PEE084585-MOD-ATA,,01t6A000000atZBQAY,0016A00000JqrrcQAB,a0FPW00000WmbNZ2AZ,15.61,14.190000,UPDATE,,
SBQQ__ContractedPrice__c,CAS131679-MOD-ATA,,01t6A000000atZBQAY,001PW00000iFUdzYAG,a0FPW00000WmYeb2AF,19.0,21.380000,UPDATE,,
SBQQ__ContractedPrice__c,CAS131679-MOD-P150,,01t6A000000ar7CQAQ,001PW00000iFUdzYAG,a0FPW00000WmYfF2AV,48.0,48.000000,UPDATE,,
SBQQ__ContractedPrice__c,PEE084585-MOD-P150,,01t6A000000ar7CQAQ,0016A00000JqrrcQAB,a0FPW00000WmbOE2AZ,37.22,33.840000,UPDATE,,
SBQQ__ContractedPrice__c,CAS131664-MOD-P150,,01t6A000000ar7CQAQ,0016A00000JqrfSQAR,a0FPW00000WmYP92AN,151.0,151.000000,UPDATE,,
SBQQ__ContractedPrice__c,CAS131664-MOD-P200,,01t6A000000armUQAQ,0016A00000JqrfSQAR,a0FPW00000WmYPB2A3,201.0,201.000000,UPDATE,,
SBQQ__ContractedPrice__c,PEE084585-CLP-47PLC68-OB-B,,01t6A000000aqg6QAA,0016A00000JqrrcQAB,a0FPW00000WmbDZ2AZ,462.73,420.660000,UPDATE,,
SBQQ__ContractedPrice__c,PEE084585-CLP-49PLC68-OB-B,,01t6A000000aqg7QAA,0016A00000JqrrcQAB,a0FPW00000WmhBd2AJ,1192.78,1192.780000,UPDATE,,
SBQQ__ContractedPrice__c,PEE084585-CLP-55PLC68-OB-B,,01t6A000000arr9QAA,0016A00000JqrrcQAB,a0FPW00000WmhBf2AJ,1503.11,1503.110000,UPDATE,,
SBQQ__ContractedPrice__c,PEE084585-XHB551-B,,01t2K00000Cg4r3QAB,0016A00000JqrrcQAB,a0FPW00000WmhOU2AZ,1681.6,1681.600000,UPDATE,,
SBQQ__ContractedPrice__c,PEE084585-29WK06,,01t6A000000arwuQAA,0016A00000JqrrcQAB,a0FPW00000Wmb4j2AB,132.34,120.310000,UPDATE,,
SBQQ__ContractedPrice__c,PEE084585-2ZA86,,01t6A000000ar1IQAQ,0016A00000JqrrcQAB,a0FPW00000Wmb4o2AB,11.04,10.040000,UPDATE,,
SBQQ__ContractedPrice__c,PEE084585-100013865,,01t6A000000ar0rQAA,0016A00000JqrrcQAB,,,1050.510000,INSERT,,
SBQQ__ContractedPrice__c,PEE084585-38X972,,01t6A000000atVqQAI,0016A00000JqrrcQAB,a0FPW00000Wmb532AB,47.48,43.160000,UPDATE,,
SBQQ__ContractedPrice__c,PEE084585-38X994,,01t6A000000asYkQAI,0016A00000JqrrcQAB,a0FPW00000Wmb5A2AR,63.49,57.720000,UPDATE,,
SBQQ__ContractedPrice__c,PEE084585-38Y009,,01t6A000000ar9PQAQ,0016A00000JqrrcQAB,a0FPW00000Wmb5C2AR,32.58,29.620000,UPDATE,,
SBQQ__ContractedPrice__c,PEE084585-38Y012,,01t6A000000arHAQAY,0016A00000JqrrcQAB,a0FPW00000Wmb5E2AR,49.85,45.320000,UPDATE,,
SBQQ__ContractedPrice__c,PEE084585-3XVZ3,,01t6A000000atIbQAI,0016A00000JqrrcQAB,a0FPW00000Wmb5J2AR,17.61,16.010000,UPDATE,,
SBQQ__ContractedPrice__c,PEE084585-3XVZ4,,01t6A000000atIcQAI,0016A00000JqrrcQAB,a0FPW00000Wmb5K2AR,20.02,18.200000,UPDATE,,
SBQQ__ContractedPrice__c,PEE084585-MOD-P200,,01t6A000000armUQAQ,0016A00000JqrrcQAB,a0FPW00000WmbOH2AZ,48.44,44.040000,UPDATE,,
SBQQ__ContractedPrice__c,CAS131679-MOD-P200,,01t6A000000armUQAQ,001PW00000iFUdzYAG,a0FPW00000WmYfI2AV,64.0,64.000000,UPDATE,,
SBQQ__ContractedPrice__c,PEE084585-MOD-PMA,,01t6A000000arxWQAQ,0016A00000JqrrcQAB,a0FPW00000WmbOS2AZ,10.86,9.870000,UPDATE,,
SBQQ__ContractedPrice__c,PEE084585-MOD-PMA-W,,01t6A000000atVuQAI,0016A00000JqrrcQAB,a0FPW00000WmbOT2AZ,8.61,7.830000,UPDATE,,
SBQQ__ContractedPrice__c,CAS131679-PLP-V8X4,,01t6A000000ar39QAA,001PW00000iFUdzYAG,a0FPW00000WmYgg2AF,91.0,91.000000,UPDATE,,
SBQQ__ContractedPrice__c,PEE084585-PLP-V8X4,,01t6A000000ar39QAA,0016A00000JqrrcQAB,a0FPW00000WmJH52AN,61.08,55.530000,UPDATE,,
SBQQ__ContractedPrice__c,CAS131664-PLP-V8X4,,01t6A000000ar39QAA,0016A00000JqrfSQAR,a0FPW00000WmBJF2A3,277.0,277.000000,UPDATE,,
SBQQ__ContractedPrice__c,PEE084585-DS-VWS017,,01t6A000000as61QAA,0016A00000JqrrcQAB,a0FPW00000WmbFd2AJ,7.0,6.360000,UPDATE,,
SBQQ__ContractedPrice__c,PEE084585-DS-VWS025-P,,01t6A000000asmkQAA,0016A00000JqrrcQAB,a0FPW00000WmbFt2AJ,24.74,22.490000,UPDATE,,
SBQQ__ContractedPrice__c,PEE084585-DS-VWS030-P,,01t6A000000atFJQAY,0016A00000JqrrcQAB,a0FPW00000WmbG02AJ,15.76,14.330000,UPDATE,,
SBQQ__ContractedPrice__c,PEE084585-DS-VWS031-P,,01t6A000000atFKQAY,0016A00000JqrrcQAB,a0FPW00000WmbG22AJ,26.66,24.240000,UPDATE,,
SBQQ__ContractedPrice__c,PEE084585-DS-VWS039,,01t6A000000ar5sQAA,0016A00000JqrrcQAB,a0FPW00000WmbG92AJ,16.75,15.230000,UPDATE,,
SBQQ__ContractedPrice__c,PEE084585-DS-VWS040,,01t6A000000asfiQAA,0016A00000JqrrcQAB,a0FPW00000WmbGB2AZ,11.56,10.510000,UPDATE,,
SBQQ__ContractedPrice__c,CAS131679-DS-VWS040,,01t6A000000asfiQAA,001PW00000iFUdzYAG,a0FPW00000WmT1B2AV,22.0,22.000000,UPDATE,,
SBQQ__ContractedPrice__c,PEE084585-DS-VWS052,,01t6A000000ar1FQAQ,0016A00000JqrrcQAB,a0FPW00000WmbGS2AZ,8.81,8.010000,UPDATE,,
SBQQ__ContractedPrice__c,PEE084585-DS-VWS057,,01t6A000000at8VQAQ,0016A00000JqrrcQAB,a0FPW00000WmbGY2AZ,8.14,7.400000,UPDATE,,
SBQQ__ContractedPrice__c,PEE084585-DS-VWS060-P,,01t6A000000asOZQAY,0016A00000JqrrcQAB,a0FPW00000WmbGa2AJ,16.8,15.270000,UPDATE,,
SBQQ__ContractedPrice__c,PEE084585-DS-VWS063,,01t6A000000atGYQAY,0016A00000JqrrcQAB,a0FPW00000WmbGf2AJ,15.86,14.420000,UPDATE,,
SBQQ__ContractedPrice__c,PEE084585-DS-VWS074,,01t6A000000atc0QAA,0016A00000JqrrcQAB,a0FPW00000WmbGl2AJ,19.79,17.990000,UPDATE,,
SBQQ__ContractedPrice__c,PEE084585-DS-VWS079,,01t6A000000arF6QAI,0016A00000JqrrcQAB,a0FPW00000WmbGn2AJ,33.02,30.020000,UPDATE,,
SBQQ__ContractedPrice__c,CAS131679-DS-VWS079,,01t6A000000arF6QAI,001PW00000iFUdzYAG,,,36.940000,INSERT,,
SBQQ__ContractedPrice__c,CAS131664-PLP-V9X6,,01t6A000002iNHjQAM,0016A00000JqrfSQAR,a0FPW00000WmBJG2A3,441.0,442.000000,UPDATE,,
SBQQ__ContractedPrice__c,PEE084585-PLP-V9X6,,01t6A000002iNHjQAM,0016A00000JqrrcQAB,a0FPW00000WmJH62AN,73.44,66.760000,UPDATE,,
SBQQ__ContractedPrice__c,CAS131679-PLP-V9X6,,01t6A000002iNHjQAM,001PW00000iFUdzYAG,a0FPW00000WmYgh2AF,143.0,143.000000,UPDATE,,
SBQQ__ContractedPrice__c,PEE084585-RPACC640,,01t6A000000arCCQAY,0016A00000JqrrcQAB,a0FPW00000WmbQC2AZ,3.67,3.340000,UPDATE,,
SBQQ__ContractedPrice__c,CAS131679-WSP700,,01t6A000000aseZQAQ,001PW00000iFUdzYAG,a0FPW00000WmYkU2AV,36.0,37.600000,UPDATE,,
SBQQ__ContractedPrice__c,PEE084585-WSP700,,01t6A000000aseZQAQ,0016A00000JqrrcQAB,a0FPW00000WmbVv2AJ,28.23,25.660000,UPDATE,,
SBQQ__ContractedPrice__c,CAS131664-WSP700,,01t6A000000aseZQAQ,0016A00000JqrfSQAR,a0FPW00000WmYQf2AN,112.0,113.000000,UPDATE,,
SBQQ__ContractedPrice__c,PEE084585-31NJ11,,01t6A000000asoyQAA,0016A00000JqrrcQAB,a0FPW00000Wmb4q2AB,27.2,24.730000,UPDATE,,
SBQQ__ContractedPrice__c,PEE084585-38X976,,01t6A000000asYeQAI,0016A00000JqrrcQAB,a0FPW00000Wmb562AB,150.48,136.800000,UPDATE,,
SBQQ__ContractedPrice__c,PEE084585-3XVZ7,,01t6A000000atIfQAI,0016A00000JqrrcQAB,a0FPW00000Wmb5N2AR,50.0,45.450000,UPDATE,,
SBQQ__ContractedPrice__c,PEE084585-3YLZ7,,01t6A000000arKSQAY,0016A00000JqrrcQAB,a0FPW00000Wmb5b2AB,17.5,15.910000,UPDATE,,
SBQQ__ContractedPrice__c,PEE084585-3YMA3,,01t6A000000atK7QAI,0016A00000JqrrcQAB,a0FPW00000Wmb5f2AB,24.98,22.710000,UPDATE,,
SBQQ__ContractedPrice__c,PEE084585-407K55,,01t2K000006S2LqQAK,0016A00000JqrrcQAB,a0FPW00000Wmb5k2AB,25.64,23.310000,UPDATE,,
SBQQ__ContractedPrice__c,PEE084585-407K58,,01t2K000006NXf8QAG,0016A00000JqrrcQAB,a0FPW00000WmUr02AF,14.53,13.210000,UPDATE,,
SBQQ__ContractedPrice__c,PEE084585-3XWA7,,01t6A000000asf2QAA,0016A00000JqrrcQAB,a0FPW00000Wmb5S2AR,33.85,30.770000,UPDATE,,
SBQQ__ContractedPrice__c,PEE084585-3YLZ5,,01t6A000000arKQQAY,0016A00000JqrrcQAB,a0FPW00000Wmb5Z2AR,14.04,12.760000,UPDATE,,
SBQQ__ContractedPrice__c,PEE084585-3YMA6,,01t6A000000arYcQAI,0016A00000JqrrcQAB,a0FPW00000Wmb5g2AB,16.75,15.230000,UPDATE,,
SBQQ__ContractedPrice__c,PEE084585-407K57,,01t6A000002ZPcVQAW,0016A00000JqrrcQAB,a0FPW00000Wmb5m2AB,10.88,9.890000,UPDATE,,
SBQQ__ContractedPrice__c,PEE084585-407K59,,01t2K000006NXfJQAW,0016A00000JqrrcQAB,a0FPW00000WmUr12AF,30.54,27.760000,UPDATE,,
SBQQ__ContractedPrice__c,PEE084585-407K63,,01t2K000006S2ElQAK,0016A00000JqrrcQAB,a0FPW00000WmUr42AF,53.96,49.050000,UPDATE,,
SBQQ__ContractedPrice__c,PEE084585-407K68,,01t2K000006NXeZQAW,0016A00000JqrrcQAB,a0FPW00000WmUr72AF,99.73,90.660000,UPDATE,,
SBQQ__ContractedPrice__c,PEE084585-DS-VWS090-P,,01t6A000000aqmHQAQ,0016A00000JqrrcQAB,a0FPW00000WmbGs2AJ,22.15,20.140000,UPDATE,,
SBQQ__ContractedPrice__c,PEE084585-EC-HD25F,,01t6A000000arTyQAI,0016A00000JqrrcQAB,a0FPW00000Wm9TK2AZ,5.13,4.660000,UPDATE,,
SBQQ__ContractedPrice__c,CAS131679-ESHV10,,01t6A000000aqpeQAA,001PW00000iFUdzYAG,a0FPW00000WmT1O2AV,19.0,19.000000,UPDATE,,
SBQQ__ContractedPrice__c,CAS131664-ESHV10,,01t6A000000aqpeQAA,0016A00000JqrfSQAR,a0FPW00000WmYM82AN,56.0,55.000000,UPDATE,,
SBQQ__ContractedPrice__c,PEE084585-ESHV10,,01t6A000000aqpeQAA,0016A00000JqrrcQAB,a0FPW00000Wm9Ta2AJ,6.95,6.320000,UPDATE,,
SBQQ__ContractedPrice__c,CAS131664-EXT101,,01t6A000000asNAQAY,0016A00000JqrfSQAR,a0FPW00000WmYME2A3,56.0,55.000000,UPDATE,,
SBQQ__ContractedPrice__c,CAS131679-EXT101,,01t6A000000asNAQAY,001PW00000iFUdzYAG,a0FPW00000WmT1b2AF,19.0,20.130000,UPDATE,,
SBQQ__ContractedPrice__c,PEE084585-DS-VWS041,,01t6A000000arLHQAY,0016A00000JqrrcQAB,a0FPW00000WmbGD2AZ,10.29,9.350000,UPDATE,,
SBQQ__ContractedPrice__c,PEE084585-DS-VWS042,,01t6A000000arOzQAI,0016A00000JqrrcQAB,a0FPW00000WmbGE2AZ,21.87,19.880000,UPDATE,,
SBQQ__ContractedPrice__c,PEE084585-DS-VWS043,,01t6A000000atGwQAI,0016A00000JqrrcQAB,a0FPW00000WmbGG2AZ,13.83,12.570000,UPDATE,,
SBQQ__ContractedPrice__c,PEE084585-DS-VWS049,,01t6A000000atZpQAI,0016A00000JqrrcQAB,a0FPW00000WmbGO2AZ,16.54,15.040000,UPDATE,,
SBQQ__ContractedPrice__c,PEE084585-DS-VWS050-P,,01t6A000000ata9QAA,0016A00000JqrrcQAB,a0FPW00000WmbGR2AZ,18.19,16.540000,UPDATE,,
SBQQ__ContractedPrice__c,PEE084585-DS-VWS052-P,,01t6A000000at0zQAA,0016A00000JqrrcQAB,a0FPW00000WmbGT2AZ,14.36,13.050000,UPDATE,,
SBQQ__ContractedPrice__c,PEE084585-DS-VWS090,,01t6A000000aqmGQAQ,0016A00000JqrrcQAB,a0FPW00000WmbGr2AJ,11.92,10.840000,UPDATE,,
SBQQ__ContractedPrice__c,PEE084585-43999,,01t6A000000arGPQAY,0016A00000JqrrcQAB,,,51.150000,INSERT,,
SBQQ__ContractedPrice__c,PEE084585-452Y51,,01t2K000006NXgMQAW,0016A00000JqrrcQAB,a0FPW00000WmUrn2AF,174.09,158.260000,UPDATE,,
SBQQ__ContractedPrice__c,PEE084585-452Y86,,01t2K000006NXhgQAG,0016A00000JqrrcQAB,a0FPW00000Wmh4d2AB,1058.14,1058.140000,UPDATE,,
SBQQ__ContractedPrice__c,PEE084585-452Y89,,01t2K000006NXhmQAG,0016A00000JqrrcQAB,a0FPW00000Wmh4g2AB,1615.26,1615.260000,UPDATE,,
SBQQ__ContractedPrice__c,PEE084585-452Y95,,01t2K000006NXhMQAW,0016A00000JqrrcQAB,a0FPW00000Wmh4k2AB,1321.42,1321.420000,UPDATE,,
SBQQ__ContractedPrice__c,PEE084585-452Y97,,01t2K000006NXhnQAG,0016A00000JqrrcQAB,a0FPW00000Wmh4m2AB,1043.07,1043.070000,UPDATE,,
SBQQ__ContractedPrice__c,CAS131664-WSP701,,01t6A000000aseaQAA,0016A00000JqrfSQAR,a0FPW00000WmYQg2AN,188.0,189.000000,UPDATE,,
SBQQ__ContractedPrice__c,PEE084585-WSP701,,01t6A000000aseaQAA,0016A00000JqrrcQAB,a0FPW00000WmbVw2AJ,36.43,33.120000,UPDATE,,
SBQQ__ContractedPrice__c,CAS131679-WSP701,,01t6A000000aseaQAA,001PW00000iFUdzYAG,a0FPW00000WmYkV2AV,62.0,62.000000,UPDATE,,
SBQQ__ContractedPrice__c,CAS131679-WSP756,,01t6A000000ar7BQAQ,001PW00000iFUdzYAG,a0FPW00000WmYkW2AV,72.0,76.000000,UPDATE,,
SBQQ__ContractedPrice__c,PEE084585-WSP756,,01t6A000000ar7BQAQ,0016A00000JqrrcQAB,a0FPW00000WmbW32AJ,57.88,52.620000,UPDATE,,
SBQQ__ContractedPrice__c,CAS131664-WSP756,,01t6A000000ar7BQAQ,0016A00000JqrfSQAR,a0FPW00000WmYQl2AN,213.0,214.000000,UPDATE,,
SBQQ__ContractedPrice__c,CAS131679-DS-VWS090,,01t6A000000aqmGQAQ,001PW00000iFUdzYAG,a0FPW00000WmT1D2AV,22.0,22.000000,UPDATE,,
SBQQ__ContractedPrice__c,PEE084585-ESHV10-S1,,01t6A000000arxkQAA,0016A00000JqrrcQAB,a0FPW00000Wm9Tb2AJ,7.84,7.130000,UPDATE,,
SBQQ__ContractedPrice__c,CAS131679-ESHV10-S1,,01t6A000000arxkQAA,001PW00000iFUdzYAG,a0FPW00000WmT1P2AV,19.0,19.000000,UPDATE,,
SBQQ__ContractedPrice__c,CAS131679-EXT006,,01t6A000000aqklQAA,001PW00000iFUdzYAG,a0FPW00000WmT1a2AF,18.0,17.590000,UPDATE,,
SBQQ__ContractedPrice__c,PEE084585-EXT006,,01t6A000000aqklQAA,0016A00000JqrrcQAB,a0FPW00000Wm9To2AJ,11.98,10.890000,UPDATE,,
SBQQ__ContractedPrice__c,CAS131664-EXT006,,01t6A000000aqklQAA,0016A00000JqrfSQAR,a0FPW00000WmYMD2A3,57.0,58.000000,UPDATE,,
SBQQ__ContractedPrice__c,CAS131664-IB14X14-W,,01t2K000006MDPiQAO,0016A00000JqrfSQAR,a0FPW00000WmYMS2A3,303.0,302.000000,UPDATE,,
SBQQ__ContractedPrice__c,PEE084585-AL-HD02,,01t6A000000atImQAI,0016A00000JqrrcQAB,a0FPW00000WmbDC2AZ,6.95,6.320000,UPDATE,,
SBQQ__ContractedPrice__c,PEE084585-CL-47PLC68-OB-B,,01t6A000000aqg4QAA,0016A00000JqrrcQAB,a0FPW00000WmbDV2AZ,462.73,420.660000,UPDATE,,
SBQQ__ContractedPrice__c,PEE084585-CL-47PLC68-OB-W-B,,01t6A000000atPxQAI,0016A00000JqrrcQAB,a0FPW00000WmbDW2AZ,580.57,527.790000,UPDATE,,
SBQQ__ContractedPrice__c,PEE084585-CLP-49PLC68-OB-R,,01t6A000000aqfyQAA,0016A00000JqrrcQAB,a0FPW00000WmhBe2AJ,2972.47,2972.470000,UPDATE,,
SBQQ__ContractedPrice__c,PEE084585-CO-UV49,,01t2K000006X9nXQAS,0016A00000JqrrcQAB,a0FPW00000Wmb4M2AR,0.01,0.010000,UPDATE,,
SBQQ__ContractedPrice__c,PEE084585-CO-UV55,,01t2K000006X9nYQAS,0016A00000JqrrcQAB,a0FPW00000Wmb4N2AR,0.01,0.010000,UPDATE,,
SBQQ__ContractedPrice__c,PEE084585-ACC-MB3875,,01t6A000000asUZQAY,0016A00000JqrrcQAB,a0FPW00000WmbBv2AJ,39.12,35.560000,UPDATE,,
SBQQ__ContractedPrice__c,CAS131679-ACC-MB3875,,01t6A000000asUZQAY,001PW00000iFUdzYAG,a0FPW00000WmYUL2A3,49.0,50.480000,UPDATE,,
SBQQ__ContractedPrice__c,CAS131664-ACC-MB3875,,01t6A000000asUZQAY,0016A00000JqrfSQAR,a0FPW00000WmYFw2AN,125.0,125.000000,UPDATE,,
SBQQ__ContractedPrice__c,CAS131664-ACC-MBF,,01t6A000000arVWQAY,0016A00000JqrfSQAR,a0FPW00000WmYFy2AN,631.0,631.000000,UPDATE,,
SBQQ__ContractedPrice__c,CAS131679-ACC-MBF,,01t6A000000arVWQAY,001PW00000iFUdzYAG,a0FPW00000WmYUN2A3,205.0,205.000000,UPDATE,,
SBQQ__ContractedPrice__c,PEE084585-ACC-MBF,,01t6A000000arVWQAY,0016A00000JqrrcQAB,a0FPW00000WmbBx2AJ,135.63,123.300000,UPDATE,,
SBQQ__ContractedPrice__c,PEE084585-ACC-WMVCS,,01t6A000000aqrcQAA,0016A00000JqrrcQAB,a0FPW00000WmbCN2AZ,46.73,42.480000,UPDATE,,
SBQQ__ContractedPrice__c,CAS131679-ACC-WMVCS,,01t6A000000aqrcQAA,001PW00000iFUdzYAG,a0FPW00000WmYUh2AN,63.0,63.000000,UPDATE,,
SBQQ__ContractedPrice__c,CAS131664-ACC-WMVCS,,01t6A000000aqrcQAA,0016A00000JqrfSQAR,a0FPW00000WmYGG2A3,199.0,199.000000,UPDATE,,
SBQQ__ContractedPrice__c,CAS131664-ACC2X1,,01t6A000000argCQAQ,0016A00000JqrfSQAR,a0FPW00000WmYEx2AN,75.0,75.000000,UPDATE,,
SBQQ__ContractedPrice__c,CAS131679-ACC2X1,,01t6A000000argCQAQ,001PW00000iFUdzYAG,a0FPW00000WmYR92AN,28.0,28.000000,UPDATE,,
SBQQ__ContractedPrice__c,PEE084585-ACC2X1,,01t6A000000argCQAQ,0016A00000JqrrcQAB,a0FPW00000Wmb6J2AR,14.66,13.330000,UPDATE,,
SBQQ__ContractedPrice__c,PEE084585-ACC322,,01t6A000000aru4QAA,0016A00000JqrrcQAB,a0FPW00000Wmb6R2AR,3.76,3.420000,UPDATE,,
SBQQ__ContractedPrice__c,PEE084585-452Y47,,01t2K000006NXg7QAG,0016A00000JqrrcQAB,a0FPW00000WmUrm2AF,499.98,454.530000,UPDATE,,
SBQQ__ContractedPrice__c,PEE084585-452Y81,,01t2K000006NXduQAG,0016A00000JqrrcQAB,a0FPW00000WmUrx2AF,111.66,101.510000,UPDATE,,
SBQQ__ContractedPrice__c,PEE084585-452Y90,,01t2K000006NXh6QAG,0016A00000JqrrcQAB,a0FPW00000Wmh4h2AB,1814.52,1814.520000,UPDATE,,
SBQQ__ContractedPrice__c,PEE084585-452Y96,,01t2K000006NXhJQAW,0016A00000JqrrcQAB,a0FPW00000Wmh4l2AB,1856.25,1856.250000,UPDATE,,
SBQQ__ContractedPrice__c,PEE084585-55YF33,,01t2K000006XJ3TQAW,0016A00000JqrrcQAB,a0FPW00000WmUsF2AV,130.1,118.270000,UPDATE,,
SBQQ__ContractedPrice__c,PEE084585-700-00011198,,01t6A000000atagQAA,0016A00000JqrrcQAB,a0FPW00000WmUsL2AV,34.34,31.220000,UPDATE,,
SBQQ__ContractedPrice__c,PEE084585-IB14X14-W,,01t2K000006MDPiQAO,0016A00000JqrrcQAB,a0FPW00000Wm9UV2AZ,53.02,48.200000,UPDATE,,
SBQQ__ContractedPrice__c,CAS131679-IB14X14-W,,01t2K000006MDPiQAO,001PW00000iFUdzYAG,a0FPW00000WmT1w2AF,73.0,73.000000,UPDATE,,
SBQQ__ContractedPrice__c,PEE084585-MIS32748-W,,01t6A000000arSIQAY,0016A00000JqrrcQAB,a0FPW00000WmbL92AJ,62.39,56.720000,UPDATE,,
SBQQ__ContractedPrice__c,PEE084585-MIS347,,01t6A000000arGWQAY,0016A00000JqrrcQAB,a0FPW00000WmbLC2AZ,2.23,2.030000,UPDATE,,
SBQQ__ContractedPrice__c,PEE084585-MIS728,,01t6A000000atQHQAY,0016A00000JqrrcQAB,a0FPW00000WmbMj2AJ,24.13,21.940000,UPDATE,,
SBQQ__ContractedPrice__c,PEE084585-MIS814,,01t6A000000atQFQAY,0016A00000JqrrcQAB,a0FPW00000WmbMs2AJ,53.21,48.370000,UPDATE,,
SBQQ__ContractedPrice__c,PEE084585-MOD-ATD-W,,01t6A000000armVQAQ,0016A00000JqrrcQAB,a0FPW00000WmbNb2AJ,3.25,2.950000,UPDATE,,
SBQQ__ContractedPrice__c,PEE084585-EXT101,,01t6A000000asNAQAY,0016A00000JqrrcQAB,a0FPW00000Wm9Tp2AJ,13.94,12.670000,UPDATE,,
SBQQ__ContractedPrice__c,PEE084585-HX655-TAL,,01t2K000006S2JGQA0,0016A00000JqrrcQAB,a0FPW00000Wm9US2AZ,7.65,6.950000,UPDATE,,
SBQQ__ContractedPrice__c,PEE084585-IB14X9-W,,01t2K000006NaLuQAK,0016A00000JqrrcQAB,a0FPW00000Wm9UY2AZ,34.73,31.570000,UPDATE,,
SBQQ__ContractedPrice__c,CAS131679-IB14X9-W,,01t2K000006NaLuQAK,001PW00000iFUdzYAG,a0FPW00000WmT1z2AF,57.0,57.000000,UPDATE,,
SBQQ__ContractedPrice__c,CAS131664-IB14X9-W,,01t2K000006NaLuQAK,0016A00000JqrfSQAR,a0FPW00000WmYMV2A3,277.0,277.000000,UPDATE,,
SBQQ__ContractedPrice__c,PEE084585-MIS755,,01t6A000000asYwQAI,0016A00000JqrrcQAB,a0FPW00000WmbMl2AJ,24.28,22.070000,UPDATE,,
SBQQ__ContractedPrice__c,PEE084585-MIS767-KIT,,01t6A000000atPbQAI,0016A00000JqrrcQAB,a0FPW00000WmbMm2AJ,198.59,180.540000,UPDATE,,
SBQQ__ContractedPrice__c,PEE084585-CO-UV86,,01t2K000006X9nZQAS,0016A00000JqrrcQAB,a0FPW00000Wmb4P2AR,0.01,0.010000,UPDATE,,
SBQQ__ContractedPrice__c,PEE084585-CO-XHB65,,01t2K000006X9n8QAC,0016A00000JqrrcQAB,a0FPW00000Wmb4V2AR,0.01,0.010000,UPDATE,,
SBQQ__ContractedPrice__c,PEE084585-SXOBH-49XTR,,01t2K000006S2ELQA0,0016A00000JqrrcQAB,a0FPW00000WmhNz2AJ,4481.49,4481.490000,UPDATE,,
SBQQ__ContractedPrice__c,PEE084585-UV492,,01t6A000000asIYQAY,0016A00000JqrrcQAB,a0FPW00000WmhO62AJ,1132.56,1132.560000,UPDATE,,
SBQQ__ContractedPrice__c,PEE084585-UV652-R,,01t6A000002ZPdKQAW,0016A00000JqrrcQAB,a0FPW00000WmhOA2AZ,1914.12,1914.120000,UPDATE,,
SBQQ__ContractedPrice__c,PEE084585-XHB492-B,,01t2K000006S2CWQA0,0016A00000JqrrcQAB,a0FPW00000WmhOT2AZ,2221.3,2221.300000,UPDATE,,
SBQQ__ContractedPrice__c,PEE084585-135-129103-01,,01t2K000006S2EZQA0,0016A00000JqrrcQAB,a0FPW00000Wmb4c2AB,374.4,340.360000,UPDATE,,
SBQQ__ContractedPrice__c,CAS131679-ACC322,,01t6A000000aru4QAA,001PW00000iFUdzYAG,a0FPW00000WmYRG2A3,7.0,5.760000,UPDATE,,
SBQQ__ContractedPrice__c,CAS131664-ACC322,,01t6A000000aru4QAA,0016A00000JqrfSQAR,a0FPW00000WmYF32AN,24.0,24.000000,UPDATE,,
SBQQ__ContractedPrice__c,CAS131679-ACC409-B,,01t6A000000atVQQAY,001PW00000iFUdzYAG,a0FPW00000WmYTB2A3,40.0,40.000000,UPDATE,,
SBQQ__ContractedPrice__c,PEE084585-ACC409-B,,01t6A000000atVQQAY,0016A00000JqrrcQAB,a0FPW00000Wmb6T2AR,25.05,22.770000,UPDATE,,
SBQQ__ContractedPrice__c,PEE084585-ACC604,,01t6A000000aqocQAA,0016A00000JqrrcQAB,a0FPW00000Wmb6m2AB,71.16,64.690000,UPDATE,,
SBQQ__ContractedPrice__c,CAS131679-ACC604,,01t6A000000aqocQAA,001PW00000iFUdzYAG,a0FPW00000WmYTS2A3,117.0,117.000000,UPDATE,,
SBQQ__ContractedPrice__c,CAS131664-ACC604,,01t6A000000aqocQAA,0016A00000JqrfSQAR,a0FPW00000WmYFI2A3,303.0,302.000000,UPDATE,,
SBQQ__ContractedPrice__c,PEE084585-9REZ7,,01t6A000000atTrQAI,0016A00000JqrrcQAB,a0FPW00000WmUsO2AV,182.41,165.830000,UPDATE,,
SBQQ__ContractedPrice__c,CAS131679-ACC-BPR,,01t6A000000asvDQAQ,001PW00000iFUdzYAG,a0FPW00000WmYTo2AN,34.0,34.000000,UPDATE,,
SBQQ__ContractedPrice__c,PEE084585-ACC-BPR,,01t6A000000asvDQAQ,0016A00000JqrrcQAB,a0FPW00000Wmb7H2AR,26.06,23.690000,UPDATE,,
SBQQ__ContractedPrice__c,CAS131664-ACC-BPR,,01t6A000000asvDQAQ,0016A00000JqrfSQAR,a0FPW00000WmYFc2AN,108.0,108.000000,UPDATE,,
SBQQ__ContractedPrice__c,PEE084585-ACC-M820,,01t6A000000ariLQAQ,0016A00000JqrrcQAB,a0FPW00000WmbBo2AJ,5.42,4.930000,UPDATE,,
SBQQ__ContractedPrice__c,CAS131679-ACC-MB2200,,01t6A000000asUXQAY,001PW00000iFUdzYAG,a0FPW00000WmYUJ2A3,48.0,54.500000,UPDATE,,
SBQQ__ContractedPrice__c,PEE084585-ACC-MB2200,,01t6A000000asUXQAY,0016A00000JqrrcQAB,a0FPW00000WmbBt2AJ,38.03,34.570000,UPDATE,,
SBQQ__ContractedPrice__c,CAS131664-ACC830,,01t6A000000arxyQAA,0016A00000JqrfSQAR,a0FPW00000WmYFR2A3,89.0,89.000000,UPDATE,,
SBQQ__ContractedPrice__c,CAS131679-ACC830,,01t6A000000arxyQAA,001PW00000iFUdzYAG,a0FPW00000WmYTb2AN,29.0,29.000000,UPDATE,,
SBQQ__ContractedPrice__c,PEE084585-ACC830,,01t6A000000arxyQAA,0016A00000JqrrcQAB,a0FPW00000Wmb6z2AB,18.07,16.430000,UPDATE,,
SBQQ__ContractedPrice__c,PEE084585-ACC950,,01t6A000000atIGQAY,0016A00000JqrrcQAB,a0FPW00000Wmb7A2AR,12.9,11.730000,UPDATE,,
SBQQ__ContractedPrice__c,PEE084585-DEV-DS-OM46ND-CEIL,,01t2K000006XHfpQAG,0016A00000JqrrcQAB,a0FPW00000Wm4iG2AR,182.71,166.100000,UPDATE,,
SBQQ__ContractedPrice__c,PEE084585-DEV-LCC18-010018,,01t6A000000atRRQAY,0016A00000JqrrcQAB,a0FPW00000Wm4iM2AR,49.52,45.020000,UPDATE,,
SBQQ__ContractedPrice__c,PEE084585-DEV-MOD-P150-B,,01t6A000000asBWQAY,0016A00000JqrrcQAB,a0FPW00000Wm4iO2AR,19.28,17.530000,UPDATE,,
SBQQ__ContractedPrice__c,CAS131664-MOD-ATD-W,,01t6A000000armVQAQ,0016A00000JqrfSQAR,a0FPW00000WmYOi2AN,24.0,24.000000,UPDATE,,
SBQQ__ContractedPrice__c,CAS131679-MOD-ATD-W,,01t6A000000armVQAQ,001PW00000iFUdzYAG,a0FPW00000WmYed2AF,6.0,4.800000,UPDATE,,
SBQQ__ContractedPrice__c,CAS131679-MOD-CPF-W,,01t6A000000at1kQAA,001PW00000iFUdzYAG,a0FPW00000WmYek2AF,35.0,35.000000,UPDATE,,
SBQQ__ContractedPrice__c,PEE084585-MOD-CPF-W,,01t6A000000at1kQAA,0016A00000JqrrcQAB,a0FPW00000WmbNi2AJ,27.02,24.560000,UPDATE,,
SBQQ__ContractedPrice__c,PEE084585-MOD-FPMS,,01t6A000000at1nQAA,0016A00000JqrrcQAB,a0FPW00000WmbNr2AJ,27.15,24.680000,UPDATE,,
SBQQ__ContractedPrice__c,CAS131664-MOD-FPMS,,01t6A000000at1nQAA,0016A00000JqrfSQAR,a0FPW00000WmYOw2AN,112.0,113.000000,UPDATE,,
SBQQ__ContractedPrice__c,CAS131679-MOD-FPMS,,01t6A000000at1nQAA,001PW00000iFUdzYAG,a0FPW00000WmYet2AF,36.0,36.380000,UPDATE,,
SBQQ__ContractedPrice__c,CAS131679-MOD-UNL,,01t6A000000ar2qQAA,001PW00000iFUdzYAG,a0FPW00000WmYfY2AV,76.0,76.000000,UPDATE,,
SBQQ__ContractedPrice__c,PEE084585-MOD-UNL,,01t6A000000ar2qQAA,0016A00000JqrrcQAB,a0FPW00000WmbOa2AJ,16.46,14.960000,UPDATE,,
SBQQ__ContractedPrice__c,CAS131664-MOD-UNL,,01t6A000000ar2qQAA,0016A00000JqrfSQAR,a0FPW00000WmBI82AN,227.0,227.000000,UPDATE,,
SBQQ__ContractedPrice__c,PEE084585-PAP250-EPSON1,,01t6A000002ZPcJQAW,0016A00000JqrrcQAB,a0FPW00000WmJFn2AN,101.6,92.360000,UPDATE,,
SBQQ__ContractedPrice__c,CAS131679-PAP250-EPSON1,,01t6A000002ZPcJQAW,001PW00000iFUdzYAG,a0FPW00000WmYfu2AF,165.0,165.000000,UPDATE,,
SBQQ__ContractedPrice__c,PEE084585-WMJ022,,01t6A000000arb0QAA,0016A00000JqrrcQAB,a0FPW00000WmbVp2AJ,71.8,65.270000,UPDATE,,
SBQQ__ContractedPrice__c,CAS131679-WMJ022,,01t6A000000arb0QAA,001PW00000iFUdzYAG,,,99.500000,INSERT,,
SBQQ__ContractedPrice__c,CAS131664-WMJ022,,01t6A000000arb0QAA,0016A00000JqrfSQAR,a0FPW00000WmYQe2AN,176.0,176.000000,UPDATE,,
SBQQ__ContractedPrice__c,PEE084585-MIS779,,01t6A000000armkQAA,0016A00000JqrrcQAB,a0FPW00000WmbMo2AJ,29.51,26.830000,UPDATE,,
SBQQ__ContractedPrice__c,PEE084585-MIS960-CSA,,01t6A000000asFDQAY,0016A00000JqrrcQAB,a0FPW00000WmbN92AJ,158.02,143.650000,UPDATE,,
SBQQ__ContractedPrice__c,PEE084585-MIS967,,01t6A000000aqnjQAA,0016A00000JqrrcQAB,a0FPW00000WmbNB2AZ,12.98,11.800000,UPDATE,,
SBQQ__ContractedPrice__c,PEE084585-MOD-AUB,,01t6A000000at1gQAA,0016A00000JqrrcQAB,a0FPW00000WmbNc2AJ,20.45,18.590000,UPDATE,,
SBQQ__ContractedPrice__c,CAS131679-MOD-AUB,,01t6A000000at1gQAA,001PW00000iFUdzYAG,a0FPW00000WmYee2AF,24.0,26.290000,UPDATE,,
SBQQ__ContractedPrice__c,CAS131664-MOD-AUB,,01t6A000000at1gQAA,0016A00000JqrfSQAR,a0FPW00000WmYOj2AN,75.0,75.000000,UPDATE,,
SBQQ__ContractedPrice__c,CAS131664-MOD-CPC-W,,01t6A000000at1iQAA,0016A00000JqrfSQAR,a0FPW00000WmYOm2AN,68.0,68.000000,UPDATE,,
SBQQ__ContractedPrice__c,PEE084585-DMU50SM-02,,01t6A000000ar2nQAA,0016A00000JqrrcQAB,a0FPW00000Wm4iP2AR,99.33,90.300000,UPDATE,,
SBQQ__ContractedPrice__c,PEE084585-DS-MBZ647P,,01t6A000000asjJQAQ,0016A00000JqrrcQAB,a0FPW00000WmbEa2AJ,39.57,35.970000,UPDATE,,
SBQQ__ContractedPrice__c,CAS131679-DS-MBZ647P,,01t6A000000asjJQAQ,001PW00000iFUdzYAG,a0FPW00000WmT0d2AF,70.0,70.000000,UPDATE,,
SBQQ__ContractedPrice__c,CAS131664-DS-MBZ647P,,01t6A000000asjJQAQ,0016A00000JqrfSQAR,a0FPW00000WmYLo2AN,264.0,265.000000,UPDATE,,
SBQQ__ContractedPrice__c,CAS131664-DS-MBZA,,01t6A000000aqmtQAA,0016A00000JqrfSQAR,a0FPW00000WmYLp2AN,157.0,158.000000,UPDATE,,
SBQQ__ContractedPrice__c,CAS131679-DS-MBZA,,01t6A000000aqmtQAA,001PW00000iFUdzYAG,a0FPW00000WmT0i2AF,52.0,52.000000,UPDATE,,
SBQQ__ContractedPrice__c,PEE084585-DS-MBZA,,01t6A000000aqmtQAA,0016A00000JqrrcQAB,a0FPW00000WmbEf2AJ,39.99,36.350000,UPDATE,,
SBQQ__ContractedPrice__c,PEE084585-DS-S555-3X2,,01t6A000000asMBQAY,0016A00000JqrrcQAB,a0FPW00000WmfoC2AR,961.46,961.460000,UPDATE,,
SBQQ__ContractedPrice__c,CAS131679-DS-S555-3X2,,01t6A000000asMBQAY,001PW00000iFUdzYAG,a0FPW00000WmgVT2AZ,1448.0,1593.000000,UPDATE,,
SBQQ__ContractedPrice__c,CAS131664-DS-S555-3X2,,01t6A000000asMBQAY,0016A00000JqrfSQAR,a0FPW00000WmgMG2AZ,4383.0,4821.000000,UPDATE,,
SBQQ__ContractedPrice__c,CAS131664-DS-S555-3X3,,01t6A000000asMCQAY,0016A00000JqrfSQAR,a0FPW00000WmgMH2AZ,6061.0,6667.000000,UPDATE,,
SBQQ__ContractedPrice__c,CAS131679-DS-S555-3X3,,01t6A000000asMCQAY,001PW00000iFUdzYAG,a0FPW00000WmgVU2AZ,1997.0,2197.000000,UPDATE,,
SBQQ__ContractedPrice__c,PEE084585-1HA95,,01t6A000000arSsQAI,0016A00000JqrrcQAB,a0FPW00000Wmb4d2AB,22.02,20.020000,UPDATE,,
SBQQ__ContractedPrice__c,PEE084585-2ZA92,,01t6A000000ar1JQAQ,0016A00000JqrrcQAB,a0FPW00000Wmb4p2AB,104.43,94.940000,UPDATE,,
SBQQ__ContractedPrice__c,PEE084585-31NJ13,,01t6A000000asozQAA,0016A00000JqrrcQAB,a0FPW00000Wmb4r2AB,12.87,11.700000,UPDATE,,
SBQQ__ContractedPrice__c,PEE084585-3XWA9,,01t6A000000asf4QAA,0016A00000JqrrcQAB,a0FPW00000Wmb5U2AR,90.61,82.370000,UPDATE,,
SBQQ__ContractedPrice__c,PEE084585-407K56,,01t2K000006NXgRQAW,0016A00000JqrrcQAB,a0FPW00000Wmb5l2AB,12.83,11.660000,UPDATE,,
SBQQ__ContractedPrice__c,PEE084585-407K67,,01t2K000006NXLGQA4,0016A00000JqrrcQAB,a0FPW00000WmUr62AF,80.4,73.090000,UPDATE,,
SBQQ__ContractedPrice__c,PEE084585-452Y23,,01t2K000006NXglQAG,0016A00000JqrrcQAB,a0FPW00000WmUrg2AF,16.69,15.170000,UPDATE,,
SBQQ__ContractedPrice__c,CAS131664-ACC-MB2200,,01t6A000000asUXQAY,0016A00000JqrfSQAR,a0FPW00000WmYFu2AN,151.0,151.000000,UPDATE,,
SBQQ__ContractedPrice__c,CAS131664-ACC316,,01t6A000000ar1aQAA,0016A00000JqrfSQAR,a0FPW00000WmYF12AN,36.0,37.000000,UPDATE,,
SBQQ__ContractedPrice__c,PEE084585-ACC316,,01t6A000000ar1aQAA,0016A00000JqrrcQAB,a0FPW00000Wmb6P2AR,7.98,7.250000,UPDATE,,
SBQQ__ContractedPrice__c,CAS131679-ACC450,,01t6A000000arPxQAI,001PW00000iFUdzYAG,a0FPW00000WmYTD2A3,24.0,24.000000,UPDATE,,
SBQQ__ContractedPrice__c,PEE084585-ACC450,,01t6A000000arPxQAI,0016A00000JqrrcQAB,a0FPW00000Wmb6V2AR,16.51,15.010000,UPDATE,,
SBQQ__ContractedPrice__c,CAS131664-ACC450,,01t6A000000arPxQAI,0016A00000JqrfSQAR,a0FPW00000WmYF62AN,76.0,76.000000,UPDATE,,
SBQQ__ContractedPrice__c,PEE084585-ACC517,,01t6A000000atT3QAI,0016A00000JqrrcQAB,a0FPW00000Wmb6c2AB,50.7,46.090000,UPDATE,,
SBQQ__ContractedPrice__c,PEE084585-DS-S555-3X3,,01t6A000000asMCQAY,0016A00000JqrrcQAB,a0FPW00000WmhDv2AJ,1318.89,1318.890000,UPDATE,,
SBQQ__ContractedPrice__c,PEE084585-DS-S555-4X3,,01t6A000000arjMQAQ,0016A00000JqrrcQAB,a0FPW00000WmhDx2AJ,1851.94,1851.940000,UPDATE,,
SBQQ__ContractedPrice__c,CAS131679-DS-S555-4X3,,01t6A000000arjMQAQ,001PW00000iFUdzYAG,a0FPW00000WmgVW2AZ,3059.0,3365.000000,UPDATE,,
SBQQ__ContractedPrice__c,CAS131664-DS-S555-4X3,,01t6A000000arjMQAQ,0016A00000JqrfSQAR,a0FPW00000WmgMJ2AZ,9200.0,10120.000000,UPDATE,,
SBQQ__ContractedPrice__c,CAS131664-DS-VW665,,01t6A000000arhYQAQ,0016A00000JqrfSQAR,a0FPW00000WmYLw2AN,745.0,745.000000,UPDATE,,
SBQQ__ContractedPrice__c,PEE084585-DS-VW665,,01t6A000000arhYQAQ,0016A00000JqrrcQAB,a0FPW00000WmbEy2AJ,188.56,171.420000,UPDATE,,
SBQQ__ContractedPrice__c,CAS131679-ACC517,,01t6A000000atT3QAI,001PW00000iFUdzYAG,a0FPW00000WmYTI2A3,75.0,75.000000,UPDATE,,
SBQQ__ContractedPrice__c,CAS131679-ACC918,,01t6A000000arJiQAI,001PW00000iFUdzYAG,a0FPW00000WmYTh2AN,9.0,9.000000,UPDATE,,
SBQQ__ContractedPrice__c,PEE084585-ACC918,,01t6A000000arJiQAI,0016A00000JqrrcQAB,a0FPW00000Wmb782AB,5.82,5.290000,UPDATE,,
SBQQ__ContractedPrice__c,CAS131664-ACC918,,01t6A000000arJiQAI,0016A00000JqrfSQAR,a0FPW00000WmYFW2A3,31.0,30.000000,UPDATE,,
SBQQ__ContractedPrice__c,CAS131664-ACSBR1,,01t6A000000arfTQAQ,0016A00000JqrfSQAR,a0FPW00000WmYGJ2A3,50.0,49.000000,UPDATE,,
SBQQ__ContractedPrice__c,PEE084585-ACSBR1,,01t6A000000arfTQAQ,0016A00000JqrrcQAB,a0FPW00000WmbCQ2AZ,6.23,5.660000,UPDATE,,
SBQQ__ContractedPrice__c,CAS131679-ACSBR1,,01t6A000000arfTQAQ,001PW00000iFUdzYAG,a0FPW00000WmYUi2AN,10.0,10.000000,UPDATE,,
SBQQ__ContractedPrice__c,CAS131679-MOD-CPC-W,,01t6A000000at1iQAA,001PW00000iFUdzYAG,a0FPW00000WmYeh2AF,25.0,26.100000,UPDATE,,
SBQQ__ContractedPrice__c,PEE084585-MOD-CPC-W,,01t6A000000at1iQAA,0016A00000JqrrcQAB,a0FPW00000WmbNf2AJ,21.19,19.260000,UPDATE,,
SBQQ__ContractedPrice__c,PEE084585-MOD-FPMS-W,,01t6A000000at1oQAA,0016A00000JqrrcQAB,a0FPW00000WmbNt2AJ,28.57,25.970000,UPDATE,,
SBQQ__ContractedPrice__c,CAS131679-MOD-FPMS-W,,01t6A000000at1oQAA,001PW00000iFUdzYAG,a0FPW00000WmYev2AF,36.0,39.130000,UPDATE,,
SBQQ__ContractedPrice__c,CAS131679-MOD-P100-B,,01t6A000000arUHQAY,001PW00000iFUdzYAG,a0FPW00000WmYfC2AV,23.0,23.000000,UPDATE,,
SBQQ__ContractedPrice__c,PEE084585-MOD-P100-B,,01t6A000000arUHQAY,0016A00000JqrrcQAB,a0FPW00000WmbOB2AZ,17.58,15.980000,UPDATE,,
SBQQ__ContractedPrice__c,CAS131664-MOD-P100-B,,01t6A000000arUHQAY,0016A00000JqrfSQAR,a0FPW00000WmYP82AN,75.0,75.000000,UPDATE,,
SBQQ__ContractedPrice__c,PEE084585-DS-VWS007,,01t6A000000arDXQAY,0016A00000JqrrcQAB,a0FPW00000WmbFP2AZ,13.98,12.710000,UPDATE,,
SBQQ__ContractedPrice__c,PEE084585-DS-VWS087,,01t6A000000arfBQAQ,0016A00000JqrrcQAB,a0FPW00000WmbGp2AJ,8.95,8.140000,UPDATE,,
SBQQ__ContractedPrice__c,PEE084585-DS-VWS089,,01t6A000000arouQAA,0016A00000JqrrcQAB,a0FPW00000WmbGq2AJ,17.79,16.170000,UPDATE,,
SBQQ__ContractedPrice__c,PEE084585-IB14X14C-W,,01t2K00000CgLZkQAN,0016A00000JqrrcQAB,a0FPW00000Wm9UU2AZ,10.95,9.950000,UPDATE,,
SBQQ__ContractedPrice__c,CAS131679-IB14X14C-W,,01t2K00000CgLZkQAN,001PW00000iFUdzYAG,a0FPW00000WmT1v2AF,20.0,20.000000,UPDATE,,
SBQQ__ContractedPrice__c,CAS131664-IB14X14C-W,,01t2K00000CgLZkQAN,0016A00000JqrfSQAR,a0FPW00000WmYMR2A3,68.0,68.000000,UPDATE,,
SBQQ__ContractedPrice__c,PEE084585-MIS-ACC100,,01t6A000000as8XQAQ,0016A00000JqrrcQAB,a0FPW00000WmbNH2AZ,8.42,7.650000,UPDATE,,
SBQQ__ContractedPrice__c,PEE084585-452Y38,,01t2K000006NXeQQAW,0016A00000JqrrcQAB,a0FPW00000WmUrh2AF,52.02,47.290000,UPDATE,,
SBQQ__ContractedPrice__c,PEE084585-452Y39,,01t2K000006NXgSQAW,0016A00000JqrrcQAB,a0FPW00000WmUri2AF,60.46,54.960000,UPDATE,,
SBQQ__ContractedPrice__c,PEE084585-452Y41,,01t2K000006NXfPQAW,0016A00000JqrrcQAB,a0FPW00000WmUrk2AF,263.12,239.200000,UPDATE,,
SBQQ__ContractedPrice__c,PEE084585-452Y75,,01t2K000006NXh5QAG,0016A00000JqrrcQAB,a0FPW00000WmUrs2AF,85.86,78.050000,UPDATE,,
SBQQ__ContractedPrice__c,PEE084585-452Y85,,01t2K000006NXhfQAG,0016A00000JqrrcQAB,a0FPW00000WmUs02AF,312.06,283.690000,UPDATE,,
SBQQ__ContractedPrice__c,PEE084585-452Y98,,01t2K000006NXhKQAW,0016A00000JqrrcQAB,a0FPW00000WmUs32AF,985.04,895.490000,UPDATE,,
SBQQ__ContractedPrice__c,PEE084585-DS-ACC770,,01t6A000000at8yQAA,0016A00000JqrrcQAB,a0FPW00000Wm4iX2AR,21.76,19.780000,UPDATE,,
SBQQ__ContractedPrice__c,CAS131664-DS-ACC770,,01t6A000000at8yQAA,0016A00000JqrfSQAR,a0FPW00000WmYHH2A3,75.0,75.000000,UPDATE,,
SBQQ__ContractedPrice__c,CAS131664-DS-MBZ647L,,01t6A000000asjIQAQ,0016A00000JqrfSQAR,a0FPW00000WmYLn2AN,264.0,265.000000,UPDATE,,
SBQQ__ContractedPrice__c,PEE084585-DS-MBZ647L,,01t6A000000asjIQAQ,0016A00000JqrrcQAB,a0FPW00000WmbEY2AZ,40.49,36.810000,UPDATE,,
SBQQ__ContractedPrice__c,CAS131679-DS-MBZ647L,,01t6A000000asjIQAQ,001PW00000iFUdzYAG,a0FPW00000WmT0c2AF,70.0,70.000000,UPDATE,,
SBQQ__ContractedPrice__c,PEE084585-DS-OM46ND-CEIL,,01t6A000003QSWsQAO,0016A00000JqrrcQAB,a0FPW00000WmbEg2AJ,167.3,152.090000,UPDATE,,
SBQQ__ContractedPrice__c,CAS131664-WSP716,,01t6A000000asIhQAI,0016A00000JqrfSQAR,a0FPW00000WmYQh2AN,201.0,201.000000,UPDATE,,
SBQQ__ContractedPrice__c,PEE084585-WSP716,,01t6A000000asIhQAI,0016A00000JqrrcQAB,a0FPW00000WmbVx2AJ,70.15,63.770000,UPDATE,,
SBQQ__ContractedPrice__c,PEE084585-BILXC-011,,01t2K000006S3OmQAK,0016A00000JqrrcQAB,a0FPW00000Wmh4z2AB,4679.37,4679.370000,UPDATE,,
SBQQ__ContractedPrice__c,PEE084585-CL-49PLC68-OB-B,,01t6A000000aqg5QAA,0016A00000JqrrcQAB,a0FPW00000WmhBb2AJ,1128.39,1128.390000,UPDATE,,
SBQQ__ContractedPrice__c,PEE084585-CO-UV65,,01t2K000006X9nhQAC,0016A00000JqrrcQAB,a0FPW00000Wmb4O2AR,0.01,0.010000,UPDATE,,
SBQQ__ContractedPrice__c,PEE084585-CO-VOLTA55,,01t2K000006XHYKQA4,0016A00000JqrrcQAB,a0FPW00000Wmb4Q2AR,0.01,0.010000,UPDATE,,
SBQQ__ContractedPrice__c,PEE084585-DS-OM46ND-FLOOR,,01t6A000003QSWtQAO,0016A00000JqrrcQAB,a0FPW00000WmbEh2AJ,173.66,157.870000,UPDATE,,
SBQQ__ContractedPrice__c,CAS131664-DS-OM46ND-FLOOR,,01t6A000003QSWtQAO,0016A00000JqrfSQAR,a0FPW00000WmYLq2AN,745.0,745.000000,UPDATE,,
SBQQ__ContractedPrice__c,CAS131664-DS-S560-2X2,,01t6A000000atbXQAQ,0016A00000JqrfSQAR,a0FPW00000WmgML2AZ,3356.0,3692.000000,UPDATE,,
SBQQ__ContractedPrice__c,CAS131679-DS-S560-2X2,,01t6A000000atbXQAQ,001PW00000iFUdzYAG,a0FPW00000WmgVY2AZ,1158.0,1274.000000,UPDATE,,
SBQQ__ContractedPrice__c,PEE084585-DS-S560-2X2,,01t6A000000atbXQAQ,0016A00000JqrrcQAB,a0FPW00000WmbEl2AJ,838.88,762.620000,UPDATE,,
SBQQ__ContractedPrice__c,PEE084585-DS-VW765-L40,,01t6A000000as36QAA,0016A00000JqrrcQAB,a0FPW00000WmbF12AJ,93.76,85.240000,UPDATE,,
SBQQ__ContractedPrice__c,CAS131679-DS-VW765-LQR,,01t6A000000asTuQAI,001PW00000iFUdzYAG,a0FPW00000WmT0u2AF,294.0,294.000000,UPDATE,,
SBQQ__ContractedPrice__c,CAS131664-DS-VW765-LQR,,01t6A000000asTuQAI,0016A00000JqrfSQAR,a0FPW00000WmYLy2AN,922.0,922.000000,UPDATE,,
SBQQ__ContractedPrice__c,PEE084585-DS-VW765-LQR,,01t6A000000asTuQAI,0016A00000JqrrcQAB,a0FPW00000WmbF42AJ,107.43,97.660000,UPDATE,,
SBQQ__ContractedPrice__c,PEE084585-33430-2015,,01t6A000000cMAmQAM,0016A00000JqrrcQAB,a0FPW00000Wmb4s2AB,74.91,68.100000,UPDATE,,
SBQQ__ContractedPrice__c,PEE084585-ACC-C125,,01t6A000000asfkQAA,0016A00000JqrrcQAB,a0FPW00000Wmb7I2AR,28.77,26.150000,UPDATE,,
SBQQ__ContractedPrice__c,CAS131679-ACC-M850H,,01t6A000002ZfjKQAS,001PW00000iFUdzYAG,a0FPW00000WmYUG2A3,6.0,6.000000,UPDATE,,
SBQQ__ContractedPrice__c,PEE084585-T441,,01t6A000000ar92QAA,0016A00000JqrrcQAB,a0FPW00000WmbV62AJ,3.45,3.140000,UPDATE,,
SBQQ__ContractedPrice__c,CAS131679-ACCD-05K,,01t6A000000arzFQAQ,001PW00000iFUdzYAG,a0FPW00000WmYTt2AN,20.0,20.000000,UPDATE,,
SBQQ__ContractedPrice__c,PEE084585-ACCD-05K,,01t6A000000arzFQAQ,0016A00000JqrrcQAB,a0FPW00000Wmb7N2AR,10.84,9.850000,UPDATE,,
SBQQ__ContractedPrice__c,PEE084585-ACCD-ALS,,01t6A000002ZjV9QAK,0016A00000JqrrcQAB,a0FPW00000Wmb7Q2AR,22.01,20.010000,UPDATE,,
SBQQ__ContractedPrice__c,CAS131679-ACCD-ALS,,01t6A000002ZjV9QAK,001PW00000iFUdzYAG,a0FPW00000WmYTw2AN,54.0,54.000000,UPDATE,,
SBQQ__ContractedPrice__c,CAS131664-ACCD-ALS,,01t6A000002ZjV9QAK,0016A00000JqrfSQAR,a0FPW00000WmYFh2AN,112.0,113.000000,UPDATE,,
SBQQ__ContractedPrice__c,PEE084585-050000129,,01t6A000002ZPb1QAG,0016A00000JqrrcQAB,,,4.830000,INSERT,,
SBQQ__ContractedPrice__c,PEE084585-WSP716-S,,01t6A000000asIiQAI,0016A00000JqrrcQAB,a0FPW00000WmbVz2AJ,67.27,61.150000,UPDATE,,
SBQQ__ContractedPrice__c,PEE084585-BIHI-010,,01t2K000006SnlyQAC,0016A00000JqrrcQAB,a0FPW00000Wmh4v2AB,2050.07,2050.070000,UPDATE,,
SBQQ__ContractedPrice__c,PEE084585-BIHI-ACCCK,,01t2K000006SqOPQA0,0016A00000JqrrcQAB,a0FPW00000WmbDH2AZ,57.3,52.090000,UPDATE,,
SBQQ__ContractedPrice__c,PEE084585-BILXB-011,,01t2K000006S3OrQAK,0016A00000JqrrcQAB,a0FPW00000Wmh4y2AB,2905.58,2905.580000,UPDATE,,
SBQQ__ContractedPrice__c,PEE084585-ACCD-DC49,,01t6A000002i8O6QAI,0016A00000JqrrcQAB,a0FPW00000WmbAv2AJ,26.93,24.480000,UPDATE,,
SBQQ__ContractedPrice__c,PEE084585-CLP-42PLC68-OB-B,,01t6A000000aqg3QAA,0016A00000JqrrcQAB,a0FPW00000WmbDY2AZ,347.05,315.500000,UPDATE,,
SBQQ__ContractedPrice__c,PEE084585-452Z03,,01t2K000006NXfTQAW,0016A00000JqrrcQAB,a0FPW00000WmUs62AF,92.75,84.320000,UPDATE,,
SBQQ__ContractedPrice__c,PEE084585-49-5672-30,,01t6A000000asleQAA,0016A00000JqrrcQAB,a0FPW00000WmUs72AF,229.0,208.180000,UPDATE,,
SBQQ__ContractedPrice__c,PEE084585-700-00011196,,01t6A000000atafQAA,0016A00000JqrrcQAB,a0FPW00000WmUsK2AV,28.63,26.030000,UPDATE,,
SBQQ__ContractedPrice__c,PEE084585-ACC-DHP6,,01t6A000000arUtQAI,0016A00000JqrrcQAB,a0FPW00000WmbB02AJ,43.23,39.300000,UPDATE,,
SBQQ__ContractedPrice__c,PEE084585-ACC-FT,,01t6A000000askWQAQ,0016A00000JqrrcQAB,a0FPW00000WmbB82AJ,6.41,5.830000,UPDATE,,
SBQQ__ContractedPrice__c,CAS131679-ACC-FT,,01t6A000000askWQAQ,001PW00000iFUdzYAG,a0FPW00000WmYU52AN,9.0,9.000000,UPDATE,,
SBQQ__ContractedPrice__c,CAS131664-ACC-FT,,01t6A000000askWQAQ,0016A00000JqrfSQAR,a0FPW00000WmYFm2AN,24.0,24.000000,UPDATE,,
SBQQ__ContractedPrice__c,PEE084585-ACC-M850H,,01t6A000002ZfjKQAS,0016A00000JqrrcQAB,a0FPW00000WmbBq2AJ,3.2,2.910000,UPDATE,,
SBQQ__ContractedPrice__c,PEE084585-ACC-VDK,,01t6A000000asIPQAY,0016A00000JqrrcQAB,a0FPW00000WmbCM2AZ,6.01,5.460000,UPDATE,,
SBQQ__ContractedPrice__c,CAS131679-ACC-VDK,,01t6A000000asIPQAY,001PW00000iFUdzYAG,a0FPW00000WmYUg2AN,8.0,9.000000,UPDATE,,
SBQQ__ContractedPrice__c,PEE084585-DS-VWS020,,01t6A000000asdvQAA,0016A00000JqrrcQAB,a0FPW00000WmbFi2AJ,12.95,11.770000,UPDATE,,
SBQQ__ContractedPrice__c,PEE084585-CL-42PLC68-B,,01t6A000000arrCQAQ,0016A00000JqrrcQAB,a0FPW00000WmbDS2AZ,115.69,105.170000,UPDATE,,
SBQQ__ContractedPrice__c,PEE084585-CL-PWR-AUS,,01t6A000000aspJQAQ,0016A00000JqrrcQAB,a0FPW00000WmbDa2AJ,41.98,38.160000,UPDATE,,
SBQQ__ContractedPrice__c,PEE084585-DS-VW775-QR,,01t6A000000aqqDQAQ,0016A00000JqrrcQAB,a0FPW00000WmbF62AJ,123.08,111.890000,UPDATE,,
SBQQ__ContractedPrice__c,PEE084585-CO-XHB43,,01t2K000006X9naQAC,0016A00000JqrrcQAB,a0FPW00000Wmb4S2AR,0.01,0.010000,UPDATE,,
SBQQ__ContractedPrice__c,PEE084585-SXOBH-43XTR,,01t2K000006S2JrQAK,0016A00000JqrrcQAB,a0FPW00000WmhNy2AJ,3842.48,3842.480000,UPDATE,,
SBQQ__ContractedPrice__c,PEE084585-SXOBH-65XTR,,01t2K000006XKmWQAW,0016A00000JqrrcQAB,a0FPW00000WmhO22AJ,6486.29,6486.290000,UPDATE,,
SBQQ__ContractedPrice__c,PEE084585-SXUHD-55,,01t2K000006S2GDQA0,0016A00000JqrrcQAB,a0FPW00000WmhO42AJ,1312.45,1312.450000,UPDATE,,
SBQQ__ContractedPrice__c,PEE084585-UV652-B,,01t6A000002gX6wQAE,0016A00000JqrrcQAB,a0FPW00000Wmfpj2AB,967.75,967.750000,UPDATE,,
SBQQ__ContractedPrice__c,PEE084585-XHB432,,01t6A000000bVzoQAE,0016A00000JqrrcQAB,,,3824.050000,INSERT,,
SBQQ__ContractedPrice__c,PEE084585-XHB553,,01t2K000006T0OGQA0,0016A00000JqrrcQAB,,,3703.050000,INSERT,,
SBQQ__ContractedPrice__c,CAS131664-ACC-MSF-W,,01t6A000003QCU0QAO,0016A00000JqrfSQAR,a0FPW00000WmYG02AN,239.0,239.000000,UPDATE,,
SBQQ__ContractedPrice__c,PEE084585-ACC-MSF-W,,01t6A000003QCU0QAO,0016A00000JqrrcQAB,a0FPW00000WmbC42AJ,54.07,49.150000,UPDATE,,
SBQQ__ContractedPrice__c,CAS131679-ACC-MSF-W,,01t6A000003QCU0QAO,001PW00000iFUdzYAG,a0FPW00000WmYUT2A3,77.0,77.000000,UPDATE,,
SBQQ__ContractedPrice__c,CAS131679-ACC320,,01t6A000000ar38QAA,001PW00000iFUdzYAG,a0FPW00000WmYRF2A3,46.0,46.000000,UPDATE,,
SBQQ__ContractedPrice__c,PEE084585-ACC320,,01t6A000000ar38QAA,0016A00000JqrrcQAB,a0FPW00000Wmb6Q2AR,35.6,32.360000,UPDATE,,
SBQQ__ContractedPrice__c,CAS131664-ACC320,,01t6A000000ar38QAA,0016A00000JqrfSQAR,a0FPW00000WmYF22AN,149.0,148.000000,UPDATE,,
SBQQ__ContractedPrice__c,DAV162270-ACC951,,01t6A000000aswaQAA,0016A00000JqrfjQAB,a0F2K00000PWMofUAH,34.23,41.800000,UPDATE,,
SBQQ__ContractedPrice__c,MOU586100-ACC951,,01t6A000000aswaQAA,0016A00000JqrTHQAZ,a0F2K00000PWNQeUAP,34.23,41.800000,UPDATE,,
SBQQ__ContractedPrice__c,ALA030667-ACC951,,01t6A000000aswaQAA,0016A00000JqraWQAR,a0F2K00000PWM4BUAX,34.23,41.800000,UPDATE,,
SBQQ__ContractedPrice__c,PRO719942-ACC951,,01t6A000000aswaQAA,0016A00000JqrGDQAZ,a0F2K00000PWNjQUAX,34.23,41.800000,UPDATE,,
SBQQ__ContractedPrice__c,UIS877060-ACC951,,01t6A000000aswaQAA,0016A00000JqrIWQAZ,a0F2K00000PWOGhUAP,34.23,41.800000,UPDATE,,
SBQQ__ContractedPrice__c,PEE084585-ACC951,,01t6A000000aswaQAA,0016A00000JqrrcQAB,,,24.020000,INSERT,,
SBQQ__ContractedPrice__c,KOA423384-ACC951,,01t6A000000aswaQAA,0016A00000gs0dRQAQ,a0F2K00000PWNGrUAP,34.23,41.800000,UPDATE,,
SBQQ__ContractedPrice__c,PEE084585-SXOBH-55XTR,,01t2K000006S2HrQAK,0016A00000JqrrcQAB,a0FPW00000WmhO02AJ,3719.96,3719.960000,UPDATE,,
SBQQ__ContractedPrice__c,PEE084585-SXUHD-49,,01t2K000006S2HsQAK,0016A00000JqrrcQAB,a0FPW00000WmhO32AJ,1150.99,1150.990000,UPDATE,,
SBQQ__ContractedPrice__c,PEE084585-UV551-R,,01t6A000000aqfvQAA,0016A00000JqrrcQAB,a0FPW00000WmhO82AJ,1268.4,1268.400000,UPDATE,,
SBQQ__ContractedPrice__c,PEE084585-UV552,,01t6A000000arSGQAY,0016A00000JqrrcQAB,a0FPW00000WmhO92AJ,1294.02,1294.020000,UPDATE,,
SBQQ__ContractedPrice__c,PEE084585-XHB652,,01t6A000000bVzyQAE,0016A00000JqrrcQAB,a0FPW00000WmhOa2AJ,6465.5,6465.500000,UPDATE,,
SBQQ__ContractedPrice__c,PEE084585-080000307,,01t6A000002ZPbOQAW,0016A00000JqrrcQAB,,,55.690000,INSERT,,
SBQQ__ContractedPrice__c,PEE084585-20VG80,,01t6A000000asNgQAI,0016A00000JqrrcQAB,a0FPW00000Wmb4h2AB,157.76,143.420000,UPDATE,,
SBQQ__ContractedPrice__c,PIO708563-ACC951,,01t6A000000aswaQAA,0016A00000Jqr7hQAB,a0F2K00000PWNaFUAX,34.23,41.800000,UPDATE,,
SBQQ__ContractedPrice__c,SIE790298-ACC951,,01t6A000000aswaQAA,0016A00000JqrA6QAJ,a0F2K00000PWNt1UAH,34.23,41.800000,UPDATE,,
SBQQ__ContractedPrice__c,ELE232234-ACC951,,01t6A000000aswaQAA,MISSING,,,41.800000,SKIP,,AcctCD 'ELE232234' not found in Account.Account_Number__c
SBQQ__ContractedPrice__c,STV283347-ACC951,,01t6A000000aswaQAA,0016A00000JqrfvQAB,a0F2K00000PWN7HUAX,34.23,41.800000,UPDATE,,
SBQQ__ContractedPrice__c,PEE084585-DEV-MOD-P150-884,,01t6A000002ZPajQAG,0016A00000JqrrcQAB,a0FPW00000Wm4iN2AR,26.19,23.810000,UPDATE,,
SBQQ__ContractedPrice__c,CAS131679-DS-C560-1X3,,01t6A000000arjOQAQ,001PW00000iFUdzYAG,a0FPW00000WmgUK2AZ,1437.0,1581.000000,UPDATE,,
SBQQ__ContractedPrice__c,PEE084585-ACC-46HP,,01t6A000000asMsQAI,0016A00000JqrrcQAB,a0FPW00000Wmb6Y2AR,7.6,6.910000,UPDATE,,
SBQQ__ContractedPrice__c,PEE084585-BKT-7051-REV1,,01t2K000006XLcLQAW,0016A00000JqrrcQAB,a0FPW00000Wmh502AB,1460.47,1460.470000,UPDATE,,
SBQQ__ContractedPrice__c,PEE084585-DS-VW795-QR,,01t6A000000arUqQAI,0016A00000JqrrcQAB,a0FPW00000WmbF72AJ,122.49,111.350000,UPDATE,,
SBQQ__ContractedPrice__c,CAS131679-DS-VW795-QR,,01t6A000000arUqQAI,001PW00000iFUdzYAG,a0FPW00000WmT0x2AF,377.0,377.000000,UPDATE,,
SBQQ__ContractedPrice__c,CAS131664-DS-VW795-QR,,01t6A000000arUqQAI,0016A00000JqrfSQAR,a0FPW00000WmgMU2AZ,1057.0,1163.000000,UPDATE,,
SBQQ__ContractedPrice__c,CAS131664-DSF210-SFC,,01t6A000000areVQAQ,0016A00000JqrfSQAR,a0FPW00000WmYHJ2A3,87.0,87.000000,UPDATE,,
SBQQ__ContractedPrice__c,CAS131679-DS-VW775-QR,,01t6A000000aqqDQAQ,001PW00000iFUdzYAG,a0FPW00000WmT0w2AF,294.0,294.000000,UPDATE,,
SBQQ__ContractedPrice__c,CAS131664-DS-VW775-QR,,01t6A000000aqqDQAQ,0016A00000JqrfSQAR,a0FPW00000WmYM02AN,922.0,922.000000,UPDATE,,
SBQQ__ContractedPrice__c,PEE084585-DS-VWS023,,01t6A000000as9iQAA,0016A00000JqrrcQAB,a0FPW00000WmbFo2AJ,13.13,11.940000,UPDATE,,
SBQQ__ContractedPrice__c,PEE084585-DS-VWS025,,01t6A000000asHwQAI,0016A00000JqrrcQAB,a0FPW00000WmbFs2AJ,19.77,17.970000,UPDATE,,
SBQQ__ContractedPrice__c,PEE084585-DS334,,01t6A000000arGYQAY,0016A00000JqrrcQAB,a0FPW00000Wm4iS2AR,81.82,74.380000,UPDATE,,
SBQQ__ContractedPrice__c,PEE084585-DSF210-GHC,,01t6A000000arjmQAA,0016A00000JqrrcQAB,a0FPW00000Wm4iY2AR,97.7,88.820000,UPDATE,,
SBQQ__ContractedPrice__c,PEE084585-DS-C560-1X3,,01t6A000000arjOQAQ,0016A00000JqrrcQAB,a0FPW00000WmhBs2AJ,1048.47,1048.470000,UPDATE,,
SBQQ__ContractedPrice__c,CAS131664-DS-C560-1X3,,01t6A000000arjOQAQ,0016A00000JqrfSQAR,a0FPW00000WmgLq2AJ,4370.0,4807.000000,UPDATE,,
SBQQ__ContractedPrice__c,CAS131664-DS-MBZ642L,,01t6A000000asjHQAQ,0016A00000JqrfSQAR,a0FPW00000WmYLm2AN,264.0,265.000000,UPDATE,,
SBQQ__ContractedPrice__c,PEE084585-DS-MBZ642L,,01t6A000000asjHQAQ,0016A00000JqrrcQAB,a0FPW00000WmbEW2AZ,59.29,53.900000,UPDATE,,
SBQQ__ContractedPrice__c,CAS131679-DS-MBZ642L,,01t6A000000asjHQAQ,001PW00000iFUdzYAG,a0FPW00000WmT0b2AF,70.0,70.000000,UPDATE,,
SBQQ__ContractedPrice__c,CAS131679-DS-MBZ947L-3X1,,01t6A000000ard1QAA,001PW00000iFUdzYAG,a0FPW00000WmT0h2AF,526.0,526.000000,UPDATE,,
SBQQ__ContractedPrice__c,CAS131679-DSF210-SFC,,01t6A000000areVQAQ,001PW00000iFUdzYAG,a0FPW00000WmYVg2AN,30.0,30.000000,UPDATE,,
SBQQ__ContractedPrice__c,PEE084585-DSF210-SFC,,01t6A000000areVQAQ,0016A00000JqrrcQAB,a0FPW00000Wm4iZ2AR,23.43,21.300000,UPDATE,,
SBQQ__ContractedPrice__c,PEE084585-DST360,,01t6A000000asAEQAY,0016A00000JqrrcQAB,a0FPW00000WmbEm2AJ,156.97,142.700000,UPDATE,,
SBQQ__ContractedPrice__c,CAS131679-DST360,,01t6A000000asAEQAY,001PW00000iFUdzYAG,a0FPW00000WmT0l2AF,238.0,238.000000,UPDATE,,
SBQQ__ContractedPrice__c,CAS131664-DST360,,01t6A000000asAEQAY,0016A00000JqrfSQAR,a0FPW00000WmYLr2AN,730.0,730.000000,UPDATE,,
SBQQ__ContractedPrice__c,PEE084585-DS-MBZ947L-3X1,,01t6A000000ard1QAA,0016A00000JqrrcQAB,a0FPW00000WmbEe2AJ,391.82,356.200000,UPDATE,,
SBQQ__ContractedPrice__c,CAS131664-DS-MBZ947L-3X1,,01t6A000000ard1QAA,0016A00000JqrfSQAR,a0FPW00000WmgMD2AZ,1459.0,1605.000000,UPDATE,,
SBQQ__ContractedPrice__c,CAS131664-DS-S555-4X2,,01t6A000000aqqPQAQ,0016A00000JqrfSQAR,a0FPW00000WmgMI2AZ,6568.0,7224.000000,UPDATE,,
SBQQ__ContractedPrice__c,CAS131679-DS-S555-4X2,,01t6A000000aqqPQAQ,001PW00000iFUdzYAG,a0FPW00000WmgVV2AZ,2171.0,2388.000000,UPDATE,,
SBQQ__ContractedPrice__c,PEE084585-DS-S555-4X2,,01t6A000000aqqPQAQ,0016A00000JqrrcQAB,a0FPW00000WmhDw2AJ,1317.11,1317.110000,UPDATE,,
SBQQ__ContractedPrice__c,PEE084585-DS-VW650,,01t6A000000aswYQAQ,0016A00000JqrrcQAB,a0FPW00000WmbEw2AJ,79.42,72.200000,UPDATE,,
SBQQ__ContractedPrice__c,CAS131679-DS-VW650,,01t6A000000aswYQAQ,001PW00000iFUdzYAG,a0FPW00000WmT0q2AF,128.0,128.000000,UPDATE,,
SBQQ__ContractedPrice__c,CAS131664-DS-VW650,,01t6A000000aswYQAQ,0016A00000JqrfSQAR,a0FPW00000WmYLv2AN,391.0,391.000000,UPDATE,,
SBQQ__ContractedPrice__c,PEE084585-DS-VWS014,,01t6A000000arDcQAI,0016A00000JqrrcQAB,a0FPW00000WmbFX2AZ,17.17,15.610000,UPDATE,,
SBQQ__ContractedPrice__c,PEE084585-DS-VWS092,,01t6A000000arl6QAA,0016A00000JqrrcQAB,a0FPW00000WmbGv2AJ,12.02,10.930000,UPDATE,,
SBQQ__ContractedPrice__c,PEE084585-IB14X9C-W,,01t2K00000AoGhDQAV,0016A00000JqrrcQAB,a0FPW00000Wm9UX2AZ,9.38,8.530000,UPDATE,,
SBQQ__ContractedPrice__c,PEE084585-12-04-10383,,01t6A000000at2OQAQ,0016A00000JqrrcQAB,a0FPW00000Wmb4a2AB,31.67,28.790000,UPDATE,,
SBQQ__ContractedPrice__c,PEE084585-135-115108-02,,01t6A000002hVAIQA2,0016A00000JqrrcQAB,a0FPW00000Wmb4b2AB,111.93,101.750000,UPDATE,,
SBQQ__ContractedPrice__c,PEE084585-2ZA83,,01t6A000000arHuQAI,0016A00000JqrrcQAB,a0FPW00000Wmb4l2AB,32.4,29.450000,UPDATE,,
SBQQ__ContractedPrice__c,PEE084585-38X968,,01t6A000000atVmQAI,0016A00000JqrrcQAB,a0FPW00000Wmb502AB,404.27,367.520000,UPDATE,,
SBQQ__ContractedPrice__c,PEE084585-38X971,,01t6A000000atVpQAI,0016A00000JqrrcQAB,a0FPW00000Wmb522AB,34.95,31.770000,UPDATE,,
SBQQ__ContractedPrice__c,PEE084585-38X995,,01t6A000000asYlQAI,0016A00000JqrrcQAB,a0FPW00000Wmb5B2AR,72.74,66.130000,UPDATE,,
SBQQ__ContractedPrice__c,PEE084585-38Y011,,01t6A000000arH9QAI,0016A00000JqrrcQAB,a0FPW00000Wmb5D2AR,62.7,57.000000,UPDATE,,
SBQQ__ContractedPrice__c,PEE084585-2ZA84,,01t6A000000arvzQAA,0016A00000JqrrcQAB,a0FPW00000Wmb4m2AB,56.65,51.500000,UPDATE,,
SBQQ__ContractedPrice__c,PEE084585-2ZA85,,01t6A000000ar1HQAQ,0016A00000JqrrcQAB,a0FPW00000Wmb4n2AB,241.96,219.960000,UPDATE,,
SBQQ__ContractedPrice__c,PEE084585-38X966,,01t6A000000atVkQAI,0016A00000JqrrcQAB,a0FPW00000Wmb4y2AB,14.69,13.350000,UPDATE,,
SBQQ__ContractedPrice__c,PEE084585-38X967,,01t6A000000atVlQAI,0016A00000JqrrcQAB,a0FPW00000Wmb4z2AB,116.83,106.210000,UPDATE,,
SBQQ__ContractedPrice__c,PEE084585-38X975,,01t6A000000asYdQAI,0016A00000JqrrcQAB,a0FPW00000Wmb552AB,114.54,104.130000,UPDATE,,
SBQQ__ContractedPrice__c,PEE084585-38X979,,01t6A000000asYfQAI,0016A00000JqrrcQAB,a0FPW00000Wmb572AB,34.84,31.670000,UPDATE,,
SBQQ__ContractedPrice__c,PEE084585-3XVZ1,,01t6A000000as85QAA,0016A00000JqrrcQAB,a0FPW00000Wmb5H2AR,12.58,11.440000,UPDATE,,
SBQQ__ContractedPrice__c,CAS131679-DSF210-GHC,,01t6A000000arjmQAA,001PW00000iFUdzYAG,a0FPW00000WmYVf2AN,134.0,134.000000,UPDATE,,
SBQQ__ContractedPrice__c,CAS131664-DSF210-GHC,,01t6A000000arjmQAA,0016A00000JqrfSQAR,a0FPW00000WmYHI2A3,404.0,404.000000,UPDATE,,
SBQQ__ContractedPrice__c,CAS131664-DSF210-SHC,,01t6A000000arjoQAA,0016A00000JqrfSQAR,a0FPW00000WmYHK2A3,87.0,87.000000,UPDATE,,
SBQQ__ContractedPrice__c,CAS131679-DSF210-SHC,,01t6A000000arjoQAA,001PW00000iFUdzYAG,a0FPW00000WmYVh2AN,29.0,29.000000,UPDATE,,
SBQQ__ContractedPrice__c,PEE084585-DSF210-SHC,,01t6A000000arjoQAA,0016A00000JqrrcQAB,a0FPW00000Wm4ia2AB,22.63,20.570000,UPDATE,,
SBQQ__ContractedPrice__c,PEE084585-DSF290,,01t6A000000asQsQAI,0016A00000JqrrcQAB,a0FPW00000Wm4ib2AB,61.36,55.780000,UPDATE,,
SBQQ__ContractedPrice__c,CAS131679-IB14X9C-W,,01t2K00000AoGhDQAV,001PW00000iFUdzYAG,a0FPW00000WmT1y2AF,31.0,31.000000,UPDATE,,
SBQQ__ContractedPrice__c,CAS131664-IB14X9C-W,,01t2K00000AoGhDQAV,0016A00000JqrfSQAR,a0FPW00000WmYMU2A3,75.0,75.000000,UPDATE,,
SBQQ__ContractedPrice__c,PEE084585-050000159,,01t6A000002ZPZtQAO,0016A00000JqrrcQAB,,,12.210000,INSERT,,
SBQQ__ContractedPrice__c,PEE084585-050000163,,01t6A000002ZPZuQAO,0016A00000JqrrcQAB,,,2.980000,INSERT,,
SBQQ__ContractedPrice__c,PEE084585-DS-VWT955-2X2,,01t6A000000asYUQAY,0016A00000JqrrcQAB,a0FPW00000WmbGx2AJ,971.49,883.170000,UPDATE,,
SBQQ__ContractedPrice__c,PEE084585-DST970X2,,01t6A000000atc5QAA,0016A00000JqrrcQAB,a0FPW00000WmbEs2AJ,193.97,176.340000,UPDATE,,
SBQQ__ContractedPrice__c,CAS131679-DST970X2,,01t6A000000atc5QAA,001PW00000iFUdzYAG,a0FPW00000WmT0o2AF,295.0,295.000000,UPDATE,,
SBQQ__ContractedPrice__c,PEE084585-3XVZ6,,01t6A000000atIeQAI,0016A00000JqrrcQAB,a0FPW00000Wmb5M2AR,60.29,54.810000,UPDATE,,
SBQQ__ContractedPrice__c,PEE084585-3XVZ9,,01t6A000000asezQAA,0016A00000JqrrcQAB,a0FPW00000Wmb5P2AR,55.73,50.660000,UPDATE,,
SBQQ__ContractedPrice__c,PEE084585-3XWC6,,01t6A000000asmZQAQ,0016A00000JqrrcQAB,a0FPW00000Wmb5X2AR,185.37,168.520000,UPDATE,,
SBQQ__ContractedPrice__c,PEE084585-3YMA1,,01t6A000000arWaQAI,0016A00000JqrrcQAB,a0FPW00000Wmb5d2AB,19.9,18.090000,UPDATE,,
SBQQ__ContractedPrice__c,PEE084585-3YMA2,,01t6A000000atK6QAI,0016A00000JqrrcQAB,a0FPW00000Wmb5e2AB,22.29,20.260000,UPDATE,,
SBQQ__ContractedPrice__c,PEE084585-407K54,,01t2K000006NXfOQAW,0016A00000JqrrcQAB,a0FPW00000Wmb5j2AB,94.77,86.150000,UPDATE,,
SBQQ__ContractedPrice__c,PEE084585-4250PMK,,01t6A000000araMQAQ,0016A00000JqrrcQAB,a0FPW00000WmUre2AF,119.46,108.600000,UPDATE,,
SBQQ__ContractedPrice__c,CAS131679-DSF290,,01t6A000000asQsQAI,001PW00000iFUdzYAG,a0FPW00000WmYVi2AN,84.0,87.110000,UPDATE,,
SBQQ__ContractedPrice__c,CAS131664-DSF290,,01t6A000000asQsQAI,0016A00000JqrfSQAR,a0FPW00000WmYHL2A3,252.0,252.000000,UPDATE,,
SBQQ__ContractedPrice__c,PEE084585-DST940-BTB,,01t6A000000arfiQAA,0016A00000JqrrcQAB,a0FPW00000WmbEp2AJ,367.64,334.220000,UPDATE,,
SBQQ__ContractedPrice__c,PEE084585-DST965,,01t6A000000as4uQAA,0016A00000JqrrcQAB,a0FPW00000WmbEr2AJ,351.84,319.850000,UPDATE,,
SBQQ__ContractedPrice__c,CAS131679-DST965,,01t6A000000as4uQAA,001PW00000iFUdzYAG,a0FPW00000WmT0n2AF,485.0,485.000000,UPDATE,,
SBQQ__ContractedPrice__c,CAS131664-DST965,,01t6A000000as4uQAA,0016A00000JqrfSQAR,a0FPW00000WmgMP2AZ,1344.0,1479.000000,UPDATE,,
SBQQ__ContractedPrice__c,CAS131664-DSX750,,01t6A000000atLlQAI,0016A00000JqrfSQAR,a0FPW00000WmYM12AN,353.0,353.000000,UPDATE,,
SBQQ__ContractedPrice__c,CAS131679-DSX750,,01t6A000000atLlQAI,001PW00000iFUdzYAG,a0FPW00000WmT1E2AV,116.0,116.700000,UPDATE,,
SBQQ__ContractedPrice__c,PEE084585-DSX750,,01t6A000000atLlQAI,0016A00000JqrrcQAB,a0FPW00000WmbGz2AJ,90.54,82.310000,UPDATE,,
SBQQ__ContractedPrice__c,CAS131664-EPT630,,01t6A000000arACQAY,0016A00000JqrfSQAR,a0FPW00000WmYM42AN,151.0,151.000000,UPDATE,,
SBQQ__ContractedPrice__c,CAS131679-EPT630,,01t6A000000arACQAY,001PW00000iFUdzYAG,a0FPW00000WmT1I2AV,43.0,43.000000,UPDATE,,
SBQQ__ContractedPrice__c,PEE084585-EPT630,,01t6A000000arACQAY,0016A00000JqrrcQAB,a0FPW00000Wm9TS2AZ,25.64,23.310000,UPDATE,,
SBQQ__ContractedPrice__c,PEE084585-EPT650-CC,,01t6A000000atTAQAY,0016A00000JqrrcQAB,a0FPW00000Wm9TV2AZ,45.21,41.100000,UPDATE,,
SBQQ__ContractedPrice__c,PEE084585-FMACSBR1,,01t6A000000arpPQAQ,0016A00000JqrrcQAB,a0FPW00000Wm9Tv2AJ,7.51,6.830000,UPDATE,,
SBQQ__ContractedPrice__c,PEE084585-HA746-STB,,01t6A000000atTdQAI,0016A00000JqrrcQAB,a0FPW00000Wm9U62AJ,104.93,95.390000,UPDATE,,
SBQQ__ContractedPrice__c,CAS131679-HA746-STB,,01t6A000000atTdQAI,001PW00000iFUdzYAG,a0FPW00000WmT1f2AF,132.0,132.000000,UPDATE,,
SBQQ__ContractedPrice__c,CAS131664-HA746-STB,,01t6A000000atTdQAI,0016A00000JqrfSQAR,a0FPW00000WmYMH2A3,429.0,429.000000,UPDATE,,
SBQQ__ContractedPrice__c,PEE084585-HP432-002-S,,01t6A000000arEhQAI,0016A00000JqrrcQAB,a0FPW00000Wm9UI2AZ,56.9,51.730000,UPDATE,,
SBQQ__ContractedPrice__c,PEE084585-IBA2,,01t6A000000artJQAQ,0016A00000JqrrcQAB,a0FPW00000Wm9UZ2AZ,29.02,26.380000,UPDATE,,
SBQQ__ContractedPrice__c,CAS131679-IBA2,,01t6A000000artJQAQ,001PW00000iFUdzYAG,a0FPW00000WmT202AF,43.0,43.000000,UPDATE,,
SBQQ__ContractedPrice__c,CAS131664-DST980-3,,01t6A000000at33QAA,0016A00000JqrfSQAR,a0FPW00000WmgMR2AZ,2918.0,3210.000000,UPDATE,,
SBQQ__ContractedPrice__c,CAS131679-DST980-3,,01t6A000000at33QAA,001PW00000iFUdzYAG,a0FPW00000WmfmP2AR,959.0,1055.000000,UPDATE,,
SBQQ__ContractedPrice__c,PEE084585-DST980-3,,01t6A000000at33QAA,0016A00000JqrrcQAB,a0FPW00000WmbEu2AJ,679.33,617.570000,UPDATE,,
SBQQ__ContractedPrice__c,CAS131664-EPT650,,01t6A000000aryTQAQ,0016A00000JqrfSQAR,a0FPW00000WmYM52AN,404.0,404.000000,UPDATE,,
SBQQ__ContractedPrice__c,CAS131679-EPT650,,01t6A000000aryTQAQ,001PW00000iFUdzYAG,a0FPW00000WmT1J2AV,132.0,132.000000,UPDATE,,
SBQQ__ContractedPrice__c,PEE084585-EPT650,,01t6A000000aryTQAQ,0016A00000JqrrcQAB,a0FPW00000Wm9TU2AZ,43.3,39.360000,UPDATE,,
SBQQ__ContractedPrice__c,CAS131664-DST970X2,,01t6A000000atc5QAA,0016A00000JqrfSQAR,a0FPW00000WmYLt2AN,892.0,892.000000,UPDATE,,
SBQQ__ContractedPrice__c,PEE084585-EPA762PU-CC,,01t6A000000bQNuQAM,0016A00000JqrrcQAB,a0FPW00000Wm9TR2AZ,124.44,113.130000,UPDATE,,
SBQQ__ContractedPrice__c,PEE084585-ESF655P,,01t6A000000ascPQAQ,0016A00000JqrrcQAB,a0FPW00000Wm9TX2AZ,74.84,68.040000,UPDATE,,
SBQQ__ContractedPrice__c,CAS131679-ESF655P,,01t6A000000ascPQAQ,001PW00000iFUdzYAG,a0FPW00000WmT1L2AV,122.0,122.000000,UPDATE,,
SBQQ__ContractedPrice__c,CAS131664-ESF655P,,01t6A000000ascPQAQ,0016A00000JqrfSQAR,a0FPW00000WmYM72AN,416.0,416.000000,UPDATE,,
SBQQ__ContractedPrice__c,CAS131664-EST655P,,01t6A000000asLUQAY,0016A00000JqrfSQAR,a0FPW00000WmYMB2A3,454.0,454.000000,UPDATE,,
SBQQ__ContractedPrice__c,PEE084585-EWL-55XE4F,,01t2K000006XFEIQA4,0016A00000JqrrcQAB,a0FPW00000Wm9Tk2AJ,310.51,282.280000,UPDATE,,
SBQQ__ContractedPrice__c,CAS131679-EWL-55XE4F,,01t2K000006XFEIQA4,001PW00000iFUdzYAG,a0FPW00000WmT1W2AV,519.0,519.000000,UPDATE,,
SBQQ__ContractedPrice__c,CAS131664-EWL-55XE4F,,01t2K000006XFEIQA4,0016A00000JqrfSQAR,a0FPW00000WmgMZ2AZ,1436.0,1580.000000,UPDATE,,
SBQQ__ContractedPrice__c,CAS131664-EWMU,,01t6A000000asuDQAQ,0016A00000JqrfSQAR,a0FPW00000WmYMC2A3,618.0,619.000000,UPDATE,,
SBQQ__ContractedPrice__c,CAS131679-EWMU,,01t6A000000asuDQAQ,001PW00000iFUdzYAG,a0FPW00000WmT1X2AV,202.0,212.000000,UPDATE,,
SBQQ__ContractedPrice__c,PEE084585-EWMU,,01t6A000000asuDQAQ,0016A00000JqrrcQAB,a0FPW00000Wm9Tl2AJ,151.53,137.750000,UPDATE,,
SBQQ__ContractedPrice__c,PEE084585-HLC-KIT-Q10,,01t6A000000aqpbQAA,0016A00000JqrrcQAB,a0FPW00000Wm9UG2AZ,88.34,80.310000,UPDATE,,
SBQQ__ContractedPrice__c,CAS131664-IBA2,,01t6A000000artJQAQ,0016A00000JqrfSQAR,a0FPW00000WmYMW2A3,125.0,125.000000,UPDATE,,
SBQQ__ContractedPrice__c,CAS131679-IBA2AC-W,,01t6A000000as14QAA,001PW00000iFUdzYAG,a0FPW00000WmT222AF,91.0,91.000000,UPDATE,,
SBQQ__ContractedPrice__c,PEE084585-IBA2AC-W,,01t6A000000as14QAA,0016A00000JqrrcQAB,a0FPW00000Wm9Ub2AJ,71.23,64.750000,UPDATE,,
SBQQ__ContractedPrice__c,PEE084585-IBA3,,01t6A000000artLQAQ,0016A00000JqrrcQAB,a0FPW00000Wm9Uf2AJ,29.19,26.540000,UPDATE,,
SBQQ__ContractedPrice__c,CAS131679-IBA3,,01t6A000000artLQAQ,001PW00000iFUdzYAG,a0FPW00000WmT242AF,39.0,39.000000,UPDATE,,
SBQQ__ContractedPrice__c,CAS131679-IM760PU,,01t6A000000asAaQAI,001PW00000iFUdzYAG,a0FPW00000WmYWW2A3,389.0,389.000000,UPDATE,,
SBQQ__ContractedPrice__c,PEE084585-IM760PU,,01t6A000000asAaQAI,0016A00000JqrrcQAB,a0FPW00000WmbHQ2AZ,284.55,258.680000,UPDATE,,
SBQQ__ContractedPrice__c,PEE084585-38Y013,,01t6A000000atVgQAI,0016A00000JqrrcQAB,a0FPW00000Wmb5F2AR,117.14,106.490000,UPDATE,,
SBQQ__ContractedPrice__c,PEE084585-3XVZ5,,01t6A000000atIdQAI,0016A00000JqrrcQAB,a0FPW00000Wmb5L2AR,49.25,44.770000,UPDATE,,
SBQQ__ContractedPrice__c,PEE084585-3XWA2,,01t2K000006KEItQAO,0016A00000JqrrcQAB,a0FPW00000Wmb5Q2AR,289.2,262.910000,UPDATE,,
SBQQ__ContractedPrice__c,PEE084585-3XWA5,,01t6A000000asf0QAA,0016A00000JqrrcQAB,a0FPW00000Wmb5R2AR,159.82,145.290000,UPDATE,,
SBQQ__ContractedPrice__c,PEE084585-3YLZ4,,01t6A000000arKPQAY,0016A00000JqrrcQAB,a0FPW00000Wmb5Y2AR,10.27,9.340000,UPDATE,,
SBQQ__ContractedPrice__c,PEE084585-3YLZ6,,01t6A000000arKRQAY,0016A00000JqrrcQAB,a0FPW00000Wmb5a2AB,16.3,14.820000,UPDATE,,
SBQQ__ContractedPrice__c,PEE084585-3YLZ9,,01t6A000000arWZQAY,0016A00000JqrrcQAB,a0FPW00000Wmb5c2AB,11.4,10.360000,UPDATE,,
SBQQ__ContractedPrice__c,PEE084585-452Y52,,01t2K000006NXgCQAW,0016A00000JqrrcQAB,a0FPW00000WmUro2AF,79.55,72.320000,UPDATE,,
SBQQ__ContractedPrice__c,PEE084585-452Y55,,01t2K000006NXeCQAW,0016A00000JqrrcQAB,a0FPW00000WmUrr2AF,29.95,27.230000,UPDATE,,
SBQQ__ContractedPrice__c,PEE084585-452Y78,,01t2K000006NXhHQAW,0016A00000JqrrcQAB,a0FPW00000WmUrv2AF,109.49,99.540000,UPDATE,,
SBQQ__ContractedPrice__c,PEE084585-452Y83,,01t2K000006NXhLQAW,0016A00000JqrrcQAB,a0FPW00000WmUry2AF,112.98,102.710000,UPDATE,,
SBQQ__ContractedPrice__c,PEE084585-452Y88,,01t2K000006NXhlQAG,0016A00000JqrrcQAB,a0FPW00000Wmh4f2AB,1249.03,1249.030000,UPDATE,,
SBQQ__ContractedPrice__c,PEE084585-452Y91,,01t2K000006NXh7QAG,0016A00000JqrrcQAB,a0FPW00000Wmh4i2AB,2310.31,2310.310000,UPDATE,,
SBQQ__ContractedPrice__c,CAS131679-HLC-KIT-Q10,,01t6A000000aqpbQAA,001PW00000iFUdzYAG,a0FPW00000WmT1n2AF,108.0,108.000000,UPDATE,,
SBQQ__ContractedPrice__c,CAS131679-HP432-002,,01t6A000000arT8QAI,001PW00000iFUdzYAG,a0FPW00000WmT1o2AF,73.0,73.000000,UPDATE,,
SBQQ__ContractedPrice__c,PEE084585-HP432-002,,01t6A000000arT8QAI,0016A00000JqrrcQAB,a0FPW00000Wm9UH2AZ,55.4,50.360000,UPDATE,,
SBQQ__ContractedPrice__c,PEE084585-HPF665,,01t2K000006XLOcQAO,0016A00000JqrrcQAB,a0FPW00000Wm9UN2AZ,90.95,82.680000,UPDATE,,
SBQQ__ContractedPrice__c,CAS131679-HPF665,,01t2K000006XLOcQAO,001PW00000iFUdzYAG,a0FPW00000WmT1s2AF,172.0,172.000000,UPDATE,,
SBQQ__ContractedPrice__c,CAS131664-HPF665,,01t2K000006XLOcQAO,0016A00000JqrfSQAR,a0FPW00000WmYMO2A3,517.0,518.000000,UPDATE,,
SBQQ__ContractedPrice__c,CAS131664-IB14X9-AC-W,,01t2K000006MDPcQAO,0016A00000JqrfSQAR,a0FPW00000WmYMT2A3,391.0,391.000000,UPDATE,,
SBQQ__ContractedPrice__c,CAS131679-EST655P,,01t6A000000asLUQAY,001PW00000iFUdzYAG,a0FPW00000WmT1U2AV,149.0,149.000000,UPDATE,,
SBQQ__ContractedPrice__c,PEE084585-EST655P,,01t6A000000asLUQAY,0016A00000JqrrcQAB,a0FPW00000Wm9Tg2AJ,107.56,97.780000,UPDATE,,
SBQQ__ContractedPrice__c,PEE084585-EWP-49XE4F,,01t2K000006SlCSQA0,0016A00000JqrrcQAB,a0FPW00000Wm9Tm2AJ,291.46,264.960000,UPDATE,,
SBQQ__ContractedPrice__c,CAS131679-EWP-49XE4F,,01t2K000006SlCSQA0,001PW00000iFUdzYAG,a0FPW00000WmT1Y2AV,461.0,461.000000,UPDATE,,
SBQQ__ContractedPrice__c,CAS131664-EWP-49XE4F,,01t2K000006SlCSQA0,0016A00000JqrfSQAR,a0FPW00000WmgMa2AJ,1333.0,1466.000000,UPDATE,,
SBQQ__ContractedPrice__c,PEE084585-FLD-UNV,,01t6A000000arPbQAI,0016A00000JqrrcQAB,a0FPW00000Wm9Tu2AJ,5.91,5.370000,UPDATE,,
SBQQ__ContractedPrice__c,PEE084585-HA747PU,,01t6A000000asp2QAA,0016A00000JqrrcQAB,a0FPW00000Wm9U72AJ,104.78,95.250000,UPDATE,,
SBQQ__ContractedPrice__c,CAS131679-IB14X9-AC-W,,01t2K000006MDPcQAO,001PW00000iFUdzYAG,a0FPW00000WmT1x2AF,132.0,132.000000,UPDATE,,
SBQQ__ContractedPrice__c,PEE084585-IB14X9-AC-W,,01t2K000006MDPcQAO,0016A00000JqrrcQAB,a0FPW00000Wm9UW2AZ,78.36,71.240000,UPDATE,,
SBQQ__ContractedPrice__c,PEE084585-IBA2-M,,01t6A000000atSIQAY,0016A00000JqrrcQAB,a0FPW00000Wm9Uc2AJ,29.39,26.720000,UPDATE,,
SBQQ__ContractedPrice__c,PEE084585-IBA2AC,,01t6A000000asYRQAY,0016A00000JqrrcQAB,a0FPW00000Wm9Ua2AJ,70.26,63.870000,UPDATE,,
SBQQ__ContractedPrice__c,CAS131679-IBA2AC,,01t6A000000asYRQAY,001PW00000iFUdzYAG,a0FPW00000WmT212AF,91.0,91.000000,UPDATE,,
SBQQ__ContractedPrice__c,CAS131664-IBA2AC,,01t6A000000asYRQAY,0016A00000JqrfSQAR,a0FPW00000WmYMX2A3,292.0,291.000000,UPDATE,,
SBQQ__ContractedPrice__c,CAS131664-IBA3AC,,01t6A000000as15QAA,0016A00000JqrfSQAR,a0FPW00000WmYMY2A3,305.0,305.000000,UPDATE,,
SBQQ__ContractedPrice__c,CAS131679-HA747PU,,01t6A000000asp2QAA,001PW00000iFUdzYAG,a0FPW00000WmT1g2AF,160.0,160.000000,UPDATE,,
SBQQ__ContractedPrice__c,CAS131664-HA747PU,,01t6A000000asp2QAA,0016A00000JqrfSQAR,a0FPW00000WmYMI2A3,466.0,467.000000,UPDATE,,
SBQQ__ContractedPrice__c,PEE084585-HL4UN-002-Q10,,01t6A000000atVcQAI,0016A00000JqrrcQAB,a0FPW00000Wm9UE2AZ,44.36,40.330000,UPDATE,,
SBQQ__ContractedPrice__c,PEE084585-HP447,,01t6A000000ar00QAA,0016A00000JqrrcQAB,a0FPW00000Wm9UJ2AZ,76.59,69.630000,UPDATE,,
SBQQ__ContractedPrice__c,CAS131679-HP447,,01t6A000000ar00QAA,001PW00000iFUdzYAG,a0FPW00000WmT1p2AF,105.0,105.000000,UPDATE,,
SBQQ__ContractedPrice__c,CAS131664-HP447,,01t6A000000ar00QAA,0016A00000JqrfSQAR,a0FPW00000WmYMK2A3,303.0,302.000000,UPDATE,,
SBQQ__ContractedPrice__c,CAS131664-IBA4-W,,01t6A000000ariFQAQ,0016A00000JqrfSQAR,a0FPW00000WmYMa2AN,36.0,37.000000,UPDATE,,
SBQQ__ContractedPrice__c,PEE084585-452Y93,,01t2K000006NXhXQAW,0016A00000JqrrcQAB,a0FPW00000WmUs22AF,843.63,766.940000,UPDATE,,
SBQQ__ContractedPrice__c,PEE084585-55YF32,,01t2K000006XG6IQAW,0016A00000JqrrcQAB,a0FPW00000WmUsE2AV,97.83,88.940000,UPDATE,,
SBQQ__ContractedPrice__c,PEE084585-ACC-CCPHD,,01t6A000000aqgiQAA,0016A00000JqrrcQAB,a0FPW00000Wmb7L2AR,27.53,25.030000,UPDATE,,
SBQQ__ContractedPrice__c,CAS131679-ACC-CCPHD,,01t6A000000aqgiQAA,001PW00000iFUdzYAG,a0FPW00000WmYTr2AN,39.0,39.000000,UPDATE,,
SBQQ__ContractedPrice__c,CAS131664-ACC-CCPHD,,01t6A000000aqgiQAA,0016A00000JqrfSQAR,a0FPW00000WmYFf2AN,112.0,113.000000,UPDATE,,
SBQQ__ContractedPrice__c,CAS131664-ACC-MB3500,,01t6A000000asUYQAY,0016A00000JqrfSQAR,a0FPW00000WmYFv2AN,125.0,125.000000,UPDATE,,
SBQQ__ContractedPrice__c,PEE084585-ACC-MB3500,,01t6A000000asUYQAY,0016A00000JqrrcQAB,a0FPW00000WmbBu2AJ,20.26,18.420000,UPDATE,,
SBQQ__ContractedPrice__c,CAS131664-IM760PU,,01t6A000000asAaQAI,0016A00000JqrfSQAR,a0FPW00000WmgMd2AJ,1080.0,1188.000000,UPDATE,,
SBQQ__ContractedPrice__c,CAS131664-IWB680-W,,01t6A000000aqjDQAQ,0016A00000JqrfSQAR,a0FPW00000WmYMh2AN,657.0,657.000000,UPDATE,,
SBQQ__ContractedPrice__c,PEE084585-IWB680-W,,01t6A000000aqjDQAQ,0016A00000JqrrcQAB,a0FPW00000WmbHV2AZ,81.7,74.270000,UPDATE,,
SBQQ__ContractedPrice__c,CAS131679-IWB680-W,,01t6A000000aqjDQAQ,001PW00000iFUdzYAG,a0FPW00000WmYWa2AN,222.0,222.000000,UPDATE,,
SBQQ__ContractedPrice__c,PEE084585-KEY-012,,01t6A000000asARQAY,0016A00000JqrrcQAB,a0FPW00000WmbHg2AJ,3.37,3.060000,UPDATE,,
SBQQ__ContractedPrice__c,PEE084585-KEY-040,,01t6A000000atR9QAI,0016A00000JqrrcQAB,a0FPW00000WmbHq2AJ,3.0,2.730000,UPDATE,,
SBQQ__ContractedPrice__c,PEE084585-KEY-044,,01t6A000000atAsQAI,0016A00000JqrrcQAB,a0FPW00000WmbHr2AJ,4.11,3.740000,UPDATE,,
SBQQ__ContractedPrice__c,CAS131679-IBA4-W,,01t6A000000ariFQAQ,001PW00000iFUdzYAG,a0FPW00000WmYWS2A3,12.0,12.800000,UPDATE,,
SBQQ__ContractedPrice__c,PEE084585-IBA4-W,,01t6A000000ariFQAQ,0016A00000JqrrcQAB,a0FPW00000Wm9Ul2AJ,4.99,4.540000,UPDATE,,
SBQQ__ContractedPrice__c,PEE084585-IM771PU,,01t2K000006XDxuQAG,0016A00000JqrrcQAB,a0FPW00000WmbHR2AZ,182.48,165.890000,UPDATE,,
SBQQ__ContractedPrice__c,CAS131679-IM771PU,,01t2K000006XDxuQAG,001PW00000iFUdzYAG,a0FPW00000WmYWX2A3,267.0,267.000000,UPDATE,,
SBQQ__ContractedPrice__c,CAS131664-IM771PU,,01t2K000006XDxuQAG,0016A00000JqrfSQAR,a0FPW00000WmYMe2AN,922.0,922.000000,UPDATE,,
SBQQ__ContractedPrice__c,PEE084585-KEY-014,,01t6A000000asATQAY,0016A00000JqrrcQAB,a0FPW00000WmbHi2AJ,3.37,3.060000,UPDATE,,
SBQQ__ContractedPrice__c,PEE084585-KEY-058,,01t6A000000as23QAA,0016A00000JqrrcQAB,a0FPW00000WmbHv2AJ,3.0,2.730000,UPDATE,,
SBQQ__ContractedPrice__c,PEE084585-3YMA7,,01t6A000000atacQAA,0016A00000JqrrcQAB,a0FPW00000Wmb5h2AB,25.12,22.840000,UPDATE,,
SBQQ__ContractedPrice__c,PEE084585-407K61,,01t2K000006NXf9QAG,0016A00000JqrrcQAB,a0FPW00000WmUr32AF,84.43,76.750000,UPDATE,,
SBQQ__ContractedPrice__c,PEE084585-407K66,,01t2K000006NXfKQAW,0016A00000JqrrcQAB,a0FPW00000WmUr52AF,79.32,72.110000,UPDATE,,
SBQQ__ContractedPrice__c,PEE084585-452Y40,,01t2K000006NXfaQAG,0016A00000JqrrcQAB,a0FPW00000WmUrj2AF,152.56,138.690000,UPDATE,,
SBQQ__ContractedPrice__c,PEE084585-452Y44,,01t2K000006NXgTQAW,0016A00000JqrrcQAB,,,478.900000,INSERT,,
SBQQ__ContractedPrice__c,PEE084585-452Y79,,01t2K000006SvAKQA0,0016A00000JqrrcQAB,a0FPW00000WmUrw2AF,101.92,92.650000,UPDATE,,
SBQQ__ContractedPrice__c,CAS131679-IBA3AC,,01t6A000000as15QAA,001PW00000iFUdzYAG,a0FPW00000WmYWP2A3,96.0,96.000000,UPDATE,,
SBQQ__ContractedPrice__c,PEE084585-IBA3AC,,01t6A000000as15QAA,0016A00000JqrrcQAB,a0FPW00000Wm9Ug2AJ,69.32,63.020000,UPDATE,,
SBQQ__ContractedPrice__c,PEE084585-KEY-002,,01t6A000000astnQAA,0016A00000JqrrcQAB,a0FPW00000WmbHY2AZ,3.37,3.060000,UPDATE,,
SBQQ__ContractedPrice__c,PEE084585-KEY-004,,01t6A000000astoQAA,0016A00000JqrrcQAB,a0FPW00000WmbHZ2AZ,3.37,3.060000,UPDATE,,
SBQQ__ContractedPrice__c,PEE084585-KEY-013,,01t6A000000asASQAY,0016A00000JqrrcQAB,a0FPW00000WmbHh2AJ,3.37,3.060000,UPDATE,,
SBQQ__ContractedPrice__c,PEE084585-KEY-018,,01t6A000000asAWQAY,0016A00000JqrrcQAB,a0FPW00000WmbHm2AJ,4.11,3.740000,UPDATE,,
SBQQ__ContractedPrice__c,PEE084585-KEY-052,,01t6A000000as9cQAA,0016A00000JqrrcQAB,a0FPW00000WmbHs2AJ,3.0,2.730000,UPDATE,,
SBQQ__ContractedPrice__c,CAS131679-LCC-18,,01t6A000000aqsqQAA,001PW00000iFUdzYAG,a0FPW00000WmYeE2AV,91.0,91.000000,UPDATE,,
SBQQ__ContractedPrice__c,CAS131664-LCC-18,,01t6A000000aqsqQAA,0016A00000JqrfSQAR,a0FPW00000WmYOP2A3,277.0,277.000000,UPDATE,,
SBQQ__ContractedPrice__c,PEE084585-LCC-18,,01t6A000000aqsqQAA,0016A00000JqrrcQAB,a0FPW00000WmbKk2AJ,53.05,48.230000,UPDATE,,
SBQQ__ContractedPrice__c,PEE084585-LCC-36-C,,01t6A000000aqt5QAA,0016A00000JqrrcQAB,a0FPW00000WmbKn2AJ,135.81,123.460000,UPDATE,,
SBQQ__ContractedPrice__c,PEE084585-LCT620AD-G,,01t6A000000aqqMQAQ,0016A00000JqrrcQAB,a0FPW00000WmbKr2AJ,109.8,99.820000,UPDATE,,
SBQQ__ContractedPrice__c,CAS131664-LCT620AD-G,,01t6A000000aqqMQAQ,0016A00000JqrfSQAR,a0FPW00000WmYOV2A3,505.0,505.000000,UPDATE,,
SBQQ__ContractedPrice__c,CAS131679-LCT620AD-G,,01t6A000000aqqMQAQ,001PW00000iFUdzYAG,a0FPW00000WmYeI2AV,167.0,167.000000,UPDATE,,
SBQQ__ContractedPrice__c,CAS131679-ACC-MB3500,,01t6A000000asUYQAY,001PW00000iFUdzYAG,a0FPW00000WmYUK2A3,40.0,40.000000,UPDATE,,
SBQQ__ContractedPrice__c,PEE084585-ACC-VCS,,01t6A000000askUQAQ,0016A00000JqrrcQAB,a0FPW00000WmbCL2AZ,49.37,44.880000,UPDATE,,
SBQQ__ContractedPrice__c,CAS131679-ACC-VCS,,01t6A000000askUQAQ,001PW00000iFUdzYAG,a0FPW00000WmYUf2AN,105.0,105.000000,UPDATE,,
SBQQ__ContractedPrice__c,CAS131664-ACC-VCS,,01t6A000000askUQAQ,0016A00000JqrfSQAR,a0FPW00000WmYGF2A3,303.0,302.000000,UPDATE,,
SBQQ__ContractedPrice__c,CAS131679-ACC114,,01t2K000006W0RAQA0,001PW00000iFUdzYAG,a0FPW00000WmYQu2AN,129.0,129.000000,UPDATE,,
SBQQ__ContractedPrice__c,PEE084585-ACC114,,01t2K000006W0RAQA0,0016A00000JqrrcQAB,a0FPW00000WmUsY2AV,57.57,52.340000,UPDATE,,
SBQQ__ContractedPrice__c,PEE084585-ACC170,,01t6A000000at8pQAA,0016A00000JqrrcQAB,a0FPW00000Wmb682AB,17.42,15.840000,UPDATE,,
SBQQ__ContractedPrice__c,CAS131679-ACC170,,01t6A000000at8pQAA,001PW00000iFUdzYAG,a0FPW00000WmYR12AN,23.0,23.000000,UPDATE,,
SBQQ__ContractedPrice__c,CAS131664-ACC170,,01t6A000000at8pQAA,0016A00000JqrfSQAR,a0FPW00000WmYEp2AN,75.0,75.000000,UPDATE,,
SBQQ__ContractedPrice__c,CAS131679-ACC310,,01t6A000000ar3JQAQ,001PW00000iFUdzYAG,a0FPW00000WmYRB2A3,46.0,46.000000,UPDATE,,
SBQQ__ContractedPrice__c,PEE084585-ACC310,,01t6A000000ar3JQAQ,0016A00000JqrrcQAB,a0FPW00000Wmb6L2AR,35.99,32.720000,UPDATE,,
SBQQ__ContractedPrice__c,CAS131679-ACC324,,01t6A000000atF8QAI,001PW00000iFUdzYAG,a0FPW00000WmYRH2A3,50.0,50.000000,UPDATE,,
SBQQ__ContractedPrice__c,PEE084585-ACC324,,01t6A000000atF8QAI,0016A00000JqrrcQAB,a0FPW00000Wmb6S2AR,31.82,28.930000,UPDATE,,
SBQQ__ContractedPrice__c,CAS131664-ACC324,,01t6A000000atF8QAI,0016A00000JqrfSQAR,a0FPW00000WmYF42AN,151.0,151.000000,UPDATE,,
SBQQ__ContractedPrice__c,PEE084585-BKT-7050-REV1,,01t2K000006XLcGQAW,0016A00000JqrrcQAB,a0FPW00000WmbDN2AZ,125.05,113.680000,UPDATE,,
SBQQ__ContractedPrice__c,PEE084585-CUS511,,01t6A000003QSZmQAO,0016A00000JqrrcQAB,a0FPW00000Wm4i52AB,113.74,103.400000,UPDATE,,
SBQQ__ContractedPrice__c,PEE084585-DMU-ACC01,,01t6A000000ar06QAA,0016A00000JqrrcQAB,a0FPW00000Wm4iQ2AR,89.2,81.090000,UPDATE,,
SBQQ__ContractedPrice__c,PEE084585-DS-ACC765,,01t6A000000arI9QAI,0016A00000JqrrcQAB,,,18.100000,INSERT,,
SBQQ__ContractedPrice__c,PEE084585-DS-C555-3X3,,01t6A000000asHHQAY,0016A00000JqrrcQAB,a0FPW00000WmhBp2AJ,1597.75,1597.750000,UPDATE,,
SBQQ__ContractedPrice__c,CAS131679-DS-C555-3X3,,01t6A000000asHHQAY,001PW00000iFUdzYAG,a0FPW00000WmgUH2AZ,2413.0,2654.000000,UPDATE,,
SBQQ__ContractedPrice__c,CAS131664-DS-C555-3X3,,01t6A000000asHHQAY,0016A00000JqrfSQAR,a0FPW00000WmgLn2AJ,7305.0,8035.000000,UPDATE,,
SBQQ__ContractedPrice__c,PEE084585-KEY-056,,01t6A000000aqysQAA,0016A00000JqrrcQAB,a0FPW00000WmbHu2AJ,3.0,2.730000,UPDATE,,
SBQQ__ContractedPrice__c,PEE084585-KEY-061,,01t6A000000as26QAA,0016A00000JqrrcQAB,a0FPW00000WmbHx2AJ,3.86,3.510000,UPDATE,,
SBQQ__ContractedPrice__c,PEE084585-LC-100,,01t6A000000asuuQAA,0016A00000JqrrcQAB,a0FPW00000WmbKj2AJ,6.47,5.880000,UPDATE,,
SBQQ__ContractedPrice__c,CAS131679-LC-100,,01t6A000000asuuQAA,001PW00000iFUdzYAG,a0FPW00000WmYeD2AV,14.0,14.000000,UPDATE,,
SBQQ__ContractedPrice__c,CAS131664-LC-100,,01t6A000000asuuQAA,0016A00000JqrfSQAR,a0FPW00000WmYOO2A3,50.0,49.000000,UPDATE,,
SBQQ__ContractedPrice__c,CAS131664-LCT620A-G,,01t6A000000arqiQAA,0016A00000JqrfSQAR,a0FPW00000WmYOW2A3,264.0,265.000000,UPDATE,,
SBQQ__ContractedPrice__c,CAS131679-LCT620A-G,,01t6A000000arqiQAA,001PW00000iFUdzYAG,a0FPW00000WmYeJ2AV,86.0,86.000000,UPDATE,,
SBQQ__ContractedPrice__c,PEE084585-MIS-ACC602,,01t6A000000arXhQAI,0016A00000JqrrcQAB,a0FPW00000WmbNI2AZ,22.15,20.140000,UPDATE,,
SBQQ__ContractedPrice__c,PEE084585-MIS027,,01t6A000000as8cQAA,0016A00000JqrrcQAB,a0FPW00000WmbKz2AJ,19.69,17.900000,UPDATE,,
SBQQ__ContractedPrice__c,PEE084585-MIS29050,,01t6A000000arCkQAI,0016A00000JqrrcQAB,a0FPW00000WmbL52AJ,102.38,93.070000,UPDATE,,
SBQQ__ContractedPrice__c,PEE084585-MIS298-A,,01t6A000000as8JQAQ,0016A00000JqrrcQAB,a0FPW00000WmbL62AJ,90.88,82.620000,UPDATE,,
SBQQ__ContractedPrice__c,PEE084585-MIS35507-D,,01t6A000000atcmQAA,0016A00000JqrrcQAB,a0FPW00000WmbLG2AZ,132.8,120.730000,UPDATE,,
SBQQ__ContractedPrice__c,PEE084585-MIS35750,,01t6A000002gHz8QAE,0016A00000JqrrcQAB,a0FPW00000WmbLI2AZ,52.69,47.900000,UPDATE,,
SBQQ__ContractedPrice__c,CAS131664-DS-MBZ942L-2X1,,01t6A000000arczQAA,0016A00000JqrfSQAR,a0FPW00000WmVK42AN,965.0,1061.000000,UPDATE,,
SBQQ__ContractedPrice__c,CAS131679-DS-MBZ942L-2X1,,01t6A000000arczQAA,001PW00000iFUdzYAG,a0FPW00000WmT0e2AF,348.0,348.000000,UPDATE,,
SBQQ__ContractedPrice__c,PEE084585-DS-MBZ942L-2X1,,01t6A000000arczQAA,0016A00000JqrrcQAB,a0FPW00000WmbEb2AJ,271.23,246.570000,UPDATE,,
SBQQ__ContractedPrice__c,PEE084585-DS-OM55ND-FLOOR,,01t6A000003QSWnQAO,0016A00000JqrrcQAB,a0FPW00000WmbEj2AJ,179.84,163.490000,UPDATE,,
SBQQ__ContractedPrice__c,CAS131679-DS-OM55ND-FLOOR,,01t6A000003QSWnQAO,001PW00000iFUdzYAG,a0FPW00000WmT0k2AF,413.0,413.000000,UPDATE,,
SBQQ__ContractedPrice__c,CAS131664-DS-OM55ND-FLOOR,,01t6A000003QSWnQAO,0016A00000JqrfSQAR,a0FPW00000WmgMF2AZ,1137.0,1251.000000,UPDATE,,
SBQQ__ContractedPrice__c,PEE084585-KEY-053,,01t6A000000arDQQAY,0016A00000JqrrcQAB,a0FPW00000WmbHt2AJ,2.08,1.890000,UPDATE,,
SBQQ__ContractedPrice__c,PEE084585-KEY-059,,01t6A000000as24QAA,0016A00000JqrrcQAB,a0FPW00000WmbHw2AJ,3.0,2.730000,UPDATE,,
SBQQ__ContractedPrice__c,CAS131679-LCC-36,,01t6A000000aruWQAQ,001PW00000iFUdzYAG,a0FPW00000WmYeF2AV,101.0,101.000000,UPDATE,,
SBQQ__ContractedPrice__c,PEE084585-LCC-36,,01t6A000000aruWQAQ,0016A00000JqrrcQAB,a0FPW00000WmbKm2AJ,62.49,56.810000,UPDATE,,
SBQQ__ContractedPrice__c,CAS131664-LCC-36,,01t6A000000aruWQAQ,0016A00000JqrfSQAR,a0FPW00000WmYOR2A3,303.0,302.000000,UPDATE,,
SBQQ__ContractedPrice__c,CAS131664-MIS-UNL,,01t6A000000arg1QAA,0016A00000JqrfSQAR,a0FPW00000WmYOa2AN,227.0,227.000000,UPDATE,,
SBQQ__ContractedPrice__c,PEE084585-MIS-UNL,,01t6A000000arg1QAA,0016A00000JqrrcQAB,a0FPW00000WmbNM2AZ,50.03,45.480000,UPDATE,,
SBQQ__ContractedPrice__c,PEE084585-MIS35795,,01t6A000000buqQQAQ,0016A00000JqrrcQAB,a0FPW00000WmbLJ2AZ,82.25,74.770000,UPDATE,,
SBQQ__ContractedPrice__c,PEE084585-MIS672-FDS,,01t6A000000at2KQAQ,0016A00000JqrrcQAB,a0FPW00000WmbMh2AJ,67.01,60.920000,UPDATE,,
SBQQ__ContractedPrice__c,PEE084585-MIS745-A,,01t6A000000atLUQAY,0016A00000JqrrcQAB,a0FPW00000WmbMk2AJ,61.88,56.250000,UPDATE,,
SBQQ__ContractedPrice__c,PEE084585-MIS818,,01t6A000000atV9QAI,0016A00000JqrrcQAB,a0FPW00000WmbMt2AJ,334.51,304.100000,UPDATE,,
SBQQ__ContractedPrice__c,PEE084585-MIS820-0305,,01t6A000000asQXQAY,0016A00000JqrrcQAB,a0FPW00000WmbMv2AJ,475.34,432.130000,UPDATE,,
SBQQ__ContractedPrice__c,PEE084585-MIS820-0406,,01t6A000000asQYQAY,0016A00000JqrrcQAB,a0FPW00000WmbMw2AJ,479.15,435.590000,UPDATE,,
SBQQ__ContractedPrice__c,PEE084585-MIS919-1,,01t6A000000asrRQAQ,0016A00000JqrrcQAB,a0FPW00000WmbMy2AJ,36.34,33.040000,UPDATE,,
SBQQ__ContractedPrice__c,CAS131664-DS-S560-1X3,,01t6A000000arjLQAQ,0016A00000JqrfSQAR,a0FPW00000WmgMK2AZ,3211.0,3532.000000,UPDATE,,
SBQQ__ContractedPrice__c,CAS131679-DS-S560-1X3,,01t6A000000arjLQAQ,001PW00000iFUdzYAG,a0FPW00000WmgVX2AZ,1061.0,1167.000000,UPDATE,,
SBQQ__ContractedPrice__c,PEE084585-DS-S560-1X3,,01t6A000000arjLQAQ,0016A00000JqrrcQAB,a0FPW00000WmbEk2AJ,822.76,747.960000,UPDATE,,
SBQQ__ContractedPrice__c,PEE084585-DS-VW755S,,01t6A000000asNjQAI,0016A00000JqrrcQAB,a0FPW00000WmbEz2AJ,105.26,95.690000,UPDATE,,
SBQQ__ContractedPrice__c,CAS131679-DS-VW755S,,01t6A000000asNjQAI,001PW00000iFUdzYAG,a0FPW00000WmT0s2AF,352.0,352.000000,UPDATE,,
SBQQ__ContractedPrice__c,CAS131664-DS-VW755S,,01t6A000000asNjQAI,0016A00000JqrfSQAR,a0FPW00000WmgMT2AZ,1057.0,1163.000000,UPDATE,,
SBQQ__ContractedPrice__c,PEE084585-452Y84,,01t2K000006NXh1QAG,0016A00000JqrrcQAB,a0FPW00000WmUrz2AF,126.72,115.200000,UPDATE,,
SBQQ__ContractedPrice__c,PEE084585-452Y87,,01t2K000006NXh2QAG,0016A00000JqrrcQAB,a0FPW00000Wmh4e2AB,1053.57,1053.570000,UPDATE,,
SBQQ__ContractedPrice__c,PEE084585-452Y92,,01t2K000006NXhIQAW,0016A00000JqrrcQAB,a0FPW00000WmUs12AF,827.51,752.280000,UPDATE,,
SBQQ__ContractedPrice__c,PEE084585-452Y94,,01t2K000006NXhhQAG,0016A00000JqrrcQAB,a0FPW00000Wmh4j2AB,1323.2,1323.200000,UPDATE,,
SBQQ__ContractedPrice__c,PEE084585-452Z01,,01t2K000006NXezQAG,0016A00000JqrrcQAB,a0FPW00000WmUs42AF,60.38,54.890000,UPDATE,,
SBQQ__ContractedPrice__c,PEE084585-452Z02,,01t2K000006NXhoQAG,0016A00000JqrrcQAB,a0FPW00000WmUs52AF,81.53,74.120000,UPDATE,,
SBQQ__ContractedPrice__c,CAS131679-MIS-UNL,,01t6A000000arg1QAA,001PW00000iFUdzYAG,a0FPW00000WmYeR2AV,77.0,77.000000,UPDATE,,
SBQQ__ContractedPrice__c,PEE084585-MIS169,,01t6A000000armAQAQ,0016A00000JqrrcQAB,a0FPW00000WmbL02AJ,71.72,65.200000,UPDATE,,
SBQQ__ContractedPrice__c,PEE084585-MIS33759,,01t6A000000atcQQAQ,0016A00000JqrrcQAB,a0FPW00000WmbLB2AZ,133.2,121.090000,UPDATE,,
SBQQ__ContractedPrice__c,PEE084585-MIS35463,,01t6A000002i3Y2QAI,0016A00000JqrrcQAB,a0FPW00000WmbLF2AZ,21.23,19.300000,UPDATE,,
SBQQ__ContractedPrice__c,PEE084585-MIS556,,01t6A000000aqrIQAQ,0016A00000JqrrcQAB,a0FPW00000WmbMa2AJ,283.87,258.060000,UPDATE,,
SBQQ__ContractedPrice__c,CAS131679-MIS556,,01t6A000000aqrIQAQ,001PW00000iFUdzYAG,a0FPW00000WmYeO2AV,579.0,579.000000,UPDATE,,
SBQQ__ContractedPrice__c,PEE084585-MIS786,,01t6A000000asxaQAA,0016A00000JqrrcQAB,a0FPW00000WmbMp2AJ,59.13,53.750000,UPDATE,,
SBQQ__ContractedPrice__c,PEE084585-MOD-FPS2KIT150-B,,01t6A000000arjTQAQ,0016A00000JqrrcQAB,a0FPW00000WmbNy2AJ,161.04,146.400000,UPDATE,,
SBQQ__ContractedPrice__c,CAS131679-MOD-FPS2KIT150-B,,01t6A000000arjTQAQ,001PW00000iFUdzYAG,a0FPW00000WmYf02AF,204.0,204.000000,UPDATE,,
SBQQ__ContractedPrice__c,CAS131664-MOD-FPS2KIT150-B,,01t6A000000arjTQAQ,0016A00000JqrfSQAR,a0FPW00000WmYP12AN,606.0,606.000000,UPDATE,,
SBQQ__ContractedPrice__c,CAS131664-PA730,,01t6A000000asAKQAY,0016A00000JqrfSQAR,a0FPW00000WmBIG2A3,100.0,100.000000,UPDATE,,
SBQQ__ContractedPrice__c,CAS131679-PA730,,01t6A000000asAKQAY,001PW00000iFUdzYAG,a0FPW00000WmYfh2AF,32.0,32.000000,UPDATE,,
SBQQ__ContractedPrice__c,PEE084585-PA730,,01t6A000000asAKQAY,0016A00000JqrrcQAB,a0FPW00000WmbOv2AJ,15.98,14.530000,UPDATE,,
SBQQ__ContractedPrice__c,PEE084585-ACC640,,01t6A000000asNPQAY,0016A00000JqrrcQAB,a0FPW00000Wmb6r2AB,9.28,8.440000,UPDATE,,
SBQQ__ContractedPrice__c,PEE084585-ACC973,,01t6A000000arOOQAY,0016A00000JqrrcQAB,a0FPW00000Wmb7D2AR,6.07,5.520000,UPDATE,,
SBQQ__ContractedPrice__c,CAS131679-ACC973,,01t6A000000arOOQAY,001PW00000iFUdzYAG,a0FPW00000WmYTl2AN,12.0,12.000000,UPDATE,,
SBQQ__ContractedPrice__c,CAS131664-ACC973,,01t6A000000arOOQAY,0016A00000JqrfSQAR,a0FPW00000WmYFZ2A3,50.0,49.000000,UPDATE,,
SBQQ__ContractedPrice__c,CAS131664-ADD018024,,01t6A000000ar63QAA,0016A00000JqrfSQAR,a0FPW00000WmYGM2A3,125.0,125.000000,UPDATE,,
SBQQ__ContractedPrice__c,CAS131679-ADD018024,,01t6A000000ar63QAA,001PW00000iFUdzYAG,a0FPW00000WmYUl2AN,41.0,41.000000,UPDATE,,
SBQQ__ContractedPrice__c,PEE084585-ADD018024,,01t6A000000ar63QAA,0016A00000JqrrcQAB,a0FPW00000WmbCT2AZ,24.18,21.980000,UPDATE,,
SBQQ__ContractedPrice__c,PEE084585-DS-VW765-L45,,01t6A000000asVYQAY,0016A00000JqrrcQAB,a0FPW00000WmbF22AJ,92.54,84.130000,UPDATE,,
SBQQ__ContractedPrice__c,PEE084585-ACC-V2X2,,01t6A000000aqyiQAA,0016A00000JqrrcQAB,a0FPW00000WmbCH2AZ,16.79,15.260000,UPDATE,,
SBQQ__ContractedPrice__c,PEE084585-DS-VWS063-P,,01t6A000000atGZQAY,0016A00000JqrrcQAB,a0FPW00000WmbGg2AJ,20.09,18.260000,UPDATE,,
SBQQ__ContractedPrice__c,PEE084585-PDU1910N-15-120P1-1510NSP,,01t6A000000arVuQAI,0016A00000JqrrcQAB,a0FPW00000WmJG02AN,97.39,88.540000,UPDATE,,
SBQQ__ContractedPrice__c,PEE084585-BIHI-ACCSK,,01t2K00000AoAaxQAF,0016A00000JqrrcQAB,a0FPW00000WmbDK2AZ,48.6,44.180000,UPDATE,,
SBQQ__ContractedPrice__c,PEE084585-ACCD-12K,,01t6A000000asDaQAI,0016A00000JqrrcQAB,a0FPW00000Wmb7O2AR,7.68,6.980000,UPDATE,,
SBQQ__ContractedPrice__c,CAS131679-ACCD-12K,,01t6A000000asDaQAI,001PW00000iFUdzYAG,a0FPW00000WmYTu2AN,15.0,15.000000,UPDATE,,
SBQQ__ContractedPrice__c,PEE084585-PANA-APWK103PV9,,01t2K000006KFSvQAO,0016A00000JqrrcQAB,a0FPW00000WmJFh2AN,118.29,107.540000,UPDATE,,
SBQQ__ContractedPrice__c,PEE084585-PF632,,01t6A000000asXQQAY,0016A00000JqrrcQAB,a0FPW00000WmJGC2A3,8.55,7.770000,UPDATE,,
SBQQ__ContractedPrice__c,CAS131679-PF632,,01t6A000000asXQQAY,001PW00000iFUdzYAG,a0FPW00000WmYg72AF,14.0,14.000000,UPDATE,,
SBQQ__ContractedPrice__c,CAS131664-PF632,,01t6A000000asXQQAY,0016A00000JqrfSQAR,a0FPW00000WmBIT2A3,50.0,49.000000,UPDATE,,
SBQQ__ContractedPrice__c,CAS131664-PLCM-1CP,,01t6A000000ar9EQAQ,0016A00000JqrfSQAR,a0FPW00000WmBIr2AN,353.0,353.000000,UPDATE,,
SBQQ__ContractedPrice__c,CAS131679-PLCM-1CP,,01t6A000000ar9EQAQ,001PW00000iFUdzYAG,a0FPW00000WmYgK2AV,117.0,117.000000,UPDATE,,
SBQQ__ContractedPrice__c,PEE084585-PLCM-1CP,,01t6A000000ar9EQAQ,0016A00000JqrrcQAB,a0FPW00000WmJGe2AN,69.76,63.420000,UPDATE,,
SBQQ__ContractedPrice__c,PEE084585-PLCM-2-UNL,,01t6A000000arMCQAY,0016A00000JqrrcQAB,a0FPW00000WmJGg2AN,48.79,44.350000,UPDATE,,
SBQQ__ContractedPrice__c,CAS131679-PLCM-2-UNL,,01t6A000000arMCQAY,001PW00000iFUdzYAG,a0FPW00000WmYgM2AV,157.0,157.000000,UPDATE,,
SBQQ__ContractedPrice__c,CAS131664-PLCM-2-UNL,,01t6A000000arMCQAY,0016A00000JqrfSQAR,a0FPW00000WmBIt2AN,454.0,454.000000,UPDATE,,
SBQQ__ContractedPrice__c,CAS131664-PLCM-UNL-CP,,01t6A000000arGrQAI,0016A00000JqrfSQAR,a0FPW00000WmBIw2AN,542.0,543.000000,UPDATE,,
SBQQ__ContractedPrice__c,CAS131679-PLCM-UNL-CP,,01t6A000000arGrQAI,001PW00000iFUdzYAG,a0FPW00000WmYgP2AV,193.0,193.000000,UPDATE,,
SBQQ__ContractedPrice__c,PEE084585-PLCM-UNL-CP,,01t6A000000arGrQAI,0016A00000JqrrcQAB,a0FPW00000WmJGk2AN,87.92,79.930000,UPDATE,,
SBQQ__ContractedPrice__c,CAS131664-PLP-SH65,,01t6A000000aqxXQAQ,0016A00000JqrfSQAR,a0FPW00000WmBJ12AN,145.0,146.000000,UPDATE,,
SBQQ__ContractedPrice__c,PEE084585-PLP-SH65,,01t6A000000aqxXQAQ,0016A00000JqrrcQAB,a0FPW00000WmJGq2AN,64.04,58.220000,UPDATE,,
SBQQ__ContractedPrice__c,CAS131679-PLP-V3X3,,01t6A000000asD2QAI,001PW00000iFUdzYAG,a0FPW00000WmYgZ2AV,55.0,55.000000,UPDATE,,
SBQQ__ContractedPrice__c,PEE084585-PLP-V3X3,,01t6A000000asD2QAI,0016A00000JqrrcQAB,a0FPW00000WmJGx2AN,32.86,29.870000,UPDATE,,
SBQQ__ContractedPrice__c,CAS131664-PLP-V3X3,,01t6A000000asD2QAI,0016A00000JqrfSQAR,a0FPW00000WmBJ82AN,163.0,163.000000,UPDATE,,
SBQQ__ContractedPrice__c,CAS131664-PLP-V4X4,,01t6A000000asD3QAI,0016A00000JqrfSQAR,a0FPW00000WmBJB2A3,163.0,163.000000,UPDATE,,
SBQQ__ContractedPrice__c,PEE084585-PLP-V4X4,,01t6A000000asD3QAI,0016A00000JqrrcQAB,a0FPW00000WmJH02AN,39.9,36.270000,UPDATE,,
SBQQ__ContractedPrice__c,CAS131679-ACCD-ALG,,01t6A000000aqmzQAA,001PW00000iFUdzYAG,a0FPW00000WmYTv2AN,11.0,11.000000,UPDATE,,
SBQQ__ContractedPrice__c,PEE084585-ACCD-ALG,,01t6A000000aqmzQAA,0016A00000JqrrcQAB,a0FPW00000Wmb7P2AR,7.3,6.640000,UPDATE,,
SBQQ__ContractedPrice__c,PEE084585-ACCD-REM02,,01t2K000006XHu1QAG,0016A00000JqrrcQAB,a0FPW00000WmbB42AJ,20.1,18.270000,UPDATE,,
SBQQ__ContractedPrice__c,CAS131679-ACCD-REM02,,01t2K000006XHu1QAG,001PW00000iFUdzYAG,a0FPW00000WmYU22AN,30.0,30.000000,UPDATE,,
SBQQ__ContractedPrice__c,PEE084585-XHB652-EUK,,01t6A000000bVzzQAE,0016A00000JqrrcQAB,,,6531.130000,INSERT,,
SBQQ__ContractedPrice__c,PEE084585-050000162,,01t6A000002ZPbNQAW,0016A00000JqrrcQAB,,,3.760000,INSERT,,
SBQQ__ContractedPrice__c,CAS131679-ACC-CARTGH,,01t6A000000arvAQAQ,001PW00000iFUdzYAG,a0FPW00000WmYTp2AN,73.0,73.000000,UPDATE,,
SBQQ__ContractedPrice__c,PEE084585-ACC-CARTGH,,01t6A000000arvAQAQ,0016A00000JqrrcQAB,a0FPW00000Wmb7J2AR,36.39,33.080000,UPDATE,,
SBQQ__ContractedPrice__c,CAS131664-ACC-CARTGH,,01t6A000000arvAQAQ,0016A00000JqrfSQAR,a0FPW00000WmYFd2AN,227.0,227.000000,UPDATE,,
SBQQ__ContractedPrice__c,PEE084585-ACC-GBASE,,01t6A000000asM6QAI,0016A00000JqrrcQAB,a0FPW00000WmbB92AJ,12.72,11.560000,UPDATE,,
SBQQ__ContractedPrice__c,CAS131679-ACC-GBASE,,01t6A000000asM6QAI,001PW00000iFUdzYAG,a0FPW00000WmYU62AN,22.0,22.000000,UPDATE,,
SBQQ__ContractedPrice__c,CAS131664-ACC-GS1E,,01t6A000000as9QQAQ,0016A00000JqrfSQAR,a0FPW00000WmYFn2AN,303.0,302.000000,UPDATE,,
SBQQ__ContractedPrice__c,CAS131664-ACC-LA,,01t6A000000atBzQAI,0016A00000JqrfSQAR,a0FPW00000WmYFs2AN,267.0,267.000000,UPDATE,,
SBQQ__ContractedPrice__c,CAS131679-PLP-V4X4,,01t6A000000asD3QAI,001PW00000iFUdzYAG,a0FPW00000WmYgc2AF,55.0,55.000000,UPDATE,,
SBQQ__ContractedPrice__c,PEE084585-PN-VW220,,01t6A000000asoHQAQ,0016A00000JqrrcQAB,a0FPW00000WmJH82AN,495.44,450.400000,UPDATE,,
SBQQ__ContractedPrice__c,PEE084585-PRMF2X2,,01t6A000000ar9DQAQ,0016A00000JqrrcQAB,a0FPW00000WmbPc2AJ,9.37,8.520000,UPDATE,,
SBQQ__ContractedPrice__c,PEE084585-PRMT1X1,,01t6A000000arSTQAY,0016A00000JqrrcQAB,a0FPW00000WmbPl2AJ,7.49,6.810000,UPDATE,,
SBQQ__ContractedPrice__c,PEE084585-PRMT4X3,,01t6A000000arSUQAY,0016A00000JqrrcQAB,a0FPW00000WmbPn2AJ,20.49,18.630000,UPDATE,,
SBQQ__ContractedPrice__c,PEE084585-PRMT8X4,,01t6A000000arSVQAY,0016A00000JqrrcQAB,a0FPW00000WmbPp2AJ,24.71,22.460000,UPDATE,,
SBQQ__ContractedPrice__c,CAS131679-PT640,,01t6A000000arTbQAI,001PW00000iFUdzYAG,a0FPW00000WmYgs2AF,43.0,43.000000,UPDATE,,
SBQQ__ContractedPrice__c,CAS131679-ACC-LA,,01t6A000000atBzQAI,001PW00000iFUdzYAG,a0FPW00000WmYUD2A3,84.0,84.000000,UPDATE,,
SBQQ__ContractedPrice__c,PEE084585-ACC-LA,,01t6A000000atBzQAI,0016A00000JqrrcQAB,a0FPW00000WmbBk2AJ,65.0,59.090000,UPDATE,,
SBQQ__ContractedPrice__c,PEE084585-ACC-MB0800,,01t6A000000asUWQAY,0016A00000JqrrcQAB,a0FPW00000WmbBs2AJ,30.28,27.530000,UPDATE,,
SBQQ__ContractedPrice__c,CAS131679-ACC-MB0800,,01t6A000000asUWQAY,001PW00000iFUdzYAG,a0FPW00000WmYUI2A3,40.0,43.060000,UPDATE,,
SBQQ__ContractedPrice__c,CAS131664-ACC-MB0800,,01t6A000000asUWQAY,0016A00000JqrfSQAR,a0FPW00000WmYFt2AN,125.0,125.000000,UPDATE,,
SBQQ__ContractedPrice__c,PEE084585-ACC-MCH,,01t6A000000asZyQAI,0016A00000JqrrcQAB,a0FPW00000WmbC02AJ,15.43,14.030000,UPDATE,,
SBQQ__ContractedPrice__c,CAS131679-ACC-MCH,,01t6A000000asZyQAI,001PW00000iFUdzYAG,a0FPW00000WmYUP2A3,25.0,25.000000,UPDATE,,
SBQQ__ContractedPrice__c,PEE084585-CUS337,,01t6A000000at4sQAA,0016A00000JqrrcQAB,a0FPW00000Wm4i32AB,99.74,90.670000,UPDATE,,
SBQQ__ContractedPrice__c,PEE084585-DS-VWM770,,01t6A000000at18QAA,0016A00000JqrrcQAB,a0FPW00000WmbF82AJ,306.59,278.720000,UPDATE,,
SBQQ__ContractedPrice__c,CAS131679-DS-VWM770,,01t6A000000at18QAA,001PW00000iFUdzYAG,a0FPW00000WmT0y2AF,431.0,431.000000,UPDATE,,
SBQQ__ContractedPrice__c,CAS131664-DS-VWM770,,01t6A000000at18QAA,0016A00000JqrfSQAR,a0FPW00000WmgMV2AZ,1164.0,1280.000000,UPDATE,,
SBQQ__ContractedPrice__c,PEE084585-DS508,,01t6A000000asynQAA,0016A00000JqrrcQAB,a0FPW00000Wm4iV2AR,94.66,86.050000,UPDATE,,
SBQQ__ContractedPrice__c,PEE084585-DSF265L,,01t6A000000arCdQAI,0016A00000JqrrcQAB,,,129.470000,INSERT,,
SBQQ__ContractedPrice__c,PEE084585-PT640,,01t6A000000arTbQAI,0016A00000JqrrcQAB,a0FPW00000WmbPu2AJ,19.03,17.300000,UPDATE,,
SBQQ__ContractedPrice__c,CAS131664-PT640,,01t6A000000arTbQAI,0016A00000JqrfSQAR,a0FPW00000WmBJQ2A3,125.0,125.000000,UPDATE,,
SBQQ__ContractedPrice__c,CAS131664-PT650,,01t6A000000asAJQAY,0016A00000JqrfSQAR,a0FPW00000WmBJR2A3,151.0,151.000000,UPDATE,,
SBQQ__ContractedPrice__c,PEE084585-PT650,,01t6A000000asAJQAY,0016A00000JqrrcQAB,a0FPW00000WmbPv2AJ,20.92,19.020000,UPDATE,,
SBQQ__ContractedPrice__c,CAS131679-PT650,,01t6A000000asAJQAY,001PW00000iFUdzYAG,a0FPW00000WmYgt2AF,53.0,53.000000,UPDATE,,
SBQQ__ContractedPrice__c,CAS131679-PTM200,,01t6A000000aslNQAQ,001PW00000iFUdzYAG,a0FPW00000WmYgw2AF,35.0,35.000000,UPDATE,,
SBQQ__ContractedPrice__c,CAS131664-DSF265L,,01t6A000000arCdQAI,0016A00000JqrfSQAR,,,413.000000,INSERT,,
SBQQ__ContractedPrice__c,PEE084585-DST660,,01t6A000000aqy2QAA,0016A00000JqrrcQAB,a0FPW00000WmbEn2AJ,95.11,86.460000,UPDATE,,
SBQQ__ContractedPrice__c,CAS131679-DST660,,01t6A000000aqy2QAA,001PW00000iFUdzYAG,a0FPW00000WmT0m2AF,174.0,174.000000,UPDATE,,
SBQQ__ContractedPrice__c,CAS131664-DST660,,01t6A000000aqy2QAA,0016A00000JqrfSQAR,a0FPW00000WmYLs2AN,530.0,530.000000,UPDATE,,
SBQQ__ContractedPrice__c,PEE084585-FPS-1000,,01t6A000000as2SQAQ,0016A00000JqrrcQAB,a0FPW00000Wm9U32AJ,122.25,111.140000,UPDATE,,
SBQQ__ContractedPrice__c,CAS131679-FPS-1000,,01t6A000000as2SQAQ,001PW00000iFUdzYAG,a0FPW00000WmT1d2AF,158.0,158.000000,UPDATE,,
SBQQ__ContractedPrice__c,PEE084585-PTM200,,01t6A000000aslNQAQ,0016A00000JqrrcQAB,a0FPW00000WmbPy2AJ,27.67,25.150000,UPDATE,,
SBQQ__ContractedPrice__c,CAS131664-PTM200,,01t6A000000aslNQAQ,0016A00000JqrfSQAR,a0FPW00000WmBJU2A3,112.0,113.000000,UPDATE,,
SBQQ__ContractedPrice__c,CAS131664-PTS4X4,,01t2K000004Zh6UQAS,0016A00000JqrfSQAR,a0FPW00000WmBJX2A3,213.0,214.000000,UPDATE,,
SBQQ__ContractedPrice__c,PEE084585-PTS4X4,,01t2K000004Zh6UQAS,0016A00000JqrrcQAB,a0FPW00000WmbQ12AJ,31.45,28.590000,UPDATE,,
SBQQ__ContractedPrice__c,CAS131679-PTS4X4,,01t2K000004Zh6UQAS,001PW00000iFUdzYAG,a0FPW00000WmYgz2AF,56.0,56.000000,UPDATE,,
SBQQ__ContractedPrice__c,CAS131679-RMI2C,,01t6A000000as76QAA,001PW00000iFUdzYAG,a0FPW00000WmYh52AF,109.0,116.000000,UPDATE,,
SBQQ__ContractedPrice__c,CAS131664-RMI2C,,01t6A000000as76QAA,0016A00000JqrfSQAR,a0FPW00000WmBJZ2A3,348.0,348.000000,UPDATE,,
SBQQ__ContractedPrice__c,CAS131664-FPS-1000,,01t6A000000as2SQAQ,0016A00000JqrfSQAR,a0FPW00000WmYMG2A3,466.0,467.000000,UPDATE,,
SBQQ__ContractedPrice__c,PEE084585-H-RWMB,,01t6A000000atT9QAI,0016A00000JqrrcQAB,a0FPW00000Wm9UQ2AZ,183.67,166.970000,UPDATE,,
SBQQ__ContractedPrice__c,PEE084585-HPF-OLED,,01t6A000000arEBQAY,0016A00000JqrrcQAB,a0FPW00000Wm9UP2AZ,68.85,62.590000,UPDATE,,
SBQQ__ContractedPrice__c,PEE084585-HX643-TAMM,,01t6A000000asMEQAY,0016A00000JqrrcQAB,a0FPW00000Wm9UR2AZ,13.9,12.640000,UPDATE,,
SBQQ__ContractedPrice__c,PEE084585-IBA2-W,,01t6A000000artKQAQ,0016A00000JqrrcQAB,a0FPW00000Wm9Ud2AJ,30.36,27.600000,UPDATE,,
SBQQ__ContractedPrice__c,CAS131679-IBA2-W,,01t6A000000artKQAQ,001PW00000iFUdzYAG,a0FPW00000WmT232AF,43.0,43.000000,UPDATE,,
SBQQ__ContractedPrice__c,PEE084585-IBA3-M,,01t6A000000atSJQAY,0016A00000JqrrcQAB,a0FPW00000Wm9Ui2AJ,28.46,25.870000,UPDATE,,
SBQQ__ContractedPrice__c,PEE084585-RMI2C,,01t6A000000as76QAA,0016A00000JqrrcQAB,a0FPW00000WmbQ92AJ,84.38,76.710000,UPDATE,,
SBQQ__ContractedPrice__c,PEE084585-SF632P,,01t6A000000arv0QAA,0016A00000JqrrcQAB,a0FPW00000WmbQR2AZ,10.16,9.240000,UPDATE,,
SBQQ__ContractedPrice__c,CAS131679-SF632P,,01t6A000000arv0QAA,001PW00000iFUdzYAG,a0FPW00000WmYjK2AV,25.0,25.000000,UPDATE,,
SBQQ__ContractedPrice__c,CAS131679-SF660,,01t6A000000asXAQAY,001PW00000iFUdzYAG,a0FPW00000WmYjQ2AV,53.0,53.000000,UPDATE,,
SBQQ__ContractedPrice__c,CAS131664-SF660,,01t6A000000asXAQAY,0016A00000JqrfSQAR,a0FPW00000WmYQ42AN,252.0,252.000000,UPDATE,,
SBQQ__ContractedPrice__c,PEE084585-SF660,,01t6A000000asXAQAY,0016A00000JqrrcQAB,a0FPW00000WmbQX2AZ,18.67,16.970000,UPDATE,,
SBQQ__ContractedPrice__c,PEE084585-SF670,,01t6A000000arivQAA,0016A00000JqrrcQAB,a0FPW00000WmbQZ2AZ,47.83,43.480000,UPDATE,,
SBQQ__ContractedPrice__c,CAS131664-SF670,,01t6A000000arivQAA,0016A00000JqrfSQAR,a0FPW00000WmYQ52AN,315.0,315.000000,UPDATE,,
SBQQ__ContractedPrice__c,CAS131679-SF670,,01t6A000000arivQAA,001PW00000iFUdzYAG,a0FPW00000WmYjS2AV,75.0,75.000000,UPDATE,,
SBQQ__ContractedPrice__c,CAS131679-SF680,,01t6A000000ariwQAA,001PW00000iFUdzYAG,a0FPW00000WmYjU2AV,105.0,105.000000,UPDATE,,
SBQQ__ContractedPrice__c,CAS131664-SF680,,01t6A000000ariwQAA,0016A00000JqrfSQAR,a0FPW00000WmYQ62AN,391.0,391.000000,UPDATE,,
SBQQ__ContractedPrice__c,PEE084585-SF680,,01t6A000000ariwQAA,0016A00000JqrrcQAB,a0FPW00000WmbQb2AJ,59.16,53.780000,UPDATE,,
SBQQ__ContractedPrice__c,PEE084585-SP840,,01t6A000000aqiRQAQ,0016A00000JqrrcQAB,a0FPW00000WmbQj2AJ,56.08,50.980000,UPDATE,,
SBQQ__ContractedPrice__c,PEE084585-IBA3-W-M,,01t6A000000atSKQAY,0016A00000JqrrcQAB,a0FPW00000Wm9Uk2AJ,29.41,26.740000,UPDATE,,
SBQQ__ContractedPrice__c,PEE084585-IM746P,,01t6A000000atRzQAI,0016A00000JqrrcQAB,a0FPW00000WmbHO2AZ,100.51,91.370000,UPDATE,,
SBQQ__ContractedPrice__c,CAS131679-IM746P,,01t6A000000atRzQAI,001PW00000iFUdzYAG,a0FPW00000WmYWU2A3,158.0,158.000000,UPDATE,,
SBQQ__ContractedPrice__c,CAS131664-IM746P,,01t6A000000atRzQAI,0016A00000JqrfSQAR,a0FPW00000WmYMc2AN,593.0,593.000000,UPDATE,,
SBQQ__ContractedPrice__c,PEE084585-KEY-005,,01t6A000000atAnQAI,0016A00000JqrrcQAB,a0FPW00000WmbHa2AJ,3.37,3.060000,UPDATE,,
SBQQ__ContractedPrice__c,PEE084585-KEY-008,,01t6A000000atMAQAY,0016A00000JqrrcQAB,a0FPW00000WmbHc2AJ,3.37,3.060000,UPDATE,,
SBQQ__ContractedPrice__c,PEE084585-KEY-011,,01t6A000000arKqQAI,0016A00000JqrrcQAB,a0FPW00000WmbHf2AJ,3.37,3.060000,UPDATE,,
SBQQ__ContractedPrice__c,CAS131664-SP840,,01t6A000000aqiRQAQ,0016A00000JqrfSQAR,a0FPW00000WmYQA2A3,429.0,429.000000,UPDATE,,
SBQQ__ContractedPrice__c,CAS131679-SP840,,01t6A000000aqiRQAQ,001PW00000iFUdzYAG,a0FPW00000WmYjZ2AV,149.0,149.000000,UPDATE,,
SBQQ__ContractedPrice__c,PEE084585-SP850-V2X2,,01t6A000000at19QAA,0016A00000JqrrcQAB,a0FPW00000WmbQp2AJ,136.54,124.130000,UPDATE,,
SBQQ__ContractedPrice__c,PEE084585-SR560-FLIP2,,01t2K000006S2P6QAK,0016A00000JqrrcQAB,a0FPW00000WmbQq2AJ,375.05,340.950000,UPDATE,,
SBQQ__ContractedPrice__c,CAS131679-SR560-FLIP2,,01t2K000006S2P6QAK,001PW00000iFUdzYAG,a0FPW00000WmYjg2AF,537.0,537.000000,UPDATE,,
SBQQ__ContractedPrice__c,CAS131664-SR560-FLIP2,,01t2K000006S2P6QAK,0016A00000JqrfSQAR,a0FPW00000WmgU02AJ,1724.0,1896.000000,UPDATE,,
SBQQ__ContractedPrice__c,CAS131664-ST630,,01t6A000000ar9kQAA,0016A00000JqrfSQAR,a0FPW00000WmYQH2A3,75.0,75.000000,UPDATE,,
SBQQ__ContractedPrice__c,PEE084585-ST630,,01t6A000000ar9kQAA,0016A00000JqrrcQAB,a0FPW00000WmbUV2AZ,10.1,9.180000,UPDATE,,
SBQQ__ContractedPrice__c,CAS131679-ST630,,01t6A000000ar9kQAA,001PW00000iFUdzYAG,a0FPW00000WmYjr2AF,17.0,17.000000,UPDATE,,
SBQQ__ContractedPrice__c,CAS131679-ST640,,01t6A000000ar9nQAA,001PW00000iFUdzYAG,a0FPW00000WmYjx2AF,57.0,57.000000,UPDATE,,
SBQQ__ContractedPrice__c,PEE084585-ST640,,01t6A000000ar9nQAA,0016A00000JqrrcQAB,a0FPW00000WmbUb2AJ,21.22,19.290000,UPDATE,,
SBQQ__ContractedPrice__c,CAS131664-ST640,,01t6A000000ar9nQAA,0016A00000JqrfSQAR,a0FPW00000WmYQK2A3,227.0,227.000000,UPDATE,,
SBQQ__ContractedPrice__c,PEE084585-KEY-016,,01t6A000000asAVQAY,0016A00000JqrrcQAB,a0FPW00000WmbHk2AJ,4.11,3.740000,UPDATE,,
SBQQ__ContractedPrice__c,PEE084585-KEY-027,,01t6A000000atENQAY,0016A00000JqrrcQAB,a0FPW00000WmbHn2AJ,4.11,3.740000,UPDATE,,
SBQQ__ContractedPrice__c,PEE084585-KEY-035,,01t6A000000arsIQAQ,0016A00000JqrrcQAB,a0FPW00000WmbHp2AJ,4.11,3.740000,UPDATE,,
SBQQ__ContractedPrice__c,PEE084585-L20PNSR780MEU,,01t6A000000asBNQAY,0016A00000JqrrcQAB,,,245.560000,INSERT,,
SBQQ__ContractedPrice__c,PEE084585-LCW620A,,01t6A000000aqxzQAA,0016A00000JqrrcQAB,a0FPW00000WmbKv2AJ,49.14,44.670000,UPDATE,,
SBQQ__ContractedPrice__c,CAS131664-LCW620A,,01t6A000000aqxzQAA,0016A00000JqrfSQAR,a0FPW00000WmYOY2A3,264.0,265.000000,UPDATE,,
SBQQ__ContractedPrice__c,CAS131679-LCW620A,,01t6A000000aqxzQAA,001PW00000iFUdzYAG,a0FPW00000WmYeM2AV,86.0,86.000000,UPDATE,,
SBQQ__ContractedPrice__c,CAS131664-ST650,,01t6A000000ar9pQAA,0016A00000JqrfSQAR,a0FPW00000WmYQL2A3,277.0,277.000000,UPDATE,,
SBQQ__ContractedPrice__c,PEE084585-ST650,,01t6A000000ar9pQAA,0016A00000JqrrcQAB,a0FPW00000WmbUd2AJ,22.89,20.810000,UPDATE,,
SBQQ__ContractedPrice__c,CAS131679-ST650,,01t6A000000ar9pQAA,001PW00000iFUdzYAG,a0FPW00000WmYjz2AF,63.0,63.000000,UPDATE,,
SBQQ__ContractedPrice__c,DIS183551-ST650,,01t6A000000ar9pQAA,0016A00000JqraOQAR,a0FPW00000xRdqQ2AS,70.5,70.500000,UPDATE,,
SBQQ__ContractedPrice__c,CAS131679-ST680P,,01t6A000000ariuQAA,001PW00000iFUdzYAG,a0FPW00000WmYk62AF,105.0,105.000000,UPDATE,,
SBQQ__ContractedPrice__c,PEE084585-ST680P,,01t6A000000ariuQAA,0016A00000JqrrcQAB,a0FPW00000WmbUn2AJ,66.0,60.000000,UPDATE,,
SBQQ__ContractedPrice__c,PEE084585-ADD0203,,01t6A000000asNSQAY,0016A00000JqrrcQAB,a0FPW00000WmbCU2AZ,36.88,33.530000,UPDATE,,
SBQQ__ContractedPrice__c,CAS131679-ADD0203,,01t6A000000asNSQAY,001PW00000iFUdzYAG,a0FPW00000WmYUm2AN,48.0,48.000000,UPDATE,,
SBQQ__ContractedPrice__c,CAS131664-ADD0203,,01t6A000000asNSQAY,0016A00000JqrfSQAR,a0FPW00000WmYGN2A3,188.0,189.000000,UPDATE,,
SBQQ__ContractedPrice__c,CAS131664-AEC006009-S,,01t6A000000atAKQAY,0016A00000JqrfSQAR,a0FPW00000WmYGT2A3,100.0,100.000000,UPDATE,,
SBQQ__ContractedPrice__c,PEE084585-AEC006009-S,,01t6A000000atAKQAY,0016A00000JqrrcQAB,a0FPW00000WmbCg2AJ,18.47,16.790000,UPDATE,,
SBQQ__ContractedPrice__c,CAS131679-AEC006009-S,,01t6A000000atAKQAY,001PW00000iFUdzYAG,a0FPW00000WmYUs2AN,33.0,33.000000,UPDATE,,
SBQQ__ContractedPrice__c,CAS131679-AEC009012-S,,01t6A000000arfNQAQ,001PW00000iFUdzYAG,a0FPW00000WmYUv2AN,40.0,40.000000,UPDATE,,
SBQQ__ContractedPrice__c,PEE084585-MIS316,,01t6A000000arrtQAA,0016A00000JqrrcQAB,a0FPW00000WmbL82AJ,15.8,14.360000,UPDATE,,
SBQQ__ContractedPrice__c,PEE084585-MIS36313,,01t6A000002ZSGKQA4,0016A00000JqrrcQAB,a0FPW00000WmbLL2AZ,238.06,216.420000,UPDATE,,
SBQQ__ContractedPrice__c,PEE084585-MIS647L-TH,,01t2K000006S2N5QAK,0016A00000JqrrcQAB,a0FPW00000WmbMd2AJ,44.46,40.420000,UPDATE,,
SBQQ__ContractedPrice__c,PEE084585-MIS653,,01t6A000000asrBQAQ,0016A00000JqrrcQAB,a0FPW00000WmbMe2AJ,72.22,65.650000,UPDATE,,
SBQQ__ContractedPrice__c,PEE084585-MIS807,,01t6A000000aqgkQAA,0016A00000JqrrcQAB,a0FPW00000WmbMq2AJ,19.22,17.470000,UPDATE,,
SBQQ__ContractedPrice__c,PEE084585-MIS934,,01t6A000000arxVQAQ,0016A00000JqrrcQAB,a0FPW00000WmbN12AJ,58.4,53.090000,UPDATE,,
SBQQ__ContractedPrice__c,PEE084585-MIS941,,01t6A000000as8VQAQ,0016A00000JqrrcQAB,a0FPW00000WmbN32AJ,47.76,43.420000,UPDATE,,
SBQQ__ContractedPrice__c,CAS131679-SUF640P,,01t6A000000asCLQAY,001PW00000iFUdzYAG,a0FPW00000WmYkD2AV,58.0,58.000000,UPDATE,,
SBQQ__ContractedPrice__c,CAS131664-SUF640P,,01t6A000000asCLQAY,0016A00000JqrfSQAR,a0FPW00000WmYQV2A3,188.0,189.000000,UPDATE,,
SBQQ__ContractedPrice__c,PEE084585-SUF640P,,01t6A000000asCLQAY,0016A00000JqrrcQAB,a0FPW00000WmbUv2AJ,45.54,41.400000,UPDATE,,
SBQQ__ContractedPrice__c,PEE084585-SUF640P-CUS762,,01t6A000000bMFOQA2,0016A00000JqrrcQAB,a0FPW00000WmbUw2AJ,46.98,42.710000,UPDATE,,
SBQQ__ContractedPrice__c,PEE084585-SUF641,,01t6A000000armZQAQ,0016A00000JqrrcQAB,a0FPW00000WmbUy2AJ,30.64,27.850000,UPDATE,,
SBQQ__ContractedPrice__c,CAS131664-SUF641,,01t6A000000armZQAQ,0016A00000JqrfSQAR,a0FPW00000WmYQW2A3,188.0,189.000000,UPDATE,,
SBQQ__ContractedPrice__c,PEE084585-MIS820-0203,,01t6A000000asQWQAY,0016A00000JqrrcQAB,a0FPW00000WmbMu2AJ,477.24,433.850000,UPDATE,,
SBQQ__ContractedPrice__c,CAS131679-MOD-FPP2,,01t6A000000arwwQAA,001PW00000iFUdzYAG,a0FPW00000WmYew2AF,91.0,91.000000,UPDATE,,
SBQQ__ContractedPrice__c,PEE084585-MOD-FPP2,,01t6A000000arwwQAA,0016A00000JqrrcQAB,a0FPW00000WmbNu2AJ,63.16,57.420000,UPDATE,,
SBQQ__ContractedPrice__c,CAS131664-MOD-FPP2,,01t6A000000arwwQAA,0016A00000JqrfSQAR,a0FPW00000WmYOy2AN,277.0,277.000000,UPDATE,,
SBQQ__ContractedPrice__c,CAS131664-MOD-FPSKIT100,,01t6A000000at0mQAA,0016A00000JqrfSQAR,a0FPW00000WmYP22AN,391.0,391.000000,UPDATE,,
SBQQ__ContractedPrice__c,PEE084585-MOD-FPSKIT100,,01t6A000000at0mQAA,0016A00000JqrrcQAB,a0FPW00000WmbNz2AJ,92.83,84.390000,UPDATE,,
SBQQ__ContractedPrice__c,CAS131679-MOD-FPSKIT100,,01t6A000000at0mQAA,001PW00000iFUdzYAG,a0FPW00000WmYf12AF,130.0,130.000000,UPDATE,,
SBQQ__ContractedPrice__c,CAS131679-SUF641,,01t6A000000armZQAQ,001PW00000iFUdzYAG,a0FPW00000WmYkE2AV,42.0,42.000000,UPDATE,,
SBQQ__ContractedPrice__c,CAS131679-SUF651,,01t6A000000armaQAA,001PW00000iFUdzYAG,a0FPW00000WmYkG2AV,50.0,50.000000,UPDATE,,
SBQQ__ContractedPrice__c,CAS131664-SUF651,,01t6A000000armaQAA,0016A00000JqrfSQAR,a0FPW00000WmYQY2A3,213.0,214.000000,UPDATE,,
SBQQ__ContractedPrice__c,PEE084585-SUF651,,01t6A000000armaQAA,0016A00000JqrrcQAB,a0FPW00000WmbV12AJ,34.65,31.500000,UPDATE,,
SBQQ__ContractedPrice__c,PEE084585-TRA765,,01t6A000000atVBQAY,0016A00000JqrrcQAB,a0FPW00000WmbVB2AZ,44.03,40.030000,UPDATE,,
SBQQ__ContractedPrice__c,CAS131679-TVA775,,01t2K00000AoidmQAB,001PW00000iFUdzYAG,a0FPW00000WmYkP2AV,63.0,63.000000,UPDATE,,
SBQQ__ContractedPrice__c,PEE084585-MISZ647P,,01t6A000000arXyQAI,0016A00000JqrrcQAB,a0FPW00000WmbNP2AZ,47.48,43.160000,UPDATE,,
SBQQ__ContractedPrice__c,PEE084585-MOD-FCS2KIT300-B,,01t6A000000arOeQAI,0016A00000JqrrcQAB,a0FPW00000WmbNm2AJ,234.32,213.020000,UPDATE,,
SBQQ__ContractedPrice__c,CAS131679-MOD-FCS2KIT300-B,,01t6A000000arOeQAI,001PW00000iFUdzYAG,a0FPW00000WmYeo2AF,297.0,297.000000,UPDATE,,
SBQQ__ContractedPrice__c,CAS131664-MOD-FCS2KIT300-B,,01t6A000000arOeQAI,0016A00000JqrfSQAR,a0FPW00000WmYOr2AN,910.0,910.000000,UPDATE,,
SBQQ__ContractedPrice__c,CAS131664-MOD-FPMD2,,01t6A000000asPpQAI,0016A00000JqrfSQAR,a0FPW00000WmYOv2AN,340.0,340.000000,UPDATE,,
SBQQ__ContractedPrice__c,CAS131679-MOD-FPMD2,,01t6A000000asPpQAI,001PW00000iFUdzYAG,a0FPW00000WmYes2AF,107.0,107.000000,UPDATE,,
SBQQ__ContractedPrice__c,PEE084585-MOD-FPMD2,,01t6A000000asPpQAI,0016A00000JqrrcQAB,a0FPW00000WmbNq2AJ,79.21,72.010000,UPDATE,,
SBQQ__ContractedPrice__c,PEE084585-TVA775,,01t2K00000AoidmQAB,0016A00000JqrrcQAB,a0FPW00000WmbVP2AZ,21.87,19.880000,UPDATE,,
SBQQ__ContractedPrice__c,PEE084585-TVFT650,,01t2K00000AoidXQAR,0016A00000JqrrcQAB,a0FPW00000WmbVR2AZ,8.28,7.530000,UPDATE,,
SBQQ__ContractedPrice__c,CAS131679-TVFT650,,01t2K00000AoidXQAR,001PW00000iFUdzYAG,a0FPW00000WmYkQ2AV,23.0,23.000000,UPDATE,,
SBQQ__ContractedPrice__c,PEE084585-TVVW,,01t6A000000arZCQAY,0016A00000JqrrcQAB,a0FPW00000WmbVU2AZ,63.88,58.070000,UPDATE,,
SBQQ__ContractedPrice__c,PEE084585-VCM580,,01t6A000000aqnxQAA,0016A00000JqrrcQAB,a0FPW00000WmhOE2AZ,1083.11,1083.110000,UPDATE,,
SBQQ__ContractedPrice__c,CAS131664-VCM580,,01t6A000000aqnxQAA,0016A00000JqrfSQAR,a0FPW00000WmgUD2AZ,5197.0,5717.000000,UPDATE,,
SBQQ__ContractedPrice__c,CAS131679-VCM580,,01t6A000000aqnxQAA,001PW00000iFUdzYAG,a0FPW00000WmgWK2AZ,1717.0,1889.000000,UPDATE,,
SBQQ__ContractedPrice__c,CAS131679-ACC315,,01t6A000000ar1ZQAQ,001PW00000iFUdzYAG,a0FPW00000WmYRE2A3,45.0,45.000000,UPDATE,,
SBQQ__ContractedPrice__c,PEE084585-ACC315,,01t6A000000ar1ZQAQ,0016A00000JqrrcQAB,a0FPW00000Wmb6O2AR,27.26,24.780000,UPDATE,,
SBQQ__ContractedPrice__c,CAS131679-CMAL,,01t2K000006S2MBQA0,001PW00000iFUdzYAG,a0FPW00000WmYVN2A3,330.0,330.000000,UPDATE,,
SBQQ__ContractedPrice__c,PEE084585-CMAL,,01t2K000006S2MBQA0,0016A00000JqrrcQAB,a0FPW00000WmbDc2AJ,166.05,150.950000,UPDATE,,
SBQQ__ContractedPrice__c,CAS131664-CMAL,,01t2K000006S2MBQA0,0016A00000JqrfSQAR,a0FPW00000WmYGy2AN,998.0,998.000000,UPDATE,,
SBQQ__ContractedPrice__c,PEE084585-DEV-LCC18,,01t6A000000arEjQAI,0016A00000JqrrcQAB,a0FPW00000Wm4iL2AR,61.48,55.890000,UPDATE,,
SBQQ__ContractedPrice__c,CAS131679-DS-C555-3X2,,01t6A000000arVYQAY,001PW00000iFUdzYAG,a0FPW00000WmgUG2AZ,1792.0,1971.000000,UPDATE,,
SBQQ__ContractedPrice__c,PEE084585-MOD-FPS2KIT150,,01t6A000000arObQAI,0016A00000JqrrcQAB,a0FPW00000WmbNx2AJ,192.12,174.650000,UPDATE,,
SBQQ__ContractedPrice__c,CAS131679-MOD-FPS2KIT150,,01t6A000000arObQAI,001PW00000iFUdzYAG,a0FPW00000WmYez2AF,254.0,254.000000,UPDATE,,
SBQQ__ContractedPrice__c,CAS131664-MOD-FPS2KIT150,,01t6A000000arObQAI,0016A00000JqrfSQAR,a0FPW00000WmYP02AN,758.0,758.000000,UPDATE,,
SBQQ__ContractedPrice__c,CAS131664-MOD-FPSKIT100-B,,01t6A000000ar6fQAA,0016A00000JqrfSQAR,a0FPW00000WmYP32AN,353.0,353.000000,UPDATE,,
SBQQ__ContractedPrice__c,CAS131679-MOD-FPSKIT100-B,,01t6A000000ar6fQAA,001PW00000iFUdzYAG,a0FPW00000WmYf22AF,116.0,116.000000,UPDATE,,
SBQQ__ContractedPrice__c,PEE084585-MOD-FPSKIT100-B,,01t6A000000ar6fQAA,0016A00000JqrrcQAB,a0FPW00000WmbO02AJ,85.16,77.420000,UPDATE,,
SBQQ__ContractedPrice__c,PEE084585-AEC009012-S,,01t6A000000arfNQAQ,0016A00000JqrrcQAB,a0FPW00000WmbCj2AJ,22.62,20.560000,UPDATE,,
SBQQ__ContractedPrice__c,CAS131664-AEC012018-S,,01t6A000000atUVQAY,0016A00000JqrfSQAR,a0FPW00000WmYGY2A3,151.0,151.000000,UPDATE,,
SBQQ__ContractedPrice__c,PEE084585-AEC012018-S,,01t6A000000atUVQAY,0016A00000JqrrcQAB,a0FPW00000WmbCm2AJ,20.48,18.620000,UPDATE,,
SBQQ__ContractedPrice__c,CAS131679-AEC012018-S,,01t6A000000atUVQAY,001PW00000iFUdzYAG,a0FPW00000WmYUy2AN,51.0,51.000000,UPDATE,,
SBQQ__ContractedPrice__c,CAS131679-AEC018024,,01t6A000000atUXQAY,001PW00000iFUdzYAG,a0FPW00000WmYV02AN,56.0,56.000000,UPDATE,,
SBQQ__ContractedPrice__c,PEE084585-AEC018024,,01t6A000000atUXQAY,0016A00000JqrrcQAB,a0FPW00000WmbCo2AJ,27.75,25.230000,UPDATE,,
SBQQ__ContractedPrice__c,CAS131664-AEC018024,,01t6A000000atUXQAY,0016A00000JqrfSQAR,a0FPW00000WmYGa2AN,163.0,163.000000,UPDATE,,
SBQQ__ContractedPrice__c,PEE084585-WMK-3298T,,01t2K000006S2ESQA0,0016A00000JqrrcQAB,a0FPW00000WmbVq2AJ,83.6,76.000000,UPDATE,,
SBQQ__ContractedPrice__c,PEE084585-54XL75,,01t2K000006NZtLQAW,0016A00000JqrrcQAB,a0FPW00000WmUs92AF,391.66,356.050000,UPDATE,,
SBQQ__ContractedPrice__c,PEE084585-ACCK119,,01t6A000000atcPQAQ,0016A00000JqrrcQAB,a0FPW00000WmbBE2AZ,396.31,360.280000,UPDATE,,
SBQQ__ContractedPrice__c,PEE084585-ACC460,,01t6A000000ar1EQAQ,0016A00000JqrrcQAB,a0FPW00000Wmb6X2AR,20.33,18.480000,UPDATE,,
SBQQ__ContractedPrice__c,CAS131679-ACC460,,01t6A000000ar1EQAQ,001PW00000iFUdzYAG,a0FPW00000WmYTF2A3,26.0,29.100000,UPDATE,,
SBQQ__ContractedPrice__c,CAS131679-ACC570,,01t6A000000asNNQAY,001PW00000iFUdzYAG,a0FPW00000WmYTP2A3,25.0,25.000000,UPDATE,,
SBQQ__ContractedPrice__c,CAS131664-ACC570,,01t6A000000asNNQAY,0016A00000JqrfSQAR,a0FPW00000WmYFF2A3,81.0,81.000000,UPDATE,,
SBQQ__ContractedPrice__c,CAS131679-MOD-FPSKIT100-CPF,,01t6A000000arboQAA,001PW00000iFUdzYAG,a0FPW00000WmYf32AF,141.0,151.450000,UPDATE,,
SBQQ__ContractedPrice__c,PEE084585-MOD-FPSKIT100-CPF,,01t6A000000arboQAA,0016A00000JqrrcQAB,a0FPW00000WmbO12AJ,115.19,104.720000,UPDATE,,
SBQQ__ContractedPrice__c,PEE084585-MOD-FPSKIT150-CPF,,01t6A000000arbpQAA,0016A00000JqrrcQAB,a0FPW00000WmbO42AJ,117.1,106.450000,UPDATE,,
SBQQ__ContractedPrice__c,CAS131679-MOD-FPSKIT150-CPF,,01t6A000000arbpQAA,001PW00000iFUdzYAG,a0FPW00000WmYf62AF,184.0,184.000000,UPDATE,,
SBQQ__ContractedPrice__c,CAS131679-MOD-FW2KIT300-B,,01t6A000000arOgQAI,001PW00000iFUdzYAG,a0FPW00000WmYf92AF,306.0,306.000000,UPDATE,,
SBQQ__ContractedPrice__c,PEE084585-MOD-FW2KIT300-B,,01t6A000000arOgQAI,0016A00000JqrrcQAB,a0FPW00000WmbO72AJ,232.82,211.650000,UPDATE,,
SBQQ__ContractedPrice__c,CAS131664-MOD-FW2KIT300-B,,01t6A000000arOgQAI,0016A00000JqrfSQAR,a0FPW00000WmYP62AN,910.0,910.000000,UPDATE,,
SBQQ__ContractedPrice__c,PEE084585-MOD-FPSKIT200-CPF,,01t6A000000arbqQAA,0016A00000JqrrcQAB,a0FPW00000WmbO52AJ,129.37,117.610000,UPDATE,,
SBQQ__ContractedPrice__c,CAS131679-MOD-FPSKIT200-CPF,,01t6A000000arbqQAA,001PW00000iFUdzYAG,a0FPW00000WmYf72AF,213.0,213.000000,UPDATE,,
SBQQ__ContractedPrice__c,CAS131679-MOD-PJF2KIT150-B,,01t2K000006NZtVQAW,001PW00000iFUdzYAG,a0FPW00000WmYfQ2AV,156.0,156.000000,UPDATE,,
SBQQ__ContractedPrice__c,PEE084585-MOD-PJF2KIT150-B,,01t2K000006NZtVQAW,0016A00000JqrrcQAB,a0FPW00000WmbOP2AZ,109.76,99.780000,UPDATE,,
SBQQ__ContractedPrice__c,PEE084585-MOD-UNL2,,01t6A000000atNaQAI,0016A00000JqrrcQAB,a0FPW00000WmbOb2AJ,18.19,16.540000,UPDATE,,
SBQQ__ContractedPrice__c,CAS131679-MOD-UNL2,,01t6A000000atNaQAI,001PW00000iFUdzYAG,a0FPW00000WmYfZ2AV,45.0,45.000000,UPDATE,,
SBQQ__ContractedPrice__c,CAS131664-MOD-UNL2,,01t6A000000atNaQAI,0016A00000JqrfSQAR,a0FPW00000WmBI92AN,138.0,138.000000,UPDATE,,
SBQQ__ContractedPrice__c,CAS131664-PA762,,01t6A000000arUhQAI,0016A00000JqrfSQAR,a0FPW00000WmBIK2A3,315.0,315.000000,UPDATE,,
SBQQ__ContractedPrice__c,PEE084585-PA762,,01t6A000000arUhQAI,0016A00000JqrrcQAB,a0FPW00000WmbOz2AJ,79.96,72.690000,UPDATE,,
SBQQ__ContractedPrice__c,CAS131679-PA762,,01t6A000000arUhQAI,001PW00000iFUdzYAG,a0FPW00000WmYfl2AF,106.0,106.000000,UPDATE,,
SBQQ__ContractedPrice__c,PEE084585-PEWV210/BK,,01t6A000000atItQAI,0016A00000JqrrcQAB,a0FPW00000WmJGA2A3,11.48,10.440000,UPDATE,,
SBQQ__ContractedPrice__c,CAS131679-PF630,,01t6A000000arvwQAA,001PW00000iFUdzYAG,a0FPW00000WmYg62AF,9.0,9.000000,UPDATE,,
SBQQ__ContractedPrice__c,PEE084585-PF630,,01t6A000000arvwQAA,0016A00000JqrrcQAB,a0FPW00000WmJGB2A3,6.53,5.940000,UPDATE,,
SBQQ__ContractedPrice__c,CAS131664-PF630,,01t6A000000arvwQAA,0016A00000JqrfSQAR,a0FPW00000WmBIS2A3,36.0,37.000000,UPDATE,,
SBQQ__ContractedPrice__c,CAS131664-MSA-101,,01t6A000000aquWQAQ,0016A00000JqrfSQAR,a0FPW00000WmBIC2A3,289.0,290.000000,UPDATE,,
SBQQ__ContractedPrice__c,CAS131679-MSA-101,,01t6A000000aquWQAQ,001PW00000iFUdzYAG,a0FPW00000WmYfc2AF,96.0,96.000000,UPDATE,,
SBQQ__ContractedPrice__c,PEE084585-MSA-101,,01t6A000000aquWQAQ,0016A00000JqrrcQAB,a0FPW00000WmbOe2AJ,51.19,46.540000,UPDATE,,
SBQQ__ContractedPrice__c,PEE084585-OSUA771PU,,01t2K000006XRCnQAO,0016A00000JqrrcQAB,a0FPW00000WmbOr2AJ,131.36,119.420000,UPDATE,,
SBQQ__ContractedPrice__c,CAS131679-OSUA771PU,,01t2K000006XRCnQAO,001PW00000iFUdzYAG,a0FPW00000WmYfe2AF,187.0,187.000000,UPDATE,,
SBQQ__ContractedPrice__c,CAS131664-OSUA771PU,,01t2K000006XRCnQAO,0016A00000JqrfSQAR,a0FPW00000WmBID2A3,669.0,669.000000,UPDATE,,
SBQQ__ContractedPrice__c,CAS131664-PA740,,01t6A000000asALQAY,0016A00000JqrfSQAR,a0FPW00000WmBIH2A3,125.0,125.000000,UPDATE,,
SBQQ__ContractedPrice__c,PEE084585-ACC570,,01t6A000000asNNQAY,0016A00000JqrrcQAB,a0FPW00000Wmb6j2AB,17.11,15.550000,UPDATE,,
SBQQ__ContractedPrice__c,PEE084585-ACC840,,01t6A000000ar9TQAQ,0016A00000JqrrcQAB,a0FPW00000Wmb702AB,38.13,34.660000,UPDATE,,
SBQQ__ContractedPrice__c,CAS131664-ACC840,,01t6A000000ar9TQAQ,0016A00000JqrfSQAR,a0FPW00000WmYFS2A3,151.0,151.000000,UPDATE,,
SBQQ__ContractedPrice__c,CAS131679-ACC840,,01t6A000000ar9TQAQ,001PW00000iFUdzYAG,a0FPW00000WmYTc2AN,47.0,56.780000,UPDATE,,
SBQQ__ContractedPrice__c,CAS131679-ACC850,,01t6A000000atSWQAY,001PW00000iFUdzYAG,a0FPW00000WmYTe2AN,59.0,59.000000,UPDATE,,
SBQQ__ContractedPrice__c,PEE084585-ACC850,,01t6A000000atSWQAY,0016A00000JqrrcQAB,a0FPW00000Wmb722AB,17.68,16.070000,UPDATE,,
SBQQ__ContractedPrice__c,PEE084585-ACC852W,,01t6A000000aqqRQAQ,0016A00000JqrrcQAB,,,17.100000,INSERT,,
SBQQ__ContractedPrice__c,CAS131679-PA740,,01t6A000000asALQAY,001PW00000iFUdzYAG,a0FPW00000WmYfi2AF,41.0,41.000000,UPDATE,,
SBQQ__ContractedPrice__c,PEE084585-PA740,,01t6A000000asALQAY,0016A00000JqrrcQAB,a0FPW00000WmbOw2AJ,24.41,22.190000,UPDATE,,
SBQQ__ContractedPrice__c,PEE084585-PA750,,01t6A000000aqjUQAQ,0016A00000JqrrcQAB,a0FPW00000WmbOy2AJ,59.42,54.020000,UPDATE,,
SBQQ__ContractedPrice__c,CAS131679-PA750,,01t6A000000aqjUQAQ,001PW00000iFUdzYAG,a0FPW00000WmYfk2AF,84.0,84.000000,UPDATE,,
SBQQ__ContractedPrice__c,CAS131664-PA750,,01t6A000000aqjUQAQ,0016A00000JqrfSQAR,a0FPW00000WmBIJ2A3,252.0,252.000000,UPDATE,,
SBQQ__ContractedPrice__c,PEE084585-PANA-85WM,,01t6A000000asckQAA,0016A00000JqrrcQAB,a0FPW00000WmJFg2AN,316.46,287.690000,UPDATE,,
SBQQ__ContractedPrice__c,PEE084585-PEWS450/BK,,01t6A000000atInQAI,0016A00000JqrrcQAB,a0FPW00000WmJG72AN,113.87,103.520000,UPDATE,,
SBQQ__ContractedPrice__c,PEE084585-PF650,,01t6A000000asXRQAY,0016A00000JqrrcQAB,a0FPW00000WmJGE2A3,14.94,13.580000,UPDATE,,
SBQQ__ContractedPrice__c,CAS131664-PF650,,01t6A000000asXRQAY,0016A00000JqrfSQAR,a0FPW00000WmBIV2A3,112.0,113.000000,UPDATE,,
SBQQ__ContractedPrice__c,CAS131679-PF650,,01t6A000000asXRQAY,001PW00000iFUdzYAG,a0FPW00000WmYg92AF,40.0,40.000000,UPDATE,,
SBQQ__ContractedPrice__c,CAS131679-PF660,,01t6A000000asAMQAY,001PW00000iFUdzYAG,a0FPW00000WmYgA2AV,46.0,46.000000,UPDATE,,
SBQQ__ContractedPrice__c,CAS131664-PF660,,01t6A000000asAMQAY,0016A00000JqrfSQAR,a0FPW00000WmBIW2A3,138.0,138.000000,UPDATE,,
SBQQ__ContractedPrice__c,PEE084585-PF660,,01t6A000000asAMQAY,0016A00000JqrrcQAB,a0FPW00000WmJGF2A3,16.51,15.010000,UPDATE,,
SBQQ__ContractedPrice__c,PEE084585-PLA50-UNLP-GB,,01t6A000000aqmdQAA,0016A00000JqrrcQAB,a0FPW00000WmJGR2A3,210.29,191.170000,UPDATE,,
SBQQ__ContractedPrice__c,CAS131664-AEC0305,,01t6A000000ar8vQAA,0016A00000JqrfSQAR,a0FPW00000WmYGg2AN,227.0,227.000000,UPDATE,,
SBQQ__ContractedPrice__c,PEE084585-AEC0305,,01t6A000000ar8vQAA,0016A00000JqrrcQAB,a0FPW00000WmbCu2AJ,40.51,36.830000,UPDATE,,
SBQQ__ContractedPrice__c,CAS131679-AEC0305,,01t6A000000ar8vQAA,001PW00000iFUdzYAG,a0FPW00000WmYV62AN,76.0,76.000000,UPDATE,,
SBQQ__ContractedPrice__c,CAS131679-AEC0507-S,,01t6A000000arTJQAY,001PW00000iFUdzYAG,a0FPW00000WmYVD2A3,88.0,88.000000,UPDATE,,
SBQQ__ContractedPrice__c,PEE084585-AEC0507-S,,01t6A000000arTJQAY,0016A00000JqrrcQAB,a0FPW00000WmbD12AJ,66.65,60.590000,UPDATE,,
SBQQ__ContractedPrice__c,CAS131664-AEC0507-S,,01t6A000000arTJQAY,0016A00000JqrfSQAR,a0FPW00000WmYGn2AN,252.0,252.000000,UPDATE,,
SBQQ__ContractedPrice__c,CAS131664-AEC0608-S,,01t6A000000aqhQQAQ,0016A00000JqrfSQAR,a0FPW00000WmYGq2AN,264.0,265.000000,UPDATE,,
SBQQ__ContractedPrice__c,CAS131664-ACC852W,,01t6A000000aqqRQAQ,0016A00000JqrfSQAR,,,62.000000,INSERT,,
SBQQ__ContractedPrice__c,CAS131679-ACC870,,01t6A000000arx1QAA,001PW00000iFUdzYAG,a0FPW00000WmYTf2AN,55.0,55.000000,UPDATE,,
SBQQ__ContractedPrice__c,PEE084585-ACC870,,01t6A000000arx1QAA,0016A00000JqrrcQAB,a0FPW00000Wmb762AB,33.19,30.170000,UPDATE,,
SBQQ__ContractedPrice__c,PEE084585-AV42,,01t6A000000asfHQAQ,0016A00000JqrrcQAB,a0FPW00000WmbDG2AZ,355.37,323.060000,UPDATE,,
SBQQ__ContractedPrice__c,PEE084585-DS-LEDA27-7X7,,01t2K000006KCbtQAG,0016A00000JqrrcQAB,a0FPW00000WmhC92AJ,1501.32,1501.320000,UPDATE,,
SBQQ__ContractedPrice__c,PEE084585-DS-LEDA27-STK,,01t2K000006X85xQAC,0016A00000JqrrcQAB,a0FPW00000Wm4ih2AB,175.53,159.570000,UPDATE,,
SBQQ__ContractedPrice__c,PEE084585-DS-LEDF41298,,01t2K000006XB4OQAW,0016A00000JqrrcQAB,a0FPW00000WmhCJ2AZ,2821.99,2821.990000,UPDATE,,
SBQQ__ContractedPrice__c,CAS131664-PLA50-UNLP-GB,,01t6A000000aqmdQAA,0016A00000JqrfSQAR,a0FPW00000WmBIe2AN,682.0,682.000000,UPDATE,,
SBQQ__ContractedPrice__c,CAS131664-PLAV60-UNLP-GB,,01t6A000000atK8QAI,0016A00000JqrfSQAR,a0FPW00000WmBIm2AN,846.0,846.000000,UPDATE,,
SBQQ__ContractedPrice__c,PEE084585-PLAV60-UNLP-GB,,01t6A000000atK8QAI,0016A00000JqrrcQAB,a0FPW00000WmJGZ2A3,288.7,262.450000,UPDATE,,
SBQQ__ContractedPrice__c,PEE084585-PLAV70-UNLP,,01t6A000000arKlQAI,0016A00000JqrrcQAB,,,398.780000,INSERT,,
SBQQ__ContractedPrice__c,PEE084585-PLP-PAN42PX,,01t6A000000aryzQAA,0016A00000JqrrcQAB,a0FPW00000WmJGn2AN,46.45,42.230000,UPDATE,,
SBQQ__ContractedPrice__c,PEE084585-PLP-UNM,,01t6A000000at7PQAQ,0016A00000JqrrcQAB,a0FPW00000WmJGs2AN,14.86,13.510000,UPDATE,,
SBQQ__ContractedPrice__c,CAS131664-PLP-UNM,,01t6A000000at7PQAQ,0016A00000JqrfSQAR,a0FPW00000WmBJ32AN,176.0,176.000000,UPDATE,,
SBQQ__ContractedPrice__c,CAS131679-PLP-UNM,,01t6A000000at7PQAQ,001PW00000iFUdzYAG,a0FPW00000WmYgU2AV,58.0,58.000000,UPDATE,,
SBQQ__ContractedPrice__c,CAS131679-PLP-V2X1,,01t6A000000as8KQAQ,001PW00000iFUdzYAG,a0FPW00000WmYgW2AV,55.0,55.000000,UPDATE,,
SBQQ__ContractedPrice__c,CAS131664-PLP-V2X1,,01t6A000000as8KQAQ,0016A00000JqrfSQAR,a0FPW00000WmBJ52AN,163.0,163.000000,UPDATE,,
SBQQ__ContractedPrice__c,PEE084585-PLP-V2X1,,01t6A000000as8KQAQ,0016A00000JqrrcQAB,a0FPW00000WmJGu2AN,23.6,21.450000,UPDATE,,
SBQQ__ContractedPrice__c,PEE084585-PN-SR763ACC1,,01t6A000000asTyQAI,0016A00000JqrrcQAB,,,94.810000,INSERT,,
SBQQ__ContractedPrice__c,PEE084585-PN-VW440,,01t6A000000asoJQAQ,0016A00000JqrrcQAB,a0FPW00000WmhNl2AJ,1652.08,1652.080000,UPDATE,,
SBQQ__ContractedPrice__c,PEE084585-DS-LEDF41299,,01t2K000006XB4TQAW,0016A00000JqrrcQAB,a0FPW00000WmhCK2AZ,3975.79,3975.790000,UPDATE,,
SBQQ__ContractedPrice__c,PEE084585-DS-LEDLSAA-4X4,,01t2K00000AoWRWQA3,0016A00000JqrrcQAB,a0FPW00000WmhCf2AJ,1097.43,1097.430000,UPDATE,,
SBQQ__ContractedPrice__c,PEE084585-DS-LEDLSAA-8X8,,01t2K00000Cg4yFQAR,0016A00000JqrrcQAB,a0FPW00000WmhCh2AJ,2271.0,2271.000000,UPDATE,,
SBQQ__ContractedPrice__c,PEE084585-DS-LEDLSCB-11X8,,01t2K000006StkAQAS,0016A00000JqrrcQAB,a0FPW00000WmhCl2AJ,2705.6,2705.600000,UPDATE,,
SBQQ__ContractedPrice__c,PEE084585-DS-LEDM-ALMOA27,,01t2K000006X85TQAS,0016A00000JqrrcQAB,a0FPW00000Wm4iw2AB,55.95,50.860000,UPDATE,,
SBQQ__ContractedPrice__c,PEE084585-DS-LEDM-ALMONPLUS,,01t2K000006X85YQAS,0016A00000JqrrcQAB,a0FPW00000Wm4ix2AB,58.32,53.020000,UPDATE,,
SBQQ__ContractedPrice__c,PEE084585-DS-LEDTK-16VX10V,,01t2K000006SyqjQAC,0016A00000JqrrcQAB,a0FPW00000WmhD92AJ,1182.78,1182.780000,UPDATE,,
SBQQ__ContractedPrice__c,CAS131664-PF640,,01t6A000000atQzQAI,0016A00000JqrfSQAR,a0FPW00000WmBIU2A3,87.0,87.000000,UPDATE,,
SBQQ__ContractedPrice__c,PEE084585-PF640,,01t6A000000atQzQAI,0016A00000JqrrcQAB,a0FPW00000WmJGD2A3,13.12,11.930000,UPDATE,,
SBQQ__ContractedPrice__c,CAS131679-PF640,,01t6A000000atQzQAI,001PW00000iFUdzYAG,a0FPW00000WmYg82AF,26.0,26.000000,UPDATE,,
SBQQ__ContractedPrice__c,PEE084585-PLAV70-UNL,,01t6A000000atR3QAI,0016A00000JqrrcQAB,,,400.510000,INSERT,,
SBQQ__ContractedPrice__c,PEE084585-PLAV70-UNLP-GB,,01t6A000000arvnQAA,0016A00000JqrrcQAB,,,444.600000,INSERT,,
SBQQ__ContractedPrice__c,PEE084585-PLB-1,,01t6A000000aqpKQAQ,0016A00000JqrrcQAB,a0FPW00000WmJGa2AN,57.46,52.240000,UPDATE,,
SBQQ__ContractedPrice__c,CAS131679-PLB-1,,01t6A000000aqpKQAQ,001PW00000iFUdzYAG,a0FPW00000WmYgG2AV,176.0,176.000000,UPDATE,,
SBQQ__ContractedPrice__c,CAS131664-PLB-1,,01t6A000000aqpKQAQ,0016A00000JqrfSQAR,a0FPW00000WmBIn2AN,530.0,530.000000,UPDATE,,
SBQQ__ContractedPrice__c,CAS131664-PLCK-UNL,,01t6A000000aqoYQAQ,0016A00000JqrfSQAR,a0FPW00000WmBIp2AN,517.0,518.000000,UPDATE,,
SBQQ__ContractedPrice__c,CAS131679-PLCK-UNL,,01t6A000000aqoYQAQ,001PW00000iFUdzYAG,a0FPW00000WmYgI2AV,172.0,172.000000,UPDATE,,
SBQQ__ContractedPrice__c,PEE084585-PLCK-UNL,,01t6A000000aqoYQAQ,0016A00000JqrrcQAB,a0FPW00000WmJGc2AN,79.73,72.480000,UPDATE,,
SBQQ__ContractedPrice__c,PEE084585-PLCM-2,,01t6A000000aruaQAA,0016A00000JqrrcQAB,a0FPW00000WmJGf2AN,28.27,25.700000,UPDATE,,
SBQQ__ContractedPrice__c,CAS131679-PLCM-2,,01t6A000000aruaQAA,001PW00000iFUdzYAG,a0FPW00000WmYgL2AV,91.0,91.000000,UPDATE,,
SBQQ__ContractedPrice__c,PEE084585-PP730,,01t6A000000aswhQAA,0016A00000JqrrcQAB,a0FPW00000WmJH92AN,11.95,10.860000,UPDATE,,
SBQQ__ContractedPrice__c,CAS131664-PP730,,01t6A000000aswhQAA,0016A00000JqrfSQAR,a0FPW00000WmBJH2A3,75.0,75.000000,UPDATE,,
SBQQ__ContractedPrice__c,CAS131679-PP730,,01t6A000000aswhQAA,001PW00000iFUdzYAG,a0FPW00000WmYgi2AF,22.0,22.000000,UPDATE,,
SBQQ__ContractedPrice__c,PEE084585-PRMP1X1,,01t6A000000arSWQAY,0016A00000JqrrcQAB,a0FPW00000WmbPg2AJ,17.19,15.630000,UPDATE,,
SBQQ__ContractedPrice__c,PEE084585-PT630,,01t6A000000aqhEQAQ,0016A00000JqrrcQAB,a0FPW00000WmbPs2AJ,6.6,6.000000,UPDATE,,
SBQQ__ContractedPrice__c,CAS131679-PT630,,01t6A000000aqhEQAQ,001PW00000iFUdzYAG,a0FPW00000WmYgq2AF,11.0,11.000000,UPDATE,,
SBQQ__ContractedPrice__c,CAS131664-PT630,,01t6A000000aqhEQAQ,0016A00000JqrfSQAR,a0FPW00000WmBJO2A3,50.0,49.000000,UPDATE,,
SBQQ__ContractedPrice__c,PEE084585-DS-LEDTK-20VX12S,,01t8V000008kP7sQAE,0016A00000JqrrcQAB,a0FPW00000WmhDG2AZ,1321.69,1321.690000,UPDATE,,
SBQQ__ContractedPrice__c,CAS131679-DS-LEDTK-20VX12S,,01t8V000008kP7sQAE,001PW00000iFUdzYAG,a0FPW00000WmgUq2AJ,3452.0,3797.000000,UPDATE,,
SBQQ__ContractedPrice__c,CAS131679-DS-LEDTK-29VX11S,,01t2K000006Syq5QAC,001PW00000iFUdzYAG,a0FPW00000WmgUx2AJ,4226.0,4649.000000,UPDATE,,
SBQQ__ContractedPrice__c,PEE084585-DS-LEDTK-29VX11S,,01t2K000006Syq5QAC,0016A00000JqrrcQAB,a0FPW00000WmhDU2AZ,1657.82,1657.820000,UPDATE,,
SBQQ__ContractedPrice__c,PEE084585-DS-LEDUPS-5X5,,01t2K000006X7mMQAS,0016A00000JqrrcQAB,a0FPW00000WmhDn2AJ,1192.34,1192.340000,UPDATE,,
SBQQ__ContractedPrice__c,CAS131664-DS-LEDUPS-5X5,,01t2K000006X7mMQAS,0016A00000JqrfSQAR,a0FPW00000WmgMA2AZ,6268.0,6894.000000,UPDATE,,
SBQQ__ContractedPrice__c,CAS131679-DS-LEDUPS-5X5,,01t2K000006X7mMQAS,001PW00000iFUdzYAG,a0FPW00000WmgVO2AZ,2080.0,2288.000000,UPDATE,,
SBQQ__ContractedPrice__c,PEE084585-DS-C555-3X2,,01t6A000000arVYQAY,0016A00000JqrrcQAB,a0FPW00000WmhBo2AJ,1236.08,1236.080000,UPDATE,,
SBQQ__ContractedPrice__c,CAS131664-DS-C555-3X2,,01t6A000000arVYQAY,0016A00000JqrfSQAR,a0FPW00000WmgLm2AJ,5421.0,5963.000000,UPDATE,,
SBQQ__ContractedPrice__c,CAS131664-DS-C555-4X3,,01t6A000000arjNQAQ,0016A00000JqrfSQAR,a0FPW00000WmgLp2AJ,11180.0,12298.000000,UPDATE,,
SBQQ__ContractedPrice__c,PEE084585-DS-C555-4X3,,01t6A000000arjNQAQ,0016A00000JqrrcQAB,a0FPW00000WmhBr2AJ,2286.13,2286.130000,UPDATE,,
SBQQ__ContractedPrice__c,CAS131679-DS-C555-4X3,,01t6A000000arjNQAQ,001PW00000iFUdzYAG,a0FPW00000WmgUJ2AZ,3667.0,4034.000000,UPDATE,,
SBQQ__ContractedPrice__c,PEE084585-DS-C560-2X2,,01t6A000000as9SQAQ,0016A00000JqrrcQAB,a0FPW00000WmhBt2AJ,1043.33,1043.330000,UPDATE,,
SBQQ__ContractedPrice__c,CAS131679-HFT640,,01t2K00000AoZnVQAV,001PW00000iFUdzYAG,a0FPW00000WmT1j2AF,24.0,24.000000,UPDATE,,
SBQQ__ContractedPrice__c,PEE084585-HFT640,,01t2K00000AoZnVQAV,0016A00000JqrrcQAB,a0FPW00000Wm9UA2AZ,9.06,8.240000,UPDATE,,
SBQQ__ContractedPrice__c,PEE084585-KIL515-S-MOTO15,,01t6A000000as4KQAQ,0016A00000JqrrcQAB,a0FPW00000WmbHz2AJ,335.34,304.850000,UPDATE,,
SBQQ__ContractedPrice__c,PEE084585-KIL527-WM-GN,,01t6A000000asL4QAI,0016A00000JqrrcQAB,a0FPW00000WmbI32AJ,398.9,362.640000,UPDATE,,
SBQQ__ContractedPrice__c,PEE084585-KIL527-WM-OR,,01t6A000000askZQAQ,0016A00000JqrrcQAB,a0FPW00000WmbI42AJ,398.9,362.640000,UPDATE,,
SBQQ__ContractedPrice__c,PEE084585-KIL546-S-EUK,,01t6A000000arYvQAI,0016A00000JqrrcQAB,a0FPW00000WmfoJ2AR,956.31,956.310000,UPDATE,,
SBQQ__ContractedPrice__c,PEE084585-KIL643-S,,01t6A000000arFlQAI,0016A00000JqrrcQAB,a0FPW00000WmbIH2AZ,622.19,565.630000,UPDATE,,
SBQQ__ContractedPrice__c,CAS131679-RMI3-FLIP2,,01t2K000006S2JqQAK,001PW00000iFUdzYAG,a0FPW00000WmYh62AF,190.0,190.000000,UPDATE,,
SBQQ__ContractedPrice__c,CAS131664-RMI3-FLIP2,,01t2K000006S2JqQAK,0016A00000JqrfSQAR,a0FPW00000WmBJb2AN,568.0,568.000000,UPDATE,,
SBQQ__ContractedPrice__c,PEE084585-RMI3-FLIP2,,01t2K000006S2JqQAK,0016A00000JqrrcQAB,a0FPW00000WmbQB2AZ,121.7,110.640000,UPDATE,,
SBQQ__ContractedPrice__c,PEE084585-SA746PU-M,,01t6A000000atFyQAI,0016A00000JqrrcQAB,a0FPW00000WmbQG2AZ,66.9,60.820000,UPDATE,,
SBQQ__ContractedPrice__c,PEE084585-SA761PU,,01t6A000000aqx3QAA,0016A00000JqrrcQAB,a0FPW00000WmbQJ2AZ,112.15,101.950000,UPDATE,,
SBQQ__ContractedPrice__c,CAS131664-SA761PU,,01t6A000000aqx3QAA,0016A00000JqrfSQAR,a0FPW00000WmBJg2AN,694.0,695.000000,UPDATE,,
SBQQ__ContractedPrice__c,CAS131679-SA761PU,,01t6A000000aqx3QAA,001PW00000iFUdzYAG,a0FPW00000WmYhB2AV,232.0,232.000000,UPDATE,,
SBQQ__ContractedPrice__c,PEE084585-SA771PU-M,,01t6A000000asYuQAI,0016A00000JqrrcQAB,a0FPW00000WmbQL2AZ,158.71,144.280000,UPDATE,,
SBQQ__ContractedPrice__c,PEE084585-SF640P,,01t6A000000at1zQAA,0016A00000JqrrcQAB,a0FPW00000WmbQU2AZ,13.28,12.070000,UPDATE,,
SBQQ__ContractedPrice__c,CAS131679-SF640P,,01t6A000000at1zQAA,001PW00000iFUdzYAG,a0FPW00000WmYjN2AV,30.0,30.000000,UPDATE,,
SBQQ__ContractedPrice__c,PEE084585-SF670P,,01t6A000000arTXQAY,0016A00000JqrrcQAB,a0FPW00000WmbQa2AJ,44.95,40.860000,UPDATE,,
SBQQ__ContractedPrice__c,CAS131679-SF670P,,01t6A000000arTXQAY,001PW00000iFUdzYAG,a0FPW00000WmYjT2AV,75.0,75.000000,UPDATE,,
SBQQ__ContractedPrice__c,PEE084585-KIL646-35D,,01t6A000000at9SQAQ,0016A00000JqrrcQAB,a0FPW00000WmbIK2AZ,679.9,618.090000,UPDATE,,
SBQQ__ContractedPrice__c,PEE084585-KIL647-EUK,,01t6A000000ascLQAQ,0016A00000JqrrcQAB,a0FPW00000WmbIS2AZ,641.19,582.900000,UPDATE,,
SBQQ__ContractedPrice__c,PEE084585-KIL649-35D-S,,01t6A000000ask1QAA,0016A00000JqrrcQAB,,,811.800000,INSERT,,
SBQQ__ContractedPrice__c,PEE084585-KILH543-S,,01t6A000000asnhQAA,0016A00000JqrrcQAB,a0FPW00000WmbIk2AJ,925.5,841.360000,UPDATE,,
SBQQ__ContractedPrice__c,CAS131679-KILH543-S,,01t6A000000asnhQAA,001PW00000iFUdzYAG,a0FPW00000WmgVf2AJ,1117.0,1229.000000,UPDATE,,
SBQQ__ContractedPrice__c,PEE084585-KIP540B-S-3,,01t6A000000asGmQAI,0016A00000JqrrcQAB,a0FPW00000WmbJE2AZ,882.56,802.330000,UPDATE,,
SBQQ__ContractedPrice__c,PEE084585-KIP542B-3-EUK,,01t6A000000arZgQAI,0016A00000JqrrcQAB,a0FPW00000WmbJL2AZ,877.7,797.910000,UPDATE,,
SBQQ__ContractedPrice__c,CAS131679-SFP680,,01t6A000000asIIQAY,001PW00000iFUdzYAG,a0FPW00000WmYjY2AV,95.0,95.000000,UPDATE,,
SBQQ__ContractedPrice__c,PEE084585-SFP680,,01t6A000000asIIQAY,0016A00000JqrrcQAB,a0FPW00000WmbQf2AJ,50.86,46.240000,UPDATE,,
SBQQ__ContractedPrice__c,CAS131664-SFP680,,01t6A000000asIIQAY,0016A00000JqrfSQAR,a0FPW00000WmYQ92AN,353.0,353.000000,UPDATE,,
SBQQ__ContractedPrice__c,CAS131664-SR598ML3E,,01t6A000002ZtlmQAC,0016A00000JqrfSQAR,a0FPW00000WmgU72AJ,2184.0,2402.000000,UPDATE,,
SBQQ__ContractedPrice__c,CAS131679-SR598ML3E,,01t6A000002ZtlmQAC,001PW00000iFUdzYAG,a0FPW00000WmYjm2AF,789.0,789.000000,UPDATE,,
SBQQ__ContractedPrice__c,PEE084585-SR598ML3E,,01t6A000002ZtlmQAC,0016A00000JqrrcQAB,a0FPW00000WmbUG2AZ,682.46,620.420000,UPDATE,,
SBQQ__ContractedPrice__c,CAS131664-DS-C560-2X2,,01t6A000000as9SQAQ,0016A00000JqrfSQAR,a0FPW00000WmgLr2AJ,4503.0,4954.000000,UPDATE,,
SBQQ__ContractedPrice__c,CAS131679-DS-C560-2X2,,01t6A000000as9SQAQ,001PW00000iFUdzYAG,a0FPW00000WmgUL2AZ,1486.0,1635.000000,UPDATE,,
SBQQ__ContractedPrice__c,CAS131679-DS-MBZ942L-3X1,,01t6A000000ard0QAA,001PW00000iFUdzYAG,a0FPW00000WmT0f2AF,575.0,575.000000,UPDATE,,
SBQQ__ContractedPrice__c,CAS131664-DS-MBZ942L-3X1,,01t6A000000ard0QAA,0016A00000JqrfSQAR,a0FPW00000WmgMC2AZ,1436.0,1580.000000,UPDATE,,
SBQQ__ContractedPrice__c,PEE084585-DS-MBZ942L-3X1,,01t6A000000ard0QAA,0016A00000JqrrcQAB,a0FPW00000WmbEc2AJ,432.88,393.530000,UPDATE,,
SBQQ__ContractedPrice__c,PEE084585-KIP542B-S-3,,01t6A000000asGnQAI,0016A00000JqrrcQAB,a0FPW00000WmbJO2AZ,882.56,802.330000,UPDATE,,
SBQQ__ContractedPrice__c,PEE084585-KIP546B-EUK,,01t6A000000ar97QAA,0016A00000JqrrcQAB,a0FPW00000WmbJX2AZ,825.53,750.480000,UPDATE,,
SBQQ__ContractedPrice__c,PEE084585-KIP546-S,,01t6A000000asm2QAA,0016A00000JqrrcQAB,a0FPW00000WmbJe2AJ,803.43,730.390000,UPDATE,,
SBQQ__ContractedPrice__c,PEE084585-KIP547B,,01t6A000000asnSQAQ,0016A00000JqrrcQAB,a0FPW00000WmbJi2AJ,825.83,750.750000,UPDATE,,
SBQQ__ContractedPrice__c,PEE084585-KIP547B-3,,01t6A000000asGlQAI,0016A00000JqrrcQAB,a0FPW00000WmbJj2AJ,857.75,779.770000,UPDATE,,
SBQQ__ContractedPrice__c,PEE084585-KIP547B-S-3-EUK,,01t6A000000arZlQAI,0016A00000JqrrcQAB,a0FPW00000WmbJn2AJ,853.78,776.160000,UPDATE,,
SBQQ__ContractedPrice__c,PEE084585-KIP555B,,01t6A000000asnVQAQ,0016A00000JqrrcQAB,a0FPW00000WmbJr2AJ,933.04,848.220000,UPDATE,,
SBQQ__ContractedPrice__c,PEE084585-ST630P,,01t6A000000ar9lQAA,0016A00000JqrrcQAB,a0FPW00000WmbUW2AZ,8.81,8.010000,UPDATE,,
SBQQ__ContractedPrice__c,CAS131679-ST630P,,01t6A000000ar9lQAA,001PW00000iFUdzYAG,a0FPW00000WmYjs2AF,17.0,17.000000,UPDATE,,
SBQQ__ContractedPrice__c,CAS131679-ST632P,,01t6A000000as2cQAA,001PW00000iFUdzYAG,a0FPW00000WmYju2AF,26.0,26.000000,UPDATE,,
SBQQ__ContractedPrice__c,PEE084585-ST632P,,01t6A000000as2cQAA,0016A00000JqrrcQAB,a0FPW00000WmbUY2AZ,12.93,11.750000,UPDATE,,
SBQQ__ContractedPrice__c,PEE084585-ST660P-M,,01t6A000000askpQAA,0016A00000JqrrcQAB,a0FPW00000WmbUi2AJ,27.27,24.790000,UPDATE,,
SBQQ__ContractedPrice__c,PEE084585-ST670P-M,,01t6A000000atTyQAI,0016A00000JqrrcQAB,a0FPW00000WmbUl2AJ,59.17,53.790000,UPDATE,,
SBQQ__ContractedPrice__c,PEE084585-SUF661,,01t6A000000asldQAA,0016A00000JqrrcQAB,a0FPW00000WmbV42AJ,34.39,31.260000,UPDATE,,
SBQQ__ContractedPrice__c,PEE084585-KIP586-2LG-BRONZE-EUK,,01t6A000000areDQAQ,0016A00000JqrrcQAB,a0FPW00000WmbJw2AJ,957.37,870.340000,UPDATE,,
SBQQ__ContractedPrice__c,PEE084585-KIP586-2LG-S,,01t6A000000arIOQAY,0016A00000JqrrcQAB,a0FPW00000WmbJy2AJ,952.74,866.130000,UPDATE,,
SBQQ__ContractedPrice__c,PEE084585-KIP586-4LG-EUK,,01t6A000000atRoQAI,0016A00000JqrrcQAB,a0FPW00000WmhE72AJ,1026.1,1026.100000,UPDATE,,
SBQQ__ContractedPrice__c,PEE084585-KIP642-35D,,01t6A000000at9oQAA,0016A00000JqrrcQAB,a0FPW00000WmbK72AJ,593.98,539.980000,UPDATE,,
SBQQ__ContractedPrice__c,PEE084585-KIP648-35D-S,,01t6A000000at9iQAA,0016A00000JqrrcQAB,a0FPW00000WmbKD2AZ,697.31,633.920000,UPDATE,,
SBQQ__ContractedPrice__c,PEE084585-KIP649-35D-S,,01t6A000000aqriQAA,0016A00000JqrrcQAB,a0FPW00000WmbKF2AZ,736.49,669.540000,UPDATE,,
SBQQ__ContractedPrice__c,PEE084585-KIP655-EUK,,01t6A000000asJGQAY,0016A00000JqrrcQAB,a0FPW00000WmbKJ2AZ,655.23,595.660000,UPDATE,,
SBQQ__ContractedPrice__c,CAS131679-SUF661,,01t6A000000asldQAA,001PW00000iFUdzYAG,a0FPW00000WmYkI2AV,51.0,51.000000,UPDATE,,
SBQQ__ContractedPrice__c,CAS131664-SUF661,,01t6A000000asldQAA,0016A00000JqrfSQAR,a0FPW00000WmYQa2AN,227.0,227.000000,UPDATE,,
SBQQ__ContractedPrice__c,PEE084585-TRP729,,01t6A000000aqtyQAA,0016A00000JqrrcQAB,a0FPW00000WmbVE2AZ,30.38,27.620000,UPDATE,,
SBQQ__ContractedPrice__c,PEE084585-TTS6X4,,01t2K000006XLSZQA4,0016A00000JqrrcQAB,a0FPW00000WmbVN2AZ,76.09,69.170000,UPDATE,,
SBQQ__ContractedPrice__c,CAS131664-TTS6X4,,01t2K000006XLSZQA4,0016A00000JqrfSQAR,a0FPW00000WmYQc2AN,441.0,442.000000,UPDATE,,
SBQQ__ContractedPrice__c,CAS131679-TTS6X4,,01t2K000006XLSZQA4,001PW00000iFUdzYAG,a0FPW00000WmYkN2AV,144.0,144.000000,UPDATE,,
SBQQ__ContractedPrice__c,CAS131679-TVFT665,,01t2K00000AoidcQAB,001PW00000iFUdzYAG,a0FPW00000WmYkR2AV,24.0,24.000000,UPDATE,,
SBQQ__ContractedPrice__c,PEE084585-KIP748-EUK,,01t6A000000asJHQAY,0016A00000JqrrcQAB,a0FPW00000WmbKP2AZ,540.51,491.370000,UPDATE,,
SBQQ__ContractedPrice__c,PEE084585-KIP755-EUK,,01t6A000000asJKQAY,0016A00000JqrrcQAB,a0FPW00000WmbKQ2AZ,591.6,537.820000,UPDATE,,
SBQQ__ContractedPrice__c,PEE084585-KIPC2555,,01t6A000000atRuQAI,0016A00000JqrrcQAB,a0FPW00000WmfoT2AR,939.3,939.300000,UPDATE,,
SBQQ__ContractedPrice__c,CAS131679-KIPC2555,,01t6A000000atRuQAI,001PW00000iFUdzYAG,a0FPW00000WmgVk2AJ,1415.0,1557.000000,UPDATE,,
SBQQ__ContractedPrice__c,CAS131679-KIPC2555B-S-3,,01t6A000000aqrEQAQ,001PW00000iFUdzYAG,a0FPW00000WmgVp2AJ,1676.0,1844.000000,UPDATE,,
SBQQ__ContractedPrice__c,PEE084585-KIPC2555B-S-3,,01t6A000000aqrEQAQ,0016A00000JqrrcQAB,a0FPW00000WmhMp2AJ,1116.79,1116.790000,UPDATE,,
SBQQ__ContractedPrice__c,PEE084585-KIPC2555C,,01t6A000003QKxmQAG,0016A00000JqrrcQAB,a0FPW00000WmhMs2AJ,1159.63,1159.630000,UPDATE,,
SBQQ__ContractedPrice__c,PEE084585-TVFT665,,01t2K00000AoidcQAB,0016A00000JqrrcQAB,a0FPW00000WmbVS2AZ,10.0,9.090000,UPDATE,,
SBQQ__ContractedPrice__c,CAS131679-ACCK120,,01t2K000006S2GgQAK,001PW00000iFUdzYAG,a0FPW00000WmYU72AN,98.0,98.000000,UPDATE,,
SBQQ__ContractedPrice__c,PEE084585-ACC570W,,01t6A000000ar3YQAQ,0016A00000JqrrcQAB,a0FPW00000Wmb6k2AB,19.27,17.520000,UPDATE,,
SBQQ__ContractedPrice__c,CAS131664-ACC570W,,01t6A000000ar3YQAQ,0016A00000JqrfSQAR,a0FPW00000WmYFG2A3,89.0,89.000000,UPDATE,,
SBQQ__ContractedPrice__c,CAS131679-ACC570W,,01t6A000000ar3YQAQ,001PW00000iFUdzYAG,a0FPW00000WmYTQ2A3,29.0,29.000000,UPDATE,,
SBQQ__ContractedPrice__c,PEE084585-ACCK113,,01t6A000000arh9QAA,0016A00000JqrrcQAB,a0FPW00000WmbBD2AZ,56.74,51.580000,UPDATE,,
SBQQ__ContractedPrice__c,PEE084585-ACCKV116,,01t6A000002iChQQAU,0016A00000JqrrcQAB,a0FPW00000WmbBN2AZ,28.55,25.950000,UPDATE,,
SBQQ__ContractedPrice__c,PEE084585-DS-MBZ947L-2X1,,01t6A000000atOYQAY,0016A00000JqrrcQAB,a0FPW00000WmbEd2AJ,240.92,219.020000,UPDATE,,
SBQQ__ContractedPrice__c,CAS131664-DS-MBZ947L-2X1,,01t6A000000atOYQAY,0016A00000JqrfSQAR,a0FPW00000WmVK52AN,976.0,1074.000000,UPDATE,,
SBQQ__ContractedPrice__c,CAS131679-DS-MBZ947L-2X1,,01t6A000000atOYQAY,001PW00000iFUdzYAG,a0FPW00000WmT0g2AF,323.0,323.000000,UPDATE,,
SBQQ__ContractedPrice__c,CAS131679-DS-OM55ND-CEIL,,01t6A000003QSWuQAO,001PW00000iFUdzYAG,a0FPW00000WmT0j2AF,413.0,413.000000,UPDATE,,
SBQQ__ContractedPrice__c,CAS131664-DS-OM55ND-CEIL,,01t6A000003QSWuQAO,0016A00000JqrfSQAR,a0FPW00000WmgME2AZ,1137.0,1251.000000,UPDATE,,
SBQQ__ContractedPrice__c,PEE084585-DS-OM55ND-CEIL,,01t6A000003QSWuQAO,0016A00000JqrrcQAB,a0FPW00000WmbEi2AJ,168.34,153.040000,UPDATE,,
SBQQ__ContractedPrice__c,PEE084585-AEC0608-S,,01t6A000000aqhQQAQ,0016A00000JqrrcQAB,a0FPW00000WmbD42AJ,68.88,62.620000,UPDATE,,
SBQQ__ContractedPrice__c,CAS131679-AEC0608-S,,01t6A000000aqhQQAQ,001PW00000iFUdzYAG,a0FPW00000WmYVG2A3,86.0,86.000000,UPDATE,,
SBQQ__ContractedPrice__c,CAS131679-AEC0810,,01t6A000000aqhRQAQ,001PW00000iFUdzYAG,a0FPW00000WmYVI2A3,105.0,108.790000,UPDATE,,
SBQQ__ContractedPrice__c,PEE084585-AEC0810,,01t6A000000aqhRQAQ,0016A00000JqrrcQAB,a0FPW00000WmbD62AJ,79.49,72.260000,UPDATE,,
SBQQ__ContractedPrice__c,CAS131664-AEC0810,,01t6A000000aqhRQAQ,0016A00000JqrfSQAR,a0FPW00000WmYGs2AN,303.0,302.000000,UPDATE,,
SBQQ__ContractedPrice__c,PEE084585-CL-SCG200,,01t6A000000aqhHQAQ,0016A00000JqrrcQAB,a0FPW00000WmbDb2AJ,3.94,3.580000,UPDATE,,
SBQQ__ContractedPrice__c,CAS131664-CMJ310,,01t6A000000asgwQAA,0016A00000JqrfSQAR,a0FPW00000WmYH02AN,75.0,75.000000,UPDATE,,
SBQQ__ContractedPrice__c,CAS131679-KIPC2555C,,01t6A000003QKxmQAG,001PW00000iFUdzYAG,a0FPW00000WmgVr2AJ,1683.0,1851.000000,UPDATE,,
SBQQ__ContractedPrice__c,PEE084585-KIPC2555C-W,,01t6A000003QSowQAG,0016A00000JqrrcQAB,a0FPW00000WmhMu2AJ,1100.98,1100.980000,UPDATE,,
SBQQ__ContractedPrice__c,PEE084585-KIPC2555-RAL7016,,01t6A000002hmkpQAA,0016A00000JqrrcQAB,a0FPW00000WmbKS2AZ,951.95,865.410000,UPDATE,,
SBQQ__ContractedPrice__c,PEE084585-KIPC2565B-3,,01t6A000000ar6aQAA,0016A00000JqrrcQAB,a0FPW00000WmhN12AJ,1407.34,1407.340000,UPDATE,,
SBQQ__ContractedPrice__c,CAS131679-KIPC2565B-3,,01t6A000000ar6aQAA,001PW00000iFUdzYAG,a0FPW00000WmgVy2AJ,2018.0,2361.560000,UPDATE,,
SBQQ__ContractedPrice__c,PEE084585-KIT-LED007,,01t6A000000are4QAA,0016A00000JqrrcQAB,a0FPW00000WmbKT2AZ,679.59,617.810000,UPDATE,,
SBQQ__ContractedPrice__c,PEE084585-MOD-PJF2KIT100-B,,01t2K000006NZcwQAG,0016A00000JqrrcQAB,a0FPW00000WmbON2AZ,95.99,87.260000,UPDATE,,
SBQQ__ContractedPrice__c,PEE084585-ACCKV117,,01t6A000003QBnPQAW,0016A00000JqrrcQAB,a0FPW00000WmbBO2AZ,102.26,92.960000,UPDATE,,
SBQQ__ContractedPrice__c,PEE084585-ACCKV133-SUB,,01t2K000006Sse0QAC,0016A00000JqrrcQAB,a0FPW00000Wmh4u2AB,1405.38,1405.380000,UPDATE,,
SBQQ__ContractedPrice__c,PEE084585-B-TAV-22265,,01t6A000000ata7QAA,0016A00000JqrrcQAB,a0FPW00000WmbDP2AZ,33.83,30.750000,UPDATE,,
SBQQ__ContractedPrice__c,PEE084585-COTV7502,,01t2K000006StkUQAS,0016A00000JqrrcQAB,a0FPW00000WmhBl2AJ,1673.14,1673.140000,UPDATE,,
SBQQ__ContractedPrice__c,PEE084585-DS-LEDA27-7X8,,01t2K000006S2BcQAK,0016A00000JqrrcQAB,a0FPW00000WmhCA2AZ,1584.99,1584.990000,UPDATE,,
SBQQ__ContractedPrice__c,PEE084585-DS-LEDBXT-5X5,,01t2K000006X7jNQAS,0016A00000JqrrcQAB,a0FPW00000WmhCF2AZ,1184.19,1184.190000,UPDATE,,
SBQQ__ContractedPrice__c,CAS131664-DS-LEDBXT-5X5,,01t2K000006X7jNQAS,0016A00000JqrfSQAR,a0FPW00000WmgLt2AJ,6268.0,6894.000000,UPDATE,,
SBQQ__ContractedPrice__c,CAS131679-MOD-PJF2KIT100-B,,01t2K000006NZcwQAG,001PW00000iFUdzYAG,a0FPW00000WmYfO2AV,138.0,138.000000,UPDATE,,
SBQQ__ContractedPrice__c,CAS131679-MOD-PJF2KIT150-CPF-B,,01t2K000006NZcrQAG,001PW00000iFUdzYAG,a0FPW00000WmYfR2AV,177.0,177.000000,UPDATE,,
SBQQ__ContractedPrice__c,PEE084585-MOD-PJF2KIT150-CPF-B,,01t2K000006NZcrQAG,0016A00000JqrrcQAB,a0FPW00000WmbOQ2AZ,120.64,109.670000,UPDATE,,
SBQQ__ContractedPrice__c,PEE084585-MOD-PRGSKIT150,,01t6A000000as2kQAA,0016A00000JqrrcQAB,a0FPW00000WmbOW2AZ,128.71,117.010000,UPDATE,,
SBQQ__ContractedPrice__c,CAS131679-MOD-PRGSKIT150,,01t6A000000as2kQAA,001PW00000iFUdzYAG,a0FPW00000WmYfU2AV,153.0,152.660000,UPDATE,,
SBQQ__ContractedPrice__c,CAS131664-MOD-PRGSKIT150,,01t6A000000as2kQAA,0016A00000JqrfSQAR,a0FPW00000WmYPH2A3,466.0,467.000000,UPDATE,,
SBQQ__ContractedPrice__c,CAS131664-MOD-PRGSKIT300,,01t6A000000asGUQAY,0016A00000JqrfSQAR,a0FPW00000WmBI62AN,581.0,581.000000,UPDATE,,
SBQQ__ContractedPrice__c,PEE084585-DS-LEDIWP-6X6,,01t2K00000AonxfQAB,0016A00000JqrrcQAB,a0FPW00000WmhCc2AJ,1296.6,1296.600000,UPDATE,,
SBQQ__ContractedPrice__c,PEE084585-DS-LEDTK-10VX10V,,01t2K000006XIpgQAG,0016A00000JqrrcQAB,a0FPW00000Wmfo52AB,923.9,923.900000,UPDATE,,
SBQQ__ContractedPrice__c,PEE084585-DS-LEDTK-16VX5S,,01t2K000006XFuOQAW,0016A00000JqrrcQAB,a0FPW00000WmfoA2AR,932.99,932.990000,UPDATE,,
SBQQ__ContractedPrice__c,CAS131679-DS-LEDTK-16VX5S,,01t2K000006XFuOQAW,001PW00000iFUdzYAG,a0FPW00000WmgUi2AJ,2326.0,2559.000000,UPDATE,,
SBQQ__ContractedPrice__c,CAS131679-DS-LEDTK-6VX10S,,01t2K000006StdmQAC,001PW00000iFUdzYAG,a0FPW00000WmgVA2AZ,1856.0,2042.000000,UPDATE,,
SBQQ__ContractedPrice__c,PEE084585-DS-LEDTK-6VX10S,,01t2K000006StdmQAC,0016A00000JqrrcQAB,a0FPW00000WmbEE2AZ,727.51,661.370000,UPDATE,,
SBQQ__ContractedPrice__c,PEE084585-HFT690,,01t2K00000AoZnQQAV,0016A00000JqrrcQAB,a0FPW00000Wm9UC2AZ,11.91,10.830000,UPDATE,,
SBQQ__ContractedPrice__c,CAS131679-MOD-PRGSKIT300,,01t6A000000asGUQAY,001PW00000iFUdzYAG,a0FPW00000WmYfW2AV,189.0,189.000000,UPDATE,,
SBQQ__ContractedPrice__c,PEE084585-MOD-PRGSKIT300,,01t6A000000asGUQAY,0016A00000JqrrcQAB,a0FPW00000WmbOY2AZ,142.33,129.390000,UPDATE,,
SBQQ__ContractedPrice__c,PEE084585-MOD-PRGSKIT300-B,,01t6A000000arrkQAA,0016A00000JqrrcQAB,a0FPW00000WmbOZ2AZ,111.85,101.680000,UPDATE,,
SBQQ__ContractedPrice__c,CAS131679-MOD-PRGSKIT300-B,,01t6A000000arrkQAA,001PW00000iFUdzYAG,a0FPW00000WmYfX2AV,146.0,146.000000,UPDATE,,
SBQQ__ContractedPrice__c,CAS131664-MOD-PRGSKIT300-B,,01t6A000000arrkQAA,0016A00000JqrfSQAR,a0FPW00000WmBI72AN,441.0,442.000000,UPDATE,,
SBQQ__ContractedPrice__c,CAS131679-PAP250-BARCO1,,01t6A000002ZPaQQAW,001PW00000iFUdzYAG,a0FPW00000WmYfp2AF,149.0,149.000000,UPDATE,,
SBQQ__ContractedPrice__c,PEE084585-PAP250-BARCO1,,01t6A000002ZPaQQAW,0016A00000JqrrcQAB,a0FPW00000WmJFi2AN,74.49,67.720000,UPDATE,,
SBQQ__ContractedPrice__c,CAS131664-PLCM-2,,01t6A000000aruaQAA,0016A00000JqrfSQAR,a0FPW00000WmBIs2AN,277.0,277.000000,UPDATE,,
SBQQ__ContractedPrice__c,CAS131664-PLCM-4,,01t6A000000arWIQAY,0016A00000JqrfSQAR,a0FPW00000WmBIu2AN,125.0,125.000000,UPDATE,,
SBQQ__ContractedPrice__c,CAS131679-PLCM-4,,01t6A000000arWIQAY,001PW00000iFUdzYAG,a0FPW00000WmYgN2AV,44.0,43.630000,UPDATE,,
SBQQ__ContractedPrice__c,PEE084585-PLCM-4,,01t6A000000arWIQAY,0016A00000JqrrcQAB,a0FPW00000WmJGi2AN,32.36,29.420000,UPDATE,,
SBQQ__ContractedPrice__c,PEE084585-PLCM-UNL,,01t6A000000arGqQAI,0016A00000JqrrcQAB,a0FPW00000WmJGj2AN,73.7,67.000000,UPDATE,,
SBQQ__ContractedPrice__c,CAS131679-PLCM-UNL,,01t6A000000arGqQAI,001PW00000iFUdzYAG,a0FPW00000WmYgO2AV,182.0,182.000000,UPDATE,,
SBQQ__ContractedPrice__c,CAS131664-PLCM-UNL,,01t6A000000arGqQAI,0016A00000JqrfSQAR,a0FPW00000WmBIv2AN,542.0,543.000000,UPDATE,,
SBQQ__ContractedPrice__c,CAS131664-PLP-PAN65,,01t6A000000astUQAQ,0016A00000JqrfSQAR,a0FPW00000WmBIz2AN,145.0,146.000000,UPDATE,,
SBQQ__ContractedPrice__c,PEE084585-PLP-PAN65,,01t6A000000astUQAQ,0016A00000JqrrcQAB,a0FPW00000WmJGo2AN,66.29,60.260000,UPDATE,,
SBQQ__ContractedPrice__c,CAS131679-PLP-UNL,,01t6A000000aseYQAQ,001PW00000iFUdzYAG,a0FPW00000WmYgT2AV,76.0,76.000000,UPDATE,,
SBQQ__ContractedPrice__c,PEE084585-PLP-UNL,,01t6A000000aseYQAQ,0016A00000JqrrcQAB,a0FPW00000WmJGr2AN,16.46,14.960000,UPDATE,,
SBQQ__ContractedPrice__c,CAS131664-PLP-UNL,,01t6A000000aseYQAQ,0016A00000JqrfSQAR,a0FPW00000WmBJ22AN,227.0,227.000000,UPDATE,,
SBQQ__ContractedPrice__c,PEE084585-PLP-V100,,01t6A000000aqp3QAA,0016A00000JqrrcQAB,a0FPW00000WmJGt2AN,22.88,20.800000,UPDATE,,
SBQQ__ContractedPrice__c,CAS131679-PLP-V100,,01t6A000000aqp3QAA,001PW00000iFUdzYAG,a0FPW00000WmYgV2AV,55.0,55.000000,UPDATE,,
SBQQ__ContractedPrice__c,PEE084585-CMJ310,,01t6A000000asgwQAA,0016A00000JqrrcQAB,a0FPW00000WmbDe2AJ,19.02,17.290000,UPDATE,,
SBQQ__ContractedPrice__c,CAS131679-CMJ310,,01t6A000000asgwQAA,001PW00000iFUdzYAG,a0FPW00000WmYVP2A3,25.0,27.380000,UPDATE,,
SBQQ__ContractedPrice__c,CAS131679-CMJ470W,,01t6A000000ar0gQAA,001PW00000iFUdzYAG,a0FPW00000WmYVU2A3,25.0,25.000000,UPDATE,,
SBQQ__ContractedPrice__c,PEE084585-CMJ470W,,01t6A000000ar0gQAA,0016A00000JqrrcQAB,a0FPW00000WmbDj2AJ,17.66,16.050000,UPDATE,,
SBQQ__ContractedPrice__c,PEE084585-CMJ480,,01t6A000000aryDQAQ,0016A00000JqrrcQAB,a0FPW00000WmbDk2AJ,21.95,19.950000,UPDATE,,
SBQQ__ContractedPrice__c,CAS131664-CMJ480,,01t6A000000aryDQAQ,0016A00000JqrfSQAR,a0FPW00000WmYH52AN,100.0,100.000000,UPDATE,,
SBQQ__ContractedPrice__c,CAS131679-CMJ480,,01t6A000000aryDQAQ,001PW00000iFUdzYAG,a0FPW00000WmYVV2A3,31.0,31.000000,UPDATE,,
SBQQ__ContractedPrice__c,PEE084585-DS-VWRS013,,01t6A000000aqfCQAQ,0016A00000JqrrcQAB,a0FPW00000WmbF92AJ,43.0,39.090000,UPDATE,,
SBQQ__ContractedPrice__c,CAS131679-DS-VWRS013,,01t6A000000aqfCQAQ,001PW00000iFUdzYAG,a0FPW00000WmT0z2AF,80.0,80.000000,UPDATE,,
SBQQ__ContractedPrice__c,CAS131679-DS-VWRS052,,01t6A000000aqmnQAA,001PW00000iFUdzYAG,a0FPW00000WmT142AF,80.0,80.000000,UPDATE,,
SBQQ__ContractedPrice__c,PEE084585-DS-VWRS052,,01t6A000000aqmnQAA,0016A00000JqrrcQAB,a0FPW00000WmbFE2AZ,43.84,39.850000,UPDATE,,
SBQQ__ContractedPrice__c,PEE084585-DS-VWRS092,,01t6A000000aqulQAA,0016A00000JqrrcQAB,a0FPW00000WmbFJ2AZ,87.31,79.370000,UPDATE,,
SBQQ__ContractedPrice__c,CAS131679-DS-VWRS092,,01t6A000000aqulQAA,001PW00000iFUdzYAG,a0FPW00000WmT192AF,110.0,116.890000,UPDATE,,
SBQQ__ContractedPrice__c,PEE084585-PAP250-PANA1,,01t6A000002hVA2QAM,0016A00000JqrrcQAB,a0FPW00000WmJFp2AN,75.0,68.180000,UPDATE,,
SBQQ__ContractedPrice__c,CAS131679-PAP250-PANA1,,01t6A000002hVA2QAM,001PW00000iFUdzYAG,a0FPW00000WmYfw2AF,140.0,140.000000,UPDATE,,
SBQQ__ContractedPrice__c,PEE084585-PAP-298,,01t6A000000arHrQAI,0016A00000JqrrcQAB,a0FPW00000WmJFs2AN,15.39,13.990000,UPDATE,,
SBQQ__ContractedPrice__c,PEE084585-PCASXJMF-W,,01t6A000000atFkQAI,0016A00000JqrrcQAB,a0FPW00000WmJFw2AN,55.31,50.280000,UPDATE,,
SBQQ__ContractedPrice__c,PEE084585-PJR125-W,,01t2K000006KEPkQAO,0016A00000JqrrcQAB,a0FPW00000WmJGM2A3,95.63,86.940000,UPDATE,,
SBQQ__ContractedPrice__c,CAS131679-PJR125-W,,01t2K000006KEPkQAO,001PW00000iFUdzYAG,a0FPW00000WmYgE2AV,164.0,164.000000,UPDATE,,
SBQQ__ContractedPrice__c,PEE084585-PRMA350,,01t6A000000arnFQAQ,0016A00000JqrrcQAB,a0FPW00000WmbPT2AZ,27.58,25.070000,UPDATE,,
SBQQ__ContractedPrice__c,CAS131679-HFT690,,01t2K00000AoZnQQAV,001PW00000iFUdzYAG,a0FPW00000WmT1l2AF,28.0,28.000000,UPDATE,,
SBQQ__ContractedPrice__c,PEE084585-KIL540-EUK,,01t6A000000asXhQAI,0016A00000JqrrcQAB,a0FPW00000WmfoD2AR,963.52,963.520000,UPDATE,,
SBQQ__ContractedPrice__c,PEE084585-KIL542-S-EUK,,01t6A000000arLmQAI,0016A00000JqrrcQAB,a0FPW00000WmfoH2AR,992.05,992.050000,UPDATE,,
SBQQ__ContractedPrice__c,PEE084585-KIL547-EUK,,01t6A000000arYxQAI,0016A00000JqrrcQAB,a0FPW00000WmfoL2AR,988.47,988.470000,UPDATE,,
SBQQ__ContractedPrice__c,PEE084585-KIL643-BRONZE,,01t2K000006VtgXQAS,0016A00000JqrrcQAB,a0FPW00000WmbIE2AZ,631.75,574.320000,UPDATE,,
SBQQ__ContractedPrice__c,PEE084585-KIL646,,01t6A000000atZ1QAI,0016A00000JqrrcQAB,a0FPW00000WmbIJ2AZ,654.06,594.600000,UPDATE,,
SBQQ__ContractedPrice__c,PEE084585-KIL646-EUK,,01t6A000000as8kQAA,0016A00000JqrrcQAB,a0FPW00000WmbIM2AZ,641.64,583.310000,UPDATE,,
SBQQ__ContractedPrice__c,PEE084585-KIL647,,01t6A000000atZ3QAI,0016A00000JqrrcQAB,a0FPW00000WmbIP2AZ,653.61,594.190000,UPDATE,,
SBQQ__ContractedPrice__c,CAS131664-PLP-V100,,01t6A000000aqp3QAA,0016A00000JqrfSQAR,a0FPW00000WmBJ42AN,163.0,163.000000,UPDATE,,
SBQQ__ContractedPrice__c,CAS131664-PLP-V3X2,,01t6A000000arexQAA,0016A00000JqrfSQAR,a0FPW00000WmBJ72AN,163.0,163.000000,UPDATE,,
SBQQ__ContractedPrice__c,CAS131679-PLP-V3X2,,01t6A000000arexQAA,001PW00000iFUdzYAG,a0FPW00000WmYgY2AV,55.0,55.000000,UPDATE,,
SBQQ__ContractedPrice__c,PEE084585-PLP-V3X2,,01t6A000000arexQAA,0016A00000JqrrcQAB,a0FPW00000WmJGw2AN,27.8,25.270000,UPDATE,,
SBQQ__ContractedPrice__c,PEE084585-PLP-V4X2,,01t6A000000as8LQAQ,0016A00000JqrrcQAB,a0FPW00000WmJGy2AN,40.26,36.600000,UPDATE,,
SBQQ__ContractedPrice__c,CAS131679-PLP-V4X2,,01t6A000000as8LQAQ,001PW00000iFUdzYAG,a0FPW00000WmYga2AF,55.0,55.000000,UPDATE,,
SBQQ__ContractedPrice__c,CAS131664-PLP-V4X2,,01t6A000000as8LQAQ,0016A00000JqrfSQAR,a0FPW00000WmBJ92AN,163.0,163.000000,UPDATE,,
SBQQ__ContractedPrice__c,PEE084585-PRMF210,,01t6A000000asyzQAA,0016A00000JqrrcQAB,a0FPW00000WmbPb2AJ,10.26,9.330000,UPDATE,,
SBQQ__ContractedPrice__c,PEE084585-PRMP240,,01t6A000000asz2QAA,0016A00000JqrrcQAB,a0FPW00000WmbPh2AJ,17.14,15.580000,UPDATE,,
SBQQ__ContractedPrice__c,PEE084585-PWA-14,,01t6A000000arTdQAI,0016A00000JqrrcQAB,a0FPW00000WmbQ42AJ,33.24,30.220000,UPDATE,,
SBQQ__ContractedPrice__c,CAS131679-PWA-14,,01t6A000000arTdQAI,001PW00000iFUdzYAG,a0FPW00000WmYh22AF,50.0,50.000000,UPDATE,,
SBQQ__ContractedPrice__c,CAS131664-PWA-14,,01t6A000000arTdQAI,0016A00000JqrfSQAR,a0FPW00000WmBJY2A3,151.0,151.000000,UPDATE,,
SBQQ__ContractedPrice__c,PEE084585-SLWS351/BK,,01t6A000000asTnQAI,0016A00000JqrrcQAB,a0FPW00000WmbQg2AJ,114.54,104.130000,UPDATE,,
SBQQ__ContractedPrice__c,PEE084585-SOTV55,,01t2K000006Stl2QAC,0016A00000JqrrcQAB,a0FPW00000Wmfpi2AB,945.47,945.470000,UPDATE,,
SBQQ__ContractedPrice__c,PEE084585-DS-VW765-L13,,01t6A000000as9PQAQ,0016A00000JqrrcQAB,a0FPW00000WmbF02AJ,89.64,81.490000,UPDATE,,
SBQQ__ContractedPrice__c,CAS131664-DS-VW775,,01t6A000000ardRQAQ,0016A00000JqrfSQAR,a0FPW00000WmYLz2AN,922.0,922.000000,UPDATE,,
SBQQ__ContractedPrice__c,CAS131679-DS-VW775,,01t6A000000ardRQAQ,001PW00000iFUdzYAG,a0FPW00000WmT0v2AF,294.0,294.000000,UPDATE,,
SBQQ__ContractedPrice__c,PEE084585-DS-VW775,,01t6A000000ardRQAQ,0016A00000JqrrcQAB,a0FPW00000WmbF52AJ,108.76,98.870000,UPDATE,,
SBQQ__ContractedPrice__c,PEE084585-ACC-HKDZ-25,,01t6A000000aqzyQAA,0016A00000JqrrcQAB,a0FPW00000WmbBA2AZ,10.89,9.900000,UPDATE,,
SBQQ__ContractedPrice__c,PEE084585-DS-VWS019,,01t6A000000as63QAA,0016A00000JqrrcQAB,a0FPW00000WmbFg2AJ,14.3,13.000000,UPDATE,,
SBQQ__ContractedPrice__c,PEE084585-KIL649NA,,01t6A000002ZqNOQA0,0016A00000JqrrcQAB,a0FPW00000WmbIX2AZ,887.24,806.580000,UPDATE,,
SBQQ__ContractedPrice__c,CAS131679-KILH543,,01t6A000000asngQAA,001PW00000iFUdzYAG,a0FPW00000Shccz2AB,1229.0,1229.000000,UPDATE,,
SBQQ__ContractedPrice__c,PEE084585-KILH543,,01t6A000000asngQAA,0016A00000JqrrcQAB,a0FPW00000WmbIj2AJ,924.21,840.190000,UPDATE,,
SBQQ__ContractedPrice__c,PEE084585-KIP522-S,,01t2K000006SuH8QAK,0016A00000JqrrcQAB,a0FPW00000WmbJ72AJ,350.3,318.450000,UPDATE,,
SBQQ__ContractedPrice__c,CAS131679-KIP522-S,,01t2K000006SuH8QAK,001PW00000iFUdzYAG,a0FPW00000WmYWc2AN,510.0,510.000000,UPDATE,,
SBQQ__ContractedPrice__c,PEE084585-KIP542B-EUK,,01t6A000000asH5QAI,0016A00000JqrrcQAB,a0FPW00000WmbJM2AZ,905.54,823.220000,UPDATE,,
SBQQ__ContractedPrice__c,PEE084585-KIP542-PB,,01t6A000000asbSQAQ,0016A00000JqrrcQAB,a0FPW00000WmbJR2AZ,884.76,804.330000,UPDATE,,
SBQQ__ContractedPrice__c,PEE084585-DS-VWS011,,01t6A000000arDZQAY,0016A00000JqrrcQAB,a0FPW00000WmbFS2AZ,10.36,9.420000,UPDATE,,
SBQQ__ContractedPrice__c,PEE084585-DS-VWS012-P,,01t6A000000atGnQAI,0016A00000JqrrcQAB,a0FPW00000WmbFV2AZ,16.3,14.820000,UPDATE,,
SBQQ__ContractedPrice__c,PEE084585-DS-VWS018,,01t6A000000as62QAA,0016A00000JqrrcQAB,a0FPW00000WmbFf2AJ,13.96,12.690000,UPDATE,,
SBQQ__ContractedPrice__c,PEE084585-DS-VWS021,,01t6A000000as64QAA,0016A00000JqrrcQAB,a0FPW00000WmbFk2AJ,12.23,11.120000,UPDATE,,
SBQQ__ContractedPrice__c,PEE084585-DS-VWS022-P,,01t6A000000atNGQAY,0016A00000JqrrcQAB,a0FPW00000WmbFn2AJ,22.59,20.540000,UPDATE,,
SBQQ__ContractedPrice__c,PEE084585-DS-VWS023-P,,01t6A000000atNHQAY,0016A00000JqrrcQAB,a0FPW00000WmbFp2AJ,18.98,17.250000,UPDATE,,
SBQQ__ContractedPrice__c,PEE084585-DS-VWS037-P,,01t6A000000atFMQAY,0016A00000JqrrcQAB,a0FPW00000WmbG62AJ,25.76,23.420000,UPDATE,,
SBQQ__ContractedPrice__c,PEE084585-DS-VWS038-P,,01t6A000000arUIQAY,0016A00000JqrrcQAB,a0FPW00000WmbG82AJ,19.99,18.170000,UPDATE,,
SBQQ__ContractedPrice__c,PEE084585-DS-VWS044-P,,01t6A000000atGxQAI,0016A00000JqrrcQAB,a0FPW00000WmbGJ2AZ,20.52,18.650000,UPDATE,,
SBQQ__ContractedPrice__c,PEE084585-DS-VWS045-P,,01t6A000000atGvQAI,0016A00000JqrrcQAB,a0FPW00000WmbGL2AZ,16.68,15.160000,UPDATE,,
SBQQ__ContractedPrice__c,PEE084585-DS-VWS053,,01t6A000000asRxQAI,0016A00000JqrrcQAB,a0FPW00000WmbGU2AZ,13.99,12.720000,UPDATE,,
SBQQ__ContractedPrice__c,PEE084585-DS-VWS056,,01t6A000000ataAQAQ,0016A00000JqrrcQAB,a0FPW00000WmbGW2AZ,10.9,9.910000,UPDATE,,
SBQQ__ContractedPrice__c,PEE084585-DS-VWS062-P,,01t6A000000arPpQAI,0016A00000JqrrcQAB,a0FPW00000WmbGe2AJ,20.49,18.630000,UPDATE,,
SBQQ__ContractedPrice__c,PEE084585-DS-VWS066-P,,01t6A000000atLsQAI,0016A00000JqrrcQAB,a0FPW00000WmbGi2AJ,25.88,23.530000,UPDATE,,
SBQQ__ContractedPrice__c,PEE084585-SOTV75,,01t2K000006StkZQAS,0016A00000JqrrcQAB,a0FPW00000WmhNr2AJ,1703.95,1703.950000,UPDATE,,
SBQQ__ContractedPrice__c,PEE084585-TRT630,,01t6A000000aqpkQAA,0016A00000JqrrcQAB,a0FPW00000WmbVF2AZ,5.52,5.020000,UPDATE,,
SBQQ__ContractedPrice__c,PEE084585-PTS6X4,,01t2K00000AoLHuQAN,0016A00000JqrrcQAB,a0FPW00000WmbQ22AJ,78.2,71.090000,UPDATE,,
SBQQ__ContractedPrice__c,CAS131679-PTS6X4,,01t2K00000AoLHuQAN,001PW00000iFUdzYAG,a0FPW00000WmYh02AF,144.0,144.000000,UPDATE,,
SBQQ__ContractedPrice__c,PEE084585-A4X4,,01t2K00000ApcV3QAJ,0016A00000JqrrcQAB,a0FPW00000WmUsP2AV,12.65,11.500000,UPDATE,,
SBQQ__ContractedPrice__c,CAS131679-A4X4,,01t2K00000ApcV3QAJ,001PW00000iFUdzYAG,a0FPW00000WmYQo2AN,34.0,34.000000,UPDATE,,
SBQQ__ContractedPrice__c,PEE084585-ACC185,,01t2K00000Aoo5tQAB,0016A00000JqrrcQAB,a0FPW00000Wmb692AB,35.22,32.020000,UPDATE,,
SBQQ__ContractedPrice__c,PEE084585-KIP542-RP,,01t6A000000arc8QAA,0016A00000JqrrcQAB,a0FPW00000WmbJS2AZ,976.4,887.640000,UPDATE,,
SBQQ__ContractedPrice__c,PEE084585-KIP546B-S,,01t6A000000asnRQAQ,0016A00000JqrrcQAB,a0FPW00000WmbJY2AZ,802.92,729.930000,UPDATE,,
SBQQ__ContractedPrice__c,PEE084585-KIP546-TXTBLK,,01t6A000000atBfQAI,0016A00000JqrrcQAB,a0FPW00000WmbJg2AJ,799.35,726.680000,UPDATE,,
SBQQ__ContractedPrice__c,PEE084585-KIP555-EUK,,01t6A000000arYsQAI,0016A00000JqrrcQAB,a0FPW00000WmbJt2AJ,867.56,788.690000,UPDATE,,
SBQQ__ContractedPrice__c,PEE084585-KIP586-2LG-S-EUK,,01t6A000000atRlQAI,0016A00000JqrrcQAB,a0FPW00000WmbJz2AJ,939.22,853.840000,UPDATE,,
SBQQ__ContractedPrice__c,PEE084585-KIP586-4LG,,01t6A000000aqfkQAA,0016A00000JqrrcQAB,a0FPW00000WmhE62AJ,1046.61,1046.610000,UPDATE,,
SBQQ__ContractedPrice__c,PEE084585-KIP586-4LG-S-EUK,,01t6A000000atRpQAI,0016A00000JqrrcQAB,a0FPW00000WmhE92AJ,1026.1,1026.100000,UPDATE,,
SBQQ__ContractedPrice__c,PEE084585-KIP622,,01t6A000000ba05QAA,0016A00000JqrrcQAB,a0FPW00000WmbK32AJ,138.26,125.690000,UPDATE,,
SBQQ__ContractedPrice__c,PEE084585-KIP632-S-BBB01,,01t6A000000assjQAA,0016A00000JqrrcQAB,a0FPW00000WmbK42AJ,419.72,381.560000,UPDATE,,
SBQQ__ContractedPrice__c,PEE084585-KIP640-35D-S,,01t6A000000at9qQAA,0016A00000JqrrcQAB,a0FPW00000WmbK62AJ,612.25,556.590000,UPDATE,,
SBQQ__ContractedPrice__c,PEE084585-KIP646-35D,,01t6A000000at9nQAA,0016A00000JqrrcQAB,a0FPW00000WmbK92AJ,696.26,632.960000,UPDATE,,
SBQQ__ContractedPrice__c,PEE084585-KIP655-35D,,01t6A000000aruAQAQ,0016A00000JqrrcQAB,a0FPW00000WmbKH2AZ,685.98,623.620000,UPDATE,,
SBQQ__ContractedPrice__c,CAS131679-KIP655-35D,,01t6A000000aruAQAQ,001PW00000iFUdzYAG,a0FPW00000WmgVi2AJ,1047.0,1152.000000,UPDATE,,
SBQQ__ContractedPrice__c,PEE084585-KIP655-RAL7016,,01t6A000002hmklQAA,0016A00000JqrrcQAB,a0FPW00000WmbKL2AZ,672.98,611.800000,UPDATE,,
SBQQ__ContractedPrice__c,PEE084585-PRMA6X4,,01t6A000000arSYQAY,0016A00000JqrrcQAB,a0FPW00000WmbPW2AZ,80.8,73.450000,UPDATE,,
SBQQ__ContractedPrice__c,PEE084585-PRMF1X1,,01t6A000000asoOQAQ,0016A00000JqrrcQAB,a0FPW00000WmbPa2AJ,8.66,7.870000,UPDATE,,
SBQQ__ContractedPrice__c,PEE084585-PRMF8X4,,01t6A000000arSSQAY,0016A00000JqrrcQAB,a0FPW00000WmbPe2AJ,17.33,15.750000,UPDATE,,
SBQQ__ContractedPrice__c,CAS131664-PTM400,,01t6A000000aslLQAQ,0016A00000JqrfSQAR,a0FPW00000WmBJV2A3,112.0,113.000000,UPDATE,,
SBQQ__ContractedPrice__c,CAS131679-PTM400,,01t6A000000aslLQAQ,001PW00000iFUdzYAG,a0FPW00000WmYgx2AF,48.0,48.000000,UPDATE,,
SBQQ__ContractedPrice__c,PEE084585-PTM400,,01t6A000000aslLQAQ,0016A00000JqrrcQAB,a0FPW00000WmbPz2AJ,34.09,30.990000,UPDATE,,
SBQQ__ContractedPrice__c,PEE084585-SA730P,,01t6A000000arv2QAA,0016A00000JqrrcQAB,a0FPW00000WmbQD2AZ,31.59,28.720000,UPDATE,,
SBQQ__ContractedPrice__c,CAS131679-ACC185,,01t2K00000Aoo5tQAB,001PW00000iFUdzYAG,a0FPW00000WmYR32AN,52.0,52.000000,UPDATE,,
SBQQ__ContractedPrice__c,PEE084585-CO-SH65,,01t2K00000AofVnQAJ,0016A00000JqrrcQAB,a0FPW00000Wmb4K2AR,0.01,0.010000,UPDATE,,
SBQQ__ContractedPrice__c,PEE084585-DS-LEDTK-32VX10S,,01t2K00000CgDcgQAF,0016A00000JqrrcQAB,a0FPW00000WmhDW2AZ,1736.41,1736.410000,UPDATE,,
SBQQ__ContractedPrice__c,CAS131679-DS-LEDTK-32VX10S,,01t2K00000CgDcgQAF,001PW00000iFUdzYAG,a0FPW00000WmgV02AJ,4398.0,4838.000000,UPDATE,,
SBQQ__ContractedPrice__c,PEE084585-ODTV7502-R,,01t2K00000Aow1GQAR,0016A00000JqrrcQAB,a0FPW00000WmhNg2AJ,1670.76,1670.760000,UPDATE,,
SBQQ__ContractedPrice__c,PEE084585-ODTV7502-SD,,01t2K00000Aow1UQAR,0016A00000JqrrcQAB,a0FPW00000WmhNi2AJ,1670.76,1670.760000,UPDATE,,
SBQQ__ContractedPrice__c,PEE084585-407K83,,01t2K00000AptQjQAJ,0016A00000JqrrcQAB,a0FPW00000WmUrM2AV,75.94,69.040000,UPDATE,,
SBQQ__ContractedPrice__c,PEE084585-DS-VWS022,,01t6A000000as65QAA,0016A00000JqrrcQAB,a0FPW00000WmbFm2AJ,17.03,15.480000,UPDATE,,
SBQQ__ContractedPrice__c,PEE084585-ACCD-PCB,,01t6A000000arghQAA,0016A00000JqrrcQAB,a0FPW00000WmbB32AJ,16.02,14.560000,UPDATE,,
SBQQ__ContractedPrice__c,CAS131679-ACCD-PCB,,01t6A000000arghQAA,001PW00000iFUdzYAG,a0FPW00000WmYU12AN,20.0,20.000000,UPDATE,,
SBQQ__ContractedPrice__c,PEE084585-050000144,,01t6A000002ZPblQAG,0016A00000JqrrcQAB,,,11.980000,INSERT,,
SBQQ__ContractedPrice__c,PEE084585-050000161,,01t6A000002ZPb2QAG,0016A00000JqrrcQAB,,,6.910000,INSERT,,
SBQQ__ContractedPrice__c,PEE084585-DS-VWS026,,01t6A000000arWdQAI,0016A00000JqrrcQAB,a0FPW00000WmbFu2AJ,12.64,11.490000,UPDATE,,
SBQQ__ContractedPrice__c,PEE084585-DS496,,01t6A000000arQUQAY,0016A00000JqrrcQAB,a0FPW00000Wm4iU2AR,53.45,48.590000,UPDATE,,
SBQQ__ContractedPrice__c,PEE084585-ACCD-DC653,,01t2K00000ChukSQAR,0016A00000JqrrcQAB,a0FPW00000WmbAy2AJ,21.33,19.390000,UPDATE,,
SBQQ__ContractedPrice__c,CAS131678-ACCD-DC653,,01t2K00000ChukSQAR,001PW00000hyoAvYAI,,,109.000000,INSERT,,
SBQQ__ContractedPrice__c,CAS131679-ACCD-DC653,,01t2K00000ChukSQAR,001PW00000iFUdzYAG,a0FPW00000WmYTy2AN,43.0,43.000000,UPDATE,,
SBQQ__ContractedPrice__c,CAS131664-ACCD-DC653,,01t2K00000ChukSQAR,0016A00000JqrfSQAR,a0FPW00000WmYFj2AN,100.0,113.000000,UPDATE,,
SBQQ__ContractedPrice__c,PEE084585-ACCKV137,,01t2K00000CfuwLQAR,0016A00000JqrrcQAB,a0FPW00000WmbBW2AZ,349.48,317.710000,UPDATE,,
SBQQ__ContractedPrice__c,PEE084585-ACCKV-HCS60,,01t2K00000CfpnPQAR,0016A00000JqrrcQAB,a0FPW00000WmbBj2AJ,51.5,46.820000,UPDATE,,
SBQQ__ContractedPrice__c,PEE084585-KIP655-S,,01t6A000000asJEQAY,0016A00000JqrrcQAB,a0FPW00000WmbKM2AZ,667.65,606.950000,UPDATE,,
SBQQ__ContractedPrice__c,CAS131679-KIP655-S,,01t6A000000asJEQAY,001PW00000iFUdzYAG,a0FPW00000WmfmT2AR,977.0,1075.000000,UPDATE,,
SBQQ__ContractedPrice__c,CAS131679-KIPC2555B-3,,01t6A000000aqrDQAQ,001PW00000iFUdzYAG,a0FPW00000WmgVm2AJ,1676.0,1844.000000,UPDATE,,
SBQQ__ContractedPrice__c,PEE084585-KIPC2555B-3,,01t6A000000aqrDQAQ,0016A00000JqrrcQAB,a0FPW00000WmhED2AZ,1118.81,1118.810000,UPDATE,,
SBQQ__ContractedPrice__c,PEE084585-KIPC2555-EUK,,01t6A000000asPIQAY,0016A00000JqrrcQAB,a0FPW00000Wmfpe2AB,982.22,982.220000,UPDATE,,
SBQQ__ContractedPrice__c,PEE084585-KIT-LEDA27M,,01t2K000006S2DrQAK,0016A00000JqrrcQAB,a0FPW00000WmbKV2AZ,8.82,8.020000,UPDATE,,
SBQQ__ContractedPrice__c,PEE084585-KIT-LEDTUBE-006,,01t6A000000atXqQAI,0016A00000JqrrcQAB,a0FPW00000WmbKY2AZ,206.51,187.740000,UPDATE,,
SBQQ__ContractedPrice__c,PEE084585-DS-LEDA27-6X5,,01t2K00000ChCzpQAF,0016A00000JqrrcQAB,a0FPW00000WmhC72AJ,1210.96,1210.960000,UPDATE,,
SBQQ__ContractedPrice__c,PEE084585-DS-LEDLSCB-2X2,,01t2K00000ChpgPQAR,0016A00000JqrrcQAB,a0FPW00000Wm4ir2AB,603.9,549.000000,UPDATE,,
SBQQ__ContractedPrice__c,PEE084585-DS-LEDLSCB-8X4,,01t2K00000CgSZcQAN,0016A00000JqrrcQAB,a0FPW00000WmhD12AJ,1531.91,1531.910000,UPDATE,,
SBQQ__ContractedPrice__c,PEE084585-DS-LEDUPS-7X7,,01t2K000006X8YVQA0,0016A00000JqrrcQAB,a0FPW00000WmhDr2AJ,1693.61,1693.610000,UPDATE,,
SBQQ__ContractedPrice__c,CAS131679-DS-LEDUPS-7X7,,01t2K000006X8YVQA0,001PW00000iFUdzYAG,a0FPW00000WmgVQ2AZ,4077.0,4485.000000,UPDATE,,
SBQQ__ContractedPrice__c,CAS131679-KIRP-XHB4,,01t2K00000Chpf7QAB,001PW00000iFUdzYAG,a0FPW00000WmgW22AJ,2748.49,3023.000000,UPDATE,,
SBQQ__ContractedPrice__c,PEE084585-KIRP-XHB4,,01t2K00000Chpf7QAB,0016A00000JqrrcQAB,a0FPW00000WmhN62AJ,2871.46,2871.460000,UPDATE,,
SBQQ__ContractedPrice__c,CAS131679-SA730P,,01t6A000000arv2QAA,001PW00000iFUdzYAG,a0FPW00000WmYh72AF,57.0,57.000000,UPDATE,,
SBQQ__ContractedPrice__c,CAS131664-SA730P,,01t6A000000arv2QAA,0016A00000JqrfSQAR,a0FPW00000WmBJc2AN,252.0,252.000000,UPDATE,,
SBQQ__ContractedPrice__c,CAS131664-SA746PU,,01t6A000000arTeQAI,0016A00000JqrfSQAR,a0FPW00000WmBJe2AN,391.0,391.000000,UPDATE,,
SBQQ__ContractedPrice__c,CAS131679-SA746PU,,01t6A000000arTeQAI,001PW00000iFUdzYAG,a0FPW00000WmYh92AF,116.0,116.000000,UPDATE,,
SBQQ__ContractedPrice__c,PEE084585-SA746PU,,01t6A000000arTeQAI,0016A00000JqrrcQAB,a0FPW00000WmbQF2AZ,65.48,59.530000,UPDATE,,
SBQQ__ContractedPrice__c,PEE084585-SF640-HUB2,,01t2K000006X7hWQAS,0016A00000JqrrcQAB,a0FPW00000WmbQT2AZ,130.72,118.840000,UPDATE,,
SBQQ__ContractedPrice__c,PEE084585-ODSB01-B,,01t2K00000Apo2oQAB,0016A00000JqrrcQAB,a0FPW00000WmbOh2AJ,119.93,109.030000,UPDATE,,
SBQQ__ContractedPrice__c,PEE084585-ODTV6502-S,,01t2K00000AoxwXQAR,0016A00000JqrrcQAB,a0FPW00000WmbOp2AJ,839.89,763.540000,UPDATE,,
SBQQ__ContractedPrice__c,PEE084585-KIP522-EUK,,01t2K00000ApB75QAF,0016A00000JqrrcQAB,a0FPW00000WmbJ62AJ,359.43,326.750000,UPDATE,,
SBQQ__ContractedPrice__c,PEE084585-KIPICT2555-B,,01t2K00000ChphXQAR,0016A00000JqrrcQAB,,,1741.920000,INSERT,,
SBQQ__ContractedPrice__c,PEE084585-ACCK-KOPXHB,,01t8V000008plHAQAY,0016A00000JqrrcQAB,a0FPW00000WmbBK2AZ,266.76,242.510000,UPDATE,,
SBQQ__ContractedPrice__c,CAS131679-ACCK-KOPXHB,,01t8V000008plHAQAY,001PW00000iFUdzYAG,a0FPW00000WmYUC2A3,487.0,487.000000,UPDATE,,
SBQQ__ContractedPrice__c,PEE084585-ACCKV147-LH,,01t8V000008kOhRQAU,0016A00000JqrrcQAB,a0FPW00000WmbBd2AJ,519.29,472.080000,UPDATE,,
SBQQ__ContractedPrice__c,PEE084585-MIS-38084-02,,01t6A000003QQbhQAG,0016A00000JqrrcQAB,a0FPW00000WmbML2AZ,149.46,135.870000,UPDATE,,
SBQQ__ContractedPrice__c,PEE084585-MOD-PJF2KIT100-CPF-B,,01t2K000006NZcmQAG,0016A00000JqrrcQAB,a0FPW00000WmbOO2AZ,106.88,97.160000,UPDATE,,
SBQQ__ContractedPrice__c,CAS131679-MOD-PJF2KIT100-CPF-B,,01t2K000006NZcmQAG,001PW00000iFUdzYAG,a0FPW00000WmYfP2AV,171.0,171.000000,UPDATE,,
SBQQ__ContractedPrice__c,PEE084585-OWMTL,,01t6A000000b2ouQAA,0016A00000JqrrcQAB,a0FPW00000WmbOt2AJ,36.92,33.560000,UPDATE,,
SBQQ__ContractedPrice__c,CAS131664-OWMTL,,01t6A000000b2ouQAA,0016A00000JqrfSQAR,a0FPW00000WmBIF2A3,378.0,315.000000,UPDATE,,
SBQQ__ContractedPrice__c,CAS131678-OWMTL,,01t6A000000b2ouQAA,001PW00000hyoAvYAI,,,249.000000,INSERT,,
SBQQ__ContractedPrice__c,CAS131679-OWMTL,,01t6A000000b2ouQAA,001PW00000iFUdzYAG,a0FPW00000WmYfg2AF,92.0,92.000000,UPDATE,,
SBQQ__ContractedPrice__c,PEE084585-PA600CM,,01t6A000000arc4QAA,0016A00000JqrrcQAB,a0FPW00000WmbOu2AJ,67.57,61.430000,UPDATE,,
SBQQ__ContractedPrice__c,PEE084585-PAP250-CHRISTIE1,,01t6A000002hVAHQA2,0016A00000JqrrcQAB,a0FPW00000WmJFj2AN,59.79,54.350000,UPDATE,,
SBQQ__ContractedPrice__c,CAS131679-PAP250-CHRISTIE1,,01t6A000002hVAHQA2,001PW00000iFUdzYAG,a0FPW00000WmYfq2AF,97.0,97.000000,UPDATE,,
SBQQ__ContractedPrice__c,CAS131679-PAP250-CHRISTIE3,,01t6A000002hVACQA2,001PW00000iFUdzYAG,a0FPW00000WmYfs2AF,116.0,116.000000,UPDATE,,
SBQQ__ContractedPrice__c,PEE084585-PAP250-CHRISTIE3,,01t6A000002hVACQA2,0016A00000JqrrcQAB,a0FPW00000WmJFl2AN,70.05,63.680000,UPDATE,,
SBQQ__ContractedPrice__c,PEE084585-CO-PS65,,01t8V000008brg2QAA,0016A00000JqrrcQAB,a0FPW00000Wmb4H2AR,0.01,0.010000,UPDATE,,
SBQQ__ContractedPrice__c,PEE084585-DEV-KIP755-FW,,01t8V000008buF9QAI,0016A00000JqrrcQAB,,,589.000000,INSERT,,
SBQQ__ContractedPrice__c,PEE084585-DS-LEDTK-16VX6S,,01t8V000008kNxqQAE,0016A00000JqrrcQAB,a0FPW00000WmfoB2AR,984.57,984.570000,UPDATE,,
SBQQ__ContractedPrice__c,CAS131679-DS-LEDTK-16VX6S,,01t8V000008kNxqQAE,001PW00000iFUdzYAG,a0FPW00000WmgUj2AJ,2530.0,2783.000000,UPDATE,,
SBQQ__ContractedPrice__c,PEE084585-V4L2-104SUB-XX,,01t8V000008buEVQAY,0016A00000JqrrcQAB,a0FPW00000WmhOD2AZ,7506.95,7506.950000,UPDATE,,
SBQQ__ContractedPrice__c,PEE084585-407K74,,01t8V00000ANpyrQAD,0016A00000JqrrcQAB,a0FPW00000WmUrD2AV,30.18,27.440000,UPDATE,,
SBQQ__ContractedPrice__c,PEE084585-657DNT1S-UA,,01t8V000006VDYJQA4,0016A00000JqrrcQAB,a0FPW00000Wmh4t2AB,1409.25,1409.250000,UPDATE,,
SBQQ__ContractedPrice__c,PEE084585-PAP250-PANA3,,01t6A000002hVA8QAM,0016A00000JqrrcQAB,a0FPW00000WmJFr2AN,32.62,29.650000,UPDATE,,
SBQQ__ContractedPrice__c,CAS131679-PAP250-PANA3,,01t6A000002hVA8QAM,001PW00000iFUdzYAG,a0FPW00000WmYfy2AF,51.0,51.000000,UPDATE,,
SBQQ__ContractedPrice__c,CAS131679-PE1120,,01t6A000000aqoVQAQ,001PW00000iFUdzYAG,a0FPW00000WmYg42AF,304.0,334.930000,UPDATE,,
SBQQ__ContractedPrice__c,PEE084585-PE1120,,01t6A000000aqoVQAQ,0016A00000JqrrcQAB,a0FPW00000WmJG12AN,256.99,233.630000,UPDATE,,
SBQQ__ContractedPrice__c,PEE084585-PJF2-211,,01t6A000000ar32QAA,0016A00000JqrrcQAB,a0FPW00000WmJGG2A3,46.84,42.580000,UPDATE,,
SBQQ__ContractedPrice__c,PEE084585-PJR250,,01t6A000000aqrFQAQ,0016A00000JqrrcQAB,a0FPW00000WmJGN2A3,142.76,129.780000,UPDATE,,
SBQQ__ContractedPrice__c,CAS131679-PJR250,,01t6A000000aqrFQAQ,001PW00000iFUdzYAG,a0FPW00000WmYgF2AV,196.0,196.000000,UPDATE,,
SBQQ__ContractedPrice__c,CAS131664-PJR250,,01t6A000000aqrFQAQ,0016A00000JqrfSQAR,a0FPW00000WmBIa2AN,593.0,593.000000,UPDATE,,
SBQQ__ContractedPrice__c,CAS131664-PRGS-UNV,,01t6A000000aswTQAQ,0016A00000JqrfSQAR,a0FPW00000WmBJK2A3,252.0,252.000000,UPDATE,,
SBQQ__ContractedPrice__c,CAS131679-PRGS-UNV,,01t6A000000aswTQAQ,001PW00000iFUdzYAG,a0FPW00000WmYgm2AF,77.0,77.000000,UPDATE,,
SBQQ__ContractedPrice__c,PEE084585-PRGS-UNV,,01t6A000000aswTQAQ,0016A00000JqrrcQAB,a0FPW00000WmJHB2A3,43.8,39.820000,UPDATE,,
SBQQ__ContractedPrice__c,PEE084585-PRMA150,,01t6A000000asyyQAA,0016A00000JqrrcQAB,a0FPW00000WmJHD2A3,16.85,15.320000,UPDATE,,
SBQQ__ContractedPrice__c,PEE084585-PRMP340,,01t6A000000arnEQAQ,0016A00000JqrrcQAB,a0FPW00000WmbPj2AJ,17.85,16.230000,UPDATE,,
SBQQ__ContractedPrice__c,PEE084585-DS509,,01t6A000000as1JQAQ,0016A00000JqrrcQAB,a0FPW00000Wm4iW2AR,75.7,68.820000,UPDATE,,
SBQQ__ContractedPrice__c,CAS131664-DS509,,01t6A000000as1JQAQ,0016A00000JqrfSQAR,a0FPW00000WmYHG2A3,328.0,328.000000,UPDATE,,
SBQQ__ContractedPrice__c,PEE084585-DSF680,,01t6A000000at52QAA,0016A00000JqrrcQAB,a0FPW00000Wm4ic2AB,58.05,52.770000,UPDATE,,
SBQQ__ContractedPrice__c,PEE084585-DST940,,01t6A000000aryKQAQ,0016A00000JqrrcQAB,a0FPW00000WmbEo2AJ,377.97,343.610000,UPDATE,,
SBQQ__ContractedPrice__c,CAS131664-DST940,,01t6A000000aryKQAQ,0016A00000JqrfSQAR,a0FPW00000WmgMN2AZ,1287.0,1416.000000,UPDATE,,
SBQQ__ContractedPrice__c,PEE084585-EPA762PU,,01t6A000000arABQAY,0016A00000JqrrcQAB,a0FPW00000Wm9TQ2AZ,122.22,111.110000,UPDATE,,
SBQQ__ContractedPrice__c,CAS131679-SF640-HUB2,,01t2K000006X7hWQAS,001PW00000iFUdzYAG,a0FPW00000WmYjM2AV,167.0,167.000000,UPDATE,,
SBQQ__ContractedPrice__c,CAS131664-SF640-HUB2,,01t2K000006X7hWQAS,0016A00000JqrfSQAR,a0FPW00000WmYQ22AN,542.0,543.000000,UPDATE,,
SBQQ__ContractedPrice__c,CAS131664-SF650,,01t6A000000aqgAQAQ,0016A00000JqrfSQAR,a0FPW00000WmYQ32AN,188.0,189.000000,UPDATE,,
SBQQ__ContractedPrice__c,CAS131679-SF650,,01t6A000000aqgAQAQ,001PW00000iFUdzYAG,a0FPW00000WmYjO2AV,44.0,44.000000,UPDATE,,
SBQQ__ContractedPrice__c,PEE084585-SF650,,01t6A000000aqgAQAQ,0016A00000JqrrcQAB,a0FPW00000WmbQV2AZ,16.26,14.780000,UPDATE,,
SBQQ__ContractedPrice__c,PEE084585-SF660P,,01t6A000000astJQAQ,0016A00000JqrrcQAB,a0FPW00000WmbQY2AZ,17.62,16.020000,UPDATE,,
SBQQ__ContractedPrice__c,PEE084585-ACCK-KOPBASE,,01t8V000008YvjvQAC,0016A00000JqrrcQAB,a0FPW00000WmbBI2AZ,59.98,54.530000,UPDATE,,
SBQQ__ContractedPrice__c,CAS131679-ACCK-KOPBASE,,01t8V000008YvjvQAC,001PW00000iFUdzYAG,a0FPW00000WmYUA2A3,98.0,98.000000,UPDATE,,
SBQQ__ContractedPrice__c,CAS131679-ACCK-KOPBASE-B2B,,01t8V000008YwhgQAC,001PW00000iFUdzYAG,a0FPW00000WmYUB2A3,124.0,124.000000,UPDATE,,
SBQQ__ContractedPrice__c,PEE084585-ACCK-KOPBASE-B2B,,01t8V000008YwhgQAC,0016A00000JqrrcQAB,a0FPW00000WmbBJ2AZ,91.06,82.780000,UPDATE,,
SBQQ__ContractedPrice__c,PEE084585-ACCKV-HCS40R,,01t8V00000ANqk3QAD,0016A00000JqrrcQAB,a0FPW00000WmbBg2AJ,51.16,46.510000,UPDATE,,
SBQQ__ContractedPrice__c,PEE084585-BWPTV654,,01tPW000001ObPGYA0,0016A00000JqrrcQAB,a0FPW00000WmhBZ2AZ,1411.46,1411.460000,UPDATE,,
SBQQ__ContractedPrice__c,PEE084585-PWA-14S,,01t6A000000asC5QAI,0016A00000JqrrcQAB,a0FPW00000WmbQ52AJ,34.66,31.510000,UPDATE,,
SBQQ__ContractedPrice__c,CAS131679-PWA-14S,,01t6A000000asC5QAI,001PW00000iFUdzYAG,a0FPW00000WmYh32AF,50.0,51.420000,UPDATE,,
SBQQ__ContractedPrice__c,PEE084585-TRA732,,01t6A000000atSGQAY,0016A00000JqrrcQAB,a0FPW00000WmbVA2AZ,17.9,16.270000,UPDATE,,
SBQQ__ContractedPrice__c,PEE084585-TRT632,,01t6A000000asL1QAI,0016A00000JqrrcQAB,a0FPW00000WmbVG2AZ,8.88,8.070000,UPDATE,,
SBQQ__ContractedPrice__c,PEE084585-TRWV220/BK,,01t6A000000aqxvQAA,0016A00000JqrrcQAB,a0FPW00000WmbVJ2AZ,8.88,8.070000,UPDATE,,
SBQQ__ContractedPrice__c,PEE084585-TRWV250/BK,,01t6A000000aqxwQAA,0016A00000JqrrcQAB,a0FPW00000WmbVK2AZ,17.9,16.270000,UPDATE,,
SBQQ__ContractedPrice__c,PEE084585-WPTV55,,01t2K000006StkJQAS,0016A00000JqrrcQAB,a0FPW00000Wmb4Z2AR,997.47,906.790000,UPDATE,,
SBQQ__ContractedPrice__c,CAS131679-EPA762PU,,01t6A000000arABQAY,001PW00000iFUdzYAG,a0FPW00000WmT1H2AV,253.0,253.000000,UPDATE,,
SBQQ__ContractedPrice__c,CAS131664-EPA762PU,,01t6A000000arABQAY,0016A00000JqrfSQAR,a0FPW00000WmYM32AN,694.0,695.000000,UPDATE,,
SBQQ__ContractedPrice__c,CAS131664-ESF686,,01t2K000006S1F8QAK,0016A00000JqrfSQAR,a0FPW00000WmgMX2AZ,1011.0,1112.000000,UPDATE,,
SBQQ__ContractedPrice__c,CAS131679-ESF686,,01t2K000006S1F8QAK,001PW00000iFUdzYAG,a0FPW00000WmT1N2AV,321.0,321.000000,UPDATE,,
SBQQ__ContractedPrice__c,PEE084585-ESF686,,01t2K000006S1F8QAK,0016A00000JqrrcQAB,a0FPW00000Wm9TZ2AZ,261.94,238.130000,UPDATE,,
SBQQ__ContractedPrice__c,PEE084585-EWL-49XE4F,,01t2K000006SlCRQA0,0016A00000JqrrcQAB,a0FPW00000Wm9Tj2AJ,263.77,239.790000,UPDATE,,
SBQQ__ContractedPrice__c,CAS131679-EWL-49XE4F,,01t2K000006SlCRQA0,001PW00000iFUdzYAG,a0FPW00000WmT1V2AV,421.0,421.000000,UPDATE,,
SBQQ__ContractedPrice__c,PEE084585-KIPC2555-WHL,,01t2K00000ApeKXQAZ,0016A00000JqrrcQAB,a0FPW00000WmhMy2AJ,1299.43,1299.430000,UPDATE,,
SBQQ__ContractedPrice__c,CAS131679-KIPC2555-WHL,,01t2K00000ApeKXQAZ,001PW00000iFUdzYAG,a0FPW00000WmgVv2AJ,2368.0,2605.000000,UPDATE,,
SBQQ__ContractedPrice__c,PEE084585-DS-LEDTK-16VX8S,,01t2K00000Aow10QAB,0016A00000JqrrcQAB,a0FPW00000WmhDA2AZ,1021.71,1021.710000,UPDATE,,
SBQQ__ContractedPrice__c,CAS131679-DS-LEDTK-16VX8S,,01t2K00000Aow10QAB,001PW00000iFUdzYAG,a0FPW00000WmgUk2AJ,2622.0,2884.000000,UPDATE,,
SBQQ__ContractedPrice__c,CAS131679-DS-LEDUPS-8X4,,01t2K000006XFuTQAW,001PW00000iFUdzYAG,a0FPW00000WmgVR2AZ,2662.0,2928.000000,UPDATE,,
SBQQ__ContractedPrice__c,PEE084585-DS-LEDUPS-8X4,,01t2K000006XFuTQAW,0016A00000JqrrcQAB,a0FPW00000WmhDt2AJ,1603.6,1603.600000,UPDATE,,
SBQQ__ContractedPrice__c,PEE084585-ODTV5502-R,,01t2K00000Aow15QAB,0016A00000JqrrcQAB,a0FPW00000WmbOk2AJ,994.85,904.410000,UPDATE,,
SBQQ__ContractedPrice__c,PEE084585-COTV6504,,01tPW000001ObPHYA0,0016A00000JqrrcQAB,a0FPW00000WmhBk2AJ,1411.46,1411.460000,UPDATE,,
SBQQ__ContractedPrice__c,PEE084585-DEV-KIP522-GW,,01t8V000006V478QAC,0016A00000JqrrcQAB,a0FPW00000Wm4iH2AR,359.19,326.540000,UPDATE,,
SBQQ__ContractedPrice__c,PEE084585-DS-LED27BDL-8X4,,01t8V000008YpZHQA0,0016A00000JqrrcQAB,a0FPW00000WmhBz2AJ,1657.9,1657.900000,UPDATE,,
SBQQ__ContractedPrice__c,PEE084585-DS-LEDIWASF-4X4,,01t8V000006cjNNQAY,0016A00000JqrrcQAB,a0FPW00000Wm4io2AB,549.51,499.550000,UPDATE,,
SBQQ__ContractedPrice__c,PEE084585-DS-LEDLSCB-11X6,,01t8V000006V5Z6QAK,0016A00000JqrrcQAB,a0FPW00000WmhCk2AJ,2083.49,2083.490000,UPDATE,,
SBQQ__ContractedPrice__c,PEE084585-DS-LEDLSCB-17X6,,01t8V000006V47mQAC,0016A00000JqrrcQAB,a0FPW00000WmhCo2AJ,3125.67,3125.670000,UPDATE,,
SBQQ__ContractedPrice__c,PEE084585-DS-LEDLSCB-3X11,,01t8V0000095mXhQAI,0016A00000JqrrcQAB,a0FPW00000WmhCr2AJ,1546.94,1546.940000,UPDATE,,
SBQQ__ContractedPrice__c,CAS131679-SF660P,,01t6A000000astJQAQ,001PW00000iFUdzYAG,a0FPW00000WmYjR2AV,53.0,53.000000,UPDATE,,
SBQQ__ContractedPrice__c,CAS131679-SP850,,01t6A000000ar0fQAA,001PW00000iFUdzYAG,a0FPW00000WmYja2AF,169.0,169.000000,UPDATE,,
SBQQ__ContractedPrice__c,PEE084585-SP850,,01t6A000000ar0fQAA,0016A00000JqrrcQAB,a0FPW00000WmbQk2AJ,130.12,118.290000,UPDATE,,
SBQQ__ContractedPrice__c,CAS131664-SP850,,01t6A000000ar0fQAA,0016A00000JqrfSQAR,a0FPW00000WmYQB2A3,505.0,505.000000,UPDATE,,
SBQQ__ContractedPrice__c,CAS131664-SP850-UNM,,01t2K000006S2NHQA0,0016A00000JqrfSQAR,a0FPW00000WmYQD2A3,694.0,695.000000,UPDATE,,
SBQQ__ContractedPrice__c,PEE084585-SP850-UNM,,01t2K000006S2NHQA0,0016A00000JqrrcQAB,a0FPW00000WmbQo2AJ,150.7,137.000000,UPDATE,,
SBQQ__ContractedPrice__c,CAS131679-SP850-UNM,,01t2K000006S2NHQA0,001PW00000iFUdzYAG,a0FPW00000WmYje2AF,204.0,204.000000,UPDATE,,
SBQQ__ContractedPrice__c,PEE084585-SP850P,,01t6A000000aqsiQAA,0016A00000JqrrcQAB,a0FPW00000WmbQl2AJ,129.79,117.990000,UPDATE,,
SBQQ__ContractedPrice__c,CAS131679-SP850P,,01t6A000000aqsiQAA,001PW00000iFUdzYAG,a0FPW00000WmYjb2AF,169.0,169.000000,UPDATE,,
SBQQ__ContractedPrice__c,PEE084585-SR598-HUB,,01t6A000000as8TQAQ,0016A00000JqrrcQAB,,,474.670000,INSERT,,
SBQQ__ContractedPrice__c,PEE084585-SR598ML3,,01t6A000000brlUQAQ,0016A00000JqrrcQAB,a0FPW00000WmbUF2AZ,813.97,739.970000,UPDATE,,
SBQQ__ContractedPrice__c,CAS131664-SR598ML3,,01t6A000000brlUQAQ,0016A00000JqrfSQAR,a0FPW00000WmgU62AJ,2874.0,3161.000000,UPDATE,,
SBQQ__ContractedPrice__c,PEE084585-ODTV6502-B,,01t2K00000Aow1KQAR,0016A00000JqrrcQAB,a0FPW00000WmbOo2AJ,646.07,587.340000,UPDATE,,
SBQQ__ContractedPrice__c,PEE084585-T4X4,,01t2K00000ApcUiQAJ,0016A00000JqrrcQAB,a0FPW00000WmbV72AJ,8.28,7.530000,UPDATE,,
SBQQ__ContractedPrice__c,CAS131679-T4X4,,01t2K00000ApcUiQAJ,001PW00000iFUdzYAG,a0FPW00000WmYkJ2AV,24.0,24.000000,UPDATE,,
SBQQ__ContractedPrice__c,CAS131679-ACCK122,,01t2K00000CgtThQAJ,001PW00000iFUdzYAG,a0FPW00000WmYU92AN,66.0,66.000000,UPDATE,,
SBQQ__ContractedPrice__c,PEE084585-ACCK122,,01t2K00000CgtThQAJ,0016A00000JqrrcQAB,a0FPW00000WmbBG2AZ,49.81,45.280000,UPDATE,,
SBQQ__ContractedPrice__c,PEE084585-BIHI-ACCNP-010,,01t2K00000ApB6RQAV,0016A00000JqrrcQAB,a0FPW00000WmbDJ2AZ,41.83,38.030000,UPDATE,,
SBQQ__ContractedPrice__c,PEE084585-BWPTV653,,01t2K00000ChujeQAB,0016A00000JqrrcQAB,a0FPW00000WmhBY2AZ,1347.71,1347.710000,UPDATE,,
SBQQ__ContractedPrice__c,PEE084585-DS-VWS091,,01t6A000000atbDQAQ,0016A00000JqrrcQAB,a0FPW00000WmbGt2AJ,10.81,9.830000,UPDATE,,
SBQQ__ContractedPrice__c,PEE084585-DS-VWS091-P,,01t6A000000atH5QAI,0016A00000JqrrcQAB,a0FPW00000WmbGu2AJ,14.55,13.230000,UPDATE,,
SBQQ__ContractedPrice__c,CAS131664-DS25,,01t6A000000arqQQAQ,0016A00000JqrfSQAR,a0FPW00000WmYHF2A3,138.0,138.000000,UPDATE,,
SBQQ__ContractedPrice__c,PEE084585-DS25,,01t6A000000arqQQAQ,0016A00000JqrrcQAB,a0FPW00000Wm4iR2AR,35.66,32.420000,UPDATE,,
SBQQ__ContractedPrice__c,PEE084585-EC-HD15F,,01t6A000000arTxQAI,0016A00000JqrrcQAB,a0FPW00000Wm9TJ2AZ,3.34,3.040000,UPDATE,,
SBQQ__ContractedPrice__c,PEE084585-ESHV30,,01t6A000000aqpgQAA,0016A00000JqrrcQAB,a0FPW00000Wm9Te2AJ,20.61,18.740000,UPDATE,,
SBQQ__ContractedPrice__c,CAS131664-ESHV30,,01t6A000000aqpgQAA,0016A00000JqrfSQAR,a0FPW00000WmYMA2A3,112.0,113.000000,UPDATE,,
SBQQ__ContractedPrice__c,CAS131679-ESHV30,,01t6A000000aqpgQAA,001PW00000iFUdzYAG,a0FPW00000WmT1S2AV,46.0,46.000000,UPDATE,,
SBQQ__ContractedPrice__c,PEE084585-COTV6503,,01t2K00000ChujfQAB,0016A00000JqrrcQAB,a0FPW00000WmhBj2AJ,1347.71,1347.710000,UPDATE,,
SBQQ__ContractedPrice__c,PEE084585-DS-LEDA27-2X4,,01t2K00000CgywwQAB,0016A00000JqrrcQAB,a0FPW00000Wm4ie2AB,650.84,591.670000,UPDATE,,
SBQQ__ContractedPrice__c,PEE084585-DS-LEDLSCB-3X4,,01t2K00000ChTzSQAV,0016A00000JqrrcQAB,a0FPW00000Wm4it2AB,974.42,885.840000,UPDATE,,
SBQQ__ContractedPrice__c,PEE084585-DS-LEDLSCB-4X4,,01t2K00000ChukhQAB,0016A00000JqrrcQAB,a0FPW00000Wmfo42AB,986.9,986.900000,UPDATE,,
SBQQ__ContractedPrice__c,PEE084585-DS-LEDTK-10VX5S,,01t2K00000AqAmOQAV,0016A00000JqrrcQAB,a0FPW00000Wm4iy2AB,746.33,678.480000,UPDATE,,
SBQQ__ContractedPrice__c,CAS131679-DS-LEDTK-10VX5S,,01t2K00000AqAmOQAV,001PW00000iFUdzYAG,a0FPW00000WmgUW2AZ,1575.0,1733.000000,UPDATE,,
SBQQ__ContractedPrice__c,CAS131679-DS-LEDTK-17VX10S,,01t2K00000CgYHeQAN,001PW00000iFUdzYAG,a0FPW00000WmgUl2AJ,2668.0,2935.000000,UPDATE,,
SBQQ__ContractedPrice__c,PEE084585-DS-LEDLSCB-9X7,,01t8V000008Z9LoQAK,0016A00000JqrrcQAB,a0FPW00000WmhD52AJ,1972.47,1972.470000,UPDATE,,
SBQQ__ContractedPrice__c,CAS131679-DS-LEDTK-10VX10S,,01t8V000008Z8EBQA0,001PW00000iFUdzYAG,a0FPW00000WmgUV2AZ,1952.0,2147.000000,UPDATE,,
SBQQ__ContractedPrice__c,PEE084585-DS-LEDTK-11VX6S,,01t8V000005wbxjQAA,0016A00000JqrrcQAB,a0FPW00000Wm4j12AB,823.97,749.060000,UPDATE,,
SBQQ__ContractedPrice__c,PEE084585-DS-LEDTK-13VX5S,,01t8V000008YrdtQAC,0016A00000JqrrcQAB,a0FPW00000Wm4j52AB,887.38,806.710000,UPDATE,,
SBQQ__ContractedPrice__c,CAS131679-DS-LEDTK-13VX5S,,01t8V000008YrdtQAC,001PW00000iFUdzYAG,a0FPW00000WmgUc2AJ,1950.0,2145.000000,UPDATE,,
SBQQ__ContractedPrice__c,PEE084585-DS-LEDTK-14VX10S,,01tPW000002hAe5YAE,0016A00000JqrrcQAB,a0FPW00000WmhD62AJ,1009.47,1009.470000,UPDATE,,
SBQQ__ContractedPrice__c,PEE084585-DS-LEDTK-26VX8S,,01t8V0000095c8FQAQ,0016A00000JqrrcQAB,a0FPW00000WmhDS2AZ,1394.37,1394.370000,UPDATE,,
SBQQ__ContractedPrice__c,CAS131679-SR598ML3,,01t6A000000brlUQAQ,001PW00000iFUdzYAG,a0FPW00000WmfmU2AR,952.0,1047.000000,UPDATE,,
SBQQ__ContractedPrice__c,PEE084585-SS560F,,01t6A000000art7QAA,0016A00000JqrrcQAB,a0FPW00000WmbUK2AZ,186.92,169.930000,UPDATE,,
SBQQ__ContractedPrice__c,CAS131664-SS560F,,01t6A000000art7QAA,0016A00000JqrfSQAR,a0FPW00000WmgUB2AZ,1011.0,1112.000000,UPDATE,,
SBQQ__ContractedPrice__c,CAS131664-ST16D,,01t6A000000arOZQAY,0016A00000JqrfSQAR,a0FPW00000WmYQG2A3,213.0,214.000000,UPDATE,,
SBQQ__ContractedPrice__c,PEE084585-ST16D,,01t6A000000arOZQAY,0016A00000JqrrcQAB,a0FPW00000WmbUT2AZ,57.97,52.700000,UPDATE,,
SBQQ__ContractedPrice__c,PEE084585-ST632,,01t6A000000arPzQAI,0016A00000JqrrcQAB,a0FPW00000WmbUX2AZ,14.43,13.120000,UPDATE,,
SBQQ__ContractedPrice__c,PEE084585-DS-LEDTK-17VX10S,,01t2K00000CgYHeQAN,0016A00000JqrrcQAB,a0FPW00000WmhDB2AZ,1094.21,1094.210000,UPDATE,,
SBQQ__ContractedPrice__c,PEE084585-DS-LEDTK-32VX5S,,01t2K00000ApjErQAJ,0016A00000JqrrcQAB,a0FPW00000WmhDY2AZ,1587.82,1587.820000,UPDATE,,
SBQQ__ContractedPrice__c,CAS131679-DS-LEDTK-32VX5S,,01t2K00000ApjErQAJ,001PW00000iFUdzYAG,a0FPW00000WmgV12AJ,4020.0,4422.000000,UPDATE,,
SBQQ__ContractedPrice__c,CAS131679-DS-LEDTK-5VX8S,,01t2K00000ApcTeQAJ,001PW00000iFUdzYAG,a0FPW00000WmgV92AJ,1400.0,1540.000000,UPDATE,,
SBQQ__ContractedPrice__c,PEE084585-DS-LEDTK-5VX8S,,01t2K00000ApcTeQAJ,0016A00000JqrrcQAB,a0FPW00000WmbEB2AZ,623.74,567.040000,UPDATE,,
SBQQ__ContractedPrice__c,PEE084585-DS-LEDUPS-2X4,,01t2K00000CgxBUQAZ,0016A00000JqrrcQAB,a0FPW00000WmbES2AZ,683.83,621.660000,UPDATE,,
SBQQ__ContractedPrice__c,PEE084585-DS-LEDUPS-4X8,,01t2K00000CgY8IQAV,0016A00000JqrrcQAB,a0FPW00000WmhDl2AJ,1103.24,1103.240000,UPDATE,,
SBQQ__ContractedPrice__c,PEE084585-DS-LEDTK-34VX8S,,01t8V000008Yv3qQAC,0016A00000JqrrcQAB,a0FPW00000WmhDZ2AZ,1744.59,1744.590000,UPDATE,,
SBQQ__ContractedPrice__c,PEE084585-DS-LEDUNV-47176,,01t8V00000ANql1QAD,0016A00000JqrrcQAB,,,1302.870000,INSERT,,
SBQQ__ContractedPrice__c,PEE084585-DS-LEDUNV-IWP-5X3,,01tPW000002l1ynYAA,0016A00000JqrrcQAB,,,527.540000,INSERT,,
SBQQ__ContractedPrice__c,PEE084585-DS-LEDUNV-LSBB-8X8,,01t8V000006V9jSQAS,0016A00000JqrrcQAB,,,1953.200000,INSERT,,
SBQQ__ContractedPrice__c,PEE084585-DS-LEDUNV-LSCB-5X5/P,,01t8V00000ANq45QAD,0016A00000JqrrcQAB,,,749.610000,INSERT,,
SBQQ__ContractedPrice__c,PEE084585-DS-LEDUNV-N169S-8X8,,01tPW000002708cYAA,0016A00000JqrrcQAB,,,1908.860000,INSERT,,
SBQQ__ContractedPrice__c,PEE084585-DS-LEDUNV-USLIM-2X3-47268,,01t8V00000ANtNWQA1,0016A00000JqrrcQAB,,,361.270000,INSERT,,
SBQQ__ContractedPrice__c,CAS131664-ST632,,01t6A000000arPzQAI,0016A00000JqrfSQAR,a0FPW00000WmYQI2A3,112.0,113.000000,UPDATE,,
SBQQ__ContractedPrice__c,CAS131679-ST632,,01t6A000000arPzQAI,001PW00000iFUdzYAG,a0FPW00000WmYjt2AF,26.0,26.000000,UPDATE,,
SBQQ__ContractedPrice__c,CAS131679-ST635,,01t6A000000aqmcQAA,001PW00000iFUdzYAG,a0FPW00000WmYjv2AF,57.0,57.000000,UPDATE,,
SBQQ__ContractedPrice__c,CAS131664-ST635,,01t6A000000aqmcQAA,0016A00000JqrfSQAR,a0FPW00000WmYQJ2A3,183.0,182.000000,UPDATE,,
SBQQ__ContractedPrice__c,PEE084585-ST635,,01t6A000000aqmcQAA,0016A00000JqrrcQAB,a0FPW00000WmbUZ2AZ,47.43,43.120000,UPDATE,,
SBQQ__ContractedPrice__c,PEE084585-ST660,,01t6A000000ar9qQAA,0016A00000JqrrcQAB,a0FPW00000WmbUg2AJ,26.83,24.390000,UPDATE,,
SBQQ__ContractedPrice__c,CAS131664-ST660,,01t6A000000ar9qQAA,0016A00000JqrfSQAR,a0FPW00000WmYQM2A3,365.0,366.000000,UPDATE,,
SBQQ__ContractedPrice__c,DIS183551-ST660,,01t6A000000ar9qQAA,0016A00000JqraOQAR,a0FPW00000xRdqR2AS,87.16,87.160000,UPDATE,,
SBQQ__ContractedPrice__c,CAS131679-ST660,,01t6A000000ar9qQAA,001PW00000iFUdzYAG,a0FPW00000WmYk12AF,74.0,74.000000,UPDATE,,
SBQQ__ContractedPrice__c,CAS131679-ST670,,01t6A000000ast7QAA,001PW00000iFUdzYAG,a0FPW00000WmYk32AF,84.0,84.000000,UPDATE,,
SBQQ__ContractedPrice__c,DIS183551-ST670,,01t6A000000ast7QAA,0016A00000JqraOQAR,a0FPW00000xRdqS2AS,105.05,105.050000,UPDATE,,
SBQQ__ContractedPrice__c,CAS131664-ST670,,01t6A000000ast7QAA,0016A00000JqrfSQAR,a0FPW00000WmYQN2A3,378.0,378.000000,UPDATE,,
SBQQ__ContractedPrice__c,CAS131679-DS-LEDUPS-4X8,,01t2K00000CgY8IQAV,001PW00000iFUdzYAG,a0FPW00000WmgVN2AZ,2662.0,2928.000000,UPDATE,,
SBQQ__ContractedPrice__c,CAS131664-DS-LEDVST-12X6,,01tPW00000Etlg5YAB,0016A00000JqrfSQAR,,,18034.000000,INSERT,,
SBQQ__ContractedPrice__c,CAS131664-DS-LEDVST-8X4,,01tPW00000Etlg7YAB,0016A00000JqrfSQAR,,,8016.000000,INSERT,,
SBQQ__ContractedPrice__c,CAS131679-IMAM,,01t2K00000CgC27QAF,001PW00000iFUdzYAG,a0FPW00000WmYWZ2A3,186.0,186.000000,UPDATE,,
SBQQ__ContractedPrice__c,CAS131664-IMAM,,01t2K00000CgC27QAF,0016A00000JqrfSQAR,a0FPW00000WmYMg2AN,568.0,568.000000,UPDATE,,
SBQQ__ContractedPrice__c,PEE084585-IMAM,,01t2K00000CgC27QAF,0016A00000JqrrcQAB,a0FPW00000WmbHT2AZ,93.46,84.960000,UPDATE,,
SBQQ__ContractedPrice__c,CAS131679-KOF-OPT-SPK,,01t2K00000CgGpuQAF,001PW00000iFUdzYAG,a0FPW00000WmYWk2AN,417.0,417.000000,UPDATE,,
SBQQ__ContractedPrice__c,PEE084585-DS-MBZ647L-TDL,,01t8V0000095fYPQAY,0016A00000JqrrcQAB,a0FPW00000WmbEZ2AZ,46.51,42.280000,UPDATE,,
SBQQ__ContractedPrice__c,CAS131679-KOP55XHB,,01t8V0000095r4AQAQ,001PW00000iFUdzYAG,a0FPW00000WmgW62AJ,6198.0,6818.000000,UPDATE,,
SBQQ__ContractedPrice__c,PEE084585-KOP55XHB,,01t8V0000095r4AQAQ,0016A00000JqrrcQAB,a0FPW00000WmhNE2AZ,5040.23,5040.230000,UPDATE,,
SBQQ__ContractedPrice__c,PEE084585-KOP55XHB2-A,,01t8V000008YpjsQAC,0016A00000JqrrcQAB,a0FPW00000WmhNG2AZ,8682.63,8682.630000,UPDATE,,
SBQQ__ContractedPrice__c,CAS131679-KOP55XHB2-A,,01t8V000008YpjsQAC,001PW00000iFUdzYAG,a0FPW00000WmgW82AJ,10344.0,11378.000000,UPDATE,,
SBQQ__ContractedPrice__c,PEE084585-ODTV6504,,01tPW000001ObYwYAK,0016A00000JqrrcQAB,a0FPW00000WmhNf2AJ,1411.46,1411.460000,UPDATE,,
SBQQ__ContractedPrice__c,PEE084585-KOF-OPT-SPK,,01t2K00000CgGpuQAF,0016A00000JqrrcQAB,a0FPW00000WmbKh2AJ,367.86,334.420000,UPDATE,,
SBQQ__ContractedPrice__c,PEE084585-NT553,,01t2K00000ChrRlQAJ,0016A00000JqrrcQAB,a0FPW00000WmhNO2AZ,1067.52,1067.520000,UPDATE,,
SBQQ__ContractedPrice__c,CAS131679-NT553,,01t2K00000ChrRlQAJ,001PW00000iFUdzYAG,a0FPW00000WmgWE2AZ,1267.0,1394.000000,UPDATE,,
SBQQ__ContractedPrice__c,CAS131678-NT553,,01t2K00000ChrRlQAJ,001PW00000hyoAvYAI,,,1799.000000,INSERT,,
SBQQ__ContractedPrice__c,PEE084585-SXN-65,,01t2K00000ApUVzQAN,0016A00000JqrrcQAB,a0FPW00000WmhNv2AJ,1177.06,1177.060000,UPDATE,,
SBQQ__ContractedPrice__c,PEE084585-SXN-75,,01t2K00000ApUVtQAN,0016A00000JqrrcQAB,a0FPW00000WmhNx2AJ,1673.14,1673.140000,UPDATE,,
SBQQ__ContractedPrice__c,PEE084585-WPTV753,,01t2K00000ChukDQAR,0016A00000JqrrcQAB,a0FPW00000WmhOR2AZ,1839.11,1839.110000,UPDATE,,
SBQQ__ContractedPrice__c,CAS131664-EXT102,,01t6A000000arB2QAI,0016A00000JqrfSQAR,a0FPW00000WmYMF2A3,87.0,87.000000,UPDATE,,
SBQQ__ContractedPrice__c,PEE084585-EXT102,,01t6A000000arB2QAI,0016A00000JqrrcQAB,a0FPW00000Wm9Tq2AJ,19.31,17.550000,UPDATE,,
SBQQ__ContractedPrice__c,CAS131679-EXT102,,01t6A000000arB2QAI,001PW00000iFUdzYAG,a0FPW00000WmT1c2AF,26.0,27.580000,UPDATE,,
SBQQ__ContractedPrice__c,PEE084585-MIS275,,01t6A000000at7GQAQ,0016A00000JqrrcQAB,a0FPW00000WmbL42AJ,54.97,49.970000,UPDATE,,
SBQQ__ContractedPrice__c,PEE084585-MIS773,,01t6A000000armjQAA,0016A00000JqrrcQAB,a0FPW00000WmbMn2AJ,37.55,34.140000,UPDATE,,
SBQQ__ContractedPrice__c,PEE084585-MIS929,,01t6A000000at2TQAQ,0016A00000JqrrcQAB,a0FPW00000WmbN02AJ,26.96,24.510000,UPDATE,,
SBQQ__ContractedPrice__c,PEE084585-MIS982,,01t6A000000aqokQAA,0016A00000JqrrcQAB,a0FPW00000WmbNE2AZ,103.1,93.730000,UPDATE,,
SBQQ__ContractedPrice__c,PEE084585-ACCKV146-LH,,01t8V000008btVrQAI,0016A00000JqrrcQAB,a0FPW00000WmbBb2AJ,876.66,796.960000,UPDATE,,
SBQQ__ContractedPrice__c,PEE084585-ACSBR2,,01t8V000008plvNQAQ,0016A00000JqrrcQAB,a0FPW00000WmbCR2AZ,8.93,8.120000,UPDATE,,
SBQQ__ContractedPrice__c,CAS131664-ACSBR2,,01t8V000008plvNQAQ,0016A00000JqrfSQAR,a0FPW00000WmYGK2A3,87.0,87.000000,UPDATE,,
SBQQ__ContractedPrice__c,CAS131679-ACSBR2,,01t8V000008plvNQAQ,001PW00000iFUdzYAG,a0FPW00000WmYUj2AN,18.0,18.000000,UPDATE,,
SBQQ__ContractedPrice__c,PEE084585-DS-LEDFAFE-4X4,,01t8V000008YrdjQAC,0016A00000JqrrcQAB,a0FPW00000Wm4il2AB,953.24,866.580000,UPDATE,,
SBQQ__ContractedPrice__c,PEE084585-SXN-75-3,,01t8V000005o6i9QAA,0016A00000JqrrcQAB,,,1839.110000,INSERT,,
SBQQ__ContractedPrice__c,PEE084585-SXOBH-65-3,,01t8V000008bt6UQAQ,0016A00000JqrrcQAB,a0FPW00000WmhO12AJ,6523.05,6523.050000,UPDATE,,
SBQQ__ContractedPrice__c,PEE084585-SOTV5504,,01tPW000001OaD5YAK,0016A00000JqrrcQAB,a0FPW00000WmhNm2AJ,1137.57,1137.570000,UPDATE,,
SBQQ__ContractedPrice__c,PEE084585-SR898,,01tPW000001sVr6YAE,0016A00000JqrrcQAB,a0FPW00000WmbUJ2AZ,238.19,216.540000,UPDATE,,
SBQQ__ContractedPrice__c,CAS131679-SR898,,01tPW000001sVr6YAE,001PW00000iFUdzYAG,a0FPW00000WmYjo2AF,499.0,499.000000,UPDATE,,
SBQQ__ContractedPrice__c,CAS131664-SR898,,01tPW000001sVr6YAE,0016A00000JqrfSQAR,a0FPW00000WmgUA2AZ,1379.0,1517.000000,UPDATE,,
SBQQ__ContractedPrice__c,PEE084585-V4L2-103SUB-2310,,01t8V00000ANrFGQA1,0016A00000JqrrcQAB,,,8564.600000,INSERT,,
SBQQ__ContractedPrice__c,PEE084585-V4L2-103SUB-2312,,01t8V00000ANrG6QAL,0016A00000JqrrcQAB,,,8391.290000,INSERT,,
SBQQ__ContractedPrice__c,PEE084585-MOD-ACAP,,01t6A000000ascFQAQ,0016A00000JqrrcQAB,a0FPW00000WmbNQ2AZ,2.5,2.270000,UPDATE,,
SBQQ__ContractedPrice__c,CAS131679-MOD-ACAP,,01t6A000000ascFQAQ,001PW00000iFUdzYAG,a0FPW00000WmYeS2AV,4.0,4.000000,UPDATE,,
SBQQ__ContractedPrice__c,CAS131679-MOD-ASC-W,,01t6A000000at1fQAA,001PW00000iFUdzYAG,a0FPW00000WmYea2AF,13.0,13.000000,UPDATE,,
SBQQ__ContractedPrice__c,PEE084585-MOD-ASC-W,,01t6A000000at1fQAA,0016A00000JqrrcQAB,a0FPW00000WmbNY2AZ,9.85,8.950000,UPDATE,,
SBQQ__ContractedPrice__c,PEE084585-MOD-ATA-W,,01t6A000000aqwfQAA,0016A00000JqrrcQAB,a0FPW00000WmbNa2AJ,15.26,13.870000,UPDATE,,
SBQQ__ContractedPrice__c,CAS131679-MOD-ATA-W,,01t6A000000aqwfQAA,001PW00000iFUdzYAG,a0FPW00000WmYec2AF,19.0,23.100000,UPDATE,,
SBQQ__ContractedPrice__c,CAS131679-MOD-CPC,,01t6A000000at1hQAA,001PW00000iFUdzYAG,a0FPW00000WmYeg2AF,22.0,23.660000,UPDATE,,
SBQQ__ContractedPrice__c,PEE084585-ST670,,01t6A000000ast7QAA,0016A00000JqrrcQAB,a0FPW00000WmbUj2AJ,60.96,55.420000,UPDATE,,
SBQQ__ContractedPrice__c,PEE084585-SUA740P,,01t6A000000ar7sQAA,0016A00000JqrrcQAB,a0FPW00000WmbUr2AJ,74.94,68.130000,UPDATE,,
SBQQ__ContractedPrice__c,CAS131664-SUA740P,,01t6A000000ar7sQAA,0016A00000JqrfSQAR,a0FPW00000WmYQR2A3,378.0,378.000000,UPDATE,,
SBQQ__ContractedPrice__c,CAS131679-SUA740P,,01t6A000000ar7sQAA,001PW00000iFUdzYAG,a0FPW00000WmYk92AF,122.0,122.000000,UPDATE,,
SBQQ__ContractedPrice__c,PEE084585-SUF640P-M,,01t6A000000asczQAA,0016A00000JqrrcQAB,a0FPW00000WmbUx2AJ,46.18,41.980000,UPDATE,,
SBQQ__ContractedPrice__c,PEE084585-SUF660P,,01t6A000000atErQAI,0016A00000JqrrcQAB,a0FPW00000WmbV22AJ,51.27,46.610000,UPDATE,,
SBQQ__ContractedPrice__c,CAS131664-EWL-49XE4F,,01t2K000006SlCRQA0,0016A00000JqrfSQAR,a0FPW00000WmgMY2AZ,1229.0,1352.000000,UPDATE,,
SBQQ__ContractedPrice__c,PEE084585-FMFM,,01t6A000002ZPbDQAW,0016A00000JqrrcQAB,a0FPW00000Wm9U02AJ,5.62,5.110000,UPDATE,,
SBQQ__ContractedPrice__c,FRE292654-FMFM,,01t6A000002ZPbDQAW,0016A00000JqrIPQAZ,a0FPW00000xReEZ2A0,6.73,6.730000,UPDATE,,
SBQQ__ContractedPrice__c,PEE084585-FPZ-600,,01t6A000000aqgHQAQ,0016A00000JqrrcQAB,a0FPW00000Wm9U42AJ,402.66,366.050000,UPDATE,,
SBQQ__ContractedPrice__c,CAS131679-FPZ-600,,01t6A000000aqgHQAQ,001PW00000iFUdzYAG,a0FPW00000WmT1e2AF,593.0,593.000000,UPDATE,,
SBQQ__ContractedPrice__c,CAS131664-FPZ-600,,01t6A000000aqgHQAQ,0016A00000JqrfSQAR,a0FPW00000WmgMc2AJ,1643.0,1808.000000,UPDATE,,
SBQQ__ContractedPrice__c,PEE084585-FVWM-101,,01t6A000002ZPbEQAW,0016A00000JqrrcQAB,a0FPW00000Wm9U52AJ,3.99,3.630000,UPDATE,,
SBQQ__ContractedPrice__c,PEE084585-V4DCFC-103NM-YY,,01t8V000008plPMQAY,0016A00000JqrrcQAB,a0FPW00000WmhOB2AZ,8048.09,8048.090000,UPDATE,,
SBQQ__ContractedPrice__c,PEE084585-407K88,,01t8V000008YnuLQAS,0016A00000JqrrcQAB,a0FPW00000WmUrQ2AV,99.88,90.800000,UPDATE,,
SBQQ__ContractedPrice__c,PEE084585-557DNT1S-UA,,01t8V000006VDY9QAO,0016A00000JqrrcQAB,a0FPW00000Wmh4q2AB,1135.37,1135.370000,UPDATE,,
SBQQ__ContractedPrice__c,CAS131679-ACC151,,01tPW000003JxVhYAK,001PW00000iFUdzYAG,a0FPW00000WmYQz2AN,47.0,47.000000,UPDATE,,
SBQQ__ContractedPrice__c,PEE084585-CO-XHB754,,01t8V000008Z1wbQAC,0016A00000JqrrcQAB,a0FPW00000Wmb4W2AR,0.01,0.010000,UPDATE,,
SBQQ__ContractedPrice__c,PEE084585-DS-LED27BDL-10X5,,01t8V000006V8kXQAS,0016A00000JqrrcQAB,a0FPW00000WmhBu2AJ,2014.37,2014.370000,UPDATE,,
SBQQ__ContractedPrice__c,PEE084585-DS-LEDBHCH-4X4,,01t8V000008YmOeQAK,0016A00000JqrrcQAB,a0FPW00000WmhCC2AZ,1069.03,1069.030000,UPDATE,,
SBQQ__ContractedPrice__c,PEE084585-MOD-CPC,,01t6A000000at1hQAA,0016A00000JqrrcQAB,a0FPW00000WmbNe2AJ,18.48,16.800000,UPDATE,,
SBQQ__ContractedPrice__c,CAS131664-MOD-CPC,,01t6A000000at1hQAA,0016A00000JqrfSQAR,a0FPW00000WmYOl2AN,75.0,75.000000,UPDATE,,
SBQQ__ContractedPrice__c,CAS131664-MOD-FPMD,,01t6A000000at1mQAA,0016A00000JqrfSQAR,a0FPW00000WmYOu2AN,201.0,201.000000,UPDATE,,
SBQQ__ContractedPrice__c,PEE084585-MOD-FPMD,,01t6A000000at1mQAA,0016A00000JqrrcQAB,a0FPW00000WmbNp2AJ,53.34,48.490000,UPDATE,,
SBQQ__ContractedPrice__c,CAS131679-MOD-FPMD,,01t6A000000at1mQAA,001PW00000iFUdzYAG,a0FPW00000WmYer2AF,67.0,72.490000,UPDATE,,
SBQQ__ContractedPrice__c,CAS131679-MOD-P100,,01t6A000000arLGQAY,001PW00000iFUdzYAG,a0FPW00000WmYfB2AV,34.0,34.000000,UPDATE,,
SBQQ__ContractedPrice__c,PEE084585-MOD-P100,,01t6A000000arLGQAY,0016A00000JqrrcQAB,a0FPW00000WmbOA2AZ,26.2,23.820000,UPDATE,,
SBQQ__ContractedPrice__c,PEE084585-XHB553-R,,01t8V000008YvNhQAK,0016A00000JqrrcQAB,a0FPW00000WmhOX2AZ,3550.46,3550.460000,UPDATE,,
SBQQ__ContractedPrice__c,PEE084585-XHB653-R,,01t8V000006VDYnQAO,0016A00000JqrrcQAB,a0FPW00000WmhOe2AJ,6203.96,6203.960000,UPDATE,,
SBQQ__ContractedPrice__c,PEE084585-V4L2-105SUB-2401,,01tPW000003R7DNYA0,0016A00000JqrrcQAB,a0FPW00000WmbVc2AJ,143.83,130.750000,UPDATE,,
SBQQ__ContractedPrice__c,PEE084585-V4L2-105SUB-2406,,01tPW000003R7BlYAK,0016A00000JqrrcQAB,a0FPW00000WmbVh2AJ,143.83,130.750000,UPDATE,,
SBQQ__ContractedPrice__c,PEE084585-DS-LEDTK-13VX10S,,01tPW000003QE7FYAW,0016A00000JqrrcQAB,a0FPW00000Wmfo72AB,971.49,971.490000,UPDATE,,
SBQQ__ContractedPrice__c,CAS131664-DS-LEDUNV960-5X5,,01tPW000003XhCYYA0,0016A00000JqrfSQAR,a0FPW00000WmgM82AJ,6153.0,6768.000000,UPDATE,,
SBQQ__ContractedPrice__c,PEE084585-DS-LEDFAFE-7X4,,01t8V000008YnXuQAK,0016A00000JqrrcQAB,a0FPW00000WmhCL2AZ,1455.81,1455.810000,UPDATE,,
SBQQ__ContractedPrice__c,PEE084585-DS-LEDIER-4X5,,01t8V000008YvrFQAS,0016A00000JqrrcQAB,a0FPW00000WmhCP2AZ,1174.23,1174.230000,UPDATE,,
SBQQ__ContractedPrice__c,PEE084585-DS-LEDIWASF-33X3,,01t8V000008ZAltQAG,0016A00000JqrrcQAB,a0FPW00000WmhCV2AZ,3930.22,3930.220000,UPDATE,,
SBQQ__ContractedPrice__c,PEE084585-DS-LEDIWP-4X12,,01t8V000008XL7EQAW,0016A00000JqrrcQAB,a0FPW00000WmhCZ2AZ,1930.17,1930.170000,UPDATE,,
SBQQ__ContractedPrice__c,CAS131664-DS-LEDKMT-LAEC-136,,01tPW0000079KEnYAM,0016A00000JqrfSQAR,a0FPW00000WmgLy2AJ,9310.0,10242.000000,UPDATE,,
SBQQ__ContractedPrice__c,CAS131679-DS-LEDKMT-LAEC-136,,01tPW0000079KEnYAM,001PW00000iFUdzYAG,a0FPW00000WmgUU2AZ,3408.0,3749.000000,UPDATE,,
SBQQ__ContractedPrice__c,PEE084585-DS-LEDLSCB-1X2,,01t8V00000ANqEPQA1,0016A00000JqrrcQAB,a0FPW00000Wm4iq2AB,514.73,467.940000,UPDATE,,
SBQQ__ContractedPrice__c,CAS131679-DS-LEDUNV960-5X5,,01tPW000003XhCYYA0,001PW00000iFUdzYAG,a0FPW00000WmgVL2AZ,2060.0,2266.000000,UPDATE,,
SBQQ__ContractedPrice__c,CAS131679-DS-LEDUNV610-6X6,,01tPW000003XhAwYAK,001PW00000iFUdzYAG,a0FPW00000WmgVI2AZ,2420.0,2662.000000,UPDATE,,
SBQQ__ContractedPrice__c,CAS131664-DS-LEDUNV610-6X6,,01tPW000003XhAwYAK,0016A00000JqrfSQAR,a0FPW00000WmgM42AJ,7369.0,8106.000000,UPDATE,,
SBQQ__ContractedPrice__c,CAS131664-SPK812,,01tPW000008a16dYAA,0016A00000JqrfSQAR,a0FPW00000WmYQE2A3,87.0,87.000000,UPDATE,,
SBQQ__ContractedPrice__c,CAS131679-SPK812,,01tPW000008a16dYAA,001PW00000iFUdzYAG,a0FPW00000WmYjf2AF,25.0,25.000000,UPDATE,,
SBQQ__ContractedPrice__c,CAS131679-PCM150,,01tPW0000067xr7YAA,001PW00000iFUdzYAG,a0FPW00000WmYg32AF,92.0,92.000000,UPDATE,,
SBQQ__ContractedPrice__c,CAS131664-PCM150,,01tPW0000067xr7YAA,0016A00000JqrfSQAR,a0FPW00000WmBIQ2A3,277.0,277.000000,UPDATE,,
SBQQ__ContractedPrice__c,CAS131679-DS-LEDTK-20VX10S,,01tPW000008a153YAA,001PW00000iFUdzYAG,a0FPW00000WmgUo2AJ,3044.0,3348.000000,UPDATE,,
SBQQ__ContractedPrice__c,CAS131679-DS-LEDTK-22VX13S,,01tPW000008a154YAA,001PW00000iFUdzYAG,a0FPW00000WmgUt2AJ,3436.0,3780.000000,UPDATE,,
SBQQ__ContractedPrice__c,CAS131679-XHB5541,,01tPW000008me9pYAA,001PW00000iFUdzYAG,a0FPW00000WmgUF2AZ,3200.0,3200.000000,UPDATE,,
SBQQ__ContractedPrice__c,CAS131679-DS-LEDTK-35VX8S,,01tPW000008a158YAA,001PW00000iFUdzYAG,a0FPW00000WmgV22AJ,4534.0,4987.000000,UPDATE,,
SBQQ__ContractedPrice__c,CAS131678-NTSD55,,01tPW00000ACJnVYAX,001PW00000hyoAvYAI,,,1599.000000,INSERT,,
SBQQ__ContractedPrice__c,CAS131679-SUF660P,,01t6A000000atErQAI,001PW00000iFUdzYAG,a0FPW00000WmYkH2AV,67.0,67.000000,UPDATE,,
SBQQ__ContractedPrice__c,CAS131664-SUF660P,,01t6A000000atErQAI,0016A00000JqrfSQAR,a0FPW00000WmYQZ2A3,239.0,239.000000,UPDATE,,
SBQQ__ContractedPrice__c,PEE084585-VCM755,,01t6A000000arCfQAI,0016A00000JqrrcQAB,a0FPW00000WmbVi2AJ,196.37,178.520000,UPDATE,,
SBQQ__ContractedPrice__c,PEE084585-WSP716-GB,,01t6A000000arwMQAQ,0016A00000JqrrcQAB,a0FPW00000WmbVy2AJ,70.15,63.770000,UPDATE,,
SBQQ__ContractedPrice__c,CAS131664-WSP716-GB,,01t6A000000arwMQAQ,0016A00000JqrfSQAR,a0FPW00000WmYQi2AN,201.0,201.000000,UPDATE,,
SBQQ__ContractedPrice__c,CAS131664-WSP816,,01t6A000000arEQQAY,0016A00000JqrfSQAR,a0FPW00000WmYQm2AN,125.0,125.000000,UPDATE,,
SBQQ__ContractedPrice__c,CAS131679-NTSD55,,01tPW00000ACJnVYAX,001PW00000iFUdzYAG,,,1120.000000,INSERT,,
SBQQ__ContractedPrice__c,CAS131679-DS-LEDTK-18VX11S,,01tPW00000EtlgIYAR,001PW00000iFUdzYAG,,,3293.000000,INSERT,,
SBQQ__ContractedPrice__c,CAS131679-LEDUNVM-5X5,,01tPW00000CUbxhYAD,001PW00000iFUdzYAG,,,1927.000000,INSERT,,
SBQQ__ContractedPrice__c,CAS131679-LEDUNVM-3X3,,01tPW00000CUbrFYAT,001PW00000iFUdzYAG,,,694.000000,INSERT,,
SBQQ__ContractedPrice__c,CAS131679-LEDMTS-4X4,,01tPW00000DMmcbYAD,001PW00000iFUdzYAG,,,2852.000000,INSERT,,
SBQQ__ContractedPrice__c,CAS131679-LEDMTM-4X4,,01tPW00000DMmcgYAD,001PW00000iFUdzYAG,,,3488.000000,INSERT,,
SBQQ__ContractedPrice__c,PEE084585-HP450,,01t6A000000ar1XQAQ,0016A00000JqrrcQAB,a0FPW00000Wm9UK2AZ,128.89,117.170000,UPDATE,,
SBQQ__ContractedPrice__c,CAS131664-HP450,,01t6A000000ar1XQAQ,0016A00000JqrfSQAR,a0FPW00000WmYML2A3,517.0,518.000000,UPDATE,,
SBQQ__ContractedPrice__c,PEE084585-IBA2-W-M,,01t6A000000atSHQAY,0016A00000JqrrcQAB,a0FPW00000Wm9Ue2AJ,31.1,28.270000,UPDATE,,
SBQQ__ContractedPrice__c,PEE084585-IBA3AC-W,,01t6A000000atUSQAY,0016A00000JqrrcQAB,a0FPW00000Wm9Uh2AJ,69.54,63.220000,UPDATE,,
SBQQ__ContractedPrice__c,CAS131679-IBA3AC-W,,01t6A000000atUSQAY,001PW00000iFUdzYAG,a0FPW00000WmYWQ2A3,96.0,96.000000,UPDATE,,
SBQQ__ContractedPrice__c,PEE084585-KEY-006,,01t6A000000atIyQAI,0016A00000JqrrcQAB,a0FPW00000WmbHb2AJ,3.37,3.060000,UPDATE,,
SBQQ__ContractedPrice__c,PEE084585-KEY-009,,01t6A000000atMBQAY,0016A00000JqrrcQAB,a0FPW00000WmbHd2AJ,3.37,3.060000,UPDATE,,
SBQQ__ContractedPrice__c,PEE084585-DS-LEDLSCB-7X5,,01t8V000008Z9pJQAS,0016A00000JqrrcQAB,a0FPW00000WmhCy2AJ,1430.74,1430.740000,UPDATE,,
SBQQ__ContractedPrice__c,PEE084585-DS-LEDTK-14VX6S,,01t8V000008Z9pYQAS,0016A00000JqrrcQAB,a0FPW00000Wm4j92AB,979.88,890.800000,UPDATE,,
SBQQ__ContractedPrice__c,CAS131679-DS-LEDTK-40VX6S,,01tPW000001sQ09YAE,001PW00000iFUdzYAG,a0FPW00000WmgV42AJ,6720.0,7392.000000,UPDATE,,
SBQQ__ContractedPrice__c,PEE084585-DS-LEDTK-8VX8S,,01t8V000008YnTUQA0,0016A00000JqrrcQAB,a0FPW00000WmbEN2AZ,764.8,695.270000,UPDATE,,
SBQQ__ContractedPrice__c,PEE084585-DS-LEDUNV-10-5X5-M6M8,,01t8V000005wZXIQA2,0016A00000JqrrcQAB,,,774.090000,INSERT,,
SBQQ__ContractedPrice__c,PEE084585-DS-LEDUNV-12-6X6-M6M8,,01t8V000005wZXDQA2,0016A00000JqrrcQAB,,,1101.190000,INSERT,,
SBQQ__ContractedPrice__c,PEE084585-DS-LEDUNV-27BDL-10X5,,01t8V000005wdxqQAA,0016A00000JqrrcQAB,,,1580.210000,INSERT,,
SBQQ__ContractedPrice__c,CAS131679-DS-LEDTK-26VX6S,,01tPW00000EtlgQYAR,001PW00000iFUdzYAG,,,3820.000000,INSERT,,
SBQQ__ContractedPrice__c,CAS131679-DS-LEDTK-23VX8S,,01tPW00000EtlggYAB,001PW00000iFUdzYAG,,,3180.000000,INSERT,,
SBQQ__ContractedPrice__c,CAS131679-WSP816,,01t6A000000arEQQAY,001PW00000iFUdzYAG,a0FPW00000WmYkX2AV,44.0,44.000000,UPDATE,,
SBQQ__ContractedPrice__c,PEE084585-WSP816,,01t6A000000arEQQAY,0016A00000JqrrcQAB,a0FPW00000WmbW42AJ,28.68,26.070000,UPDATE,,
SBQQ__ContractedPrice__c,PEE084585-WSP820,,01t6A000000asHVQAY,0016A00000JqrrcQAB,a0FPW00000WmbW52AJ,27.84,25.310000,UPDATE,,
SBQQ__ContractedPrice__c,CAS131679-WSP820,,01t6A000000asHVQAY,001PW00000iFUdzYAG,a0FPW00000WmYkY2AV,45.0,45.000000,UPDATE,,
SBQQ__ContractedPrice__c,PEE084585-54XL74,,01t2K000006NZt6QAG,0016A00000JqrrcQAB,a0FPW00000WmUs82AF,611.53,555.940000,UPDATE,,
SBQQ__ContractedPrice__c,PEE084585-CUS883-LED-CONTROLLER,,01t2K000006KCCqQAO,0016A00000JqrrcQAB,a0FPW00000Wm4i72AB,110.01,100.010000,UPDATE,,
SBQQ__ContractedPrice__c,PEE084585-3XWC2,,01t6A000000arkuQAA,0016A00000JqrrcQAB,a0FPW00000Wmb5W2AR,61.61,56.010000,UPDATE,,
SBQQ__ContractedPrice__c,PEE084585-DS-LEDUNV-7X3-47756,,01tPW000002t1S9YAI,0016A00000JqrrcQAB,,,740.960000,INSERT,,
SBQQ__ContractedPrice__c,PEE084585-DS-LEDUNV-BHCH-3X3,,01tPW0000030D6rYAE,0016A00000JqrrcQAB,,,362.360000,INSERT,,
SBQQ__ContractedPrice__c,PEE084585-DS-LEDUNV-LSBB-4X6,,01t8V000005wbMtQAI,0016A00000JqrrcQAB,,,779.210000,INSERT,,
SBQQ__ContractedPrice__c,PEE084585-DS-LEDUPS-12X3,,01t8V000006V47cQAC,0016A00000JqrrcQAB,a0FPW00000WmhDj2AJ,2046.13,2046.130000,UPDATE,,
SBQQ__ContractedPrice__c,PEE084585-ESF675,,01t8V000008YwAAQA0,0016A00000JqrrcQAB,a0FPW00000Wm9TY2AZ,221.64,201.490000,UPDATE,,
SBQQ__ContractedPrice__c,CAS131679-ESF675,,01t8V000008YwAAQA0,001PW00000iFUdzYAG,a0FPW00000WmT1M2AV,425.0,425.000000,UPDATE,,
SBQQ__ContractedPrice__c,CAS131664-ESF675,,01t8V000008YwAAQA0,0016A00000JqrfSQAR,a0FPW00000WmgMW2AZ,1264.0,1390.000000,UPDATE,,
SBQQ__ContractedPrice__c,CAS131664-HPF675,,01t8V000008Z8EGQA0,0016A00000JqrfSQAR,a0FPW00000WmYMP2A3,441.0,442.000000,UPDATE,,
SBQQ__ContractedPrice__c,DIS183551-HPF675,,01t8V000008Z8EGQA0,0016A00000JqraOQAR,a0FPW00000xRdqP2AS,153.92,153.920000,UPDATE,,
SBQQ__ContractedPrice__c,CAS131679-HPF675,,01t8V000008Z8EGQA0,001PW00000iFUdzYAG,a0FPW00000WmT1t2AF,119.0,119.000000,UPDATE,,
SBQQ__ContractedPrice__c,PEE084585-HPF675,,01t8V000008Z8EGQA0,0016A00000JqrrcQAB,a0FPW00000Wm9UO2AZ,70.65,64.230000,UPDATE,,
SBQQ__ContractedPrice__c,PEE084585-KOP55XHB2-S,,01t8V000008Ypk2QAC,0016A00000JqrrcQAB,a0FPW00000WmhNH2AZ,8262.33,8262.330000,UPDATE,,
SBQQ__ContractedPrice__c,CAS131679-KOP55XHB2-S,,01t8V000008Ypk2QAC,001PW00000iFUdzYAG,a0FPW00000WmgW92AJ,9720.0,10692.000000,UPDATE,,
SBQQ__ContractedPrice__c,CAS131679-KOP55XHB-SA,,01t8V0000095r40QAA,001PW00000iFUdzYAG,a0FPW00000WmgWD2AZ,6554.0,7209.000000,UPDATE,,
SBQQ__ContractedPrice__c,CAS131664-MOD-P100,,01t6A000000arLGQAY,0016A00000JqrfSQAR,a0FPW00000WmYP72AN,112.0,113.000000,UPDATE,,
SBQQ__ContractedPrice__c,CAS131664-MOD-P150-B,,01t6A000000arp1QAA,0016A00000JqrfSQAR,a0FPW00000WmYPA2A3,87.0,87.000000,UPDATE,,
SBQQ__ContractedPrice__c,PEE084585-MOD-P150-B,,01t6A000000arp1QAA,0016A00000JqrrcQAB,a0FPW00000WmbOF2AZ,21.69,19.720000,UPDATE,,
SBQQ__ContractedPrice__c,CAS131679-MOD-P150-B,,01t6A000000arp1QAA,001PW00000iFUdzYAG,a0FPW00000WmYfG2AV,30.0,30.000000,UPDATE,,
SBQQ__ContractedPrice__c,CAS131679-MOD-P150-W,,01t6A000000arvaQAA,001PW00000iFUdzYAG,a0FPW00000WmYfH2AV,42.0,42.000000,UPDATE,,
SBQQ__ContractedPrice__c,PEE084585-MOD-P150-W,,01t6A000000arvaQAA,0016A00000JqrrcQAB,a0FPW00000WmbOG2AZ,23.61,21.460000,UPDATE,,
SBQQ__ContractedPrice__c,PEE084585-PCC,,01t6A000000ar5hQAA,0016A00000JqrrcQAB,a0FPW00000WmJFz2AN,6.18,5.620000,UPDATE,,
SBQQ__ContractedPrice__c,PEE084585-KOP55XHB-SA,,01t8V0000095r40QAA,0016A00000JqrrcQAB,a0FPW00000WmhNL2AZ,5304.42,5304.420000,UPDATE,,
SBQQ__ContractedPrice__c,PEE084585-NT653-B,,01t8V000006cjN8QAI,0016A00000JqrrcQAB,a0FPW00000WmbOg2AJ,770.0,700.000000,UPDATE,,
SBQQ__ContractedPrice__c,PEE084585-NT654,,01tPW000001OcDGYA0,0016A00000JqrrcQAB,a0FPW00000WmhNU2AZ,1411.46,1411.460000,UPDATE,,
SBQQ__ContractedPrice__c,CAS131678-NT654,,01tPW000001OcDGYA0,001PW00000hyoAvYAI,,,3699.000000,INSERT,,
SBQQ__ContractedPrice__c,CAS131679-NT654,,01tPW000001OcDGYA0,001PW00000iFUdzYAG,a0FPW00000WmgWH2AZ,1665.0,1832.000000,UPDATE,,
SBQQ__ContractedPrice__c,PEE084585-NT753-B,,01t8V000006cjNcQAI,0016A00000JqrrcQAB,a0FPW00000Wmfpg2AB,924.99,924.990000,UPDATE,,
SBQQ__ContractedPrice__c,PEE084585-KEY-017,,01t6A000000at3ZQAQ,0016A00000JqrrcQAB,a0FPW00000WmbHl2AJ,4.11,3.740000,UPDATE,,
SBQQ__ContractedPrice__c,PEE084585-KEY-029,,01t6A000000atEOQAY,0016A00000JqrrcQAB,a0FPW00000WmbHo2AJ,4.11,3.740000,UPDATE,,
SBQQ__ContractedPrice__c,PEE084585-KEY-064,,01t6A000000asCUQAY,0016A00000JqrrcQAB,a0FPW00000WmbHy2AJ,3.86,3.510000,UPDATE,,
SBQQ__ContractedPrice__c,CAS131679-LC-V400,,01t6A000000aruUQAQ,001PW00000iFUdzYAG,a0FPW00000WmYeL2AV,25.0,25.000000,UPDATE,,
SBQQ__ContractedPrice__c,PEE084585-LC-V400,,01t6A000000aruUQAQ,0016A00000JqrrcQAB,a0FPW00000WmbKu2AJ,13.35,12.140000,UPDATE,,
SBQQ__ContractedPrice__c,PEE084585-LCC-18-C,,01t6A000000aqt3QAA,0016A00000JqrrcQAB,a0FPW00000WmbKl2AJ,102.21,92.920000,UPDATE,,
SBQQ__ContractedPrice__c,CAS131664-LCC-18-C,,01t6A000000aqt3QAA,0016A00000JqrfSQAR,a0FPW00000WmYOQ2A3,391.0,391.000000,UPDATE,,
SBQQ__ContractedPrice__c,CAS131679-PCC,,01t6A000000ar5hQAA,001PW00000iFUdzYAG,a0FPW00000WmYg22AF,10.0,10.000000,UPDATE,,
SBQQ__ContractedPrice__c,PEE084585-WSP724,,01t6A000000asBBQAY,0016A00000JqrrcQAB,a0FPW00000WmbW12AJ,72.3,65.730000,UPDATE,,
SBQQ__ContractedPrice__c,CAS131664-WSP724,,01t6A000000asBBQAY,0016A00000JqrfSQAR,a0FPW00000WmYQj2AN,213.0,214.000000,UPDATE,,
SBQQ__ContractedPrice__c,PEE084585-WSP756-V,,01t6A000000atDrQAI,0016A00000JqrrcQAB,,,41.870000,INSERT,,
SBQQ__ContractedPrice__c,CAS131679-WSP756-V,,01t6A000000atDrQAI,001PW00000iFUdzYAG,,,65.000000,INSERT,,
SBQQ__ContractedPrice__c,PEE084585-BILX-ACCBK,,01t2K000006XG7BQAW,0016A00000JqrrcQAB,a0FPW00000WmbDL2AZ,47.04,42.760000,UPDATE,,
SBQQ__ContractedPrice__c,CAS131679-600-1787,,01t2K00000CfzvbQAB,001PW00000iFUdzYAG,a0FPW00000WmYQn2AN,163.0,163.000000,UPDATE,,
SBQQ__ContractedPrice__c,CAS131664-ACC630,,01t6A000000arVgQAI,0016A00000JqrfSQAR,a0FPW00000WmYFL2A3,213.0,214.000000,UPDATE,,
SBQQ__ContractedPrice__c,CAS131679-ACC630,,01t6A000000arVgQAI,001PW00000iFUdzYAG,a0FPW00000WmYTV2A3,68.0,68.000000,UPDATE,,
SBQQ__ContractedPrice__c,PEE084585-ACC630,,01t6A000000arVgQAI,0016A00000JqrrcQAB,a0FPW00000Wmb6p2AB,39.47,35.880000,UPDATE,,
SBQQ__ContractedPrice__c,PEE084585-ACC845,,01t6A000000asUrQAI,0016A00000JqrrcQAB,a0FPW00000Wmb712AB,44.48,40.440000,UPDATE,,
SBQQ__ContractedPrice__c,CAS131679-ACC845,,01t6A000000asUrQAI,001PW00000iFUdzYAG,a0FPW00000WmYTd2AN,57.0,64.380000,UPDATE,,
SBQQ__ContractedPrice__c,CAS131664-ACC845,,01t6A000000asUrQAI,0016A00000JqrfSQAR,a0FPW00000WmYFT2A3,176.0,176.000000,UPDATE,,
SBQQ__ContractedPrice__c,PEE084585-ODTV5504,,01tPW000001OcBdYAK,0016A00000JqrrcQAB,a0FPW00000WmhNZ2AZ,1137.57,1137.570000,UPDATE,,
SBQQ__ContractedPrice__c,PEE084585-STS650,,01tPW0000014BHFYA2,0016A00000JqrrcQAB,a0FPW00000WmbUq2AJ,105.4,95.820000,UPDATE,,
SBQQ__ContractedPrice__c,CAS131679-STS650,,01tPW0000014BHFYA2,001PW00000iFUdzYAG,a0FPW00000WmYk82AF,171.0,171.000000,UPDATE,,
SBQQ__ContractedPrice__c,CAS131664-STS650,,01tPW0000014BHFYA2,0016A00000JqrfSQAR,a0FPW00000WmYQQ2A3,505.0,505.000000,UPDATE,,
SBQQ__ContractedPrice__c,PEE084585-WPTV554,,01tPW000001OYjBYAW,0016A00000JqrrcQAB,a0FPW00000WmhOM2AZ,1137.57,1137.570000,UPDATE,,
SBQQ__ContractedPrice__c,PEE084585-WPTV55-B,,01t8V000008Yq7vQAC,0016A00000JqrrcQAB,a0FPW00000WmbVs2AJ,497.43,452.210000,UPDATE,,
SBQQ__ContractedPrice__c,PEE084585-WPTV65-B,,01t8V000008Yq7qQAC,0016A00000JqrrcQAB,a0FPW00000WmbVt2AJ,646.07,587.340000,UPDATE,,
SBQQ__ContractedPrice__c,PEE084585-ACCD-DC55,,01t6A000002i8OBQAY,0016A00000JqrrcQAB,a0FPW00000WmbAw2AJ,39.47,35.880000,UPDATE,,
SBQQ__ContractedPrice__c,PEE084585-ACCD-IREX,,01t6A000002i8NxQAI,0016A00000JqrrcQAB,a0FPW00000WmbB12AJ,14.29,12.990000,UPDATE,,
SBQQ__ContractedPrice__c,CAS131679-ACCD-IREX,,01t6A000002i8NxQAI,001PW00000iFUdzYAG,a0FPW00000WmYU02AN,21.0,21.000000,UPDATE,,
SBQQ__ContractedPrice__c,PEE084585-CO-XHB55,,01t2K000006X9nsQAC,0016A00000JqrrcQAB,a0FPW00000Wmb4U2AR,0.01,0.010000,UPDATE,,
SBQQ__ContractedPrice__c,PEE084585-SXUHD-65,,01t2K000006S2JsQAK,0016A00000JqrrcQAB,a0FPW00000WmhO52AJ,1932.55,1932.550000,UPDATE,,
SBQQ__ContractedPrice__c,PEE084585-UV492-B,,01t2K000006KESLQA4,0016A00000JqrrcQAB,a0FPW00000WmbVa2AJ,702.17,638.340000,UPDATE,,
SBQQ__ContractedPrice__c,PEE084585-XHB754-B,,01t8V000006VDfTQAW,0016A00000JqrrcQAB,a0FPW00000WmhOg2AJ,4354.16,4354.160000,UPDATE,,
SBQQ__ContractedPrice__c,PEE084585-XHB754-R,,01t8V000006VDfOQAW,0016A00000JqrrcQAB,a0FPW00000WmhOh2AJ,8401.6,8401.600000,UPDATE,,
SBQQ__ContractedPrice__c,CAS131679-DS-LEDUNV960-3X3,,01tPW000003XeOMYA0,001PW00000iFUdzYAG,a0FPW00000WmT0a2AF,816.0,816.000000,UPDATE,,
SBQQ__ContractedPrice__c,CAS131664-DS-LEDUNV960-3X3,,01tPW000003XeOMYA0,0016A00000JqrfSQAR,a0FPW00000WmgM62AJ,2215.0,2437.000000,UPDATE,,
SBQQ__ContractedPrice__c,CAS131664-DS-LEDUNV1220-2X2,,01tPW0000079J5pYAE,0016A00000JqrfSQAR,a0FPW00000WmgLz2AJ,1178.0,1295.000000,UPDATE,,
SBQQ__ContractedPrice__c,CAS131679-DS-LEDUNV1220-2X2,,01tPW0000079J5pYAE,001PW00000iFUdzYAG,a0FPW00000WmT0W2AV,430.0,430.000000,UPDATE,,
SBQQ__ContractedPrice__c,PEE084585-ACCK112,,01t6A000000arhHQAQ,0016A00000JqrrcQAB,a0FPW00000WmbBC2AZ,53.91,49.010000,UPDATE,,
SBQQ__ContractedPrice__c,PEE084585-ACCKV105,,01t6A000000bSQxQAM,0016A00000JqrrcQAB,a0FPW00000WmbBL2AZ,477.7,434.270000,UPDATE,,
SBQQ__ContractedPrice__c,PEE084585-AV27,,01t6A000000asfGQAQ,0016A00000JqrrcQAB,a0FPW00000WmbDF2AZ,238.14,216.490000,UPDATE,,
SBQQ__ContractedPrice__c,PEE084585-BWPTV55,,01t2K000006StkTQAS,0016A00000JqrrcQAB,a0FPW00000WmbDQ2AZ,997.47,906.790000,UPDATE,,
SBQQ__ContractedPrice__c,PEE084585-COTV6502,,01t2K000006StkOQAS,0016A00000JqrrcQAB,a0FPW00000WmhBi2AJ,1177.06,1177.060000,UPDATE,,
SBQQ__ContractedPrice__c,PEE084585-DS-LED27BDL-6X6,,01t2K000006S2IfQAK,0016A00000JqrrcQAB,a0FPW00000WmhBx2AJ,1438.35,1438.350000,UPDATE,,
SBQQ__ContractedPrice__c,PEE084585-DS-LEDA27-10X10,,01t2K000006SsVIQA0,0016A00000JqrrcQAB,a0FPW00000WmhC22AJ,3630.76,3630.760000,UPDATE,,
SBQQ__ContractedPrice__c,CAS131664-DS-LEDUNV1220-4X4,,01tPW000006q2tVYAQ,0016A00000JqrfSQAR,,,5182.000000,INSERT,,
SBQQ__ContractedPrice__c,CAS131679-DS-LEDUNV1220-4X4,,01tPW000006q2tVYAQ,001PW00000iFUdzYAG,,,1718.000000,INSERT,,
SBQQ__ContractedPrice__c,CAS131679-DS-LEDLSAB-8X4,,01tPW000008a151YAA,001PW00000iFUdzYAG,,,4647.000000,INSERT,,
SBQQ__ContractedPrice__c,CAS131679-DS-LEDTK-36VX12S,,01tPW000008a159YAA,001PW00000iFUdzYAG,a0FPW00000WmgV32AJ,5145.0,5660.000000,UPDATE,,
SBQQ__ContractedPrice__c,CAS131679-DS-LEDTK-5VX5S,,01tPW000008a15DYAQ,001PW00000iFUdzYAG,a0FPW00000WmgV82AJ,1104.0,1214.000000,UPDATE,,
SBQQ__ContractedPrice__c,CAS131678-NTSD65,,01tPW00000ACIJcYAP,001PW00000hyoAvYAI,,,1999.000000,INSERT,,
SBQQ__ContractedPrice__c,CAS131679-NTSD65,,01tPW00000ACIJcYAP,001PW00000iFUdzYAG,,,1400.000000,INSERT,,
SBQQ__ContractedPrice__c,CAS131679-DS-LEDTK-8VX16S,,01tPW00000Etlg9YAB,001PW00000iFUdzYAG,,,2694.000000,INSERT,,
SBQQ__ContractedPrice__c,CAS131678-OCMUA,,01tPW00000ACJynYAH,001PW00000hyoAvYAI,,,549.000000,INSERT,,
SBQQ__ContractedPrice__c,CAS131679-OCMUA,,01tPW00000ACJynYAH,001PW00000iFUdzYAG,a0FPW00000WmYfd2AF,191.0,191.000000,UPDATE,,
SBQQ__ContractedPrice__c,CAS131679-LEDMTS-8X8,,01tPW00000DMmceYAD,001PW00000iFUdzYAG,,,7384.000000,INSERT,,
SBQQ__ContractedPrice__c,CAS131679-LEDMTM-5X5,,01tPW00000DMmchYAD,001PW00000iFUdzYAG,,,4443.000000,INSERT,,
SBQQ__ContractedPrice__c,PEE084585-UV552-B,,01t6A000002ZiJVQA0,0016A00000JqrrcQAB,a0FPW00000WmbVb2AJ,719.59,654.170000,UPDATE,,
SBQQ__ContractedPrice__c,PEE084585-XHB432-B,,01t2K000006X9nNQAS,0016A00000JqrrcQAB,,,1889.840000,INSERT,,
SBQQ__ContractedPrice__c,PEE084585-XHB492,,01t6A000000bVzjQAE,0016A00000JqrrcQAB,a0FPW00000WmhOS2AZ,4463.06,4463.060000,UPDATE,,
SBQQ__ContractedPrice__c,PEE084585-XHB552,,01t6A000000bVzeQAE,0016A00000JqrrcQAB,a0FPW00000WmhOV2AZ,3701.53,3701.530000,UPDATE,,
SBQQ__ContractedPrice__c,PEE084585-050000160,,01t6A000002ZPcPQAW,0016A00000JqrrcQAB,,,16.110000,INSERT,,
SBQQ__ContractedPrice__c,PEE084585-1HA97,,01t6A000000arStQAI,0016A00000JqrrcQAB,a0FPW00000Wmb4e2AB,28.19,25.630000,UPDATE,,
SBQQ__ContractedPrice__c,PEE084585-20VG77,,01t6A000000asNfQAI,0016A00000JqrrcQAB,a0FPW00000Wmb4g2AB,44.14,40.130000,UPDATE,,
SBQQ__ContractedPrice__c,CAS131664-LCT620AD,,01t6A000000ar6GQAQ,0016A00000JqrfSQAR,a0FPW00000WmYOU2A3,505.0,505.000000,UPDATE,,
SBQQ__ContractedPrice__c,CAS131679-LCT620AD,,01t6A000000ar6GQAQ,001PW00000iFUdzYAG,a0FPW00000RdVsP2AV,167.0,167.000000,UPDATE,,
SBQQ__ContractedPrice__c,PEE084585-LCT620AD,,01t6A000000ar6GQAQ,0016A00000JqrrcQAB,a0FPW00000WmbKq2AJ,116.39,105.810000,UPDATE,,
SBQQ__ContractedPrice__c,CAS131664-LG-WMF86BH,,01t6A000000aqv0QAA,0016A00000JqrfSQAR,a0FPW00000WmYOZ2A3,188.0,189.000000,UPDATE,,
SBQQ__ContractedPrice__c,CAS131679-LG-WMF86BH,,01t6A000000aqv0QAA,001PW00000iFUdzYAG,a0FPW00000WmYeN2AV,62.0,62.000000,UPDATE,,
SBQQ__ContractedPrice__c,PEE084585-LG-WMF86BH,,01t6A000000aqv0QAA,0016A00000JqrrcQAB,a0FPW00000WmbKx2AJ,46.05,41.860000,UPDATE,,
SBQQ__ContractedPrice__c,PEE084585-MIS33617,,01t6A000000asaDQAQ,0016A00000JqrrcQAB,a0FPW00000WmbLA2AZ,71.93,65.390000,UPDATE,,
SBQQ__ContractedPrice__c,CAS131679-LEDMTL-3X3,,01tPW00000DMmcjYAD,001PW00000iFUdzYAG,,,3026.000000,INSERT,,
SBQQ__ContractedPrice__c,CAS131679-STS680,,01tPW00000EezfpYAB,001PW00000iFUdzYAG,,,296.000000,INSERT,,
SBQQ__ContractedPrice__c,CAS131664-STS680,,01tPW00000EezfpYAB,0016A00000JqrfSQAR,,,904.000000,INSERT,,
SBQQ__ContractedPrice__c,CAS131664-ACC-STSVCB,,01tPW00000Eg2WnYAJ,0016A00000JqrfSQAR,,,323.000000,INSERT,,
SBQQ__ContractedPrice__c,CAS131664-ACC-STSCF1,,01tPW00000Eg2VBYAZ,0016A00000JqrfSQAR,,,139.000000,INSERT,,
SBQQ__ContractedPrice__c,CAS131664-STS680-2UCM3,,01tPW00000EnQvlYAF,0016A00000JqrfSQAR,,,1090.000000,INSERT,,
SBQQ__ContractedPrice__c,PEE084585-29WK05,,01t6A000000arwvQAA,0016A00000JqrrcQAB,a0FPW00000Wmb4i2AB,60.19,54.720000,UPDATE,,
SBQQ__ContractedPrice__c,PEE084585-38X964,,01t6A000000atViQAI,0016A00000JqrrcQAB,a0FPW00000Wmb4x2AB,27.39,24.900000,UPDATE,,
SBQQ__ContractedPrice__c,PEE084585-38X970,,01t6A000000atVoQAI,0016A00000JqrrcQAB,a0FPW00000Wmb512AB,30.93,28.120000,UPDATE,,
SBQQ__ContractedPrice__c,PEE084585-38X973,,01t6A000000atVrQAI,0016A00000JqrrcQAB,a0FPW00000Wmb542AB,60.65,55.140000,UPDATE,,
SBQQ__ContractedPrice__c,PEE084585-38X980,,01t6A000000asYgQAI,0016A00000JqrrcQAB,a0FPW00000Wmb582AB,28.15,25.590000,UPDATE,,
SBQQ__ContractedPrice__c,PEE084585-38X981,,01t6A000000atVfQAI,0016A00000JqrrcQAB,a0FPW00000Wmb592AB,18.76,17.050000,UPDATE,,
SBQQ__ContractedPrice__c,PEE084585-3XVY9,,01t6A000000atWzQAI,0016A00000JqrrcQAB,a0FPW00000Wmb5G2AR,8.03,7.300000,UPDATE,,
SBQQ__ContractedPrice__c,CAS131679-STS680-2UCM3,,01tPW00000EnQvlYAF,001PW00000iFUdzYAG,,,356.000000,INSERT,,
SBQQ__ContractedPrice__c,PEE084585-3XVZ2,,01t6A000000as86QAA,0016A00000JqrrcQAB,a0FPW00000Wmb5I2AR,14.93,13.570000,UPDATE,,
SBQQ__ContractedPrice__c,PEE084585-3XVZ8,,01t6A000000asPeQAI,0016A00000JqrrcQAB,a0FPW00000Wmb5O2AR,47.18,42.890000,UPDATE,,
SBQQ__ContractedPrice__c,PEE084585-3XWA8,,01t6A000000asf3QAA,0016A00000JqrrcQAB,a0FPW00000Wmb5T2AR,138.04,125.490000,UPDATE,,
SBQQ__ContractedPrice__c,PEE084585-407K53,,01t2K000006NXeoQAG,0016A00000JqrrcQAB,a0FPW00000Wmb5i2AB,69.81,63.460000,UPDATE,,
SBQQ__ContractedPrice__c,PEE084585-407K60,,01t2K000006NXeAQAW,0016A00000JqrrcQAB,a0FPW00000WmUr22AF,63.88,58.070000,UPDATE,,
SBQQ__ContractedPrice__c,PEE084585-408N15,,01t2K000006NXe6QAG,0016A00000JqrrcQAB,a0FPW00000WmUrd2AF,20.75,18.860000,UPDATE,,
SBQQ__ContractedPrice__c,PEE084585-452Y43,,01t2K000006NXeKQAW,0016A00000JqrrcQAB,a0FPW00000WmUrl2AF,308.04,280.040000,UPDATE,,
SBQQ__ContractedPrice__c,PEE084585-MIS35507-S,,01t6A000000atclQAA,0016A00000JqrrcQAB,a0FPW00000WmbLH2AZ,86.49,78.630000,UPDATE,,
SBQQ__ContractedPrice__c,PEE084585-MIS36240,,01t6A000002ZPbIQAW,0016A00000JqrrcQAB,a0FPW00000WmbLK2AZ,276.76,251.600000,UPDATE,,
SBQQ__ContractedPrice__c,PEE084585-MIS36794-4X1-49,,01t6A000002iBgmQAE,0016A00000JqrrcQAB,a0FPW00000WmbMF2AZ,607.22,552.020000,UPDATE,,
SBQQ__ContractedPrice__c,PEE084585-MIS38895,,01t2K000006S2FuQAK,0016A00000JqrrcQAB,a0FPW00000WmbMR2AZ,128.49,116.810000,UPDATE,,
SBQQ__ContractedPrice__c,PEE084585-MIS807-4X4-Q10,,01t6A000000aszWQAQ,0016A00000JqrrcQAB,a0FPW00000WmbMr2AJ,86.28,78.440000,UPDATE,,
SBQQ__ContractedPrice__c,PEE084585-MIS828-EXT101,,01t6A000000asITQAY,0016A00000JqrrcQAB,a0FPW00000WmbMx2AJ,514.35,467.590000,UPDATE,,
SBQQ__ContractedPrice__c,PEE084585-MIS937,,01t6A000000arxUQAQ,0016A00000JqrrcQAB,a0FPW00000WmbN22AJ,42.65,38.770000,UPDATE,,
SBQQ__ContractedPrice__c,PEE084585-452Y53,,01t2K000006NXgbQAG,0016A00000JqrrcQAB,a0FPW00000WmUrp2AF,306.09,278.260000,UPDATE,,
SBQQ__ContractedPrice__c,PEE084585-452Y54,,01t2K000006NXeqQAG,0016A00000JqrrcQAB,a0FPW00000WmUrq2AF,126.91,115.370000,UPDATE,,
SBQQ__ContractedPrice__c,PEE084585-452Y76,,01t2K000006NXhWQAW,0016A00000JqrrcQAB,a0FPW00000WmUrt2AF,194.03,176.390000,UPDATE,,
SBQQ__ContractedPrice__c,PEE084585-452Y77,,01t2K000006NXh0QAG,0016A00000JqrrcQAB,a0FPW00000WmUru2AF,380.29,345.720000,UPDATE,,
SBQQ__ContractedPrice__c,CAS131679-ACC-CCP,,01t6A000000as4mQAA,001PW00000iFUdzYAG,a0FPW00000WmYTq2AN,31.0,31.000000,UPDATE,,
SBQQ__ContractedPrice__c,PEE084585-ACC-CCP,,01t6A000000as4mQAA,0016A00000JqrrcQAB,a0FPW00000Wmb7K2AR,21.03,19.120000,UPDATE,,
SBQQ__ContractedPrice__c,CAS131664-ACC-CCP,,01t6A000000as4mQAA,0016A00000JqrfSQAR,a0FPW00000WmYFe2AN,100.0,100.000000,UPDATE,,
SBQQ__ContractedPrice__c,PEE084585-DS-LEDA27-12X6,,01t2K000006MD4UQAW,0016A00000JqrrcQAB,a0FPW00000WmhC42AJ,2161.58,2161.580000,UPDATE,,
SBQQ__ContractedPrice__c,PEE084585-DS-LEDA27-5X5,,01t6A000002ZPccQAG,0016A00000JqrrcQAB,a0FPW00000WmhC62AJ,1051.68,1051.680000,UPDATE,,
SBQQ__ContractedPrice__c,PEE084585-DS-LEDA27-6X6,,01t2K000006KCbzQAG,0016A00000JqrrcQAB,a0FPW00000WmhC82AJ,1275.62,1275.620000,UPDATE,,
SBQQ__ContractedPrice__c,PEE084585-DS-LEDA27-8X8,,01t6A000002iG0mQAE,0016A00000JqrrcQAB,a0FPW00000WmhCB2AZ,1704.78,1704.780000,UPDATE,,
SBQQ__ContractedPrice__c,PEE084585-DS-LEDIER-4X4,,01t2K000006XKWsQAO,0016A00000JqrrcQAB,a0FPW00000WmhCO2AZ,1058.58,1058.580000,UPDATE,,
SBQQ__ContractedPrice__c,CAS131679-DS-LEDIER-4X4,,01t2K000006XKWsQAO,001PW00000iFUdzYAG,a0FPW00000WmgUP2AZ,2036.0,2240.000000,UPDATE,,
SBQQ__ContractedPrice__c,CAS131664-DS-LEDIER-4X4,,01t2K000006XKWsQAO,0016A00000JqrfSQAR,a0FPW00000WmgLw2AJ,6477.0,7124.000000,UPDATE,,
SBQQ__ContractedPrice__c,PEE084585-LCT620A-G,,01t6A000000arqiQAA,0016A00000JqrrcQAB,a0FPW00000WmbKs2AJ,58.47,53.150000,UPDATE,,
SBQQ__ContractedPrice__c,PEE084585-MIS-ACC9733,,01t6A000000asKpQAI,0016A00000JqrrcQAB,a0FPW00000WmbNJ2AZ,2.43,2.210000,UPDATE,,
SBQQ__ContractedPrice__c,PEE084585-MIS-PLCM2,,01t6A000000arAVQAY,0016A00000JqrrcQAB,a0FPW00000WmbNL2AZ,29.02,26.380000,UPDATE,,
SBQQ__ContractedPrice__c,CAS131679-MIS-PLCM2,,01t6A000000arAVQAY,001PW00000iFUdzYAG,a0FPW00000WmYeQ2AV,41.0,41.000000,UPDATE,,
SBQQ__ContractedPrice__c,PEE084585-MIS-UNM,,01t6A000000asvoQAA,0016A00000JqrrcQAB,a0FPW00000WmbNN2AZ,43.88,39.890000,UPDATE,,
SBQQ__ContractedPrice__c,PEE084585-MIS243,,01t6A000000asoMQAQ,0016A00000JqrrcQAB,a0FPW00000WmbL32AJ,107.15,97.410000,UPDATE,,
SBQQ__ContractedPrice__c,PEE084585-MIS35428,,01t6A000000bcEjQAI,0016A00000JqrrcQAB,a0FPW00000WmbLE2AZ,51.18,46.530000,UPDATE,,
SBQQ__ContractedPrice__c,CAS131664-ACC-MS,,01t6A000000arYjQAI,0016A00000JqrfSQAR,a0FPW00000WmYFz2AN,138.0,138.000000,UPDATE,,
SBQQ__ContractedPrice__c,PEE084585-ACC-MS,,01t6A000000arYjQAI,0016A00000JqrrcQAB,a0FPW00000WmbC32AJ,42.15,38.320000,UPDATE,,
SBQQ__ContractedPrice__c,CAS131679-ACC-MS,,01t6A000000arYjQAI,001PW00000iFUdzYAG,a0FPW00000WmYUS2A3,44.0,44.000000,UPDATE,,
SBQQ__ContractedPrice__c,CAS131679-ACC-UCM,,01t6A000000ard2QAA,001PW00000iFUdzYAG,a0FPW00000WmYUZ2A3,17.0,17.000000,UPDATE,,
SBQQ__ContractedPrice__c,PEE084585-ACC-UCM,,01t6A000000ard2QAA,0016A00000JqrrcQAB,a0FPW00000WmbCD2AZ,12.41,11.280000,UPDATE,,
SBQQ__ContractedPrice__c,CAS131664-ACC-UCM,,01t6A000000ard2QAA,0016A00000JqrfSQAR,a0FPW00000WmYG92AN,75.0,75.000000,UPDATE,,
SBQQ__ContractedPrice__c,CAS131664-ACC002,,01t6A000000arCVQAY,0016A00000JqrfSQAR,a0FPW00000WmYEi2AN,75.0,75.000000,UPDATE,,
SBQQ__ContractedPrice__c,PEE084585-MISMBZA,,01t6A000002ZPdoQAG,0016A00000JqrrcQAB,a0FPW00000WmbNK2AZ,47.29,42.990000,UPDATE,,
SBQQ__ContractedPrice__c,PEE084585-MISZ647L,,01t6A000000arXxQAI,0016A00000JqrrcQAB,a0FPW00000WmbNO2AZ,47.29,42.990000,UPDATE,,
SBQQ__ContractedPrice__c,PEE084585-MOD-ACF2,,01t6A000000asPqQAI,0016A00000JqrrcQAB,a0FPW00000WmbNS2AZ,30.13,27.390000,UPDATE,,
SBQQ__ContractedPrice__c,CAS131679-MOD-ACF2,,01t6A000000asPqQAI,001PW00000iFUdzYAG,a0FPW00000WmYeU2AV,35.0,44.300000,UPDATE,,
SBQQ__ContractedPrice__c,CAS131679-MOD-FCSKIT300,,01t6A000000atQQQAY,001PW00000iFUdzYAG,a0FPW00000WmYep2AF,216.0,217.530000,UPDATE,,
SBQQ__ContractedPrice__c,CAS131664-MOD-FCSKIT300,,01t6A000000atQQQAY,0016A00000JqrfSQAR,a0FPW00000WmYOs2AN,657.0,657.000000,UPDATE,,
SBQQ__ContractedPrice__c,PEE084585-MOD-FCSKIT300,,01t6A000000atQQQAY,0016A00000JqrrcQAB,a0FPW00000WmbNn2AJ,171.53,155.940000,UPDATE,,
SBQQ__ContractedPrice__c,PEE084585-ACC002,,01t6A000000arCVQAY,0016A00000JqrrcQAB,a0FPW00000WmUsT2AV,12.01,10.920000,UPDATE,,
SBQQ__ContractedPrice__c,CAS131679-ACC002,,01t6A000000arCVQAY,001PW00000iFUdzYAG,a0FPW00000WmYQq2AN,24.0,24.000000,UPDATE,,
SBQQ__ContractedPrice__c,CAS131679-ACC116,,01t2K000006XQRbQAO,001PW00000iFUdzYAG,a0FPW00000WmYQv2AN,100.0,100.000000,UPDATE,,
SBQQ__ContractedPrice__c,PEE084585-ACC116,,01t2K000006XQRbQAO,0016A00000JqrrcQAB,a0FPW00000WmUsZ2AV,60.3,54.820000,UPDATE,,
SBQQ__ContractedPrice__c,CAS131664-ACC116,,01t2K000006XQRbQAO,0016A00000JqrfSQAR,a0FPW00000WmYEm2AN,303.0,302.000000,UPDATE,,
SBQQ__ContractedPrice__c,CAS131664-ACC309,,01t6A000000arX1QAI,0016A00000JqrfSQAR,a0FPW00000WmYEy2AN,163.0,163.000000,UPDATE,,
SBQQ__ContractedPrice__c,PEE084585-ACC309,,01t6A000000arX1QAI,0016A00000JqrrcQAB,a0FPW00000Wmb6K2AR,40.51,36.830000,UPDATE,,
SBQQ__ContractedPrice__c,PEE084585-MOD-FPMS2,,01t6A000000asJYQAY,0016A00000JqrrcQAB,a0FPW00000WmbNs2AJ,43.11,39.190000,UPDATE,,
SBQQ__ContractedPrice__c,CAS131664-MOD-FPMS2,,01t6A000000asJYQAY,0016A00000JqrfSQAR,a0FPW00000WmYOx2AN,188.0,189.000000,UPDATE,,
SBQQ__ContractedPrice__c,CAS131679-MOD-FPMS2,,01t6A000000asJYQAY,001PW00000iFUdzYAG,a0FPW00000WmYeu2AF,58.0,58.000000,UPDATE,,
SBQQ__ContractedPrice__c,CAS131679-MOD-FPP2KIT200-B,,01t6A000000arOiQAI,001PW00000iFUdzYAG,a0FPW00000WmYey2AF,274.0,274.000000,UPDATE,,
SBQQ__ContractedPrice__c,CAS131664-MOD-FPP2KIT200-B,,01t6A000000arOiQAI,0016A00000JqrfSQAR,a0FPW00000WmYOz2AN,846.0,846.000000,UPDATE,,
SBQQ__ContractedPrice__c,PEE084585-MOD-FPP2KIT200-B,,01t6A000000arOiQAI,0016A00000JqrrcQAB,a0FPW00000WmbNw2AJ,200.3,182.090000,UPDATE,,
SBQQ__ContractedPrice__c,PEE084585-PA762-UNMH,,01t6A000000aqoEQAQ,0016A00000JqrrcQAB,a0FPW00000WmbP02AJ,86.21,78.370000,UPDATE,,
SBQQ__ContractedPrice__c,CAS131679-ACC309,,01t6A000000arX1QAI,001PW00000iFUdzYAG,a0FPW00000WmYRA2A3,52.0,55.200000,UPDATE,,
SBQQ__ContractedPrice__c,CAS131679-ACC4X4,,01t6A000000arY5QAI,001PW00000iFUdzYAG,a0FPW00000WmYTG2A3,15.0,15.000000,UPDATE,,
SBQQ__ContractedPrice__c,PEE084585-ACC4X4,,01t6A000000arY5QAI,0016A00000JqrrcQAB,a0FPW00000Wmb6Z2AR,5.82,5.290000,UPDATE,,
SBQQ__ContractedPrice__c,CAS131664-ACC4X4,,01t6A000000arY5QAI,0016A00000JqrfSQAR,a0FPW00000WmYF82AN,50.0,49.000000,UPDATE,,
SBQQ__ContractedPrice__c,CAS131664-ACC925,,01t6A000000arwQQAQ,0016A00000JqrfSQAR,a0FPW00000WmYFX2A3,54.0,54.000000,UPDATE,,
SBQQ__ContractedPrice__c,PEE084585-ACC925,,01t6A000000arwQQAQ,0016A00000JqrrcQAB,a0FPW00000Wmb792AB,11.48,10.440000,UPDATE,,
SBQQ__ContractedPrice__c,CAS131679-ACC925,,01t6A000000arwQQAQ,001PW00000iFUdzYAG,a0FPW00000WmYTi2AN,18.0,18.000000,UPDATE,,
SBQQ__ContractedPrice__c,CAS131679-PA762-UNMH,,01t6A000000aqoEQAQ,001PW00000iFUdzYAG,a0FPW00000WmYfm2AF,150.0,150.000000,UPDATE,,
SBQQ__ContractedPrice__c,CAS131664-PA762-UNMH,,01t6A000000aqoEQAQ,0016A00000JqrfSQAR,a0FPW00000WmBIL2A3,441.0,442.000000,UPDATE,,
SBQQ__ContractedPrice__c,CAS131664-PAP-JVC-DLA,,01t6A000000asqIQAQ,0016A00000JqrfSQAR,a0FPW00000WmBIN2A3,151.0,151.000000,UPDATE,,
SBQQ__ContractedPrice__c,CAS131679-PAP-JVC-DLA,,01t6A000000asqIQAQ,001PW00000iFUdzYAG,a0FPW00000WmYfz2AF,47.0,47.000000,UPDATE,,
SBQQ__ContractedPrice__c,PEE084585-PAP-JVC-DLA,,01t6A000000asqIQAQ,0016A00000JqrrcQAB,a0FPW00000WmJFt2AN,22.21,20.190000,UPDATE,,
SBQQ__ContractedPrice__c,PEE084585-PLA60-UNL,,01t6A000000asZaQAI,0016A00000JqrrcQAB,a0FPW00000WmJGT2A3,236.57,215.060000,UPDATE,,
SBQQ__ContractedPrice__c,CAS131664-PLA60-UNL,,01t6A000000asZaQAI,0016A00000JqrfSQAR,a0FPW00000WmBIg2AN,758.0,758.000000,UPDATE,,
SBQQ__ContractedPrice__c,PEE084585-DS-LEDIWP-5X5,,01t2K00000AonxaQAB,0016A00000JqrrcQAB,a0FPW00000WmhCa2AJ,1104.81,1104.810000,UPDATE,,
SBQQ__ContractedPrice__c,PEE084585-DS-LEDIWP-8X8,,01t2K00000AonxkQAB,0016A00000JqrrcQAB,a0FPW00000WmhCd2AJ,2040.15,2040.150000,UPDATE,,
SBQQ__ContractedPrice__c,PEE084585-DS-LEDLSCB-10X10,,01t2K00000CfyDDQAZ,0016A00000JqrrcQAB,a0FPW00000WmhCi2AJ,3953.04,3953.040000,UPDATE,,
SBQQ__ContractedPrice__c,PEE084585-DS-LEDLSCB-8X8,,01t2K000006SpChQAK,0016A00000JqrrcQAB,a0FPW00000WmhD22AJ,2040.15,2040.150000,UPDATE,,
SBQQ__ContractedPrice__c,PEE084585-DS-LEDTK-12VX8S,,01t2K00000AoWRbQAN,0016A00000JqrrcQAB,a0FPW00000Wm4j42AB,917.6,834.180000,UPDATE,,
SBQQ__ContractedPrice__c,CAS131679-DS-LEDTK-12VX8S,,01t2K00000AoWRbQAN,001PW00000iFUdzYAG,a0FPW00000WmgUb2AJ,2115.0,2327.000000,UPDATE,,
SBQQ__ContractedPrice__c,CAS131679-DS-LEDTK-16VX10S,,01t2K000006XRrAQAW,001PW00000iFUdzYAG,a0FPW00000WmgUh2AJ,2704.0,2974.000000,UPDATE,,
SBQQ__ContractedPrice__c,CAS131679-ACC979,,01t6A000000at9KQAQ,001PW00000iFUdzYAG,a0FPW00000WmYTn2AN,52.0,52.000000,UPDATE,,
SBQQ__ContractedPrice__c,PEE084585-ACC979,,01t6A000000at9KQAQ,0016A00000JqrrcQAB,a0FPW00000Wmb7F2AR,40.57,36.880000,UPDATE,,
SBQQ__ContractedPrice__c,CAS131664-ACC979,,01t6A000000at9KQAQ,0016A00000JqrfSQAR,a0FPW00000WmYFb2AN,151.0,151.000000,UPDATE,,
SBQQ__ContractedPrice__c,CAS131664-DS-C555-4X2,,01t6A000000asHIQAY,0016A00000JqrfSQAR,a0FPW00000WmgLo2AJ,8247.0,9071.000000,UPDATE,,
SBQQ__ContractedPrice__c,PEE084585-DS-C555-4X2,,01t6A000000asHIQAY,0016A00000JqrrcQAB,a0FPW00000WmhBq2AJ,1797.13,1797.130000,UPDATE,,
SBQQ__ContractedPrice__c,CAS131679-DS-C555-4X2,,01t6A000000asHIQAY,001PW00000iFUdzYAG,a0FPW00000WmgUI2AZ,2720.0,2992.000000,UPDATE,,
SBQQ__ContractedPrice__c,CAS131679-PLP-V6X6,,01t6A000000arcaQAA,001PW00000iFUdzYAG,a0FPW00000WmYgf2AF,91.0,91.000000,UPDATE,,
SBQQ__ContractedPrice__c,CAS131664-PLP-V6X6,,01t6A000000arcaQAA,0016A00000JqrfSQAR,a0FPW00000WmBJE2A3,277.0,277.000000,UPDATE,,
SBQQ__ContractedPrice__c,PEE084585-PLP-V6X6,,01t6A000000arcaQAA,0016A00000JqrrcQAB,a0FPW00000WmJH42AN,57.92,52.650000,UPDATE,,
SBQQ__ContractedPrice__c,PEE084585-PN-SR760-ACC1,,01t6A000000asqaQAA,0016A00000JqrrcQAB,,,90.750000,INSERT,,
SBQQ__ContractedPrice__c,PEE084585-PP740,,01t6A000000atC7QAI,0016A00000JqrrcQAB,a0FPW00000WmJHA2A3,15.77,14.340000,UPDATE,,
SBQQ__ContractedPrice__c,CAS131664-PP740,,01t6A000000atC7QAI,0016A00000JqrfSQAR,a0FPW00000WmBJI2A3,125.0,125.000000,UPDATE,,
SBQQ__ContractedPrice__c,CAS131679-PP740,,01t6A000000atC7QAI,001PW00000iFUdzYAG,a0FPW00000WmYgj2AF,40.0,40.000000,UPDATE,,
SBQQ__ContractedPrice__c,PEE084585-DS-LEDTK-16VX10S,,01t2K000006XRrAQAW,0016A00000JqrrcQAB,a0FPW00000WmhD82AJ,1081.09,1081.090000,UPDATE,,
SBQQ__ContractedPrice__c,PEE084585-DS-LEDTK-20VX5S,,01t2K000006XQ22QAG,0016A00000JqrrcQAB,a0FPW00000WmhDH2AZ,1074.51,1074.510000,UPDATE,,
SBQQ__ContractedPrice__c,CAS131679-DS-LEDTK-20VX5S,,01t2K000006XQ22QAG,001PW00000iFUdzYAG,a0FPW00000WmgUr2AJ,2666.0,2933.000000,UPDATE,,
SBQQ__ContractedPrice__c,PEE084585-DS-LEDTK-6V,,01t2K000006XIDNQA4,0016A00000JqrrcQAB,a0FPW00000WmbED2AZ,264.87,240.790000,UPDATE,,
SBQQ__ContractedPrice__c,PEE084585-KDSB55-2SAM,,01t6A000000asbnQAA,0016A00000JqrrcQAB,a0FPW00000WmhDz2AJ,5292.97,5292.970000,UPDATE,,
SBQQ__ContractedPrice__c,PEE084585-KIL547-S,,01t6A000000aqsaQAA,0016A00000JqrrcQAB,a0FPW00000WmfoM2AR,955.94,955.940000,UPDATE,,
SBQQ__ContractedPrice__c,PEE084585-KIL549-EUK,,01t2K000006KEHRQA4,0016A00000JqrrcQAB,a0FPW00000WmhE12AJ,1037.72,1037.720000,UPDATE,,
SBQQ__ContractedPrice__c,CAS131679-DS-S560-B2X2,,01t6A000000arfUQAQ,001PW00000iFUdzYAG,a0FPW00000WmgVZ2AZ,1452.0,1597.000000,UPDATE,,
SBQQ__ContractedPrice__c,CAS131664-DS-S560-B2X2,,01t6A000000arfUQAQ,0016A00000JqrfSQAR,a0FPW00000WmgMM2AZ,4392.0,4831.000000,UPDATE,,
SBQQ__ContractedPrice__c,PEE084585-DS-S560-B2X2,,01t6A000000arfUQAQ,0016A00000JqrrcQAB,a0FPW00000WmhDy2AJ,1038.75,1038.750000,UPDATE,,
SBQQ__ContractedPrice__c,PEE084585-DS-VW655-2X2,,01t6A000000aqjCQAQ,0016A00000JqrrcQAB,a0FPW00000WmbEx2AJ,368.67,335.150000,UPDATE,,
SBQQ__ContractedPrice__c,CAS131664-DS-VW655-2X2,,01t6A000000aqjCQAQ,0016A00000JqrfSQAR,a0FPW00000WmgMS2AZ,1436.0,1580.000000,UPDATE,,
SBQQ__ContractedPrice__c,CAS131679-DS-VW655-2X2,,01t6A000000aqjCQAQ,001PW00000iFUdzYAG,a0FPW00000WmT0r2AF,521.0,521.000000,UPDATE,,
SBQQ__ContractedPrice__c,PEE084585-PRMA2X2,,01t6A000000atSdQAI,0016A00000JqrrcQAB,a0FPW00000WmbPS2AZ,25.15,22.860000,UPDATE,,
SBQQ__ContractedPrice__c,PEE084585-PRMP2X2,,01t6A000000cLymQAE,0016A00000JqrrcQAB,a0FPW00000WmbPi2AJ,16.58,15.070000,UPDATE,,
SBQQ__ContractedPrice__c,PEE084585-PT632,,01t6A000000aqgBQAQ,0016A00000JqrrcQAB,a0FPW00000WmbPt2AJ,10.25,9.320000,UPDATE,,
SBQQ__ContractedPrice__c,CAS131679-PT632,,01t6A000000aqgBQAQ,001PW00000iFUdzYAG,a0FPW00000WmYgr2AF,19.0,19.000000,UPDATE,,
SBQQ__ContractedPrice__c,CAS131664-PT632,,01t6A000000aqgBQAQ,0016A00000JqrfSQAR,a0FPW00000WmBJP2A3,62.0,62.000000,UPDATE,,
SBQQ__ContractedPrice__c,CAS131664-PT660,,01t6A000000arTcQAI,0016A00000JqrfSQAR,a0FPW00000WmBJS2A3,188.0,189.000000,UPDATE,,
SBQQ__ContractedPrice__c,CAS131679-PT660,,01t6A000000arTcQAI,001PW00000iFUdzYAG,a0FPW00000WmYgu2AF,64.0,64.000000,UPDATE,,
SBQQ__ContractedPrice__c,CAS131679-DS-VW765-LAND,,01t6A000000atQOQAY,001PW00000iFUdzYAG,a0FPW00000WmT0t2AF,294.0,294.000000,UPDATE,,
SBQQ__ContractedPrice__c,CAS131664-DS-VW765-LAND,,01t6A000000atQOQAY,0016A00000JqrfSQAR,a0FPW00000WmYLx2AN,922.0,922.000000,UPDATE,,
SBQQ__ContractedPrice__c,PEE084585-DS-VW765-LAND,,01t6A000000atQOQAY,0016A00000JqrrcQAB,a0FPW00000WmbF32AJ,82.85,75.320000,UPDATE,,
SBQQ__ContractedPrice__c,PEE084585-ACC-MBHS2,,01t6A000000arZ9QAI,0016A00000JqrrcQAB,a0FPW00000WmbBy2AJ,22.2,20.180000,UPDATE,,
SBQQ__ContractedPrice__c,PEE084585-DS-VWS086,,01t6A000000asvrQAA,0016A00000JqrrcQAB,a0FPW00000WmbGo2AJ,17.02,15.470000,UPDATE,,
SBQQ__ContractedPrice__c,PEE084585-PN-SR763SEC,,01t6A000000arkmQAA,0016A00000JqrrcQAB,,,5.760000,INSERT,,
SBQQ__ContractedPrice__c,PEE084585-PT660,,01t6A000000arTcQAI,0016A00000JqrrcQAB,a0FPW00000WmbPw2AJ,23.99,21.810000,UPDATE,,
SBQQ__ContractedPrice__c,PEE084585-PTM400S,,01t6A000000arq4QAA,0016A00000JqrrcQAB,a0FPW00000WmbQ02AJ,39.71,36.100000,UPDATE,,
SBQQ__ContractedPrice__c,CAS131679-PTM400S,,01t6A000000arq4QAA,001PW00000iFUdzYAG,a0FPW00000WmYgy2AF,58.0,58.000000,UPDATE,,
SBQQ__ContractedPrice__c,CAS131664-PTM400S,,01t6A000000arq4QAA,0016A00000JqrfSQAR,a0FPW00000WmBJW2A3,125.0,125.000000,UPDATE,,
SBQQ__ContractedPrice__c,CAS131664-RMI2W,,01t6A000000as78QAA,0016A00000JqrfSQAR,a0FPW00000WmBJa2AN,387.0,388.000000,UPDATE,,
SBQQ__ContractedPrice__c,PEE084585-RMI2W,,01t6A000000as78QAA,0016A00000JqrrcQAB,a0FPW00000WmbQA2AZ,95.16,86.510000,UPDATE,,
SBQQ__ContractedPrice__c,PEE084585-SA740P,,01t6A000000aqxJQAQ,0016A00000JqrrcQAB,a0FPW00000WmbQE2AZ,55.85,50.770000,UPDATE,,
SBQQ__ContractedPrice__c,PEE084585-CL-47PLC68-B,,01t6A000000arrDQAQ,0016A00000JqrrcQAB,a0FPW00000WmbDU2AZ,231.36,210.330000,UPDATE,,
SBQQ__ContractedPrice__c,PEE084585-XHB553-EUK,,01t2K000006SvGNQA0,0016A00000JqrrcQAB,,,3703.050000,INSERT,,
SBQQ__ContractedPrice__c,CAS131679-ACC-MBCR1,,01t2K00000ApChsQAF,001PW00000iFUdzYAG,a0FPW00000WmYUM2A3,154.0,154.000000,UPDATE,,
SBQQ__ContractedPrice__c,CAS131664-ACC-MBCR1,,01t2K00000ApChsQAF,0016A00000JqrfSQAR,a0FPW00000WmYFx2AN,480.0,480.000000,UPDATE,,
SBQQ__ContractedPrice__c,PEE084585-ACC-MBCR1,,01t2K00000ApChsQAF,0016A00000JqrrcQAB,a0FPW00000WmbBw2AJ,82.68,75.160000,UPDATE,,
SBQQ__ContractedPrice__c,PEE084585-DS-VWS024,,01t6A000000as9jQAA,0016A00000JqrrcQAB,a0FPW00000WmbFq2AJ,14.88,13.530000,UPDATE,,
SBQQ__ContractedPrice__c,PEE084585-DS-VWS033,,01t6A000000at8vQAA,0016A00000JqrrcQAB,a0FPW00000WmbG32AJ,14.37,13.060000,UPDATE,,
SBQQ__ContractedPrice__c,CAS131664-SA740P,,01t6A000000aqxJQAQ,0016A00000JqrfSQAR,a0FPW00000WmBJd2AN,328.0,328.000000,UPDATE,,
SBQQ__ContractedPrice__c,CAS131679-SA740P,,01t6A000000aqxJQAQ,001PW00000iFUdzYAG,a0FPW00000WmYh82AF,94.0,94.000000,UPDATE,,
SBQQ__ContractedPrice__c,CAS131679-SA752PU,,01t6A000000atCCQAY,001PW00000iFUdzYAG,a0FPW00000WmYhA2AV,185.0,185.000000,UPDATE,,
SBQQ__ContractedPrice__c,CAS131664-SA752PU,,01t6A000000atCCQAY,0016A00000JqrfSQAR,a0FPW00000WmBJf2AN,542.0,543.000000,UPDATE,,
SBQQ__ContractedPrice__c,PEE084585-SA752PU,,01t6A000000atCCQAY,0016A00000JqrrcQAB,a0FPW00000WmbQH2AZ,90.08,81.890000,UPDATE,,
SBQQ__ContractedPrice__c,PEE084585-SA752PU-M,,01t6A000000asHrQAI,0016A00000JqrrcQAB,a0FPW00000WmbQI2AZ,91.3,83.000000,UPDATE,,
SBQQ__ContractedPrice__c,CAS131664-DSF265P,,01t6A000000arCcQAI,0016A00000JqrfSQAR,,,275.000000,INSERT,,
SBQQ__ContractedPrice__c,PEE084585-DSF265P,,01t6A000000arCcQAI,0016A00000JqrrcQAB,,,127.570000,INSERT,,
SBQQ__ContractedPrice__c,PEE084585-DST942-6,,01t6A000000arNtQAI,0016A00000JqrrcQAB,a0FPW00000WmbEq2AJ,996.19,905.630000,UPDATE,,
SBQQ__ContractedPrice__c,CAS131679-DST942-6,,01t6A000000arNtQAI,001PW00000iFUdzYAG,a0FPW00000WmgVa2AJ,1320.0,1452.000000,UPDATE,,
SBQQ__ContractedPrice__c,CAS131664-DST942-6,,01t6A000000arNtQAI,0016A00000JqrfSQAR,a0FPW00000WmgMO2AZ,3999.0,4399.000000,UPDATE,,
SBQQ__ContractedPrice__c,CAS131664-DST975-4,,01t6A000000arNuQAI,0016A00000JqrfSQAR,a0FPW00000WmgMQ2AZ,3352.0,3688.000000,UPDATE,,
SBQQ__ContractedPrice__c,PEE084585-DST975-4,,01t6A000000arNuQAI,0016A00000JqrrcQAB,a0FPW00000WmbEt2AJ,795.31,723.010000,UPDATE,,
SBQQ__ContractedPrice__c,CAS131679-DST975-4,,01t6A000000arNuQAI,001PW00000iFUdzYAG,a0FPW00000WmgVb2AJ,1104.0,1214.000000,UPDATE,,
SBQQ__ContractedPrice__c,CAS131679-DST995,,01t6A000000arneQAA,001PW00000iFUdzYAG,a0FPW00000WmT0p2AF,136.0,136.000000,UPDATE,,
SBQQ__ContractedPrice__c,PEE084585-DST995,,01t6A000000arneQAA,0016A00000JqrrcQAB,a0FPW00000WmbEv2AJ,93.26,84.780000,UPDATE,,
SBQQ__ContractedPrice__c,CAS131664-DST995,,01t6A000000arneQAA,0016A00000JqrfSQAR,a0FPW00000WmYLu2AN,416.0,416.000000,UPDATE,,
SBQQ__ContractedPrice__c,PEE084585-EDS-VW765-LAND,,01t6A000000asbTQAQ,0016A00000JqrrcQAB,a0FPW00000Wm9TN2AZ,524.65,476.950000,UPDATE,,
SBQQ__ContractedPrice__c,CAS131679-EDS-VW765-LAND,,01t6A000000asbTQAQ,001PW00000iFUdzYAG,a0FPW00000WmT1G2AV,661.0,661.000000,UPDATE,,
SBQQ__ContractedPrice__c,CAS131679-ESA763PU,,01t6A000000aqy1QAA,001PW00000iFUdzYAG,a0FPW00000WmT1K2AV,348.0,434.430000,UPDATE,,
SBQQ__ContractedPrice__c,PEE084585-ESA763PU,,01t6A000000aqy1QAA,0016A00000JqrrcQAB,a0FPW00000Wm9TW2AZ,301.0,273.640000,UPDATE,,
SBQQ__ContractedPrice__c,CAS131664-ESA763PU,,01t6A000000aqy1QAA,0016A00000JqrfSQAR,a0FPW00000WmYM62AN,922.0,922.000000,UPDATE,,
SBQQ__ContractedPrice__c,CAS131664-EWP-55XE4F,,01t2K000006XFEJQA4,0016A00000JqrfSQAR,a0FPW00000WmgMb2AJ,1517.0,1669.000000,UPDATE,,
SBQQ__ContractedPrice__c,PEE084585-EWP-55XE4F,,01t2K000006XFEJQA4,0016A00000JqrrcQAB,a0FPW00000Wm9Tn2AJ,331.8,301.640000,UPDATE,,
SBQQ__ContractedPrice__c,CAS131679-EWP-55XE4F,,01t2K000006XFEJQA4,001PW00000iFUdzYAG,a0FPW00000WmT1Z2AV,551.0,551.000000,UPDATE,,
SBQQ__ContractedPrice__c,PEE084585-HL4UN-002,,01t6A000000atVbQAI,0016A00000JqrrcQAB,a0FPW00000Wm9UD2AZ,7.47,6.790000,UPDATE,,
SBQQ__ContractedPrice__c,PEE084585-HLC-KIT,,01t6A000000aqpaQAA,0016A00000JqrrcQAB,a0FPW00000Wm9UF2AZ,12.84,11.670000,UPDATE,,
SBQQ__ContractedPrice__c,CAS131679-HLC-KIT,,01t6A000000aqpaQAA,001PW00000iFUdzYAG,a0FPW00000WmT1m2AF,17.0,17.000000,UPDATE,,
SBQQ__ContractedPrice__c,CAS131664-HLC-KIT,,01t6A000000aqpaQAA,0016A00000JqrfSQAR,a0FPW00000WmYMJ2A3,43.0,43.000000,UPDATE,,
SBQQ__ContractedPrice__c,CAS131664-HP455,,01t6A000000aqzzQAA,0016A00000JqrfSQAR,a0FPW00000WmYMM2A3,303.0,302.000000,UPDATE,,
SBQQ__ContractedPrice__c,CAS131679-HP455,,01t6A000000aqzzQAA,001PW00000iFUdzYAG,a0FPW00000WmT1q2AF,105.0,105.000000,UPDATE,,
SBQQ__ContractedPrice__c,PEE084585-HP455,,01t6A000000aqzzQAA,0016A00000JqrrcQAB,a0FPW00000Wm9UL2AZ,88.08,80.070000,UPDATE,,
SBQQ__ContractedPrice__c,PEE084585-HPF650,,01t6A000000asY2QAI,0016A00000JqrrcQAB,a0FPW00000Wm9UM2AZ,47.63,43.300000,UPDATE,,
SBQQ__ContractedPrice__c,CAS131679-HPF650,,01t6A000000asY2QAI,001PW00000iFUdzYAG,a0FPW00000WmT1r2AF,102.0,102.000000,UPDATE,,
SBQQ__ContractedPrice__c,DIS183551-HPF650,,01t6A000000asY2QAI,0016A00000JqraOQAR,a0FPW00000xRdqO2AS,145.33,145.330000,UPDATE,,
SBQQ__ContractedPrice__c,CAS131664-HPF650,,01t6A000000asY2QAI,0016A00000JqrfSQAR,a0FPW00000WmYMN2A3,378.0,378.000000,UPDATE,,
SBQQ__ContractedPrice__c,CAS131664-IB14X14-AC-W,,01t2K000006MDPhQAO,0016A00000JqrfSQAR,a0FPW00000WmYMQ2A3,416.0,416.000000,UPDATE,,
SBQQ__ContractedPrice__c,CAS131679-IB14X14-AC-W,,01t2K000006MDPhQAO,001PW00000iFUdzYAG,a0FPW00000WmT1u2AF,142.0,142.000000,UPDATE,,
SBQQ__ContractedPrice__c,PEE084585-MIS36794-3X1-49,,01t6A000002iBgrQAE,0016A00000JqrrcQAB,a0FPW00000WmbMD2AZ,418.54,380.490000,UPDATE,,
SBQQ__ContractedPrice__c,PEE084585-MIS36794-4X1-43,,01t6A000002iBgXQAU,0016A00000JqrrcQAB,a0FPW00000WmbME2AZ,667.84,607.130000,UPDATE,,
SBQQ__ContractedPrice__c,PEE084585-MIS38846,,01t2K000006KEVPQA4,0016A00000JqrrcQAB,a0FPW00000WmbMQ2AZ,347.37,315.790000,UPDATE,,
SBQQ__ContractedPrice__c,PEE084585-MIS655,,01t6A000000arEtQAI,0016A00000JqrrcQAB,a0FPW00000WmbMf2AJ,119.8,108.910000,UPDATE,,
SBQQ__ContractedPrice__c,PEE084585-MIS976,,01t6A000000asaGQAQ,0016A00000JqrrcQAB,a0FPW00000WmbNC2AZ,65.96,59.960000,UPDATE,,
SBQQ__ContractedPrice__c,PEE084585-MIS980,,01t6A000000aqjYQAQ,0016A00000JqrrcQAB,a0FPW00000WmbND2AZ,91.83,83.480000,UPDATE,,
SBQQ__ContractedPrice__c,CAS131679-MOD-ASC2,,01t6A000000arv8QAA,001PW00000iFUdzYAG,a0FPW00000WmYeZ2AV,18.0,18.110000,UPDATE,,
SBQQ__ContractedPrice__c,PEE084585-IB14X14-AC-W,,01t2K000006MDPhQAO,0016A00000JqrrcQAB,a0FPW00000Wm9UT2AZ,98.19,89.260000,UPDATE,,
SBQQ__ContractedPrice__c,PEE084585-IBA3-W,,01t6A000000as13QAA,0016A00000JqrrcQAB,a0FPW00000Wm9Uj2AJ,29.14,26.490000,UPDATE,,
SBQQ__ContractedPrice__c,CAS131679-IBA3-W,,01t6A000000as13QAA,001PW00000iFUdzYAG,a0FPW00000WmYWR2A3,39.0,39.000000,UPDATE,,
SBQQ__ContractedPrice__c,CAS131664-IBA3-W,,01t6A000000as13QAA,0016A00000JqrfSQAR,a0FPW00000WmYMZ2A3,112.0,113.000000,UPDATE,,
SBQQ__ContractedPrice__c,PEE084585-IBA5-W-M,,01t6A000000arLFQAY,0016A00000JqrrcQAB,a0FPW00000Wm9Um2AJ,58.07,52.790000,UPDATE,,
SBQQ__ContractedPrice__c,PEE084585-IM747PU,,01t2K000004ZjUdQAK,0016A00000JqrrcQAB,a0FPW00000WmbHP2AZ,120.31,109.370000,UPDATE,,
SBQQ__ContractedPrice__c,CAS131664-IM747PU,,01t2K000004ZjUdQAK,0016A00000JqrfSQAR,a0FPW00000WmYMd2AN,770.0,771.000000,UPDATE,,
SBQQ__ContractedPrice__c,PEE084585-MOD-ASC2,,01t6A000000arv8QAA,0016A00000JqrrcQAB,a0FPW00000WmbNX2AZ,12.88,11.710000,UPDATE,,
SBQQ__ContractedPrice__c,CAS131664-MOD-ASC2,,01t6A000000arv8QAA,0016A00000JqrfSQAR,a0FPW00000WmYOg2AN,56.0,55.000000,UPDATE,,
SBQQ__ContractedPrice__c,CAS131664-MOD-CPF2,,01t6A000000asJWQAY,0016A00000JqrfSQAR,a0FPW00000WmYOo2AN,151.0,151.000000,UPDATE,,
SBQQ__ContractedPrice__c,PEE084585-MOD-CPF2,,01t6A000000asJWQAY,0016A00000JqrrcQAB,a0FPW00000WmbNh2AJ,36.27,32.970000,UPDATE,,
SBQQ__ContractedPrice__c,CAS131679-MOD-CPF2,,01t6A000000asJWQAY,001PW00000iFUdzYAG,a0FPW00000WmYej2AF,51.0,51.000000,UPDATE,,
SBQQ__ContractedPrice__c,CAS131679-MOD-FCSKIT300-B,,01t6A000000atEyQAI,001PW00000iFUdzYAG,a0FPW00000WmYeq2AF,176.0,176.000000,UPDATE,,
SBQQ__ContractedPrice__c,PEE084585-MOD-FCSKIT300-B,,01t6A000000atEyQAI,0016A00000JqrrcQAB,a0FPW00000WmbNo2AJ,139.65,126.950000,UPDATE,,
SBQQ__ContractedPrice__c,PEE084585-KIL549-RAL9007,,01t6A000000aspAQAQ,0016A00000JqrrcQAB,a0FPW00000WmhE22AJ,1063.34,1063.340000,UPDATE,,
SBQQ__ContractedPrice__c,PEE084585-KIL549-S-EUK,,01t2K000006KEHMQA4,0016A00000JqrrcQAB,a0FPW00000WmhE52AJ,1041.36,1041.360000,UPDATE,,
SBQQ__ContractedPrice__c,PEE084585-KIL642-35D-S,,01t6A000000at9QQAQ,0016A00000JqrrcQAB,a0FPW00000WmbI82AJ,662.21,602.010000,UPDATE,,
SBQQ__ContractedPrice__c,PEE084585-KIL642-EUK,,01t6A000000as8iQAA,0016A00000JqrrcQAB,a0FPW00000WmbI92AJ,591.4,537.640000,UPDATE,,
SBQQ__ContractedPrice__c,PEE084585-KIL643-35D-S,,01t6A000000arFnQAI,0016A00000JqrrcQAB,a0FPW00000WmbID2AZ,629.54,572.310000,UPDATE,,
SBQQ__ContractedPrice__c,PEE084585-KIL643-GOLD,,01t2K000006VtgSQAS,0016A00000JqrrcQAB,a0FPW00000WmbIG2AZ,640.42,582.200000,UPDATE,,
SBQQ__ContractedPrice__c,PEE084585-KIL646-S-EUK,,01t6A000000as8lQAA,0016A00000JqrrcQAB,a0FPW00000WmbIO2AZ,641.64,583.310000,UPDATE,,
SBQQ__ContractedPrice__c,CAS131679-IM747PU,,01t2K000004ZjUdQAK,001PW00000iFUdzYAG,a0FPW00000WmYWV2A3,223.0,223.000000,UPDATE,,
SBQQ__ContractedPrice__c,PEE084585-KEY-001,,01t6A000000astmQAA,0016A00000JqrrcQAB,a0FPW00000WmbHX2AZ,3.37,3.060000,UPDATE,,
SBQQ__ContractedPrice__c,PEE084585-KEY-010,,01t6A000000at3YQAQ,0016A00000JqrrcQAB,a0FPW00000WmbHe2AJ,3.37,3.060000,UPDATE,,
SBQQ__ContractedPrice__c,PEE084585-KEY-015,,01t6A000000asAUQAY,0016A00000JqrrcQAB,a0FPW00000WmbHj2AJ,3.37,3.060000,UPDATE,,
SBQQ__ContractedPrice__c,PEE084585-LCT620A,,01t6A000000as7UQAQ,0016A00000JqrrcQAB,a0FPW00000WmbKp2AJ,61.99,56.350000,UPDATE,,
SBQQ__ContractedPrice__c,CAS131679-LCT620A,,01t6A000000as7UQAQ,001PW00000iFUdzYAG,a0FPW00000WmYeH2AV,86.0,86.000000,UPDATE,,
SBQQ__ContractedPrice__c,CAS131664-LCT620A,,01t6A000000as7UQAQ,0016A00000JqrfSQAR,a0FPW00000WmYOT2A3,264.0,265.000000,UPDATE,,
SBQQ__ContractedPrice__c,CAS131664-MOD-FCSKIT300-B,,01t6A000000atEyQAI,0016A00000JqrfSQAR,a0FPW00000WmYOt2AN,542.0,543.000000,UPDATE,,
SBQQ__ContractedPrice__c,CAS131664-MOD-FPP2KIT200,,01t6A000000arOhQAI,0016A00000JqrfSQAR,a0FPW00000WmVK62AN,976.0,1074.000000,UPDATE,,
SBQQ__ContractedPrice__c,PEE084585-MOD-FPP2KIT200,,01t6A000000arOhQAI,0016A00000JqrrcQAB,a0FPW00000WmbNv2AJ,243.78,221.620000,UPDATE,,
SBQQ__ContractedPrice__c,CAS131679-MOD-FPP2KIT200,,01t6A000000arOhQAI,001PW00000iFUdzYAG,a0FPW00000WmYex2AF,350.0,350.000000,UPDATE,,
SBQQ__ContractedPrice__c,CAS131679-MOD-FPSKIT150-B,,01t6A000000atEzQAI,001PW00000iFUdzYAG,a0FPW00000WmYf52AF,121.0,121.000000,UPDATE,,
SBQQ__ContractedPrice__c,PEE084585-MOD-FPSKIT150-B,,01t6A000000atEzQAI,0016A00000JqrrcQAB,a0FPW00000WmbO32AJ,91.97,83.610000,UPDATE,,
SBQQ__ContractedPrice__c,PEE084585-SF16D,,01t6A000000arFvQAI,0016A00000JqrrcQAB,a0FPW00000WmbQN2AZ,34.47,31.340000,UPDATE,,
SBQQ__ContractedPrice__c,CAS131664-SF16D,,01t6A000000arFvQAI,0016A00000JqrfSQAR,a0FPW00000WmYPy2AN,144.0,144.000000,UPDATE,,
SBQQ__ContractedPrice__c,CAS131664-SF630,,01t6A000000asenQAA,0016A00000JqrfSQAR,a0FPW00000WmYPz2AN,50.0,49.000000,UPDATE,,
SBQQ__ContractedPrice__c,CAS131679-SF630,,01t6A000000asenQAA,001PW00000iFUdzYAG,a0FPW00000WmYhD2AV,14.0,14.000000,UPDATE,,
SBQQ__ContractedPrice__c,PEE084585-SF630,,01t6A000000asenQAA,0016A00000JqrrcQAB,a0FPW00000WmbQO2AZ,7.1,6.450000,UPDATE,,
SBQQ__ContractedPrice__c,PEE084585-SF650P,,01t6A000000arf6QAA,0016A00000JqrrcQAB,a0FPW00000WmbQW2AZ,15.46,14.050000,UPDATE,,
SBQQ__ContractedPrice__c,CAS131679-SF650P,,01t6A000000arf6QAA,001PW00000iFUdzYAG,a0FPW00000WmYjP2AV,44.0,44.000000,UPDATE,,
SBQQ__ContractedPrice__c,CAS131679-SF680-HUB,,01t6A000000as8UQAQ,001PW00000iFUdzYAG,a0FPW00000WmYjV2AV,177.0,177.000000,UPDATE,,
SBQQ__ContractedPrice__c,CAS131664-SF680-HUB,,01t6A000000as8UQAQ,0016A00000JqrfSQAR,a0FPW00000WmYQ72AN,631.0,631.000000,UPDATE,,
SBQQ__ContractedPrice__c,PEE084585-SF680-HUB,,01t6A000000as8UQAQ,0016A00000JqrrcQAB,a0FPW00000WmbQc2AJ,115.51,105.010000,UPDATE,,
SBQQ__ContractedPrice__c,PEE084585-SF680P,,01t6A000000arixQAA,0016A00000JqrrcQAB,a0FPW00000WmbQd2AJ,54.95,49.950000,UPDATE,,
SBQQ__ContractedPrice__c,CAS131679-SF680P,,01t6A000000arixQAA,001PW00000iFUdzYAG,a0FPW00000WmYjW2AV,105.0,105.000000,UPDATE,,
SBQQ__ContractedPrice__c,PEE084585-SR555M,,01t6A000000asvyQAA,0016A00000JqrrcQAB,,,450.310000,INSERT,,
SBQQ__ContractedPrice__c,PEE084585-MIS173-A,,01t6A000000arD3QAI,0016A00000JqrrcQAB,a0FPW00000WmbL12AJ,27.49,24.990000,UPDATE,,
SBQQ__ContractedPrice__c,PEE084585-MIS315,,01t6A000000ardkQAA,0016A00000JqrrcQAB,a0FPW00000WmbL72AJ,23.64,21.490000,UPDATE,,
SBQQ__ContractedPrice__c,PEE084585-MIS36794-3X1-43,,01t6A000002iBgcQAE,0016A00000JqrrcQAB,a0FPW00000WmbLM2AZ,459.6,417.820000,UPDATE,,
SBQQ__ContractedPrice__c,PEE084585-MIS36875,,01t2K000006KFTZQA4,0016A00000JqrrcQAB,a0FPW00000WmbMG2AZ,92.72,84.290000,UPDATE,,
SBQQ__ContractedPrice__c,PEE084585-MIS38234-T650,,01t2K000006S2HbQAK,0016A00000JqrrcQAB,a0FPW00000WmbMO2AZ,51.67,46.970000,UPDATE,,
SBQQ__ContractedPrice__c,PEE084585-MIS674,,01t6A000000armpQAA,0016A00000JqrrcQAB,a0FPW00000WmbMi2AJ,15.48,14.070000,UPDATE,,
SBQQ__ContractedPrice__c,PEE084585-MIS919-4,,01t6A000000asrSQAQ,0016A00000JqrrcQAB,a0FPW00000WmbMz2AJ,116.72,106.110000,UPDATE,,
SBQQ__ContractedPrice__c,PEE084585-SS575K,,01t6A000000arckQAA,0016A00000JqrrcQAB,a0FPW00000WmbUL2AZ,169.43,154.030000,UPDATE,,
SBQQ__ContractedPrice__c,CAS131679-SS575K,,01t6A000000arckQAA,001PW00000iFUdzYAG,a0FPW00000WmYjp2AF,316.0,316.000000,UPDATE,,
SBQQ__ContractedPrice__c,CAS131664-SS575K,,01t6A000000arckQAA,0016A00000JqrfSQAR,a0FPW00000WmYQF2A3,972.0,973.000000,UPDATE,,
SBQQ__ContractedPrice__c,CAS131664-ST680,,01t6A000000ast9QAA,0016A00000JqrfSQAR,a0FPW00000WmYQO2A3,416.0,416.000000,UPDATE,,
SBQQ__ContractedPrice__c,CAS131679-ST680,,01t6A000000ast9QAA,001PW00000iFUdzYAG,a0FPW00000WmYk52AF,105.0,105.000000,UPDATE,,
SBQQ__ContractedPrice__c,PEE084585-ST680,,01t6A000000ast9QAA,0016A00000JqrrcQAB,a0FPW00000WmbUm2AJ,70.25,63.860000,UPDATE,,
SBQQ__ContractedPrice__c,PEE084585-STP680,,01t6A000000asIJQAY,0016A00000JqrrcQAB,a0FPW00000WmbUp2AJ,61.04,55.490000,UPDATE,,
SBQQ__ContractedPrice__c,CAS131679-STP680,,01t6A000000asIJQAY,001PW00000iFUdzYAG,a0FPW00000WmYk72AF,105.0,105.000000,UPDATE,,
SBQQ__ContractedPrice__c,CAS131664-STP680,,01t6A000000asIJQAY,0016A00000JqrfSQAR,a0FPW00000WmYQP2A3,416.0,416.000000,UPDATE,,
SBQQ__ContractedPrice__c,CAS131664-SUA747PU,,01t6A000000asfUQAQ,0016A00000JqrfSQAR,a0FPW00000WmYQS2A3,416.0,416.000000,UPDATE,,
SBQQ__ContractedPrice__c,CAS131679-SUA747PU,,01t6A000000asfUQAQ,001PW00000iFUdzYAG,a0FPW00000WmYkA2AV,125.0,125.000000,UPDATE,,
SBQQ__ContractedPrice__c,PEE084585-SUA747PU,,01t6A000000asfUQAQ,0016A00000JqrrcQAB,a0FPW00000WmbUs2AJ,75.96,69.050000,UPDATE,,
SBQQ__ContractedPrice__c,PEE084585-MIS947,,01t6A000000atHvQAI,0016A00000JqrrcQAB,a0FPW00000WmbN42AJ,246.03,223.660000,UPDATE,,
SBQQ__ContractedPrice__c,PEE084585-MIS960,,01t6A000000ar8PQAQ,0016A00000JqrrcQAB,a0FPW00000WmbN82AJ,570.77,518.880000,UPDATE,,
SBQQ__ContractedPrice__c,PEE084585-MOD-AWM2,,01t6A000000arlhQAA,0016A00000JqrrcQAB,a0FPW00000WmbNd2AJ,47.25,42.950000,UPDATE,,
SBQQ__ContractedPrice__c,CAS131664-MOD-AWM2,,01t6A000000arlhQAA,0016A00000JqrfSQAR,a0FPW00000WmYOk2AN,151.0,151.000000,UPDATE,,
SBQQ__ContractedPrice__c,CAS131679-MOD-AWM2,,01t6A000000arlhQAA,001PW00000iFUdzYAG,a0FPW00000WmYef2AF,61.0,59.060000,UPDATE,,
SBQQ__ContractedPrice__c,CAS131679-MOD-CPI2,,01t6A000000asJXQAY,001PW00000iFUdzYAG,a0FPW00000WmYem2AF,103.0,103.000000,UPDATE,,
SBQQ__ContractedPrice__c,CAS131664-MOD-CPI2,,01t6A000000asJXQAY,0016A00000JqrfSQAR,a0FPW00000WmYOq2AN,303.0,302.000000,UPDATE,,
SBQQ__ContractedPrice__c,PEE084585-MOD-CPI2,,01t6A000000asJXQAY,0016A00000JqrrcQAB,a0FPW00000WmbNk2AJ,69.55,63.230000,UPDATE,,
SBQQ__ContractedPrice__c,PEE084585-MOD-FCS2KIT300,,01t6A000000arOdQAI,0016A00000JqrrcQAB,a0FPW00000WmbNl2AJ,299.16,271.960000,UPDATE,,
SBQQ__ContractedPrice__c,CAS131664-MOD-FCS2KIT300,,01t6A000000arOdQAI,0016A00000JqrfSQAR,a0FPW00000WmgNP2AZ,1114.0,1226.000000,UPDATE,,
SBQQ__ContractedPrice__c,CAS131679-MOD-FCS2KIT300,,01t6A000000arOdQAI,001PW00000iFUdzYAG,a0FPW00000WmYen2AF,407.0,407.000000,UPDATE,,
SBQQ__ContractedPrice__c,CAS131679-MOD-FPSKIT150,,01t6A000000at1pQAA,001PW00000iFUdzYAG,a0FPW00000WmYf42AF,142.0,142.000000,UPDATE,,
SBQQ__ContractedPrice__c,CAS131664-MOD-FPSKIT150,,01t6A000000at1pQAA,0016A00000JqrfSQAR,a0FPW00000WmYP42AN,429.0,429.000000,UPDATE,,
SBQQ__ContractedPrice__c,PEE084585-MOD-FPSKIT150,,01t6A000000at1pQAA,0016A00000JqrrcQAB,a0FPW00000WmbO22AJ,104.46,94.960000,UPDATE,,
SBQQ__ContractedPrice__c,PEE084585-MOD-FW2KIT300,,01t6A000000arOfQAI,0016A00000JqrrcQAB,a0FPW00000WmbO62AJ,292.71,266.100000,UPDATE,,
SBQQ__ContractedPrice__c,CAS131664-MOD-FW2KIT300,,01t6A000000arOfQAI,0016A00000JqrfSQAR,a0FPW00000WmgTx2AJ,1114.0,1226.000000,UPDATE,,
SBQQ__ContractedPrice__c,CAS131679-MOD-FW2KIT300,,01t6A000000arOfQAI,001PW00000iFUdzYAG,a0FPW00000WmYf82AF,402.0,402.000000,UPDATE,,
SBQQ__ContractedPrice__c,PEE084585-MOD-MBM,,01t6A000000atPYQAY,0016A00000JqrrcQAB,a0FPW00000WmbO92AJ,53.45,48.590000,UPDATE,,
SBQQ__ContractedPrice__c,PEE084585-MOD-WP2,,01t6A000000asPrQAI,0016A00000JqrrcQAB,a0FPW00000WmbOd2AJ,29.82,27.110000,UPDATE,,
SBQQ__ContractedPrice__c,CAS131679-MOD-WP2,,01t6A000000asPrQAI,001PW00000iFUdzYAG,a0FPW00000WmYfb2AF,57.0,57.000000,UPDATE,,
SBQQ__ContractedPrice__c,CAS131664-MOD-WP2,,01t6A000000asPrQAI,0016A00000JqrfSQAR,a0FPW00000WmBIB2A3,176.0,176.000000,UPDATE,,
SBQQ__ContractedPrice__c,CAS131679-PA746,,01t6A000000atWDQAY,001PW00000iFUdzYAG,a0FPW00000WmYfj2AF,56.0,56.000000,UPDATE,,
SBQQ__ContractedPrice__c,CAS131664-PA746,,01t6A000000atWDQAY,0016A00000JqrfSQAR,a0FPW00000WmBII2A3,163.0,163.000000,UPDATE,,
SBQQ__ContractedPrice__c,PEE084585-PA746,,01t6A000000atWDQAY,0016A00000JqrrcQAB,a0FPW00000WmbOx2AJ,26.21,23.830000,UPDATE,,
SBQQ__ContractedPrice__c,PEE084585-PANA-85CEIL,,01t6A000000aqfcQAA,0016A00000JqrrcQAB,a0FPW00000WmJFf2AN,191.95,174.500000,UPDATE,,
SBQQ__ContractedPrice__c,CAS131664-PANA-85CEIL,,01t6A000000aqfcQAA,0016A00000JqrfSQAR,a0FPW00000WmgTz2AJ,1873.0,2061.000000,UPDATE,,
SBQQ__ContractedPrice__c,CAS131679-PANA-85CEIL,,01t6A000000aqfcQAA,001PW00000iFUdzYAG,a0FPW00000WmYfo2AF,683.0,683.000000,UPDATE,,
SBQQ__ContractedPrice__c,PEE084585-SUF650P,,01t6A000000arKXQAY,0016A00000JqrrcQAB,a0FPW00000WmbUz2AJ,45.68,41.530000,UPDATE,,
SBQQ__ContractedPrice__c,CAS131679-SUF650P,,01t6A000000arKXQAY,001PW00000iFUdzYAG,a0FPW00000WmYkF2AV,63.0,63.000000,UPDATE,,
SBQQ__ContractedPrice__c,CAS131664-SUF650P,,01t6A000000arKXQAY,0016A00000JqrfSQAR,a0FPW00000WmYQX2A3,239.0,239.000000,UPDATE,,
SBQQ__ContractedPrice__c,PEE084585-TRWV450/BK,,01t6A000000as08QAA,0016A00000JqrrcQAB,a0FPW00000WmbVL2AZ,43.59,39.630000,UPDATE,,
SBQQ__ContractedPrice__c,PEE084585-DEV-KIPC2555B-3-MATTE,,01t2K000006SuzqQAC,0016A00000JqrrcQAB,a0FPW00000WmhBn2AJ,1113.42,1113.420000,UPDATE,,
SBQQ__ContractedPrice__c,PEE084585-100014891,,01t6A000000atOqQAI,0016A00000JqrrcQAB,,,52.470000,INSERT,,
SBQQ__ContractedPrice__c,PEE084585-452Y22,,01t2K000006NXeBQAW,0016A00000JqrrcQAB,,,45.840000,INSERT,,
SBQQ__ContractedPrice__c,PEE084585-A910-HCM,,01t6A000000arCsQAI,0016A00000JqrrcQAB,a0FPW00000WmUsS2AV,70.49,64.080000,UPDATE,,
SBQQ__ContractedPrice__c,PEE084585-ACC800,,01t6A000000arZqQAI,0016A00000JqrrcQAB,a0FPW00000Wmb6x2AB,18.93,17.210000,UPDATE,,
SBQQ__ContractedPrice__c,CAS131664-ACC800,,01t6A000000arZqQAI,0016A00000JqrfSQAR,a0FPW00000WmYFQ2A3,100.0,100.000000,UPDATE,,
SBQQ__ContractedPrice__c,CAS131679-ACC800,,01t6A000000arZqQAI,001PW00000iFUdzYAG,a0FPW00000WmYTa2AN,32.0,32.000000,UPDATE,,
SBQQ__ContractedPrice__c,PEE084585-ACC850S,,01t6A000000atSVQAY,0016A00000JqrrcQAB,a0FPW00000Wmb732AB,35.11,31.920000,UPDATE,,
SBQQ__ContractedPrice__c,PEE084585-ACC856,,01t6A000000ary0QAA,0016A00000JqrrcQAB,a0FPW00000Wmb752AB,50.16,45.600000,UPDATE,,
SBQQ__ContractedPrice__c,PEE084585-PANA-C84103,,01t6A000000aqtwQAA,0016A00000JqrrcQAB,a0FPW00000WmhNk2AJ,1058.59,1058.590000,UPDATE,,
SBQQ__ContractedPrice__c,PEE084585-PEWS310/BK,,01t6A000000atAGQAY,0016A00000JqrrcQAB,a0FPW00000WmJG32AN,16.26,14.780000,UPDATE,,
SBQQ__ContractedPrice__c,PEE084585-PEWS410/BK,,01t6A000000asu9QAA,0016A00000JqrrcQAB,a0FPW00000WmJG52AN,20.09,18.260000,UPDATE,,
SBQQ__ContractedPrice__c,PEE084585-PLA50,,01t6A000000arNHQAY,0016A00000JqrrcQAB,a0FPW00000WmJGO2A3,163.03,148.210000,UPDATE,,
SBQQ__ContractedPrice__c,CAS131664-PLA50,,01t6A000000arNHQAY,0016A00000JqrfSQAR,a0FPW00000WmBIb2AN,517.0,518.000000,UPDATE,,
SBQQ__ContractedPrice__c,CAS131664-PLA50-UNLP,,01t6A000000asCXQAY,0016A00000JqrfSQAR,a0FPW00000WmBId2AN,682.0,682.000000,UPDATE,,
SBQQ__ContractedPrice__c,PEE084585-KIL647-S,,01t6A000000atZ4QAI,0016A00000JqrrcQAB,a0FPW00000WmbIT2AZ,653.61,594.190000,UPDATE,,
SBQQ__ContractedPrice__c,PEE084585-KIL655,,01t6A000000asdAQAQ,0016A00000JqrrcQAB,a0FPW00000WmbIY2AZ,657.8,598.000000,UPDATE,,
SBQQ__ContractedPrice__c,CAS131679-KIL655,,01t6A000000asdAQAQ,001PW00000iFUdzYAG,a0FPW00000WmfmQ2AR,977.0,1075.000000,UPDATE,,
SBQQ__ContractedPrice__c,PEE084585-KILH547,,01t6A000000atOpQAI,0016A00000JqrrcQAB,a0FPW00000WmbIz2AJ,906.08,823.710000,UPDATE,,
SBQQ__ContractedPrice__c,PEE084585-KILH547-S,,01t6A000000asgLQAQ,0016A00000JqrrcQAB,a0FPW00000WmbJ02AJ,907.32,824.840000,UPDATE,,
SBQQ__ContractedPrice__c,PEE084585-KILH555-W,,01t2K000006KCgpQAG,0016A00000JqrrcQAB,a0FPW00000WmbJ32AJ,979.57,890.520000,UPDATE,,
SBQQ__ContractedPrice__c,PEE084585-KIP540,,01t6A000000arxeQAA,0016A00000JqrrcQAB,a0FPW00000WmbJ92AJ,887.1,806.450000,UPDATE,,
SBQQ__ContractedPrice__c,PEE084585-PLA50-UNLP,,01t6A000000asCXQAY,0016A00000JqrrcQAB,a0FPW00000WmJGQ2A3,210.25,191.140000,UPDATE,,
SBQQ__ContractedPrice__c,PEE084585-PLA60-UNLP-GB,,01t6A000000as3nQAA,0016A00000JqrrcQAB,a0FPW00000WmJGV2A3,242.29,220.260000,UPDATE,,
SBQQ__ContractedPrice__c,CAS131664-PLA60-UNLP-GB,,01t6A000000as3nQAA,0016A00000JqrfSQAR,a0FPW00000WmBIi2AN,758.0,758.000000,UPDATE,,
SBQQ__ContractedPrice__c,CAS131664-PLAV60,,01t6A000000ar0SQAQ,0016A00000JqrfSQAR,a0FPW00000WmBIj2AN,669.0,669.000000,UPDATE,,
SBQQ__ContractedPrice__c,PEE084585-PLAV60,,01t6A000000ar0SQAQ,0016A00000JqrrcQAB,a0FPW00000WmJGW2A3,233.24,212.040000,UPDATE,,
SBQQ__ContractedPrice__c,PEE084585-PLAV60-UNLP,,01t6A000000arKkQAI,0016A00000JqrrcQAB,a0FPW00000WmJGY2A3,278.98,253.620000,UPDATE,,
SBQQ__ContractedPrice__c,CAS131664-PLAV60-UNLP,,01t6A000000arKkQAI,0016A00000JqrfSQAR,a0FPW00000WmBIl2AN,846.0,846.000000,UPDATE,,
SBQQ__ContractedPrice__c,CAS131664-ACC856,,01t6A000000ary0QAA,0016A00000JqrfSQAR,a0FPW00000WmYFU2A3,188.0,189.000000,UPDATE,,
SBQQ__ContractedPrice__c,PEE084585-ACCKV124,,01t2K000006XQXKQA4,0016A00000JqrrcQAB,a0FPW00000WmbBP2AZ,579.49,526.810000,UPDATE,,
SBQQ__ContractedPrice__c,PEE084585-ACCKV130,,01t2K000006SpPHQA0,0016A00000JqrrcQAB,a0FPW00000WmbBQ2AZ,112.93,102.660000,UPDATE,,
SBQQ__ContractedPrice__c,PEE084585-BWPTV65,,01t2K000006Stk9QAC,0016A00000JqrrcQAB,a0FPW00000WmhBX2AZ,1177.06,1177.060000,UPDATE,,
SBQQ__ContractedPrice__c,PEE084585-COTV5502,,01t2K000006StkxQAC,0016A00000JqrrcQAB,a0FPW00000WmbDn2AJ,997.47,906.790000,UPDATE,,
SBQQ__ContractedPrice__c,PEE084585-CUS429,,01t6A000000aqr8QAA,0016A00000JqrrcQAB,a0FPW00000Wm4i42AB,60.6,55.090000,UPDATE,,
SBQQ__ContractedPrice__c,PEE084585-DS-LED27BDL-5X5,,01t2K000006X7uGQAS,0016A00000JqrrcQAB,a0FPW00000WmhBw2AJ,1238.58,1238.580000,UPDATE,,
SBQQ__ContractedPrice__c,PEE084585-KIP540B-EUK,,01t6A000000asH4QAI,0016A00000JqrrcQAB,a0FPW00000WmbJC2AZ,921.95,838.140000,UPDATE,,
SBQQ__ContractedPrice__c,PEE084585-KIP540B-S-3-EUK,,01t6A000000arWHQAY,0016A00000JqrrcQAB,a0FPW00000WmbJF2AZ,876.08,796.440000,UPDATE,,
SBQQ__ContractedPrice__c,PEE084585-KIP540-RB,,01t6A000000atDuQAI,0016A00000JqrrcQAB,a0FPW00000WmbJG2AZ,977.88,888.980000,UPDATE,,
SBQQ__ContractedPrice__c,PEE084585-KIP542,,01t6A000000arxgQAA,0016A00000JqrrcQAB,a0FPW00000WmbJI2AZ,893.04,811.850000,UPDATE,,
SBQQ__ContractedPrice__c,PEE084585-KIP542B-3,,01t6A000000aqiFQAQ,0016A00000JqrrcQAB,a0FPW00000WmbJK2AZ,883.43,803.120000,UPDATE,,
SBQQ__ContractedPrice__c,PEE084585-KIP546B-S-3,,01t6A000000asGoQAI,0016A00000JqrrcQAB,a0FPW00000WmbJZ2AZ,862.13,783.750000,UPDATE,,
SBQQ__ContractedPrice__c,CAS131664-PLP-PAN42,,01t6A000000asbFQAQ,0016A00000JqrfSQAR,a0FPW00000WmBIy2AN,176.0,176.000000,UPDATE,,
SBQQ__ContractedPrice__c,CAS131679-PLP-PAN42,,01t6A000000asbFQAQ,001PW00000iFUdzYAG,a0FPW00000WmYgR2AV,72.0,72.000000,UPDATE,,
SBQQ__ContractedPrice__c,PEE084585-PLP-PAN42,,01t6A000000asbFQAQ,0016A00000JqrrcQAB,a0FPW00000WmJGm2AN,50.56,45.960000,UPDATE,,
SBQQ__ContractedPrice__c,PEE084585-PLP-PION50,,01t6A000000asbGQAQ,0016A00000JqrrcQAB,a0FPW00000WmJGp2AN,38.32,34.840000,UPDATE,,
SBQQ__ContractedPrice__c,CAS131679-PLP-PION50,,01t6A000000asbGQAQ,001PW00000iFUdzYAG,a0FPW00000WmYgS2AV,59.0,59.000000,UPDATE,,
SBQQ__ContractedPrice__c,CAS131664-PLP-PION50,,01t6A000000asbGQAQ,0016A00000JqrfSQAR,a0FPW00000WmBJ02AN,163.0,163.000000,UPDATE,,
SBQQ__ContractedPrice__c,CAS131679-PLP-V2X2,,01t6A000000arl0QAA,001PW00000iFUdzYAG,a0FPW00000WmYgX2AV,55.0,55.000000,UPDATE,,
SBQQ__ContractedPrice__c,PEE084585-DS-LEDA27-2X2,,01t6A000002ZuRwQAK,0016A00000JqrrcQAB,a0FPW00000Wm4id2AB,566.8,515.270000,UPDATE,,
SBQQ__ContractedPrice__c,PEE084585-DS-LEDA27-4X4,,01t6A000002ZqNzQAK,0016A00000JqrrcQAB,a0FPW00000Wm4if2AB,923.38,839.440000,UPDATE,,
SBQQ__ContractedPrice__c,PEE084585-DS-LEDBXT-4X4,,01t2K000006X7jSQAS,0016A00000JqrrcQAB,a0FPW00000Wm4ii2AB,989.16,899.240000,UPDATE,,
SBQQ__ContractedPrice__c,CAS131664-DS-LEDBXT-4X4,,01t2K000006X7jSQAS,0016A00000JqrfSQAR,a0FPW00000WmgLs2AJ,4011.0,4413.000000,UPDATE,,
SBQQ__ContractedPrice__c,CAS131664-DS-LEDIER-3X3,,01t2K000006XCSlQAO,0016A00000JqrfSQAR,a0FPW00000WmgLv2AJ,3643.0,4008.000000,UPDATE,,
SBQQ__ContractedPrice__c,CAS131679-DS-LEDIER-3X3,,01t2K000006XCSlQAO,001PW00000iFUdzYAG,a0FPW00000WmgUN2AZ,1145.0,1260.000000,UPDATE,,
SBQQ__ContractedPrice__c,PEE084585-DS-LEDIER-3X3,,01t2K000006XCSlQAO,0016A00000JqrrcQAB,a0FPW00000Wm4im2AB,916.73,833.390000,UPDATE,,
SBQQ__ContractedPrice__c,CAS131664-PLP-V2X2,,01t6A000000arl0QAA,0016A00000JqrfSQAR,a0FPW00000WmBJ62AN,163.0,163.000000,UPDATE,,
SBQQ__ContractedPrice__c,PEE084585-PLP-V2X2,,01t6A000000arl0QAA,0016A00000JqrrcQAB,a0FPW00000WmJGv2AN,21.7,19.730000,UPDATE,,
SBQQ__ContractedPrice__c,PEE084585-PLP-V6X2,,01t6A000000as8MQAQ,0016A00000JqrrcQAB,a0FPW00000WmJH12AN,56.85,51.680000,UPDATE,,
SBQQ__ContractedPrice__c,CAS131664-PLP-V6X2,,01t6A000000as8MQAQ,0016A00000JqrfSQAR,a0FPW00000WmBJC2A3,289.0,290.000000,UPDATE,,
SBQQ__ContractedPrice__c,CAS131679-PLP-V6X2,,01t6A000000as8MQAQ,001PW00000iFUdzYAG,a0FPW00000WmYgd2AF,94.0,94.000000,UPDATE,,
SBQQ__ContractedPrice__c,CAS131679-PLP-V6X5,,01t6A000000ar6jQAA,001PW00000iFUdzYAG,a0FPW00000WmYge2AF,114.0,114.000000,UPDATE,,
SBQQ__ContractedPrice__c,PEE084585-PLP-V6X5,,01t6A000000ar6jQAA,0016A00000JqrrcQAB,a0FPW00000WmJH32AN,79.08,71.890000,UPDATE,,
SBQQ__ContractedPrice__c,PEE084585-PN-SR780M,,01t6A000000areJQAQ,0016A00000JqrrcQAB,a0FPW00000WmJH72AN,283.28,257.530000,UPDATE,,
SBQQ__ContractedPrice__c,PEE084585-PN-VW330,,01t6A000000asoIQAQ,0016A00000JqrrcQAB,a0FPW00000Wmfph2AB,951.24,951.240000,UPDATE,,
SBQQ__ContractedPrice__c,PEE084585-PRMA1X1,,01t6A000000arSXQAY,0016A00000JqrrcQAB,a0FPW00000WmJHE2A3,16.79,15.260000,UPDATE,,
SBQQ__ContractedPrice__c,PEE084585-PRMF4X3,,01t6A000000arSRQAY,0016A00000JqrrcQAB,a0FPW00000WmbPd2AJ,17.45,15.860000,UPDATE,,
SBQQ__ContractedPrice__c,PEE084585-PRMT6X4,,01t6A000000arChQAI,0016A00000JqrrcQAB,a0FPW00000WmbPo2AJ,21.67,19.700000,UPDATE,,
SBQQ__ContractedPrice__c,PEE084585-QP-DST9803,,01t2K000006NXhAQAW,0016A00000JqrrcQAB,a0FPW00000WmbQ72AJ,681.6,619.640000,UPDATE,,
SBQQ__ContractedPrice__c,PEE084585-SA771PU,,01t6A000000atGJQAY,0016A00000JqrrcQAB,a0FPW00000WmbQK2AZ,156.99,142.720000,UPDATE,,
SBQQ__ContractedPrice__c,CAS131679-SA771PU,,01t6A000000atGJQAY,001PW00000iFUdzYAG,a0FPW00000WmYhC2AV,300.0,300.000000,UPDATE,,
SBQQ__ContractedPrice__c,CAS131664-SA771PU,,01t6A000000atGJQAY,0016A00000JqrfSQAR,a0FPW00000WmYPx2AN,884.0,884.000000,UPDATE,,
SBQQ__ContractedPrice__c,CAS131664-SF632,,01t6A000000aruzQAA,0016A00000JqrfSQAR,a0FPW00000WmYQ02AN,87.0,87.000000,UPDATE,,
SBQQ__ContractedPrice__c,CAS131679-SF632,,01t6A000000aruzQAA,001PW00000iFUdzYAG,a0FPW00000WmYjJ2AV,25.0,25.000000,UPDATE,,
SBQQ__ContractedPrice__c,PEE084585-SF632,,01t6A000000aruzQAA,0016A00000JqrrcQAB,a0FPW00000WmbQQ2AZ,11.28,10.250000,UPDATE,,
SBQQ__ContractedPrice__c,PEE084585-SP740P,,01t6A000000asX8QAI,0016A00000JqrrcQAB,,,29.870000,INSERT,,
SBQQ__ContractedPrice__c,SIE790298-SP740P,,01t6A000000asX8QAI,0016A00000JqrA6QAJ,a0F2K00000PWO02UAH,81.65,89.820000,UPDATE,,
SBQQ__ContractedPrice__c,PEE084585-DS-LEDLSCB-10X5,,01t2K00000Cg4yOQAR,0016A00000JqrrcQAB,a0FPW00000WmhCj2AJ,1915.72,1915.720000,UPDATE,,
SBQQ__ContractedPrice__c,PEE084585-DS-LEDM-ACC,,01t2K000006X85nQAC,0016A00000JqrrcQAB,a0FPW00000Wm4iv2AB,30.38,27.620000,UPDATE,,
SBQQ__ContractedPrice__c,PEE084585-DS-LEDTK-8S,,01t2K000006XIDEQA4,0016A00000JqrrcQAB,a0FPW00000WmbEH2AZ,265.75,241.590000,UPDATE,,
SBQQ__ContractedPrice__c,PEE084585-DS-LEDTK-8VX5V,,01t2K000006XSCSQA4,0016A00000JqrrcQAB,a0FPW00000WmbEM2AZ,723.93,658.120000,UPDATE,,
SBQQ__ContractedPrice__c,PEE084585-HAR750,,01t2K00000AoZnLQAV,0016A00000JqrrcQAB,a0FPW00000Wm9U82AJ,13.48,12.250000,UPDATE,,
SBQQ__ContractedPrice__c,CAS131679-HAR750,,01t2K00000AoZnLQAV,001PW00000iFUdzYAG,a0FPW00000WmT1h2AF,35.0,35.000000,UPDATE,,
SBQQ__ContractedPrice__c,PEE084585-KIL542-NB-RAL5003,,01t6A000002ZPdmQAG,0016A00000JqrrcQAB,a0FPW00000WmbI52AJ,732.02,665.470000,UPDATE,,
SBQQ__ContractedPrice__c,PIO708563-SP740P,,01t6A000000asX8QAI,0016A00000Jqr7hQAB,a0F2K00000PWNhGUAX,81.65,89.820000,UPDATE,,
SBQQ__ContractedPrice__c,KOA423384-SP740P,,01t6A000000asX8QAI,0016A00000gs0dRQAQ,a0F2K00000PWNNsUAP,81.65,89.820000,UPDATE,,
SBQQ__ContractedPrice__c,STV283347-SP740P,,01t6A000000asX8QAI,0016A00000JqrfvQAB,a0F2K00000PWNEIUA5,81.65,89.820000,UPDATE,,
SBQQ__ContractedPrice__c,UIS877060-SP740P,,01t6A000000asX8QAI,0016A00000JqrIWQAZ,a0F2K00000PWONiUAP,81.65,89.820000,UPDATE,,
SBQQ__ContractedPrice__c,PRO719942-SP740P,,01t6A000000asX8QAI,0016A00000JqrGDQAZ,a0F2K00000PWNqRUAX,81.65,89.820000,UPDATE,,
SBQQ__ContractedPrice__c,ALA030667-SP740P,,01t6A000000asX8QAI,0016A00000JqraWQAR,a0F2K00000PWMBCUA5,81.65,89.820000,UPDATE,,
SBQQ__ContractedPrice__c,DAV162270-SP740P,,01t6A000000asX8QAI,0016A00000JqrfjQAB,a0F2K00000PWMvgUAH,81.65,89.820000,UPDATE,,
SBQQ__ContractedPrice__c,MOU586100-SP740P,,01t6A000000asX8QAI,0016A00000JqrTHQAZ,a0F2K00000PWNXfUAP,81.65,89.820000,UPDATE,,
SBQQ__ContractedPrice__c,CAS131679-SP850-UNLP,,01t6A000000arNFQAY,001PW00000iFUdzYAG,a0FPW00000WmYjd2AF,228.0,228.000000,UPDATE,,
SBQQ__ContractedPrice__c,PEE084585-SP850-UNLP,,01t6A000000arNFQAY,0016A00000JqrrcQAB,a0FPW00000WmbQn2AJ,151.88,138.070000,UPDATE,,
SBQQ__ContractedPrice__c,PEE084585-SR560-HUB2,,01t2K000006XG7fQAG,0016A00000JqrrcQAB,a0FPW00000WmbQr2AJ,526.05,478.230000,UPDATE,,
SBQQ__ContractedPrice__c,CAS131679-SR560-HUB2,,01t2K000006XG7fQAG,001PW00000iFUdzYAG,a0FPW00000WmYjh2AF,856.0,856.000000,UPDATE,,
SBQQ__ContractedPrice__c,PEE084585-KIP547B-S-3,,01t6A000000asGpQAI,0016A00000JqrrcQAB,a0FPW00000WmbJm2AJ,841.29,764.810000,UPDATE,,
SBQQ__ContractedPrice__c,PEE084585-KIP547-TW,,01t6A000000arTDQAY,0016A00000JqrrcQAB,a0FPW00000WmbJo2AJ,791.27,719.340000,UPDATE,,
SBQQ__ContractedPrice__c,PEE084585-KIP555-S-EUK,,01t6A000000arYtQAI,0016A00000JqrrcQAB,a0FPW00000WmbJu2AJ,904.46,822.240000,UPDATE,,
SBQQ__ContractedPrice__c,PEE084585-KIP586-2LG,,01t6A000000arILQAY,0016A00000JqrrcQAB,a0FPW00000WmbJv2AJ,952.74,866.130000,UPDATE,,
SBQQ__ContractedPrice__c,PEE084585-KIP642-35D-S,,01t6A000000at9pQAA,0016A00000JqrrcQAB,a0FPW00000WmbK82AJ,593.98,539.980000,UPDATE,,
SBQQ__ContractedPrice__c,PEE084585-KIP647-35D-S,,01t6A000000at9lQAA,0016A00000JqrrcQAB,a0FPW00000WmbKB2AZ,696.32,633.020000,UPDATE,,
SBQQ__ContractedPrice__c,PEE084585-KIP655-S-EUK,,01t6A000000asJFQAY,0016A00000JqrrcQAB,a0FPW00000WmbKN2AZ,655.52,595.930000,UPDATE,,
SBQQ__ContractedPrice__c,CAS131664-SR560-HUB2,,01t2K000006XG7fQAG,0016A00000JqrfSQAR,a0FPW00000WmgU12AJ,2529.0,2782.000000,UPDATE,,
SBQQ__ContractedPrice__c,CAS131664-SR598,,01t6A000000arqhQAA,0016A00000JqrfSQAR,a0FPW00000WmgU42AJ,1528.0,1681.000000,UPDATE,,
SBQQ__ContractedPrice__c,CAS131679-SR598,,01t6A000000arqhQAA,001PW00000iFUdzYAG,a0FPW00000WmYjk2AF,484.0,484.000000,UPDATE,,
SBQQ__ContractedPrice__c,PEE084585-SR598,,01t6A000000arqhQAA,0016A00000JqrrcQAB,a0FPW00000WmbUD2AZ,303.4,275.820000,UPDATE,,
SBQQ__ContractedPrice__c,PEE084585-SR598ML3T,,01t6A000003QQD8QAO,0016A00000JqrrcQAB,a0FPW00000WmhNs2AJ,1104.25,1104.250000,UPDATE,,
SBQQ__ContractedPrice__c,CAS131679-SR598ML3T,,01t6A000003QQD8QAO,001PW00000iFUdzYAG,a0FPW00000WmgWJ2AZ,1407.0,1548.000000,UPDATE,,
SBQQ__ContractedPrice__c,PEE084585-KIL547-RED,,01t6A000000argUQAQ,0016A00000JqrrcQAB,a0FPW00000WmhE02AJ,1013.04,1013.040000,UPDATE,,
SBQQ__ContractedPrice__c,PEE084585-KIL646-35D-S,,01t6A000000at9TQAQ,0016A00000JqrrcQAB,a0FPW00000WmbIL2AZ,679.9,618.090000,UPDATE,,
SBQQ__ContractedPrice__c,PEE084585-KIL646-S,,01t6A000000atZ2QAI,0016A00000JqrrcQAB,a0FPW00000WmbIN2AZ,654.05,594.590000,UPDATE,,
SBQQ__ContractedPrice__c,PEE084585-KIL648-EUK,,01t6A000000asJNQAY,0016A00000JqrrcQAB,a0FPW00000WmbIW2AZ,636.08,578.250000,UPDATE,,
SBQQ__ContractedPrice__c,PEE084585-KIL655-RAL9007-DIV,,01t6A000002iLubQAE,0016A00000JqrrcQAB,a0FPW00000WmbIf2AJ,686.85,624.410000,UPDATE,,
SBQQ__ContractedPrice__c,PEE084585-KILH543-RAL8028,,01t2K000006XFNAQA4,0016A00000JqrrcQAB,a0FPW00000WmfoP2AR,931.45,931.450000,UPDATE,,
SBQQ__ContractedPrice__c,PEE084585-KIP410I-S,,01t6A000000atDOQAY,0016A00000JqrrcQAB,a0FPW00000WmbJ42AJ,81.15,73.770000,UPDATE,,
SBQQ__ContractedPrice__c,PEE084585-KIP542B-S,,01t6A000000asnPQAQ,0016A00000JqrrcQAB,a0FPW00000WmbJN2AZ,918.49,834.990000,UPDATE,,
SBQQ__ContractedPrice__c,CAS131664-SR598ML3T,,01t6A000003QQD8QAO,0016A00000JqrfSQAR,a0FPW00000WmgU82AJ,4139.0,4553.000000,UPDATE,,
SBQQ__ContractedPrice__c,CAS131679-ST635P,,01t6A000000ar9mQAA,001PW00000iFUdzYAG,a0FPW00000WmYjw2AF,57.0,57.000000,UPDATE,,
SBQQ__ContractedPrice__c,PEE084585-ST635P,,01t6A000000ar9mQAA,0016A00000JqrrcQAB,a0FPW00000WmbUa2AJ,47.36,43.050000,UPDATE,,
SBQQ__ContractedPrice__c,PEE084585-ST650P,,01t6A000000arD9QAI,0016A00000JqrrcQAB,a0FPW00000WmbUe2AJ,23.07,20.970000,UPDATE,,
SBQQ__ContractedPrice__c,CAS131679-ST650P,,01t6A000000arD9QAI,001PW00000iFUdzYAG,a0FPW00000WmYk02AF,63.0,63.000000,UPDATE,,
SBQQ__ContractedPrice__c,CAS131679-ST660P,,01t6A000000ar9rQAA,001PW00000iFUdzYAG,a0FPW00000WmYk22AF,74.0,74.000000,UPDATE,,
SBQQ__ContractedPrice__c,PEE084585-ST660P,,01t6A000000ar9rQAA,0016A00000JqrrcQAB,a0FPW00000WmbUh2AJ,25.91,23.550000,UPDATE,,
SBQQ__ContractedPrice__c,PEE084585-ST680P-M,,01t6A000000atTzQAI,0016A00000JqrrcQAB,a0FPW00000WmbUo2AJ,67.5,61.360000,UPDATE,,
SBQQ__ContractedPrice__c,PEE084585-SUA771PU,,01t6A000000asfVQAQ,0016A00000JqrrcQAB,a0FPW00000WmbUu2AJ,130.98,119.070000,UPDATE,,
SBQQ__ContractedPrice__c,CAS131679-SUA771PU,,01t6A000000asfVQAQ,001PW00000iFUdzYAG,a0FPW00000WmYkC2AV,248.0,248.000000,UPDATE,,
SBQQ__ContractedPrice__c,CAS131664-SUA771PU,,01t6A000000asfVQAQ,0016A00000JqrfSQAR,a0FPW00000WmYQU2A3,758.0,758.000000,UPDATE,,
SBQQ__ContractedPrice__c,PEE084585-SUF650P-M,,01t6A000000asd0QAA,0016A00000JqrrcQAB,a0FPW00000WmbV02AJ,46.55,42.320000,UPDATE,,
SBQQ__ContractedPrice__c,PEE084585-TTS4X4,,01t2K000004ZdRwQAK,0016A00000JqrrcQAB,a0FPW00000WmbVM2AZ,28.64,26.040000,UPDATE,,
SBQQ__ContractedPrice__c,PEE084585-KIPC2555B,,01t6A000000asgZQAQ,0016A00000JqrrcQAB,a0FPW00000WmhEC2AZ,1064.3,1064.300000,UPDATE,,
SBQQ__ContractedPrice__c,CAS131679-KIPC2555B,,01t6A000000asgZQAQ,001PW00000iFUdzYAG,a0FPW00000WmgVl2AJ,1587.0,1746.000000,UPDATE,,
SBQQ__ContractedPrice__c,PEE084585-KIPC2555B-3-EUK,,01t6A000000asgTQAQ,0016A00000JqrrcQAB,a0FPW00000WmhEE2AZ,1115.92,1115.920000,UPDATE,,
SBQQ__ContractedPrice__c,PEE084585-KIPC2555-BS,,01t6A000000bn18QAA,0016A00000JqrrcQAB,a0FPW00000Wmfpd2AB,964.22,964.220000,UPDATE,,
SBQQ__ContractedPrice__c,PEE084585-KIPC2555C-S,,01t6A000003QKxhQAG,0016A00000JqrrcQAB,a0FPW00000WmhMt2AJ,1166.51,1166.510000,UPDATE,,
SBQQ__ContractedPrice__c,CAS131679-KIPC2555C-S,,01t6A000003QKxhQAG,001PW00000iFUdzYAG,a0FPW00000WmgVs2AJ,1683.0,1851.000000,UPDATE,,
SBQQ__ContractedPrice__c,CAS131679-KIPC2555-S,,01t6A000000asZoQAI,001PW00000iFUdzYAG,a0FPW00000WmgVt2AJ,1415.0,1557.000000,UPDATE,,
SBQQ__ContractedPrice__c,CAS131664-TTS4X4,,01t2K000004ZdRwQAK,0016A00000JqrfSQAR,a0FPW00000WmYQb2AN,213.0,214.000000,UPDATE,,
SBQQ__ContractedPrice__c,CAS131679-TTS4X4,,01t2K000004ZdRwQAK,001PW00000iFUdzYAG,a0FPW00000WmYkM2AV,56.0,56.000000,UPDATE,,
SBQQ__ContractedPrice__c,CAS131679-TVA750,,01t2K00000AoidSQAR,001PW00000iFUdzYAG,a0FPW00000WmYkO2AV,32.0,32.000000,UPDATE,,
SBQQ__ContractedPrice__c,PEE084585-TVA750,,01t2K00000AoidSQAR,0016A00000JqrrcQAB,a0FPW00000WmbVO2AZ,12.65,11.500000,UPDATE,,
SBQQ__ContractedPrice__c,PEE084585-TVF665B,,01t2K000006S2EPQA0,0016A00000JqrrcQAB,a0FPW00000WmbVQ2AZ,20.33,18.480000,UPDATE,,
SBQQ__ContractedPrice__c,PEE084585-TVFT690,,01t2K00000AoidNQAR,0016A00000JqrrcQAB,a0FPW00000WmbVT2AZ,11.09,10.080000,UPDATE,,
SBQQ__ContractedPrice__c,CAS131679-TVFT690,,01t2K00000AoidNQAR,001PW00000iFUdzYAG,a0FPW00000WmYkS2AV,25.0,25.000000,UPDATE,,
SBQQ__ContractedPrice__c,PEE084585-ACCK121,,01t2K000006S2KNQA0,0016A00000JqrrcQAB,a0FPW00000WmbBF2AZ,21.45,19.500000,UPDATE,,
SBQQ__ContractedPrice__c,CAS131679-ACCK121,,01t2K000006S2KNQA0,001PW00000iFUdzYAG,a0FPW00000WmYU82AN,36.0,36.000000,UPDATE,,
SBQQ__ContractedPrice__c,PEE084585-1HA99,,01t6A000000arSuQAI,0016A00000JqrrcQAB,a0FPW00000Wmb4f2AB,39.91,36.280000,UPDATE,,
SBQQ__ContractedPrice__c,PEE084585-38X962,,01t6A000000atDAQAY,0016A00000JqrrcQAB,a0FPW00000Wmb4v2AB,52.21,47.460000,UPDATE,,
SBQQ__ContractedPrice__c,PEE084585-38X963,,01t6A000000atVhQAI,0016A00000JqrrcQAB,a0FPW00000Wmb4w2AB,57.42,52.200000,UPDATE,,
SBQQ__ContractedPrice__c,PEE084585-9RDX8,,01t6A000000aqszQAA,0016A00000JqrrcQAB,a0FPW00000WmUsN2AV,18.43,16.750000,UPDATE,,
SBQQ__ContractedPrice__c,PEE084585-ACC455,,01t6A000000atKXQAY,0016A00000JqrrcQAB,a0FPW00000Wmb6W2AR,8.29,7.540000,UPDATE,,
SBQQ__ContractedPrice__c,PEE084585-KIPC2555-S,,01t6A000000asZoQAI,0016A00000JqrrcQAB,a0FPW00000Wmfpf2AB,937.68,937.680000,UPDATE,,
SBQQ__ContractedPrice__c,PEE084585-KIPC2555-S-G,,01t2K000006MD0cQAG,0016A00000JqrrcQAB,a0FPW00000WmhMw2AJ,1210.63,1210.630000,UPDATE,,
SBQQ__ContractedPrice__c,CAS131679-KIPC2565B-S,,01t6A000000asIZQAY,001PW00000iFUdzYAG,a0FPW00000WmgVz2AJ,2005.0,2206.000000,UPDATE,,
SBQQ__ContractedPrice__c,PEE084585-KIPC2565B-S,,01t6A000000asIZQAY,0016A00000JqrrcQAB,a0FPW00000WmhN22AJ,1360.08,1360.080000,UPDATE,,
SBQQ__ContractedPrice__c,PEE084585-KIPICT2555-SD1,,01t2K000006NZmcQAG,0016A00000JqrrcQAB,,,0.010000,INSERT,,
SBQQ__ContractedPrice__c,PEE084585-KIPICT2555-SD3,,01t2K000006NZmhQAG,0016A00000JqrrcQAB,,,0.010000,INSERT,,
SBQQ__ContractedPrice__c,PEE084585-KIP542-S,,01t6A000000asm0QAA,0016A00000JqrrcQAB,a0FPW00000WmbJT2AZ,892.27,811.150000,UPDATE,,
SBQQ__ContractedPrice__c,PEE084585-KIP546,,01t6A000000asm1QAA,0016A00000JqrrcQAB,a0FPW00000WmbJU2AZ,799.35,726.680000,UPDATE,,
SBQQ__ContractedPrice__c,PEE084585-KIP546B-3-EUK,,01t6A000000arZiQAI,0016A00000JqrrcQAB,a0FPW00000WmbJW2AZ,854.63,776.940000,UPDATE,,
SBQQ__ContractedPrice__c,PEE084585-KIP546B-S-EUK,,01t6A000000arJAQAY,0016A00000JqrrcQAB,a0FPW00000WmbJb2AJ,829.61,754.190000,UPDATE,,
SBQQ__ContractedPrice__c,PEE084585-KIP546-RED,,01t6A000000as04QAA,0016A00000JqrrcQAB,a0FPW00000WmbJd2AJ,799.35,726.680000,UPDATE,,
SBQQ__ContractedPrice__c,PEE084585-KIP548-S,,01t6A000000atL8QAI,0016A00000JqrrcQAB,a0FPW00000WmbJq2AJ,792.04,720.040000,UPDATE,,
SBQQ__ContractedPrice__c,PEE084585-KIP586-3LG,,01t6A000000arIKQAY,0016A00000JqrrcQAB,a0FPW00000WmfoQ2AR,913.64,913.640000,UPDATE,,
SBQQ__ContractedPrice__c,CAS131664-ACC455,,01t6A000000atKXQAY,0016A00000JqrfSQAR,a0FPW00000WmYF72AN,43.0,43.000000,UPDATE,,
SBQQ__ContractedPrice__c,CAS131679-ACC455,,01t6A000000atKXQAY,001PW00000iFUdzYAG,a0FPW00000WmYTE2A3,13.0,13.000000,UPDATE,,
SBQQ__ContractedPrice__c,CAS131679-ACC625,,01t6A000000arVfQAI,001PW00000iFUdzYAG,a0FPW00000WmYTU2A3,54.0,54.000000,UPDATE,,
SBQQ__ContractedPrice__c,CAS131664-ACC625,,01t6A000000arVfQAI,0016A00000JqrfSQAR,a0FPW00000WmYFK2A3,163.0,163.000000,UPDATE,,
SBQQ__ContractedPrice__c,PEE084585-ACC625,,01t6A000000arVfQAI,0016A00000JqrrcQAB,a0FPW00000Wmb6o2AB,31.93,29.030000,UPDATE,,
SBQQ__ContractedPrice__c,PEE084585-ACC852,,01t6A000000arxzQAA,0016A00000JqrrcQAB,a0FPW00000Wmb742AB,31.35,28.500000,UPDATE,,
SBQQ__ContractedPrice__c,PEE084585-ACC978,,01t6A000000at8RQAQ,0016A00000JqrrcQAB,a0FPW00000Wmb7E2AR,18.26,16.600000,UPDATE,,
SBQQ__ContractedPrice__c,CAS131664-ACC978,,01t6A000000at8RQAQ,0016A00000JqrfSQAR,a0FPW00000WmYFa2AN,163.0,163.000000,UPDATE,,
SBQQ__ContractedPrice__c,CAS131679-ACC978,,01t6A000000at8RQAQ,001PW00000iFUdzYAG,a0FPW00000WmYTm2AN,52.0,52.000000,UPDATE,,
SBQQ__ContractedPrice__c,PEE084585-ADMC1366,,01t6A000000asSWQAY,0016A00000JqrrcQAB,a0FPW00000WmbCe2AJ,6.78,6.160000,UPDATE,,
SBQQ__ContractedPrice__c,PEE084585-DS-LEDA27-10X7,,01t2K000006S2DJQA0,0016A00000JqrrcQAB,a0FPW00000WmhC32AJ,1999.64,1999.640000,UPDATE,,
SBQQ__ContractedPrice__c,PEE084585-DS-LEDA27-LTK,,01t2K000006X863QAC,0016A00000JqrrcQAB,a0FPW00000Wm4ig2AB,251.24,228.400000,UPDATE,,
SBQQ__ContractedPrice__c,PEE084585-DS-LEDBXT-6X6,,01t2K000006X7jIQAS,0016A00000JqrrcQAB,a0FPW00000WmhCG2AZ,1358.0,1358.000000,UPDATE,,
SBQQ__ContractedPrice__c,CAS131664-DS-LEDBXT-6X6,,01t2K000006X7jIQAS,0016A00000JqrfSQAR,a0FPW00000WmgLu2AJ,9025.0,9928.000000,UPDATE,,
SBQQ__ContractedPrice__c,PEE084585-KIT-LEDTUBE-005,,01t6A000000aqfrQAA,0016A00000JqrrcQAB,a0FPW00000WmbKX2AZ,192.43,174.940000,UPDATE,,
SBQQ__ContractedPrice__c,CAS131679-KOF555-2,,01t2K00000CgGppQAF,001PW00000iFUdzYAG,a0FPW00000WmgW42AJ,1848.0,2033.000000,UPDATE,,
SBQQ__ContractedPrice__c,PEE084585-KOF555-2,,01t2K00000CgGppQAF,0016A00000JqrrcQAB,a0FPW00000WmhN92AJ,1509.47,1509.470000,UPDATE,,
SBQQ__ContractedPrice__c,PEE084585-KOP2555-XHB-EUK,,01t6A000002hEwsQAE,0016A00000JqrrcQAB,a0FPW00000WmhND2AZ,5639.88,5639.880000,UPDATE,,
SBQQ__ContractedPrice__c,PEE084585-MOD-PRGSKIT100-B,,01t6A000000arveQAA,0016A00000JqrrcQAB,a0FPW00000WmbOV2AZ,99.34,90.310000,UPDATE,,
SBQQ__ContractedPrice__c,CAS131664-MOD-PRGSKIT100-B,,01t6A000000arveQAA,0016A00000JqrfSQAR,a0FPW00000WmYPG2A3,353.0,353.000000,UPDATE,,
SBQQ__ContractedPrice__c,CAS131679-MOD-PRGSKIT100-B,,01t6A000000arveQAA,001PW00000iFUdzYAG,a0FPW00000WmYfT2AV,127.0,127.000000,UPDATE,,
SBQQ__ContractedPrice__c,PEE084585-KIP586-3LG-EUK,,01t6A000000atRnQAI,0016A00000JqrrcQAB,a0FPW00000WmbK12AJ,982.45,893.140000,UPDATE,,
SBQQ__ContractedPrice__c,PEE084585-KIP647-35D,,01t6A000000at9kQAA,0016A00000JqrrcQAB,a0FPW00000WmbKA2AZ,696.32,633.020000,UPDATE,,
SBQQ__ContractedPrice__c,PEE084585-KIP648-35D,,01t6A000000at9jQAA,0016A00000JqrrcQAB,a0FPW00000WmbKC2AZ,697.3,633.910000,UPDATE,,
SBQQ__ContractedPrice__c,PEE084585-KIP649-35D,,01t6A000000aqrhQAA,0016A00000JqrrcQAB,a0FPW00000WmbKE2AZ,729.28,662.980000,UPDATE,,
SBQQ__ContractedPrice__c,CAS131679-KIP655,,01t6A000000asdEQAQ,001PW00000iFUdzYAG,a0FPW00000WmfmS2AR,977.0,1075.000000,UPDATE,,
SBQQ__ContractedPrice__c,PEE084585-KIP655,,01t6A000000asdEQAQ,0016A00000JqrrcQAB,a0FPW00000WmbKG2AZ,667.65,606.950000,UPDATE,,
SBQQ__ContractedPrice__c,PEE084585-KIP655-35D-S,,01t6A000000aruBQAQ,0016A00000JqrrcQAB,a0FPW00000WmbKI2AZ,685.98,623.620000,UPDATE,,
SBQQ__ContractedPrice__c,PEE084585-NP01UCM,,01t6A000000arQFQAY,0016A00000JqrrcQAB,,,28.340000,INSERT,,
SBQQ__ContractedPrice__c,PEE084585-ODTV5502,,01t2K000006StksQAC,0016A00000JqrrcQAB,a0FPW00000WmbOi2AJ,994.85,904.410000,UPDATE,,
SBQQ__ContractedPrice__c,PEE084585-PAP250-PANA2,,01t6A000002hVA7QAM,0016A00000JqrrcQAB,a0FPW00000WmJFq2AN,52.68,47.890000,UPDATE,,
SBQQ__ContractedPrice__c,CAS131679-PAP250-PANA2,,01t6A000002hVA7QAM,001PW00000iFUdzYAG,a0FPW00000WmYfx2AF,77.0,77.000000,UPDATE,,
SBQQ__ContractedPrice__c,CAS131679-PAP-UNV,,01t6A000000asBzQAI,001PW00000iFUdzYAG,a0FPW00000WmYg02AF,48.0,48.000000,UPDATE,,
SBQQ__ContractedPrice__c,CAS131664-PAP-UNV,,01t6A000000asBzQAI,0016A00000JqrfSQAR,a0FPW00000WmBIO2A3,151.0,151.000000,UPDATE,,
SBQQ__ContractedPrice__c,PEE084585-PAP-UNV,,01t6A000000asBzQAI,0016A00000JqrrcQAB,a0FPW00000WmJFu2AN,15.4,14.000000,UPDATE,,
SBQQ__ContractedPrice__c,PEE084585-DS-LEDF41297,,01t2K000006XB4iQAG,0016A00000JqrrcQAB,a0FPW00000WmhCI2AZ,1910.16,1910.160000,UPDATE,,
SBQQ__ContractedPrice__c,PEE084585-DS-LEDFA-3X5,,01t2K000006S2KYQA0,0016A00000JqrrcQAB,a0FPW00000Wm4ij2AB,730.16,663.780000,UPDATE,,
SBQQ__ContractedPrice__c,PEE084585-DS-LEDIFJ-6X6,,01t2K000006XFrZQAW,0016A00000JqrrcQAB,a0FPW00000WmhCU2AZ,2760.12,2760.120000,UPDATE,,
SBQQ__ContractedPrice__c,PEE084585-DS-LEDLSAA-5X5,,01t2K00000Cg4qpQAB,0016A00000JqrrcQAB,a0FPW00000WmhCg2AJ,1376.57,1376.570000,UPDATE,,
SBQQ__ContractedPrice__c,PEE084585-DS-LEDLSAA-8X4,,01t2K00000Cg4yJQAR,0016A00000JqrrcQAB,,,1950.030000,INSERT,,
SBQQ__ContractedPrice__c,PEE084585-DS-LEDLSCB-5X5,,01t2K00000AoWRgQAN,0016A00000JqrrcQAB,a0FPW00000WmhCu2AJ,1104.81,1104.810000,UPDATE,,
SBQQ__ContractedPrice__c,PEE084585-DS-LEDTK-10VX6S,,01t2K000006XTLsQAO,0016A00000JqrrcQAB,a0FPW00000Wm4iz2AB,798.79,726.170000,UPDATE,,
SBQQ__ContractedPrice__c,CAS131679-KIP655-35D-S,,01t6A000000aruBQAQ,001PW00000iFUdzYAG,a0FPW00000WmgVj2AJ,1047.0,1152.000000,UPDATE,,
SBQQ__ContractedPrice__c,PEE084585-KIP655-NR,,01t6A000000asshQAA,0016A00000JqrrcQAB,a0FPW00000WmbKK2AZ,696.7,633.360000,UPDATE,,
SBQQ__ContractedPrice__c,PEE084585-KIPC2555B-S-3-EUK,,01t6A000000arFOQAY,0016A00000JqrrcQAB,a0FPW00000WmhMq2AJ,1113.9,1113.900000,UPDATE,,
SBQQ__ContractedPrice__c,PEE084585-KIPICT2555-SD4,,01t2K000006KEQJQA4,0016A00000JqrrcQAB,,,0.010000,INSERT,,
SBQQ__ContractedPrice__c,PEE084585-KIRP-XHB,,01t2K000006SnoJQAS,0016A00000JqrrcQAB,a0FPW00000WmhN52AJ,2812.0,2812.000000,UPDATE,,
SBQQ__ContractedPrice__c,PEE084585-KOF555-1,,01t2K00000CgGplQAF,0016A00000JqrrcQAB,a0FPW00000WmhN82AJ,1177.23,1177.230000,UPDATE,,
SBQQ__ContractedPrice__c,CAS131679-KOF555-1,,01t2K00000CgGplQAF,001PW00000iFUdzYAG,a0FPW00000WmgW32AJ,1356.0,1492.000000,UPDATE,,
SBQQ__ContractedPrice__c,PEE084585-PEWS620/BK,,01t6A000000at14QAA,0016A00000JqrrcQAB,a0FPW00000WmJG92AN,68.61,62.370000,UPDATE,,
SBQQ__ContractedPrice__c,PEE084585-PJR125-POR-EUK,,01t2K000006WSOOQA4,0016A00000JqrrcQAB,a0FPW00000WmJGL2A3,129.39,117.630000,UPDATE,,
SBQQ__ContractedPrice__c,PEE084585-PRMA450,,01t6A000000arnJQAQ,0016A00000JqrrcQAB,a0FPW00000WmbPU2AZ,81.46,74.050000,UPDATE,,
SBQQ__ContractedPrice__c,PEE084585-PRMF110,,01t6A000000ar6NQAQ,0016A00000JqrrcQAB,a0FPW00000WmbPZ2AZ,7.67,6.970000,UPDATE,,
SBQQ__ContractedPrice__c,PEE084585-PWA-14W,,01t6A000000asC6QAI,0016A00000JqrrcQAB,a0FPW00000WmbQ62AJ,34.61,31.460000,UPDATE,,
SBQQ__ContractedPrice__c,CAS131679-PWA-14W,,01t6A000000asC6QAI,001PW00000iFUdzYAG,a0FPW00000WmYh42AF,50.0,50.000000,UPDATE,,
SBQQ__ContractedPrice__c,PEE084585-VOLTA55B,,01t2K000006XLSKQA4,0016A00000JqrrcQAB,a0FPW00000WmhOH2AZ,3550.46,3550.460000,UPDATE,,
SBQQ__ContractedPrice__c,CAS131679-DS-LEDTK-10VX6S,,01t2K000006XTLsQAO,001PW00000iFUdzYAG,a0FPW00000WmgUX2AZ,1778.0,1956.000000,UPDATE,,
SBQQ__ContractedPrice__c,CAS131679-DS-LEDTK-18VX8S,,01t2K000006SntdQAC,001PW00000iFUdzYAG,a0FPW00000WmgUn2AJ,2708.0,2979.000000,UPDATE,,
SBQQ__ContractedPrice__c,PEE084585-DS-LEDTK-18VX8S,,01t2K000006SntdQAC,0016A00000JqrrcQAB,a0FPW00000WmhDD2AZ,1066.86,1066.860000,UPDATE,,
SBQQ__ContractedPrice__c,PEE084585-DS-LEDTK-24VX10S,,01t2K000006XRAXQA4,0016A00000JqrrcQAB,a0FPW00000WmhDM2AZ,1407.05,1407.050000,UPDATE,,
SBQQ__ContractedPrice__c,CAS131679-DS-LEDTK-24VX10S,,01t2K000006XRAXQA4,001PW00000iFUdzYAG,a0FPW00000WmgUu2AJ,3551.0,3906.000000,UPDATE,,
SBQQ__ContractedPrice__c,PEE084585-DS-LEDTK-24VX5V,,01t2K000006XSCXQA4,0016A00000JqrrcQAB,a0FPW00000WmhDO2AZ,1311.01,1311.010000,UPDATE,,
SBQQ__ContractedPrice__c,PEE084585-DS-LEDTK-5S,,01t2K000006XID8QAO,0016A00000JqrrcQAB,a0FPW00000Wm4jA2AR,168.91,153.550000,UPDATE,,
SBQQ__ContractedPrice__c,PEE084585-DS-LEDTK-6S,,01t2K000006XIDDQA4,0016A00000JqrrcQAB,a0FPW00000WmbEC2AZ,217.35,197.590000,UPDATE,,
SBQQ__ContractedPrice__c,PEE084585-DS-LEDUPS-4X4,,01t2K000006X7mRQAS,0016A00000JqrrcQAB,a0FPW00000WmbEV2AZ,995.95,905.410000,UPDATE,,
SBQQ__ContractedPrice__c,CAS131679-DS-LEDUPS-4X4,,01t2K000006X7mRQAS,001PW00000iFUdzYAG,a0FPW00000WmgVM2AZ,1331.0,1464.000000,UPDATE,,
SBQQ__ContractedPrice__c,CAS131664-DS-LEDUPS-4X4,,01t2K000006X7mRQAS,0016A00000JqrfSQAR,a0FPW00000WmgM92AJ,4011.0,4413.000000,UPDATE,,
SBQQ__ContractedPrice__c,CAS131664-DS-LEDUPS-6X6,,01t2K000006X7mWQAS,0016A00000JqrfSQAR,a0FPW00000WmgMB2AZ,9025.0,9928.000000,UPDATE,,
SBQQ__ContractedPrice__c,CAS131679-DS-LEDUPS-6X6,,01t2K000006X7mWQAS,001PW00000iFUdzYAG,a0FPW00000WmgVP2AZ,2995.0,3295.000000,UPDATE,,
SBQQ__ContractedPrice__c,PEE084585-DS-LEDUPS-6X6,,01t2K000006X7mWQAS,0016A00000JqrrcQAB,a0FPW00000WmhDq2AJ,1365.88,1365.880000,UPDATE,,
SBQQ__ContractedPrice__c,PEE084585-DS-LEDUPS-8X8,,01t2K00000ChTmTQAV,0016A00000JqrrcQAB,a0FPW00000WmhDu2AJ,1922.74,1922.740000,UPDATE,,
SBQQ__ContractedPrice__c,CAS131679-DS-LEDUPS-8X8,,01t2K00000ChTmTQAV,001PW00000iFUdzYAG,a0FPW00000WmgVS2AZ,5325.0,5858.000000,UPDATE,,
SBQQ__ContractedPrice__c,PEE084585-DS-VWS068,,01t6A000000atNcQAI,0016A00000JqrrcQAB,a0FPW00000WmbGj2AJ,25.08,22.800000,UPDATE,,
SBQQ__ContractedPrice__c,PEE084585-HFT650,,01t2K00000AoZnaQAF,0016A00000JqrrcQAB,a0FPW00000Wm9UB2AZ,10.82,9.840000,UPDATE,,
SBQQ__ContractedPrice__c,CAS131679-HFT650,,01t2K00000AoZnaQAF,001PW00000iFUdzYAG,a0FPW00000WmT1k2AF,26.0,26.000000,UPDATE,,
SBQQ__ContractedPrice__c,PEE084585-JCM4400,,01t6A000000arlXQAQ,0016A00000JqrrcQAB,a0FPW00000WmbHW2AZ,5.64,5.130000,UPDATE,,
SBQQ__ContractedPrice__c,PEE084585-KIL540-S-EUK,,01t6A000000arLoQAI,0016A00000JqrrcQAB,a0FPW00000WmfoE2AR,962.94,962.940000,UPDATE,,
SBQQ__ContractedPrice__c,PEE084585-LDM233K,,01t6A000000at11QAA,0016A00000JqrrcQAB,a0FPW00000WmbKw2AJ,41.81,38.010000,UPDATE,,
SBQQ__ContractedPrice__c,PEE084585-MIS-38084-01,,01t6A000003QQYvQAO,0016A00000JqrrcQAB,a0FPW00000WmbMK2AZ,66.77,60.700000,UPDATE,,
SBQQ__ContractedPrice__c,PEE084585-MISPRGSKIT-W,,01t6A000000asIxQAI,0016A00000JqrrcQAB,,,128.850000,INSERT,,
SBQQ__ContractedPrice__c,PEE084585-MOD-PRGSKIT100,,01t6A000000arvdQAA,0016A00000JqrrcQAB,a0FPW00000WmbOU2AZ,105.83,96.210000,UPDATE,,
SBQQ__ContractedPrice__c,CAS131679-MOD-PRGSKIT100,,01t6A000000arvdQAA,001PW00000iFUdzYAG,a0FPW00000WmYfS2AV,144.0,144.000000,UPDATE,,
SBQQ__ContractedPrice__c,CAS131664-MOD-PRGSKIT100,,01t6A000000arvdQAA,0016A00000JqrfSQAR,a0FPW00000WmYPF2A3,378.0,378.000000,UPDATE,,
SBQQ__ContractedPrice__c,PEE084585-WPTV65,,01t2K000006StkdQAC,0016A00000JqrrcQAB,a0FPW00000WmhON2AZ,1177.06,1177.060000,UPDATE,,
SBQQ__ContractedPrice__c,PEE084585-ACCD-DC75,,01t2K00000ApcTSQAZ,0016A00000JqrrcQAB,,,29.730000,INSERT,,
SBQQ__ContractedPrice__c,PEE084585-A6X4,,01t2K00000ApcUmQAJ,0016A00000JqrrcQAB,a0FPW00000WmUsQ2AV,22.8,20.730000,UPDATE,,
SBQQ__ContractedPrice__c,CAS131679-A6X4,,01t2K00000ApcUmQAJ,001PW00000iFUdzYAG,a0FPW00000WmYQp2AN,65.0,65.000000,UPDATE,,
SBQQ__ContractedPrice__c,PEE084585-ACCKV111B,,01t2K00000Aoo5jQAB,0016A00000JqrrcQAB,a0FPW00000WmbBM2AZ,84.69,76.990000,UPDATE,,
SBQQ__ContractedPrice__c,PEE084585-DS-LEDTK-20VX6S,,01t2K00000ChI4yQAF,0016A00000JqrrcQAB,a0FPW00000WmhDI2AZ,1124.14,1124.140000,UPDATE,,
SBQQ__ContractedPrice__c,CAS131679-DS-LEDTK-20VX6S,,01t2K00000ChI4yQAF,001PW00000iFUdzYAG,a0FPW00000WmgUs2AJ,2870.0,3157.000000,UPDATE,,
SBQQ__ContractedPrice__c,PEE084585-KIL542-RAL5003,,01t6A000002iC2wQAE,0016A00000JqrrcQAB,a0FPW00000WmfoG2AR,941.94,941.940000,UPDATE,,
SBQQ__ContractedPrice__c,PEE084585-KIL546-EUK,,01t6A000000arYuQAI,0016A00000JqrrcQAB,a0FPW00000WmfoI2AR,957.03,957.030000,UPDATE,,
SBQQ__ContractedPrice__c,PEE084585-KIL547-W,,01t6A000000aqlyQAA,0016A00000JqrrcQAB,a0FPW00000WmfoO2AR,998.5,998.500000,UPDATE,,
SBQQ__ContractedPrice__c,PEE084585-KIL640-EUK,,01t6A000000as8gQAA,0016A00000JqrrcQAB,a0FPW00000WmbI62AJ,640.28,582.070000,UPDATE,,
SBQQ__ContractedPrice__c,PEE084585-KIL642-S-EUK,,01t6A000000as8jQAA,0016A00000JqrrcQAB,a0FPW00000WmbIA2AZ,591.4,537.640000,UPDATE,,
SBQQ__ContractedPrice__c,PEE084585-KIL643-EUK,,01t2K000006S2KxQAK,0016A00000JqrrcQAB,a0FPW00000WmbIF2AZ,612.91,557.190000,UPDATE,,
SBQQ__ContractedPrice__c,PEE084585-KIL643-S-EUK,,01t2K000006S2ByQAK,0016A00000JqrrcQAB,a0FPW00000WmbII2AZ,616.32,560.290000,UPDATE,,
SBQQ__ContractedPrice__c,PEE084585-KIL647-35D,,01t6A000000at9VQAQ,0016A00000JqrrcQAB,a0FPW00000WmbIQ2AZ,680.05,618.230000,UPDATE,,
SBQQ__ContractedPrice__c,PEE084585-NT652,,01t2K000006SptvQAC,0016A00000JqrrcQAB,a0FPW00000WmhNR2AZ,1176.89,1176.890000,UPDATE,,
SBQQ__ContractedPrice__c,PEE084585-PAP250-NEC1,,01t6A000000arrOQAQ,0016A00000JqrrcQAB,a0FPW00000WmJFo2AN,48.51,44.100000,UPDATE,,
SBQQ__ContractedPrice__c,CAS131679-PAP250-NEC1,,01t6A000000arrOQAQ,001PW00000iFUdzYAG,a0FPW00000WmYfv2AF,78.0,78.000000,UPDATE,,
SBQQ__ContractedPrice__c,ELE232234-PAP-UNV-W,,01t6A000000arLJQAY,MISSING,,,52.030000,SKIP,,AcctCD 'ELE232234' not found in Account.Account_Number__c
SBQQ__ContractedPrice__c,STV283347-PAP-UNV-W,,01t6A000000arLJQAY,0016A00000JqrfvQAB,a0F2K00000PWNC3UAP,47.3,52.030000,UPDATE,,
SBQQ__ContractedPrice__c,ALA030667-PAP-UNV-W,,01t6A000000arLJQAY,0016A00000JqraWQAR,a0F2K00000PWM8xUAH,47.3,52.030000,UPDATE,,
SBQQ__ContractedPrice__c,MOU586100-PAP-UNV-W,,01t6A000000arLJQAY,0016A00000JqrTHQAZ,a0F2K00000PWNVQUA5,47.3,52.030000,UPDATE,,
SBQQ__ContractedPrice__c,DAV162270-PAP-UNV-W,,01t6A000000arLJQAY,0016A00000JqrfjQAB,a0F2K00000PWMtRUAX,47.3,52.030000,UPDATE,,
SBQQ__ContractedPrice__c,GEM306500-PAP-UNV-W,,01t6A000000arLJQAY,0018V00002g4ymeQAA,,,52.030000,INSERT,,
SBQQ__ContractedPrice__c,PRO719942-PAP-UNV-W,,01t6A000000arLJQAY,0016A00000JqrGDQAZ,a0F2K00000PWNoCUAX,47.3,52.030000,UPDATE,,
SBQQ__ContractedPrice__c,UIS877060-PAP-UNV-W,,01t6A000000arLJQAY,0016A00000JqrIWQAZ,a0F2K00000PWOLTUA5,47.3,52.030000,UPDATE,,
SBQQ__ContractedPrice__c,PEE084585-PAP-UNV-W,,01t6A000000arLJQAY,0016A00000JqrrcQAB,,,13.860000,INSERT,,
SBQQ__ContractedPrice__c,KOA423384-PAP-UNV-W,,01t6A000000arLJQAY,0016A00000gs0dRQAQ,a0F2K00000PWNLdUAP,47.3,52.030000,UPDATE,,
SBQQ__ContractedPrice__c,SIE790298-PAP-UNV-W,,01t6A000000arLJQAY,0016A00000JqrA6QAJ,a0F2K00000PWNxnUAH,47.3,52.030000,UPDATE,,
SBQQ__ContractedPrice__c,PEE084585-KIL655-35D,,01t6A000000aru9QAA,0016A00000JqrrcQAB,a0FPW00000WmbIZ2AZ,729.54,663.220000,UPDATE,,
SBQQ__ContractedPrice__c,CAS131679-KIL655-35D,,01t6A000000aru9QAA,001PW00000iFUdzYAG,a0FPW00000WmgVc2AJ,1047.0,1152.000000,UPDATE,,
SBQQ__ContractedPrice__c,CAS131679-KIL655-35D-S,,01t6A000000aru8QAA,001PW00000iFUdzYAG,a0FPW00000WmgVe2AJ,1047.0,1152.000000,UPDATE,,
SBQQ__ContractedPrice__c,PEE084585-KIL655-35D-S,,01t6A000000aru8QAA,0016A00000JqrrcQAB,a0FPW00000WmbIc2AJ,729.54,663.220000,UPDATE,,
SBQQ__ContractedPrice__c,PEE084585-KIP540B-3-EUK,,01t6A000000arWGQAY,0016A00000JqrrcQAB,a0FPW00000WmbJB2AZ,871.9,792.640000,UPDATE,,
SBQQ__ContractedPrice__c,PEE084585-KIP540B-S,,01t6A000000asnNQAQ,0016A00000JqrrcQAB,a0FPW00000WmbJD2AZ,919.94,836.310000,UPDATE,,
SBQQ__ContractedPrice__c,PEE084585-KIP542B-S-3-EUK,,01t6A000000arZhQAI,0016A00000JqrrcQAB,a0FPW00000WmbJP2AZ,876.77,797.060000,UPDATE,,
SBQQ__ContractedPrice__c,CAS131664-MOD-FPSKIT150-B,,01t6A000000atEzQAI,0016A00000JqrfSQAR,a0FPW00000WmYP52AN,365.0,366.000000,UPDATE,,
SBQQ__ContractedPrice__c,PEE084585-MOD-MBL,,01t6A000000aqiKQAQ,0016A00000JqrrcQAB,a0FPW00000WmbO82AJ,92.71,84.280000,UPDATE,,
SBQQ__ContractedPrice__c,CAS131679-MOD-MBL,,01t6A000000aqiKQAQ,001PW00000iFUdzYAG,a0FPW00000WmYfA2AV,135.0,135.000000,UPDATE,,
SBQQ__ContractedPrice__c,CAS131679-PANA-103MTV,,01t6A000000atQxQAI,001PW00000iFUdzYAG,a0FPW00000WmgWI2AZ,1066.0,1173.000000,UPDATE,,
SBQQ__ContractedPrice__c,PEE084585-PANA-103MTV,,01t6A000000atQxQAI,0016A00000JqrrcQAB,a0FPW00000WmJFe2AN,328.9,299.000000,UPDATE,,
SBQQ__ContractedPrice__c,CAS131664-PANA-103MTV,,01t6A000000atQxQAI,0016A00000JqrfSQAR,a0FPW00000WmgTy2AJ,3230.0,3554.000000,UPDATE,,
SBQQ__ContractedPrice__c,PEE084585-PEWS320/BK,,01t6A000000asuAQAQ,0016A00000JqrrcQAB,a0FPW00000WmJG42AN,24.42,22.200000,UPDATE,,
SBQQ__ContractedPrice__c,PIO708563-PAP-UNV-W,,01t6A000000arLJQAY,0016A00000Jqr7hQAB,a0F2K00000PWNf1UAH,47.3,52.030000,UPDATE,,
SBQQ__ContractedPrice__c,PEE084585-PE1120-W,,01t6A000000arewQAA,0016A00000JqrrcQAB,a0FPW00000WmJG22AN,231.53,210.480000,UPDATE,,
SBQQ__ContractedPrice__c,CAS131664-PE1120-W,,01t6A000000arewQAA,0016A00000JqrfSQAR,a0FPW00000WmBIR2A3,960.0,960.000000,UPDATE,,
SBQQ__ContractedPrice__c,CAS131679-PE1120-W,,01t6A000000arewQAA,001PW00000iFUdzYAG,a0FPW00000WmYg52AF,315.0,315.000000,UPDATE,,
SBQQ__ContractedPrice__c,STV283347-PJF2-1-S,,01t6A000000at6cQAA,0016A00000JqrfvQAB,a0F2K00000PWNCEUA5,49.88,54.870000,UPDATE,,
SBQQ__ContractedPrice__c,ELE232234-PJF2-1-S,,01t6A000000at6cQAA,MISSING,,,54.870000,SKIP,,AcctCD 'ELE232234' not found in Account.Account_Number__c
SBQQ__ContractedPrice__c,CAS131679-DS-LEDTK-24VX8S,,01t2K00000ApKlsQAF,001PW00000iFUdzYAG,a0FPW00000WmgUv2AJ,3469.0,3816.000000,UPDATE,,
SBQQ__ContractedPrice__c,PEE084585-DS-LEDTK-24VX8S,,01t2K00000ApKlsQAF,0016A00000JqrrcQAB,a0FPW00000WmhDP2AZ,1348.16,1348.160000,UPDATE,,
SBQQ__ContractedPrice__c,PEE084585-ODTV5502-B,,01t2K00000Aow0vQAB,0016A00000JqrrcQAB,a0FPW00000WmbOj2AJ,497.43,452.210000,UPDATE,,
SBQQ__ContractedPrice__c,PEE084585-ODTV7502-TS,,01t2K00000Aow3QQAR,0016A00000JqrrcQAB,a0FPW00000WmhNj2AJ,1670.76,1670.760000,UPDATE,,
SBQQ__ContractedPrice__c,PEE084585-T6X4,,01t2K00000ApcXwQAJ,0016A00000JqrrcQAB,a0FPW00000WmbV82AJ,10.15,9.230000,UPDATE,,
SBQQ__ContractedPrice__c,CAS131679-T6X4,,01t2K00000ApcXwQAJ,001PW00000iFUdzYAG,a0FPW00000WmYkK2AV,25.0,25.000000,UPDATE,,
SBQQ__ContractedPrice__c,CAS131679-T8X4,,01t2K00000ApcWaQAJ,001PW00000iFUdzYAG,a0FPW00000WmYkL2AV,26.0,26.000000,UPDATE,,
SBQQ__ContractedPrice__c,PEE084585-KIP542-GOLD,,01t6A000000arVPQAY,0016A00000JqrrcQAB,a0FPW00000WmbJQ2AZ,976.4,887.640000,UPDATE,,
SBQQ__ContractedPrice__c,PEE084585-KIP546-TW,,01t6A000000argSQAQ,0016A00000JqrrcQAB,a0FPW00000WmbJf2AJ,890.13,809.210000,UPDATE,,
SBQQ__ContractedPrice__c,PEE084585-KIP547,,01t6A000000asm3QAA,0016A00000JqrrcQAB,a0FPW00000WmbJh2AJ,800.17,727.430000,UPDATE,,
SBQQ__ContractedPrice__c,PEE084585-KIP547B-3-EUK,,01t6A000000arZkQAI,0016A00000JqrrcQAB,a0FPW00000WmbJk2AJ,854.93,777.210000,UPDATE,,
SBQQ__ContractedPrice__c,PEE084585-KIP547B-S,,01t6A000000asnTQAQ,0016A00000JqrrcQAB,a0FPW00000WmbJl2AJ,824.96,749.960000,UPDATE,,
SBQQ__ContractedPrice__c,PEE084585-KIP555B-EUK,,01t6A000000ar98QAA,0016A00000JqrrcQAB,a0FPW00000WmbJs2AJ,919.12,835.560000,UPDATE,,
SBQQ__ContractedPrice__c,PEE084585-KIP586-2LG-EUK,,01t6A000000atRkQAI,0016A00000JqrrcQAB,a0FPW00000WmbJx2AJ,939.22,853.840000,UPDATE,,
SBQQ__ContractedPrice__c,ALA030667-PJF2-1-S,,01t6A000000at6cQAA,0016A00000JqraWQAR,a0F2K00000PWM98UAH,49.88,54.870000,UPDATE,,
SBQQ__ContractedPrice__c,DAV162270-PJF2-1-S,,01t6A000000at6cQAA,0016A00000JqrfjQAB,a0F2K00000PWMtcUAH,49.88,54.870000,UPDATE,,
SBQQ__ContractedPrice__c,MOU586100-PJF2-1-S,,01t6A000000at6cQAA,0016A00000JqrTHQAZ,a0F2K00000PWNVbUAP,49.88,54.870000,UPDATE,,
SBQQ__ContractedPrice__c,UIS877060-PJF2-1-S,,01t6A000000at6cQAA,0016A00000JqrIWQAZ,a0F2K00000PWOLeUAP,49.88,54.870000,UPDATE,,
SBQQ__ContractedPrice__c,PRO719942-PJF2-1-S,,01t6A000000at6cQAA,0016A00000JqrGDQAZ,a0F2K00000PWNoNUAX,49.88,54.870000,UPDATE,,
SBQQ__ContractedPrice__c,GEM306500-PJF2-1-S,,01t6A000000at6cQAA,0018V00002g4ymeQAA,,,54.870000,INSERT,,
SBQQ__ContractedPrice__c,PEE084585-PJF2-1-S,,01t6A000000at6cQAA,0016A00000JqrrcQAB,,,21.340000,INSERT,,
SBQQ__ContractedPrice__c,PIO708563-PJF2-1-S,,01t6A000000at6cQAA,0016A00000Jqr7hQAB,a0F2K00000PWNfCUAX,49.88,54.870000,UPDATE,,
SBQQ__ContractedPrice__c,SIE790298-PJF2-1-S,,01t6A000000at6cQAA,0016A00000JqrA6QAJ,a0F2K00000PWNxyUAH,49.88,54.870000,UPDATE,,
SBQQ__ContractedPrice__c,KOA423384-PJF2-1-S,,01t6A000000at6cQAA,0016A00000gs0dRQAQ,a0F2K00000PWNLoUAP,49.88,54.870000,UPDATE,,
SBQQ__ContractedPrice__c,PEE084585-PJF2-258,,01t6A000000ar5rQAA,0016A00000JqrrcQAB,a0FPW00000WmJGH2A3,39.91,36.280000,UPDATE,,
SBQQ__ContractedPrice__c,PEE084585-PJR125,,01t6A000002i3VQQAY,0016A00000JqrrcQAB,a0FPW00000WmJGJ2A3,95.51,86.830000,UPDATE,,
SBQQ__ContractedPrice__c,CAS131664-PJR125,,01t6A000002i3VQQAY,0016A00000JqrfSQAR,a0FPW00000WmBIY2A3,492.0,492.000000,UPDATE,,
SBQQ__ContractedPrice__c,PEE084585-KIP586-3LG-S,,01t6A000000arIPQAY,0016A00000JqrrcQAB,a0FPW00000WmfoR2AR,913.64,913.640000,UPDATE,,
SBQQ__ContractedPrice__c,PEE084585-KIP586-3LG-S-EUK,,01t6A000000atRmQAI,0016A00000JqrrcQAB,a0FPW00000WmbK22AJ,982.45,893.140000,UPDATE,,
SBQQ__ContractedPrice__c,PEE084585-KIP586-4LG-S,,01t6A000000aruFQAQ,0016A00000JqrrcQAB,a0FPW00000WmhE82AJ,1046.61,1046.610000,UPDATE,,
SBQQ__ContractedPrice__c,PEE084585-KIP755-S-EUK,,01t6A000000asJLQAY,0016A00000JqrrcQAB,a0FPW00000WmbKR2AZ,591.6,537.820000,UPDATE,,
SBQQ__ContractedPrice__c,PEE084585-KIPC2540B-S,,01t6A000000at2dQAA,0016A00000JqrrcQAB,a0FPW00000WmhEA2AZ,1085.77,1085.770000,UPDATE,,
SBQQ__ContractedPrice__c,PEE084585-KIPC2542B-3,,01t6A000000assnQAA,0016A00000JqrrcQAB,a0FPW00000WmhEB2AZ,1078.37,1078.370000,UPDATE,,
SBQQ__ContractedPrice__c,PEE084585-KIPC2555B-3-RAL5023,,01t2K000006NXo3QAG,0016A00000JqrrcQAB,a0FPW00000WmhEF2AZ,1084.68,1084.680000,UPDATE,,
SBQQ__ContractedPrice__c,CAS131679-PJR125,,01t6A000002i3VQQAY,001PW00000iFUdzYAG,a0FPW00000WmYgC2AV,162.0,162.000000,UPDATE,,
SBQQ__ContractedPrice__c,CAS131679-PJR125-POR,,01t6A000002i3VaQAI,001PW00000iFUdzYAG,a0FPW00000WmYgD2AV,202.0,202.000000,UPDATE,,
SBQQ__ContractedPrice__c,CAS131664-PJR125-POR,,01t6A000002i3VaQAI,0016A00000JqrfSQAR,a0FPW00000WmBIZ2A3,618.0,619.000000,UPDATE,,
SBQQ__ContractedPrice__c,PEE084585-PJR125-POR,,01t6A000002i3VaQAI,0016A00000JqrrcQAB,a0FPW00000WmJGK2A3,122.17,111.060000,UPDATE,,
SBQQ__ContractedPrice__c,PEE084585-PRG-UNV,,01t6A000000arWqQAI,0016A00000JqrrcQAB,a0FPW00000WmJHC2A3,60.54,55.040000,UPDATE,,
SBQQ__ContractedPrice__c,CAS131664-PRG-UNV,,01t6A000000arWqQAI,0016A00000JqrfSQAR,a0FPW00000WmBJL2A3,303.0,302.000000,UPDATE,,
SBQQ__ContractedPrice__c,CAS131679-PRG-UNV,,01t6A000000arWqQAI,001PW00000iFUdzYAG,a0FPW00000WmYgn2AF,102.0,102.000000,UPDATE,,
SBQQ__ContractedPrice__c,PEE084585-KIPC2555-G,,01t2K000006MCqcQAG,0016A00000JqrrcQAB,a0FPW00000WmhMv2AJ,1212.26,1212.260000,UPDATE,,
SBQQ__ContractedPrice__c,PEE084585-KIPC2555-MW,,01t6A000000aqo9QAA,0016A00000JqrrcQAB,,,885.620000,INSERT,,
SBQQ__ContractedPrice__c,PEE084585-KIPC2565B,,01t6A000000aqugQAA,0016A00000JqrrcQAB,a0FPW00000WmhN02AJ,1362.43,1362.430000,UPDATE,,
SBQQ__ContractedPrice__c,CAS131679-KIPC2565B,,01t6A000000aqugQAA,001PW00000iFUdzYAG,a0FPW00000WmgVx2AJ,1816.0,2205.280000,UPDATE,,
SBQQ__ContractedPrice__c,CAS131679-KIPC2565B-S-3,,01t6A000000ar6bQAA,001PW00000iFUdzYAG,a0FPW00000WmgW02AJ,2018.0,2361.560000,UPDATE,,
SBQQ__ContractedPrice__c,PEE084585-KIPC2565B-S-3,,01t6A000000ar6bQAA,0016A00000JqrrcQAB,a0FPW00000WmhN32AJ,1404.99,1404.990000,UPDATE,,
SBQQ__ContractedPrice__c,PEE084585-KIPC2565-S,,01t6A000000arn2QAA,0016A00000JqrrcQAB,a0FPW00000WmhN42AJ,1214.58,1214.580000,UPDATE,,
SBQQ__ContractedPrice__c,PEE084585-PROST32ADP,,01t6A000000ase8QAA,0016A00000JqrrcQAB,,,40.840000,INSERT,,
SBQQ__ContractedPrice__c,PEE084585-SLWS451/BK,,01t6A000000asToQAI,0016A00000JqrrcQAB,a0FPW00000WmbQh2AJ,150.48,136.800000,UPDATE,,
SBQQ__ContractedPrice__c,PEE084585-SOTV65,,01t2K000006StkFQAS,0016A00000JqrrcQAB,a0FPW00000WmhNo2AJ,1233.98,1233.980000,UPDATE,,
SBQQ__ContractedPrice__c,PEE084585-TRWV120/BK,,01t6A000000armXQAQ,0016A00000JqrrcQAB,a0FPW00000WmbVH2AZ,5.52,5.020000,UPDATE,,
SBQQ__ContractedPrice__c,PEE084585-KIL755-S-EUK-ACL,,01t2K00000AoIBnQAN,0016A00000JqrrcQAB,a0FPW00000WmbIi2AJ,774.81,704.370000,UPDATE,,
SBQQ__ContractedPrice__c,PEE084585-KIPC2555B-S-3-WHL,,01t2K00000ChVy3QAF,0016A00000JqrrcQAB,a0FPW00000WmhMr2AJ,1414.89,1414.890000,UPDATE,,
SBQQ__ContractedPrice__c,CAS131679-KIPC2555B-S-3-WHL,,01t2K00000ChVy3QAF,001PW00000iFUdzYAG,a0FPW00000WmgVq2AJ,2552.0,2807.000000,UPDATE,,
SBQQ__ContractedPrice__c,PEE084585-T8X4,,01t2K00000ApcWaQAJ,0016A00000JqrrcQAB,a0FPW00000WmbV92AJ,11.09,10.080000,UPDATE,,
SBQQ__ContractedPrice__c,PEE084585-753DNT1S-UA,,01t2K00000Ci0ArQAJ,0016A00000JqrrcQAB,,,1911.930000,INSERT,,
SBQQ__ContractedPrice__c,PEE084585-ACCD-DC553,,01t2K00000ChukIQAR,0016A00000JqrrcQAB,a0FPW00000WmbAx2AJ,18.08,16.440000,UPDATE,,
SBQQ__ContractedPrice__c,CAS131679-ACCD-DC553,,01t2K00000ChukIQAR,001PW00000iFUdzYAG,a0FPW00000WmYTx2AN,31.0,31.000000,UPDATE,,
SBQQ__ContractedPrice__c,CAS131678-ACCD-DC553,,01t2K00000ChukIQAR,001PW00000hyoAvYAI,,,89.000000,INSERT,,
SBQQ__ContractedPrice__c,CAS131664-ACCD-DC553,,01t2K00000ChukIQAR,0016A00000JqrfSQAR,a0FPW00000WmYFi2AN,75.0,87.000000,UPDATE,,
SBQQ__ContractedPrice__c,CAS131679-ACCD-REM03,,01t8V000008plFOQAY,001PW00000iFUdzYAG,a0FPW00000WmYU32AN,33.0,33.000000,UPDATE,,
SBQQ__ContractedPrice__c,CAS131679-KIPC2565-S,,01t6A000000arn2QAA,001PW00000iFUdzYAG,a0FPW00000WmgW12AJ,1676.0,1990.560000,UPDATE,,
SBQQ__ContractedPrice__c,PEE084585-KIT-LED41009,,01t2K000006X9weQAC,0016A00000JqrrcQAB,a0FPW00000WmbKU2AZ,79.83,72.570000,UPDATE,,
SBQQ__ContractedPrice__c,PEE084585-KIT-LEDA27O,,01t2K000006S2L6QAK,0016A00000JqrrcQAB,a0FPW00000WmbKW2AZ,20.36,18.510000,UPDATE,,
SBQQ__ContractedPrice__c,CAS131679-KLR64255,,01t2K000006KEIQQA4,001PW00000iFUdzYAG,a0FPW00000WmYWe2AN,932.0,932.000000,UPDATE,,
SBQQ__ContractedPrice__c,PEE084585-KLR64255,,01t2K000006KEIQQA4,0016A00000JqrrcQAB,a0FPW00000WmbKa2AJ,515.5,468.640000,UPDATE,,
SBQQ__ContractedPrice__c,PEE084585-L20PNWALL90EU,,01t6A000000aquzQAA,0016A00000JqrrcQAB,a0FPW00000WmbKi2AJ,55.31,50.280000,UPDATE,,
SBQQ__ContractedPrice__c,PEE084585-MIS-38084-73,,01t2K000006NXntQAG,0016A00000JqrrcQAB,a0FPW00000WmbMN2AZ,66.77,60.700000,UPDATE,,
SBQQ__ContractedPrice__c,PEE084585-MIS-40512,,01t2K000006S2E5QAK,0016A00000JqrrcQAB,a0FPW00000WmhNM2AZ,1132.81,1132.810000,UPDATE,,
SBQQ__ContractedPrice__c,PEE084585-MIS621,,01t6A000000atF9QAI,0016A00000JqrrcQAB,a0FPW00000WmbMb2AJ,127.36,115.780000,UPDATE,,
SBQQ__ContractedPrice__c,PEE084585-MOD-PRGSKIT150-B,,01t6A000000as2lQAA,0016A00000JqrrcQAB,a0FPW00000WmbOX2AZ,115.2,104.730000,UPDATE,,
SBQQ__ContractedPrice__c,CAS131679-MOD-PRGSKIT150-B,,01t6A000000as2lQAA,001PW00000iFUdzYAG,a0FPW00000WmYfV2AV,132.0,141.390000,UPDATE,,
SBQQ__ContractedPrice__c,CAS131664-MOD-PRGSKIT150-B,,01t6A000000as2lQAA,0016A00000JqrfSQAR,a0FPW00000WmYPI2A3,404.0,404.000000,UPDATE,,
SBQQ__ContractedPrice__c,PEE084585-ODTV6502,,01t2K000006StkYQAS,0016A00000JqrrcQAB,a0FPW00000WmhNa2AJ,1174.68,1174.680000,UPDATE,,
SBQQ__ContractedPrice__c,PEE084585-OWMAM,,01t6A000000b2ohQAA,0016A00000JqrrcQAB,a0FPW00000WmbOs2AJ,106.22,96.560000,UPDATE,,
SBQQ__ContractedPrice__c,PEE084585-ACCD-REM03,,01t8V000008plFOQAY,0016A00000JqrrcQAB,a0FPW00000WmbB52AJ,26.06,23.690000,UPDATE,,
SBQQ__ContractedPrice__c,PEE084585-ACCKV139-V4,,01t2K00000CgQwiQAF,0016A00000JqrrcQAB,a0FPW00000WmbBY2AZ,138.15,125.590000,UPDATE,,
SBQQ__ContractedPrice__c,PEE084585-BIHI-ACCFR,,01t2K00000ApvCfQAJ,0016A00000JqrrcQAB,a0FPW00000WmbDI2AZ,44.0,40.000000,UPDATE,,
SBQQ__ContractedPrice__c,PEE084585-COTV7503,,01t2K00000Chuk3QAB,0016A00000JqrrcQAB,,,1839.110000,INSERT,,
SBQQ__ContractedPrice__c,PEE084585-DEV-KLR64255,,01t2K00000Chg1BQAR,0016A00000JqrrcQAB,a0FPW00000Wm4iJ2AR,515.41,468.550000,UPDATE,,
SBQQ__ContractedPrice__c,PEE084585-DS-LEDIER-15X5,,01t2K00000CgliqQAB,0016A00000JqrrcQAB,a0FPW00000WmhCM2AZ,3315.85,3315.850000,UPDATE,,
SBQQ__ContractedPrice__c,PEE084585-DS-LEDLSAA-12X4,,01t2K00000Chpg5QAB,0016A00000JqrrcQAB,a0FPW00000WmhCe2AJ,2484.12,2484.120000,UPDATE,,
SBQQ__ContractedPrice__c,PEE084585-ACCKV132A,,01t2K00000AowChQAJ,0016A00000JqrrcQAB,a0FPW00000WmbBR2AZ,293.51,266.830000,UPDATE,,
SBQQ__ContractedPrice__c,PEE084585-CO-SH55,,01t2K00000AofVmQAJ,0016A00000JqrrcQAB,a0FPW00000Wmb4J2AR,0.01,0.010000,UPDATE,,
SBQQ__ContractedPrice__c,PEE084585-DS-LEDTK-12VX5S,,01t8V000008YtkiQAC,0016A00000JqrrcQAB,a0FPW00000Wm4j22AB,822.14,747.400000,UPDATE,,
SBQQ__ContractedPrice__c,CAS131679-DS-LEDTK-12VX5S,,01t8V000008YtkiQAC,001PW00000iFUdzYAG,a0FPW00000WmgUZ2AZ,1819.0,2001.000000,UPDATE,,
SBQQ__ContractedPrice__c,CAS131679-DS-LEDTK-6VX5S,,01t2K00000CgaC8QAJ,001PW00000iFUdzYAG,a0FPW00000WmgVB2AZ,1479.0,1627.000000,UPDATE,,
SBQQ__ContractedPrice__c,PEE084585-DS-LEDTK-6VX5S,,01t2K00000CgaC8QAJ,0016A00000JqrrcQAB,a0FPW00000WmbEF2AZ,566.19,514.720000,UPDATE,,
SBQQ__ContractedPrice__c,PEE084585-ODTV7502-B,,01t2K00000Aow1QQAR,0016A00000JqrrcQAB,a0FPW00000WmbOq2AJ,918.92,835.380000,UPDATE,,
SBQQ__ContractedPrice__c,CAS131664-OWMAM,,01t6A000000b2ohQAA,0016A00000JqrfSQAR,a0FPW00000WmBIE2A3,568.0,505.000000,UPDATE,,
SBQQ__ContractedPrice__c,CAS131679-OWMAM,,01t6A000000b2ohQAA,001PW00000iFUdzYAG,a0FPW00000WmYff2AF,172.0,172.000000,UPDATE,,
SBQQ__ContractedPrice__c,CAS131678-OWMAM,,01t6A000000b2ohQAA,001PW00000hyoAvYAI,,,349.000000,INSERT,,
SBQQ__ContractedPrice__c,PEE084585-PAP250-CHRISTIE2,,01t6A000002hV9xQAE,0016A00000JqrrcQAB,a0FPW00000WmJFk2AN,77.72,70.650000,UPDATE,,
SBQQ__ContractedPrice__c,CAS131679-PAP250-CHRISTIE2,,01t6A000002hV9xQAE,001PW00000iFUdzYAG,a0FPW00000WmYfr2AF,151.0,151.000000,UPDATE,,
SBQQ__ContractedPrice__c,CAS131679-PAP250-DP1,,01t6A000002ZbU1QAK,001PW00000iFUdzYAG,a0FPW00000WmYft2AF,108.0,108.000000,UPDATE,,
SBQQ__ContractedPrice__c,PEE084585-PEWS420/BK,,01t6A000000asuBQAQ,0016A00000JqrrcQAB,a0FPW00000WmJG62AN,28.38,25.800000,UPDATE,,
SBQQ__ContractedPrice__c,CAS131664-PLA50-UNL,,01t6A000000atR2QAI,0016A00000JqrfSQAR,a0FPW00000WmBIc2AN,682.0,682.000000,UPDATE,,
SBQQ__ContractedPrice__c,PEE084585-PLA50-UNL,,01t6A000000atR2QAI,0016A00000JqrrcQAB,a0FPW00000WmJGP2A3,210.44,191.310000,UPDATE,,
SBQQ__ContractedPrice__c,PEE084585-PLA60,,01t6A000000as8OQAQ,0016A00000JqrrcQAB,a0FPW00000WmJGS2A3,193.33,175.750000,UPDATE,,
SBQQ__ContractedPrice__c,CAS131664-PLA60,,01t6A000000as8OQAQ,0016A00000JqrfSQAR,a0FPW00000WmBIf2AN,593.0,593.000000,UPDATE,,
SBQQ__ContractedPrice__c,CAS131664-PLA60-UNLP,,01t6A000000arKjQAI,0016A00000JqrfSQAR,a0FPW00000WmBIh2AN,758.0,758.000000,UPDATE,,
SBQQ__ContractedPrice__c,PEE084585-PAP250-DP1,,01t6A000002ZbU1QAK,0016A00000JqrrcQAB,a0FPW00000WmJFm2AN,54.92,49.930000,UPDATE,,
SBQQ__ContractedPrice__c,PEE084585-PCASXJMK100-W,,01t6A000000atFjQAI,0016A00000JqrrcQAB,a0FPW00000WmJFx2AN,78.32,71.200000,UPDATE,,
SBQQ__ContractedPrice__c,PEE084585-PEWS610/BK,,01t6A000000atWrQAI,0016A00000JqrrcQAB,a0FPW00000WmJG82AN,57.43,52.210000,UPDATE,,
SBQQ__ContractedPrice__c,PEE084585-PRMA250,,01t6A000000asz3QAA,0016A00000JqrrcQAB,a0FPW00000WmbPR2AZ,25.77,23.430000,UPDATE,,
SBQQ__ContractedPrice__c,PEE084585-PRMP140,,01t6A000000ar6PQAQ,0016A00000JqrrcQAB,a0FPW00000WmbPf2AJ,12.88,11.710000,UPDATE,,
SBQQ__ContractedPrice__c,PEE084585-PRMT120,,01t6A000000ar6OQAQ,0016A00000JqrrcQAB,a0FPW00000WmbPk2AJ,7.92,7.200000,UPDATE,,
SBQQ__ContractedPrice__c,PEE084585-TRFT650,,01t2K000006SneEQAS,0016A00000JqrrcQAB,a0FPW00000WmbVD2AZ,15.16,13.780000,UPDATE,,
SBQQ__ContractedPrice__c,PEE084585-DS-LEDLSCB-3X3,,01t2K00000CgtMWQAZ,0016A00000JqrrcQAB,a0FPW00000Wm4is2AB,925.86,841.690000,UPDATE,,
SBQQ__ContractedPrice__c,PEE084585-DS-LEDTK-13VX6S,,01t2K00000CfeCuQAJ,0016A00000JqrrcQAB,a0FPW00000Wm4j62AB,941.97,856.340000,UPDATE,,
SBQQ__ContractedPrice__c,CAS131679-DS-LEDTK-13VX6S,,01t2K00000CfeCuQAJ,001PW00000iFUdzYAG,a0FPW00000WmgUd2AJ,2154.0,2369.000000,UPDATE,,
SBQQ__ContractedPrice__c,CAS131679-DS-LEDTK-18VX10S,,01t2K00000ApcXPQAZ,001PW00000iFUdzYAG,a0FPW00000WmgUm2AJ,2790.0,3069.000000,UPDATE,,
SBQQ__ContractedPrice__c,PEE084585-DS-LEDTK-18VX10S,,01t2K00000ApcXPQAZ,0016A00000JqrrcQAB,a0FPW00000WmhDC2AZ,1128.67,1128.670000,UPDATE,,
SBQQ__ContractedPrice__c,PEE084585-DS-LEDTK-19VX6S,,01t2K00000CfuzoQAB,0016A00000JqrrcQAB,a0FPW00000WmhDE2AZ,1089.02,1089.020000,UPDATE,,
SBQQ__ContractedPrice__c,PEE084585-DS-LEDTK-28VX8S,,01t2K00000Chg9jQAB,0016A00000JqrrcQAB,a0FPW00000WmhDT2AZ,1487.07,1487.070000,UPDATE,,
SBQQ__ContractedPrice__c,PEE084585-TRWV210/BK,,01t6A000000aqxuQAA,0016A00000JqrrcQAB,a0FPW00000WmbVI2AZ,7.34,6.670000,UPDATE,,
SBQQ__ContractedPrice__c,PEE084585-KIPC2555-S-WHL,,01t2K00000CgmZzQAJ,0016A00000JqrrcQAB,a0FPW00000WmhMx2AJ,1297.8,1297.800000,UPDATE,,
SBQQ__ContractedPrice__c,CAS131679-KIPC2555-S-WHL,,01t2K00000CgmZzQAJ,001PW00000iFUdzYAG,a0FPW00000WmgVu2AJ,2368.0,2605.000000,UPDATE,,
SBQQ__ContractedPrice__c,PEE084585-MIS41721,,01t2K00000AoY4PQAV,0016A00000JqrrcQAB,a0FPW00000WmbMS2AZ,69.64,63.310000,UPDATE,,
SBQQ__ContractedPrice__c,PEE084585-CO-SH75,,01t2K00000AofVoQAJ,0016A00000JqrrcQAB,a0FPW00000Wmb4L2AR,0.01,0.010000,UPDATE,,
SBQQ__ContractedPrice__c,PEE084585-LCT650SD,,01t2K00000AowCNQAZ,0016A00000JqrrcQAB,a0FPW00000WmbKt2AJ,92.99,84.540000,UPDATE,,
SBQQ__ContractedPrice__c,PEE084585-553DNT1S-UA,,01t2K00000Ci0AsQAJ,0016A00000JqrrcQAB,a0FPW00000Wmh4n2AB,1065.31,1065.310000,UPDATE,,
SBQQ__ContractedPrice__c,PEE084585-653DNT1S-UA,,01t2K00000Ci0AwQAJ,0016A00000JqrrcQAB,a0FPW00000Wmh4r2AB,1331.46,1331.460000,UPDATE,,
SBQQ__ContractedPrice__c,PEE084585-ACCKV135,,01t2K00000Aq96GQAR,0016A00000JqrrcQAB,a0FPW00000WmbBU2AZ,244.61,222.370000,UPDATE,,
SBQQ__ContractedPrice__c,PEE084585-ACCKV139-V3,,01t2K00000CgQwdQAF,0016A00000JqrrcQAB,a0FPW00000WmbBX2AZ,162.91,148.100000,UPDATE,,
SBQQ__ContractedPrice__c,PEE084585-ACCKV-HCS50,,01t2K00000CfpnUQAR,0016A00000JqrrcQAB,a0FPW00000WmbBh2AJ,50.03,45.480000,UPDATE,,
SBQQ__ContractedPrice__c,PEE084585-ACC-V1500X,,01t2K00000ChukmQAB,0016A00000JqrrcQAB,a0FPW00000WmbCG2AZ,88.59,80.540000,UPDATE,,
SBQQ__ContractedPrice__c,CAS131679-ACC-V1500X,,01t2K00000ChukmQAB,001PW00000iFUdzYAG,a0FPW00000WmYUb2AN,155.0,155.000000,UPDATE,,
SBQQ__ContractedPrice__c,PEE084585-PLA60-UNLP,,01t6A000000arKjQAI,0016A00000JqrrcQAB,a0FPW00000WmJGU2A3,237.5,215.910000,UPDATE,,
SBQQ__ContractedPrice__c,PEE084585-PLAV60-UNL,,01t6A000000aruZQAQ,0016A00000JqrrcQAB,a0FPW00000WmJGX2A3,279.93,254.480000,UPDATE,,
SBQQ__ContractedPrice__c,CAS131664-PLAV60-UNL,,01t6A000000aruZQAQ,0016A00000JqrfSQAR,a0FPW00000WmBIk2AN,846.0,846.000000,UPDATE,,
SBQQ__ContractedPrice__c,PEE084585-PLAV70,,01t6A000000aruYQAQ,0016A00000JqrrcQAB,,,363.170000,INSERT,,
SBQQ__ContractedPrice__c,PEE084585-PLCK-1,,01t6A000000aqoXQAQ,0016A00000JqrrcQAB,a0FPW00000WmJGb2AN,65.64,59.670000,UPDATE,,
SBQQ__ContractedPrice__c,CAS131679-PLCK-1,,01t6A000000aqoXQAQ,001PW00000iFUdzYAG,a0FPW00000WmYgH2AV,113.0,113.000000,UPDATE,,
SBQQ__ContractedPrice__c,CAS131664-DS-LEDVST-10X5,,01tPW00000Etlg4YAB,0016A00000JqrfSQAR,,,12524.000000,INSERT,,
SBQQ__ContractedPrice__c,CAS131679-KOF-OPT-FAN,,01t2K00000CgGpaQAF,001PW00000iFUdzYAG,a0FPW00000WmYWg2AN,188.34,235.480000,UPDATE,,
SBQQ__ContractedPrice__c,PEE084585-KOF-OPT-FAN,,01t2K00000CgGpaQAF,0016A00000JqrrcQAB,a0FPW00000WmbKd2AJ,99.5,90.450000,UPDATE,,
SBQQ__ContractedPrice__c,PEE084585-KOF-OPT-SHELF,,01t2K00000CgGpbQAF,0016A00000JqrrcQAB,a0FPW00000WmbKg2AJ,17.19,15.630000,UPDATE,,
SBQQ__ContractedPrice__c,CAS131679-KOF-OPT-SHELF,,01t2K00000CgGpbQAF,001PW00000iFUdzYAG,a0FPW00000WmYWj2AN,32.0,32.000000,UPDATE,,
SBQQ__ContractedPrice__c,PEE084585-NT753,,01t2K00000ChrRrQAJ,0016A00000JqrrcQAB,a0FPW00000WmhNW2AZ,1914.14,1914.140000,UPDATE,,
SBQQ__ContractedPrice__c,PEE084585-ODTV5502-S,,01t2K00000AoxwWQAR,0016A00000JqrrcQAB,a0FPW00000WmbOl2AJ,646.66,587.870000,UPDATE,,
SBQQ__ContractedPrice__c,CAS131679-LCT650SD,,01t2K00000AowCNQAZ,001PW00000iFUdzYAG,a0FPW00000WmYeK2AV,249.0,249.000000,UPDATE,,
SBQQ__ContractedPrice__c,CAS131664-LCT650SD,,01t2K00000AowCNQAZ,0016A00000JqrfSQAR,a0FPW00000WmYOX2A3,795.0,796.000000,UPDATE,,
SBQQ__ContractedPrice__c,PEE084585-MIS42403-FP,,01t2K00000AoidrQAB,0016A00000JqrrcQAB,a0FPW00000WmbMT2AZ,3.95,3.590000,UPDATE,,
SBQQ__ContractedPrice__c,PEE084585-MIS42502,,01t2K00000AopjMQAR,0016A00000JqrrcQAB,a0FPW00000WmbMU2AZ,30.02,27.290000,UPDATE,,
SBQQ__ContractedPrice__c,PEE084585-ODTV5502-TS,,01t2K00000Aow0qQAB,0016A00000JqrrcQAB,a0FPW00000WmbOn2AJ,994.85,904.410000,UPDATE,,
SBQQ__ContractedPrice__c,PEE084585-ODTV6502-R,,01t2K00000Aow1PQAR,0016A00000JqrrcQAB,a0FPW00000WmhNb2AJ,1174.68,1174.680000,UPDATE,,
SBQQ__ContractedPrice__c,CAS131664-PLCK-1,,01t6A000000aqoXQAQ,0016A00000JqrfSQAR,a0FPW00000WmBIo2AN,340.0,340.000000,UPDATE,,
SBQQ__ContractedPrice__c,CAS131664-PLCM-1,,01t6A000000atXTQAY,0016A00000JqrfSQAR,a0FPW00000WmBIq2AN,315.0,315.000000,UPDATE,,
SBQQ__ContractedPrice__c,CAS131679-PLCM-1,,01t6A000000atXTQAY,001PW00000iFUdzYAG,a0FPW00000WmYgJ2AV,107.0,107.000000,UPDATE,,
SBQQ__ContractedPrice__c,PEE084585-PLCM-1,,01t6A000000atXTQAY,0016A00000JqrrcQAB,a0FPW00000WmJGd2AN,57.68,52.440000,UPDATE,,
SBQQ__ContractedPrice__c,PEE084585-PLP-NEC61,,01t6A000000asxWQAQ,0016A00000JqrrcQAB,a0FPW00000WmJGl2AN,72.83,66.210000,UPDATE,,
SBQQ__ContractedPrice__c,CAS131679-PLP-NEC61,,01t6A000000asxWQAQ,001PW00000iFUdzYAG,a0FPW00000WmYgQ2AV,119.0,119.000000,UPDATE,,
SBQQ__ContractedPrice__c,CAS131664-PLP-NEC61,,01t6A000000asxWQAQ,0016A00000JqrfSQAR,a0FPW00000WmBIx2AN,365.0,366.000000,UPDATE,,
SBQQ__ContractedPrice__c,CAS131679-PLP-V4X3,,01t6A000000areyQAA,001PW00000iFUdzYAG,a0FPW00000WmYgb2AF,55.0,55.000000,UPDATE,,
SBQQ__ContractedPrice__c,CAS131664-PLP-V4X3,,01t6A000000areyQAA,0016A00000JqrfSQAR,a0FPW00000WmBJA2A3,163.0,163.000000,UPDATE,,
SBQQ__ContractedPrice__c,PEE084585-PLP-V4X3,,01t6A000000areyQAA,0016A00000JqrrcQAB,a0FPW00000WmJGz2AN,43.62,39.650000,UPDATE,,
SBQQ__ContractedPrice__c,PEE084585-PLP-V6X4,,01t6A000000as8NQAQ,0016A00000JqrrcQAB,a0FPW00000WmJH22AN,45.27,41.150000,UPDATE,,
SBQQ__ContractedPrice__c,CAS131664-PLP-V6X4,,01t6A000000as8NQAQ,0016A00000JqrfSQAR,a0FPW00000WmBJD2A3,201.0,201.000000,UPDATE,,
SBQQ__ContractedPrice__c,PEE084585-PR560M,,01t2K000006XQXAQA4,0016A00000JqrrcQAB,,,89.720000,INSERT,,
SBQQ__ContractedPrice__c,PEE084585-PRMA4X4,,01t6A000000ar9CQAQ,0016A00000JqrrcQAB,a0FPW00000WmbPV2AZ,26.97,24.520000,UPDATE,,
SBQQ__ContractedPrice__c,PEE084585-ODTV6502-SD,,01t2K00000Aow1FQAR,0016A00000JqrrcQAB,a0FPW00000WmhNc2AJ,1174.68,1174.680000,UPDATE,,
SBQQ__ContractedPrice__c,PEE084585-407K81,,01t2K00000Ci2ceQAB,0016A00000JqrrcQAB,a0FPW00000WmUrK2AV,72.5,65.910000,UPDATE,,
SBQQ__ContractedPrice__c,PEE084585-ACCD-DC753,,01t2K00000ChukTQAR,0016A00000JqrrcQAB,a0FPW00000WmbAz2AJ,22.59,20.540000,UPDATE,,
SBQQ__ContractedPrice__c,CAS131679-ACCD-DC753,,01t2K00000ChukTQAR,001PW00000iFUdzYAG,a0FPW00000WmYTz2AN,55.0,55.000000,UPDATE,,
SBQQ__ContractedPrice__c,CAS131678-ACCD-DC753,,01t2K00000ChukTQAR,001PW00000hyoAvYAI,,,129.000000,INSERT,,
SBQQ__ContractedPrice__c,CAS131664-ACCD-DC753,,01t2K00000ChukTQAR,0016A00000JqrfSQAR,a0FPW00000WmYFk2AN,125.0,138.000000,UPDATE,,
SBQQ__ContractedPrice__c,PEE084585-ACCKV132B,,01t2K00000Ci35RQAR,0016A00000JqrrcQAB,a0FPW00000WmbBS2AZ,313.21,284.740000,UPDATE,,
SBQQ__ContractedPrice__c,CAS131664-ACC-V1500X,,01t2K00000ChukmQAB,0016A00000JqrfSQAR,a0FPW00000WmYGB2A3,466.0,467.000000,UPDATE,,
SBQQ__ContractedPrice__c,CAS131679-DS-LEDIER-6X3,,01t2K00000Cg1WAQAZ,001PW00000iFUdzYAG,a0FPW00000WmgUR2AZ,2290.0,2519.000000,UPDATE,,
SBQQ__ContractedPrice__c,PEE084585-DS-LEDIER-6X3,,01t2K00000Cg1WAQAZ,0016A00000JqrrcQAB,a0FPW00000WmhCT2AZ,1313.21,1313.210000,UPDATE,,
SBQQ__ContractedPrice__c,PEE084585-DS-LEDTK-15VX8S,,01t2K00000CgvMoQAJ,0016A00000JqrrcQAB,a0FPW00000Wmfo92AB,963.48,963.480000,UPDATE,,
SBQQ__ContractedPrice__c,PEE084585-DS-LEDUPS-8X3,,01t2K00000Cgz6rQAB,0016A00000JqrrcQAB,a0FPW00000WmhDs2AJ,1404.78,1404.780000,UPDATE,,
SBQQ__ContractedPrice__c,PEE084585-IMAL,,01t2K00000CgC2CQAV,0016A00000JqrrcQAB,a0FPW00000WmbHS2AZ,152.25,138.410000,UPDATE,,
SBQQ__ContractedPrice__c,CAS131679-IMAL,,01t2K00000CgC2CQAV,001PW00000iFUdzYAG,a0FPW00000WmYWY2A3,251.0,251.000000,UPDATE,,
SBQQ__ContractedPrice__c,PEE084585-ACCKV141,,01t2K00000CgswdQAB,0016A00000JqrrcQAB,a0FPW00000WmbBa2AJ,20.71,18.830000,UPDATE,,
SBQQ__ContractedPrice__c,PEE084585-BWPTV553,,01t2K00000ChujtQAB,0016A00000JqrrcQAB,a0FPW00000WmhBV2AZ,1073.93,1073.930000,UPDATE,,
SBQQ__ContractedPrice__c,PEE084585-BWPTV753,,01t2K00000ChujUQAR,0016A00000JqrrcQAB,,,1839.110000,INSERT,,
SBQQ__ContractedPrice__c,PEE084585-COTV5503,,01t2K00000ChujuQAB,0016A00000JqrrcQAB,a0FPW00000WmhBg2AJ,1073.93,1073.930000,UPDATE,,
SBQQ__ContractedPrice__c,PEE084585-DEV-KLR64255-GW,,01t8V000008bt65QAA,0016A00000JqrrcQAB,a0FPW00000Wm4iK2AR,515.5,468.640000,UPDATE,,
SBQQ__ContractedPrice__c,PEE084585-DS-LEDLSCB-5X7,,01t2K00000CgcIdQAJ,0016A00000JqrrcQAB,a0FPW00000WmhCv2AJ,1254.45,1254.450000,UPDATE,,
SBQQ__ContractedPrice__c,PEE084585-DS-LEDTK-48VX10S,,01t2K00000CgDclQAF,0016A00000JqrrcQAB,a0FPW00000WmhDd2AJ,2389.3,2389.300000,UPDATE,,
SBQQ__ContractedPrice__c,CAS131664-IMAL,,01t2K00000CgC2CQAV,0016A00000JqrfSQAR,a0FPW00000WmYMf2AN,758.0,758.000000,UPDATE,,
SBQQ__ContractedPrice__c,PEE084585-IPJ2000CM,,01t2K00000ApcSxQAJ,0016A00000JqrrcQAB,a0FPW00000WmbHU2AZ,167.95,152.680000,UPDATE,,
SBQQ__ContractedPrice__c,CAS131679-KIRP-XHB4-HT,,01t2K00000Chpf8QAB,001PW00000iFUdzYAG,,,3611.820000,INSERT,,
SBQQ__ContractedPrice__c,PEE084585-KIRP-XHB4-HT,,01t2K00000Chpf8QAB,0016A00000JqrrcQAB,a0FPW00000WmhN72AJ,3444.88,3444.880000,UPDATE,,
SBQQ__ContractedPrice__c,PEE084585-MIS999,,01t6A000000atBdQAI,0016A00000JqrrcQAB,a0FPW00000WmbNG2AZ,332.34,302.130000,UPDATE,,
SBQQ__ContractedPrice__c,PEE084585-NT653,,01t2K00000ChrRqQAJ,0016A00000JqrrcQAB,a0FPW00000WmhNS2AZ,1333.67,1333.670000,UPDATE,,
SBQQ__ContractedPrice__c,CAS131678-NT653,,01t2K00000ChrRqQAJ,001PW00000hyoAvYAI,,,2299.000000,INSERT,,
SBQQ__ContractedPrice__c,PEE084585-DS-LEDTK-6VX8S,,01t2K00000ApcSuQAJ,0016A00000JqrrcQAB,a0FPW00000WmbEG2AZ,661.65,601.500000,UPDATE,,
SBQQ__ContractedPrice__c,CAS131679-DS-LEDTK-6VX8S,,01t2K00000ApcSuQAJ,001PW00000iFUdzYAG,a0FPW00000WmgVC2AZ,1775.0,1953.000000,UPDATE,,
SBQQ__ContractedPrice__c,CAS131679-DS-LEDTK-8VX10S,,01t2K00000CfyAiQAJ,001PW00000iFUdzYAG,a0FPW00000WmgVD2AZ,1856.0,2042.000000,UPDATE,,
SBQQ__ContractedPrice__c,PEE084585-DS-LEDTK-8VX10S,,01t2K00000CfyAiQAJ,0016A00000JqrrcQAB,a0FPW00000WmbEJ2AZ,832.79,757.080000,UPDATE,,
SBQQ__ContractedPrice__c,PEE084585-DS-LEDUPS-5X4,,01t8V000005o5SGQAY,0016A00000JqrrcQAB,a0FPW00000WmhDm2AJ,1116.69,1116.690000,UPDATE,,
SBQQ__ContractedPrice__c,CAS131664-DS-LEDVST-6X3,,01tPW00000Etlg6YAB,0016A00000JqrfSQAR,,,4508.000000,INSERT,,
SBQQ__ContractedPrice__c,CAS131664-ECMUA,,01t8V000008YtRGQA0,0016A00000JqrfSQAR,a0FPW00000WmYM22AN,593.0,631.000000,UPDATE,,
SBQQ__ContractedPrice__c,PEE084585-ODTV7503,,01t2K00000ChukOQAR,0016A00000JqrrcQAB,,,1914.140000,INSERT,,
SBQQ__ContractedPrice__c,PEE084585-PLCM-2W,,01t2K00000CfwVDQAZ,0016A00000JqrrcQAB,a0FPW00000WmJGh2AN,34.58,31.440000,UPDATE,,
SBQQ__ContractedPrice__c,PEE084585-VOLTA55B-R,,01t2K00000ChyAtQAJ,0016A00000JqrrcQAB,a0FPW00000WmhOJ2AZ,3550.46,3550.460000,UPDATE,,
SBQQ__ContractedPrice__c,PEE084585-VOLTA55C,,01t8V000005o4oFQAQ,0016A00000JqrrcQAB,a0FPW00000WmhOK2AZ,3146.03,3146.030000,UPDATE,,
SBQQ__ContractedPrice__c,PEE084585-WPTV553,,01t2K00000Chuk8QAB,0016A00000JqrrcQAB,a0FPW00000WmhOL2AZ,1067.52,1067.520000,UPDATE,,
SBQQ__ContractedPrice__c,PEE084585-55YF30,,01t2K00000ChIRjQAN,0016A00000JqrrcQAB,a0FPW00000WmUsC2AV,23.52,21.380000,UPDATE,,
SBQQ__ContractedPrice__c,CAS131679-NT653,,01t2K00000ChrRqQAJ,001PW00000iFUdzYAG,a0FPW00000WmgWG2AZ,1583.0,1741.000000,UPDATE,,
SBQQ__ContractedPrice__c,PEE084585-ODTV6503,,01t2K00000ChujjQAB,0016A00000JqrrcQAB,a0FPW00000WmhNe2AJ,1333.67,1333.670000,UPDATE,,
SBQQ__ContractedPrice__c,PEE084585-SOTV753,,01t2K00000ChujZQAR,0016A00000JqrrcQAB,,,1839.110000,INSERT,,
SBQQ__ContractedPrice__c,PEE084585-SR598-HUB2,,01t2K00000ApB6cQAF,0016A00000JqrrcQAB,a0FPW00000WmbUE2AZ,353.53,321.390000,UPDATE,,
SBQQ__ContractedPrice__c,CAS131664-SR598-HUB2,,01t2K00000ApB6cQAF,0016A00000JqrfSQAR,a0FPW00000WmgU52AJ,2874.0,3161.000000,UPDATE,,
SBQQ__ContractedPrice__c,CAS131679-SR598-HUB2,,01t2K00000ApB6cQAF,001PW00000iFUdzYAG,a0FPW00000WmYjl2AF,916.0,916.000000,UPDATE,,
SBQQ__ContractedPrice__c,PEE084585-PRMA6X4-16,,01t6A000000aqzaQAA,0016A00000JqrrcQAB,a0FPW00000WmbPX2AZ,61.04,55.490000,UPDATE,,
SBQQ__ContractedPrice__c,PEE084585-PRMA6X4-24,,01t6A000000areYQAQ,0016A00000JqrrcQAB,a0FPW00000WmbPY2AZ,53.78,48.890000,UPDATE,,
SBQQ__ContractedPrice__c,PEE084585-SF630P,,01t6A000000ar5OQAQ,0016A00000JqrrcQAB,a0FPW00000WmbQP2AZ,5.7,5.180000,UPDATE,,
SBQQ__ContractedPrice__c,CAS131679-SF630P,,01t6A000000ar5OQAQ,001PW00000iFUdzYAG,a0FPW00000WmYhE2AV,14.0,14.000000,UPDATE,,
SBQQ__ContractedPrice__c,CAS131679-SF640,,01t6A000000aseoQAA,001PW00000iFUdzYAG,a0FPW00000WmYjL2AV,30.0,30.000000,UPDATE,,
SBQQ__ContractedPrice__c,CAS131664-SF640,,01t6A000000aseoQAA,0016A00000JqrfSQAR,a0FPW00000WmYQ12AN,125.0,125.000000,UPDATE,,
SBQQ__ContractedPrice__c,PEE084585-SF640,,01t6A000000aseoQAA,0016A00000JqrrcQAB,a0FPW00000WmbQS2AZ,13.94,12.670000,UPDATE,,
SBQQ__ContractedPrice__c,PEE084585-ECMUA,,01t8V000008YtRGQA0,0016A00000JqrrcQAB,a0FPW00000Wm9TL2AZ,119.69,108.810000,UPDATE,,
SBQQ__ContractedPrice__c,CAS131679-ECMUA,,01t8V000008YtRGQA0,001PW00000iFUdzYAG,a0FPW00000WmT1F2AV,193.0,193.000000,UPDATE,,
SBQQ__ContractedPrice__c,CAS131679-KOF-OPT-ELECTRICAL,,01t2K00000CgGpkQAF,001PW00000iFUdzYAG,a0FPW00000WmYWf2AN,364.0,370.340000,UPDATE,,
SBQQ__ContractedPrice__c,PEE084585-KOF-OPT-ELECTRICAL,,01t2K00000CgGpkQAF,0016A00000JqrrcQAB,a0FPW00000WmbKc2AJ,272.36,247.600000,UPDATE,,
SBQQ__ContractedPrice__c,PEE084585-MIS42702,,01t2K00000AoxpkQAB,0016A00000JqrrcQAB,a0FPW00000WmbMV2AZ,57.85,52.590000,UPDATE,,
SBQQ__ContractedPrice__c,PEE084585-MIS42702-CM,,01t2K00000ApB7KQAV,0016A00000JqrrcQAB,a0FPW00000WmbMW2AZ,133.88,121.710000,UPDATE,,
SBQQ__ContractedPrice__c,PEE084585-SOTV553,,01t2K00000ChujyQAB,0016A00000JqrrcQAB,a0FPW00000WmhNn2AJ,1073.93,1073.930000,UPDATE,,
SBQQ__ContractedPrice__c,PEE084585-DS-LEDTK-40VX12S,,01t8V000005o5BTQAY,0016A00000JqrrcQAB,a0FPW00000WmhDa2AJ,2162.12,2162.120000,UPDATE,,
SBQQ__ContractedPrice__c,PEE084585-ACCKV136C,,01t8V000008bt6FQAQ,0016A00000JqrrcQAB,a0FPW00000WmbBV2AZ,40.16,36.510000,UPDATE,,
SBQQ__ContractedPrice__c,PEE084585-CO-PS75,,01t8V000008brfxQAA,0016A00000JqrrcQAB,a0FPW00000Wmb4I2AR,0.01,0.010000,UPDATE,,
SBQQ__ContractedPrice__c,PEE084585-SXN-55-3,,01t8V000005o6i8QAA,0016A00000JqrrcQAB,a0FPW00000WmhNt2AJ,1073.93,1073.930000,UPDATE,,
SBQQ__ContractedPrice__c,PEE084585-V4DCFC-103SUB-2209,,01t8V000008kP2yQAE,0016A00000JqrrcQAB,a0FPW00000WmhOC2AZ,7511.98,7511.980000,UPDATE,,
SBQQ__ContractedPrice__c,PEE084585-407K71,,01t8V000006V8GhQAK,0016A00000JqrrcQAB,a0FPW00000WmUrA2AV,38.08,34.620000,UPDATE,,
SBQQ__ContractedPrice__c,CAS131679-ACC148,,01tPW000003JdryYAC,001PW00000iFUdzYAG,a0FPW00000WmYQx2AN,51.0,51.000000,UPDATE,,
SBQQ__ContractedPrice__c,CAS131679-ACC152,,01tPW000003JxSTYA0,001PW00000iFUdzYAG,a0FPW00000WmYR02AN,67.0,67.000000,UPDATE,,
SBQQ__ContractedPrice__c,CAS131679-ACC-CSH2,,01t8V000008YpYdQAK,001PW00000iFUdzYAG,a0FPW00000WmYTs2AN,37.0,37.000000,UPDATE,,
SBQQ__ContractedPrice__c,CAS131664-ACC-CSH2,,01t8V000008YpYdQAK,0016A00000JqrfSQAR,a0FPW00000WmYFg2AN,112.0,113.000000,UPDATE,,
SBQQ__ContractedPrice__c,PEE084585-ACC-CSH2,,01t8V000008YpYdQAK,0016A00000JqrrcQAB,a0FPW00000Wmb7M2AR,23.13,21.030000,UPDATE,,
SBQQ__ContractedPrice__c,PEE084585-DEV-KIPC2555-WT,,01t8V000008Yw5NQAS,0016A00000JqrrcQAB,a0FPW00000Wm4iI2AR,939.61,854.190000,UPDATE,,
SBQQ__ContractedPrice__c,PEE084585-DS-LEDIER-4X6,,01t8V000008YvrAQAS,0016A00000JqrrcQAB,a0FPW00000WmhCQ2AZ,1578.94,1578.940000,UPDATE,,
SBQQ__ContractedPrice__c,PEE084585-DS-LEDIWASF-3X3,,01t8V000006cjNhQAI,0016A00000JqrrcQAB,a0FPW00000Wm4in2AB,326.25,296.590000,UPDATE,,
SBQQ__ContractedPrice__c,PEE084585-SXN-55,,01t2K00000ApUVyQAN,0016A00000JqrrcQAB,a0FPW00000WmbV52AJ,997.47,906.790000,UPDATE,,
SBQQ__ContractedPrice__c,PEE084585-VNE-100,,01t2K00000ChpfCQAR,0016A00000JqrrcQAB,a0FPW00000WmhOF2AZ,4106.62,4106.620000,UPDATE,,
SBQQ__ContractedPrice__c,PEE084585-XHB554,,01t2K00000Chg0NQAR,0016A00000JqrrcQAB,a0FPW00000WmhOY2AZ,2508.44,2508.440000,UPDATE,,
SBQQ__ContractedPrice__c,CAS131679-XHB554,,01t2K00000Chg0NQAR,001PW00000iFUdzYAG,a0FPW00000WmgWL2AZ,3200.0,3520.000000,UPDATE,,
SBQQ__ContractedPrice__c,CAS131664-XHB554,,01t2K00000Chg0NQAR,0016A00000JqrfSQAR,a0FPW00000WmgUE2AZ,6324.0,6956.000000,UPDATE,,
SBQQ__ContractedPrice__c,PEE084585-XHB653,,01t2K00000ChpfWQAR,0016A00000JqrrcQAB,a0FPW00000WmhOc2AJ,6203.96,6203.960000,UPDATE,,
SBQQ__ContractedPrice__c,PEE084585-KIP522-S-EUK,,01t2K00000ApB6mQAF,0016A00000JqrrcQAB,a0FPW00000WmbJ82AJ,359.43,326.750000,UPDATE,,
SBQQ__ContractedPrice__c,PEE084585-DS-LEDLSCB-8X9,,01t8V000005o5AfQAI,0016A00000JqrrcQAB,a0FPW00000WmhD32AJ,3107.34,3107.340000,UPDATE,,
SBQQ__ContractedPrice__c,PEE084585-ACCKV147-RH,,01t8V000008kOhWQAU,0016A00000JqrrcQAB,a0FPW00000WmbBe2AJ,519.99,472.720000,UPDATE,,
SBQQ__ContractedPrice__c,PEE084585-CO-PS55,,01t8V000008brfiQAA,0016A00000JqrrcQAB,a0FPW00000Wmb4G2AR,0.01,0.010000,UPDATE,,
SBQQ__ContractedPrice__c,PEE084585-DS-LEDTK-32VX11S,,01t8V000006cXkUQAU,0016A00000JqrrcQAB,a0FPW00000WmhDX2AZ,1786.04,1786.040000,UPDATE,,
SBQQ__ContractedPrice__c,PEE084585-MIS43305-WM,,01t8V000005o6SvQAI,0016A00000JqrrcQAB,a0FPW00000WmbMY2AZ,194.24,176.580000,UPDATE,,
SBQQ__ContractedPrice__c,PEE084585-PT670,,01t8V000008plvhQAA,0016A00000JqrrcQAB,a0FPW00000WmbPx2AJ,19.27,17.520000,UPDATE,,
SBQQ__ContractedPrice__c,PEE084585-SP746PU,,01t6A000000as8CQAQ,0016A00000JqrrcQAB,a0FPW00000WmbQi2AJ,40.07,36.430000,UPDATE,,
SBQQ__ContractedPrice__c,PEE084585-SP850-UNL,,01t6A000000aqxkQAA,0016A00000JqrrcQAB,a0FPW00000WmbQm2AJ,147.91,134.460000,UPDATE,,
SBQQ__ContractedPrice__c,CAS131664-SP850-UNL,,01t6A000000aqxkQAA,0016A00000JqrfSQAR,a0FPW00000WmYQC2A3,694.0,695.000000,UPDATE,,
SBQQ__ContractedPrice__c,CAS131679-SP850-UNL,,01t6A000000aqxkQAA,001PW00000iFUdzYAG,a0FPW00000WmYjc2AF,228.0,228.000000,UPDATE,,
SBQQ__ContractedPrice__c,CAS131679-SR560M,,01t6A000000arf5QAA,001PW00000iFUdzYAG,a0FPW00000WmYji2AF,359.0,359.000000,UPDATE,,
SBQQ__ContractedPrice__c,CAS131664-SR560M,,01t6A000000arf5QAA,0016A00000JqrfSQAR,a0FPW00000WmgU22AJ,1149.0,1264.000000,UPDATE,,
SBQQ__ContractedPrice__c,PEE084585-XHB754,,01t2K00000Ci3huQAB,0016A00000JqrrcQAB,a0FPW00000WmhOf2AJ,8401.6,8401.600000,UPDATE,,
SBQQ__ContractedPrice__c,PEE084585-DS-LEDLSCB-56X8,,01t8V000005o5B4QAI,0016A00000JqrrcQAB,a0FPW00000WmhCt2AJ,12097.69,12097.690000,UPDATE,,
SBQQ__ContractedPrice__c,PEE084585-ACCKV146-RH,,01t8V000008btVmQAI,0016A00000JqrrcQAB,a0FPW00000WmbBc2AJ,877.36,797.600000,UPDATE,,
SBQQ__ContractedPrice__c,PEE084585-DS-LEDLSCB-6X3,,01t8V000008plHFQAY,0016A00000JqrrcQAB,a0FPW00000WmhCw2AJ,1282.27,1282.270000,UPDATE,,
SBQQ__ContractedPrice__c,PEE084585-KIL655-EUK-CUS1264,,01t2K00000Ci0RJQAZ,0016A00000JqrrcQAB,a0FPW00000WmbIe2AJ,825.0,750.000000,UPDATE,,
SBQQ__ContractedPrice__c,PEE084585-KOF-OPT-554BRKTS,,01t8V000008kP6JQAU,0016A00000JqrrcQAB,a0FPW00000WmbKb2AJ,39.6,36.000000,UPDATE,,
SBQQ__ContractedPrice__c,PEE084585-MIS43305-CM,,01t8V000005o6T5QAI,0016A00000JqrrcQAB,a0FPW00000WmbMX2AZ,180.58,164.160000,UPDATE,,
SBQQ__ContractedPrice__c,PEE084585-DS-LEDTK-14VX5S,,01t8V000008YnWkQAK,0016A00000JqrrcQAB,a0FPW00000Wm4j82AB,925.29,841.170000,UPDATE,,
SBQQ__ContractedPrice__c,CAS131679-DS-LEDTK-14VX5S,,01t8V000008YnWkQAK,001PW00000iFUdzYAG,a0FPW00000WmgUf2AJ,2072.0,2279.000000,UPDATE,,
SBQQ__ContractedPrice__c,PEE084585-DS-LEDTK-22VX8S,,01t8V000006V5Z1QAK,0016A00000JqrrcQAB,a0FPW00000WmhDL2AZ,1254.39,1254.390000,UPDATE,,
SBQQ__ContractedPrice__c,PEE084585-DS-LEDTK-25VX5S,,01t8V000006V46ZQAS,0016A00000JqrrcQAB,a0FPW00000WmhDR2AZ,1273.13,1273.130000,UPDATE,,
SBQQ__ContractedPrice__c,PEE084585-DS-LEDUNV-47031,,01t8V00000ANnNAQA1,0016A00000JqrrcQAB,,,842.120000,INSERT,,
SBQQ__ContractedPrice__c,PEE084585-DS-LEDUNV-IWP-4X8,,01tPW000002l5mIYAQ,0016A00000JqrrcQAB,,,989.510000,INSERT,,
SBQQ__ContractedPrice__c,PEE084585-DS-LEDUNV-IWP-5X4,,01t8V000008XL7FQAW,0016A00000JqrrcQAB,,,695.030000,INSERT,,
SBQQ__ContractedPrice__c,CAS131679-PT670,,01t8V000008plvhQAA,001PW00000iFUdzYAG,a0FPW00000WmYgv2AF,75.0,75.000000,UPDATE,,
SBQQ__ContractedPrice__c,CAS131664-PT670,,01t8V000008plvhQAA,0016A00000JqrfSQAR,a0FPW00000WmBJT2A3,227.0,227.000000,UPDATE,,
SBQQ__ContractedPrice__c,PEE084585-SXN-65-3,,01t8V000005o6iDQAQ,0016A00000JqrrcQAB,a0FPW00000WmhNw2AJ,1347.71,1347.710000,UPDATE,,
SBQQ__ContractedPrice__c,PEE084585-SXOBH-55-4,,01t8V000008bt6ZQAQ,0016A00000JqrrcQAB,a0FPW00000Wmh4c2AB,2618.17,2618.170000,UPDATE,,
SBQQ__ContractedPrice__c,PEE084585-V4L2-104SUB-2209,,01t8V000008kP38QAE,0016A00000JqrrcQAB,,,7585.530000,INSERT,,
SBQQ__ContractedPrice__c,PEE084585-VOLTA55B-B,,01t8V000008kOprQAE,0016A00000JqrrcQAB,a0FPW00000WmhOI2AZ,1851.53,1851.530000,UPDATE,,
SBQQ__ContractedPrice__c,PEE084585-PA775,,01t8V000008plvSQAQ,0016A00000JqrrcQAB,a0FPW00000WmbP12AJ,69.63,63.300000,UPDATE,,
SBQQ__ContractedPrice__c,CAS131679-PA775,,01t8V000008plvSQAQ,001PW00000iFUdzYAG,a0FPW00000WmYfn2AF,146.0,146.000000,UPDATE,,
SBQQ__ContractedPrice__c,CAS131664-PA775,,01t8V000008plvSQAQ,0016A00000JqrfSQAR,a0FPW00000WmBIM2A3,441.0,442.000000,UPDATE,,
SBQQ__ContractedPrice__c,CAS131679-SPKSU,,01t8V000008plvXQAQ,001PW00000iFUdzYAG,,,70.000000,INSERT,,
SBQQ__ContractedPrice__c,PEE084585-SPKSU,,01t8V000008plvXQAQ,0016A00000JqrrcQAB,,,37.570000,INSERT,,
SBQQ__ContractedPrice__c,PEE084585-407K93,,01t8V000008YmZyQAK,0016A00000JqrrcQAB,a0FPW00000WmUrU2AV,36.41,33.100000,UPDATE,,
SBQQ__ContractedPrice__c,PEE084585-DS-LEDUNV-LSBB-7X7,,01t8V00000ANtDHQA1,0016A00000JqrrcQAB,,,1559.580000,INSERT,,
SBQQ__ContractedPrice__c,PEE084585-DS-LEDUNV-LSCB-6X6,,01t8V00000ANoxPQAT,0016A00000JqrrcQAB,,,1143.370000,INSERT,,
SBQQ__ContractedPrice__c,PEE084585-DS-LEDUNV-UPS-5X5,,01t8V000005wbZNQAY,0016A00000JqrrcQAB,,,846.790000,INSERT,,
SBQQ__ContractedPrice__c,PEE084585-DS-LEDUPS-12X10,,01t8V000008YrIgQAK,0016A00000JqrrcQAB,a0FPW00000WmhDi2AJ,4914.26,4914.260000,UPDATE,,
SBQQ__ContractedPrice__c,PEE084585-DS-LEDUPS-6X3,,01t8V000006VAf4QAG,0016A00000JqrrcQAB,a0FPW00000WmhDp2AJ,1119.15,1119.150000,UPDATE,,
SBQQ__ContractedPrice__c,PEE084585-FE01-C,,01t8V0000095g0uQAA,0016A00000JqrrcQAB,a0FPW00000Wm9Tt2AJ,513.11,466.460000,UPDATE,,
SBQQ__ContractedPrice__c,PEE084585-KOF-OPT-LG,,01t8V000008XMvxQAG,0016A00000JqrrcQAB,a0FPW00000WmbKe2AJ,46.09,41.900000,UPDATE,,
SBQQ__ContractedPrice__c,PEE084585-655DNT1S-UA,,01t8V000006VDYEQA4,0016A00000JqrrcQAB,a0FPW00000Wmh4s2AB,1320.87,1320.870000,UPDATE,,
SBQQ__ContractedPrice__c,PEE084585-ACC-SB2,,01t8V000008ZBGMQA4,0016A00000JqrrcQAB,a0FPW00000WmbC72AJ,9.85,8.950000,UPDATE,,
SBQQ__ContractedPrice__c,CAS131679-ACC-SB2,,01t8V000008ZBGMQA4,001PW00000iFUdzYAG,a0FPW00000WmYUW2A3,25.0,25.000000,UPDATE,,
SBQQ__ContractedPrice__c,CAS131664-ACC-SB2,,01t8V000008ZBGMQA4,0016A00000JqrfSQAR,a0FPW00000WmYG32AN,87.0,87.000000,UPDATE,,
SBQQ__ContractedPrice__c,PEE084585-BWPTV554,,01tPW000001ORswYAG,0016A00000JqrrcQAB,a0FPW00000WmhBW2AZ,1137.57,1137.570000,UPDATE,,
SBQQ__ContractedPrice__c,PEE084585-COTV5504,,01tPW000001ObfOYAS,0016A00000JqrrcQAB,a0FPW00000WmhBh2AJ,1137.57,1137.570000,UPDATE,,
SBQQ__ContractedPrice__c,PEE084585-DEV-KIP588-2LG-S,,01t8V0000095iycQAA,0016A00000JqrrcQAB,a0FPW00000WmhBm2AJ,1152.3,1152.300000,UPDATE,,
SBQQ__ContractedPrice__c,PEE084585-SR560M,,01t6A000000arf5QAA,0016A00000JqrrcQAB,a0FPW00000WmbQs2AJ,180.83,164.390000,UPDATE,,
SBQQ__ContractedPrice__c,CAS131679-SR575M,,01t6A000000asHCQAY,001PW00000iFUdzYAG,a0FPW00000WmYjj2AF,421.0,421.000000,UPDATE,,
SBQQ__ContractedPrice__c,CAS131664-SR575M,,01t6A000000asHCQAY,0016A00000JqrfSQAR,a0FPW00000WmgU32AJ,1206.0,1327.000000,UPDATE,,
SBQQ__ContractedPrice__c,PEE084585-SR575M,,01t6A000000asHCQAY,0016A00000JqrrcQAB,a0FPW00000WmbQt2AJ,258.47,234.970000,UPDATE,,
SBQQ__ContractedPrice__c,PEE084585-SR598ML3E-TROX,,01t6A000002Zuw7QAC,0016A00000JqrrcQAB,a0FPW00000WmbUH2AZ,683.39,621.260000,UPDATE,,
SBQQ__ContractedPrice__c,PEE084585-SS598ML3,,01t6A000003QPzhQAG,0016A00000JqrrcQAB,a0FPW00000WmbUM2AZ,700.55,636.860000,UPDATE,,
SBQQ__ContractedPrice__c,PEE084585-DS-LEDBHCH-8X8,,01t8V000008Z5xIQAS,0016A00000JqrrcQAB,a0FPW00000WmhCE2AZ,2606.04,2606.040000,UPDATE,,
SBQQ__ContractedPrice__c,PEE084585-DS-LEDIER-5X9,,01t8V000008YvrBQAS,0016A00000JqrrcQAB,a0FPW00000WmhCS2AZ,2165.71,2165.710000,UPDATE,,
SBQQ__ContractedPrice__c,PEE084585-DS-LEDIWASF-5X5,,01t8V000006cjNDQAY,0016A00000JqrrcQAB,a0FPW00000Wm4ip2AB,715.07,650.060000,UPDATE,,
SBQQ__ContractedPrice__c,PEE084585-DS-LEDIWP-6X5,,01t8V0000095jCMQAY,0016A00000JqrrcQAB,a0FPW00000WmhCb2AJ,1291.37,1291.370000,UPDATE,,
SBQQ__ContractedPrice__c,PEE084585-DS-LEDLSCB-17X7,,01t8V000008Yv3vQAC,0016A00000JqrrcQAB,a0FPW00000WmhCp2AJ,3427.45,3427.450000,UPDATE,,
SBQQ__ContractedPrice__c,PEE084585-DS-LEDLSCB-4X3,,01t8V0000095mPFQAY,0016A00000JqrrcQAB,a0FPW00000Wmfo32AB,956.41,956.410000,UPDATE,,
SBQQ__ContractedPrice__c,PEE084585-DS-LEDTK-10VX12S,,01t8V00000ANpChQAL,0016A00000JqrrcQAB,a0FPW00000Wmfo62AB,923.9,923.900000,UPDATE,,
SBQQ__ContractedPrice__c,PEE084585-DS-LEDTK-12VX6S,,01t8V0000095bqZQAQ,0016A00000JqrrcQAB,a0FPW00000Wm4j32AB,876.73,797.030000,UPDATE,,
SBQQ__ContractedPrice__c,CAS131679-DS-LEDTK-12VX6S,,01t8V0000095bqZQAQ,001PW00000iFUdzYAG,a0FPW00000WmgUa2AJ,2023.0,2225.000000,UPDATE,,
SBQQ__ContractedPrice__c,CAS131679-DS-LEDTK-45VX5S,,01t8V000008YtKhQAK,001PW00000iFUdzYAG,a0FPW00000WmgV52AJ,5339.0,5873.000000,UPDATE,,
SBQQ__ContractedPrice__c,PEE084585-DS-LEDTK-45VX5S,,01t8V000008YtKhQAK,0016A00000JqrrcQAB,a0FPW00000WmhDc2AJ,2112.49,2112.490000,UPDATE,,
SBQQ__ContractedPrice__c,PEE084585-DS-LEDUNV-16-8X8-M6M8,,01t8V000005wZX3QAM,0016A00000JqrrcQAB,,,1837.980000,INSERT,,
SBQQ__ContractedPrice__c,PEE084585-DS-LEDUNV-AKL-9X8,,01tPW0000011nEDYAY,0016A00000JqrrcQAB,,,2335.190000,INSERT,,
SBQQ__ContractedPrice__c,PEE084585-DS-LEDUNV-LSBB-8X4,,01tPW000001pKSLYA2,0016A00000JqrrcQAB,,,1068.140000,INSERT,,
SBQQ__ContractedPrice__c,PEE084585-555DNT1S-UA-NM,,01tPW000001O8iEYAS,0016A00000JqrrcQAB,a0FPW00000Wmh4p2AB,1041.21,1041.210000,UPDATE,,
SBQQ__ContractedPrice__c,PEE084585-ACCD-REM04-MR,,01t8V0000095mUdQAI,0016A00000JqrrcQAB,a0FPW00000WmbB62AJ,13.15,11.950000,UPDATE,,
SBQQ__ContractedPrice__c,PEE084585-ACCKV-HCS40,,01t8V0000095kMEQAY,0016A00000JqrrcQAB,a0FPW00000WmbBf2AJ,49.78,45.250000,UPDATE,,
SBQQ__ContractedPrice__c,PEE084585-ACCKV-HCS50R,,01t8V000006VDD0QAO,0016A00000JqrrcQAB,a0FPW00000WmbBi2AJ,49.47,44.970000,UPDATE,,
SBQQ__ContractedPrice__c,PEE084585-ACC-UCM2,,01tPW000004XhezYAC,0016A00000JqrrcQAB,a0FPW00000WmbCF2AZ,20.83,18.940000,UPDATE,,
SBQQ__ContractedPrice__c,CAS131664-ACC-UCM2,,01tPW000004XhezYAC,0016A00000JqrfSQAR,a0FPW00000WmYGA2A3,100.0,100.000000,UPDATE,,
SBQQ__ContractedPrice__c,CAS131679-ACC-UCM2,,01tPW000004XhezYAC,001PW00000iFUdzYAG,a0FPW00000WmYUa2AN,34.0,34.000000,UPDATE,,
SBQQ__ContractedPrice__c,CAS131679-KOF-OPT-LG,,01t8V000008XMvxQAG,001PW00000iFUdzYAG,a0FPW00000WmYWh2AN,106.0,106.000000,UPDATE,,
SBQQ__ContractedPrice__c,CAS131679-KOP55XHB2-SA,,01t8V000008Ypk3QAC,001PW00000iFUdzYAG,a0FPW00000WmgWA2AZ,10344.0,11378.000000,UPDATE,,
SBQQ__ContractedPrice__c,PEE084585-KOP55XHB2-SA,,01t8V000008Ypk3QAC,0016A00000JqrrcQAB,a0FPW00000WmhNI2AZ,8682.63,8682.630000,UPDATE,,
SBQQ__ContractedPrice__c,PEE084585-KOP55XHB-A,,01t8V0000095r45QAA,0016A00000JqrrcQAB,a0FPW00000WmhNJ2AZ,5300.14,5300.140000,UPDATE,,
SBQQ__ContractedPrice__c,CAS131679-KOP55XHB-A,,01t8V0000095r45QAA,001PW00000iFUdzYAG,a0FPW00000WmgWB2AZ,6554.0,7209.000000,UPDATE,,
SBQQ__ContractedPrice__c,PEE084585-NT653-R,,01t8V000006cjNXQAY,0016A00000JqrrcQAB,a0FPW00000WmhNT2AZ,1359.31,1359.310000,UPDATE,,
SBQQ__ContractedPrice__c,PEE084585-SOTV6504,,01tPW000001OcBeYAK,0016A00000JqrrcQAB,a0FPW00000WmhNp2AJ,1411.46,1411.460000,UPDATE,,
SBQQ__ContractedPrice__c,PEE084585-SR860,,01tPW000001sZwHYAU,0016A00000JqrrcQAB,a0FPW00000WmbUI2AZ,191.13,173.750000,UPDATE,,
SBQQ__ContractedPrice__c,CAS131679-SR860,,01tPW000001sZwHYAU,001PW00000iFUdzYAG,a0FPW00000WmYjn2AF,374.0,374.000000,UPDATE,,
SBQQ__ContractedPrice__c,CAS131664-SR860,,01tPW000001sZwHYAU,0016A00000JqrfSQAR,a0FPW00000WmgU92AJ,1034.0,1137.000000,UPDATE,,
SBQQ__ContractedPrice__c,PEE084585-SXN-55-4,,01tPW000001OYj9YAG,0016A00000JqrrcQAB,a0FPW00000WmhNu2AJ,1137.57,1137.570000,UPDATE,,
SBQQ__ContractedPrice__c,PEE084585-V4L2-103SUB-2311,,01t8V00000ANrG1QAL,0016A00000JqrrcQAB,,,8391.290000,INSERT,,
SBQQ__ContractedPrice__c,PEE084585-DS-LED27BDL-6X7,,01t8V000008XL7DQAW,0016A00000JqrrcQAB,a0FPW00000WmhBy2AJ,1562.75,1562.750000,UPDATE,,
SBQQ__ContractedPrice__c,PEE084585-DS-LEDBHCH-5X5,,01t8V000008Z5xDQAS,0016A00000JqrrcQAB,a0FPW00000WmhCD2AZ,1428.77,1428.770000,UPDATE,,
SBQQ__ContractedPrice__c,PEE084585-DS-LEDFAFE-4X1,,01t8V000005wbIXQAY,0016A00000JqrrcQAB,a0FPW00000Wm4ik2AB,659.96,599.960000,UPDATE,,
SBQQ__ContractedPrice__c,PEE084585-DS-LEDIWASF-8X4,,01t8V0000095rLqQAI,0016A00000JqrrcQAB,a0FPW00000WmhCX2AZ,1011.66,1011.660000,UPDATE,,
SBQQ__ContractedPrice__c,PEE084585-DS-LEDIWP-3X8,,01t8V000006cidCQAQ,0016A00000JqrrcQAB,a0FPW00000WmhCY2AZ,1078.38,1078.380000,UPDATE,,
SBQQ__ContractedPrice__c,PEE084585-DS-LEDLSCB-21X1,,01t8V000008Z8DcQAK,0016A00000JqrrcQAB,a0FPW00000WmhCq2AJ,2464.93,2464.930000,UPDATE,,
SBQQ__ContractedPrice__c,PEE084585-DS-LEDLSCB-8X2,,01t8V000008Yr2oQAC,0016A00000JqrrcQAB,a0FPW00000WmhD02AJ,1258.44,1258.440000,UPDATE,,
SBQQ__ContractedPrice__c,PEE084585-DS-LEDUNV-LSCB-4X4,,01t8V00000ANtO0QAL,0016A00000JqrrcQAB,,,597.240000,INSERT,,
SBQQ__ContractedPrice__c,PEE084585-DS-LEDUNV-NECE-4X4,,01t8V000005wbnhQAA,0016A00000JqrrcQAB,,,601.330000,INSERT,,
SBQQ__ContractedPrice__c,PEE084585-DS-LEDUNV-USLIM-3X3-47268,,01t8V00000ANtNbQAL,0016A00000JqrrcQAB,,,419.320000,INSERT,,
SBQQ__ContractedPrice__c,PEE084585-DS-LEDUPS-10X10,,01t8V000008YrIfQAK,0016A00000JqrrcQAB,a0FPW00000WmhDh2AJ,4178.31,4178.310000,UPDATE,,
SBQQ__ContractedPrice__c,PEE084585-DS-LEDUPS-19X6,,01t8V0000095gybQAA,0016A00000JqrrcQAB,a0FPW00000WmhDk2AJ,3691.99,3691.990000,UPDATE,,
SBQQ__ContractedPrice__c,PEE084585-KOP55XHB2,,01t8V000008YpjxQAC,0016A00000JqrrcQAB,a0FPW00000WmhNF2AZ,8262.33,8262.330000,UPDATE,,
SBQQ__ContractedPrice__c,CAS131679-KOP55XHB2,,01t8V000008YpjxQAC,001PW00000iFUdzYAG,a0FPW00000WmgW72AJ,9720.0,10692.000000,UPDATE,,
SBQQ__ContractedPrice__c,CAS131679-KOP55XHB-S,,01t8V0000095r4BQAQ,001PW00000iFUdzYAG,a0FPW00000WmgWC2AZ,6198.0,6818.000000,UPDATE,,
SBQQ__ContractedPrice__c,PEE084585-KOP55XHB-S,,01t8V0000095r4BQAQ,0016A00000JqrrcQAB,a0FPW00000WmhNK2AZ,5038.9,5038.900000,UPDATE,,
SBQQ__ContractedPrice__c,PEE084585-NT553-R,,01t8V000006cjNIQAY,0016A00000JqrrcQAB,a0FPW00000WmhNP2AZ,1076.36,1076.360000,UPDATE,,
SBQQ__ContractedPrice__c,PEE084585-NT554,,01tPW000001OcDFYA0,0016A00000JqrrcQAB,a0FPW00000WmhNQ2AZ,1137.57,1137.570000,UPDATE,,
SBQQ__ContractedPrice__c,CAS131678-NT554,,01tPW000001OcDFYA0,001PW00000hyoAvYAI,,,2999.000000,INSERT,,
SBQQ__ContractedPrice__c,CAS131679-NT554,,01tPW000001OcDFYA0,001PW00000iFUdzYAG,a0FPW00000WmgWF2AZ,1336.0,1470.000000,UPDATE,,
SBQQ__ContractedPrice__c,PEE084585-WPTV75-B,,01t8V000008Yq7wQAC,0016A00000JqrrcQAB,a0FPW00000WmbVu2AJ,918.92,835.380000,UPDATE,,
SBQQ__ContractedPrice__c,PEE084585-XHB553-B,,01t8V000008XLzzQAG,0016A00000JqrrcQAB,a0FPW00000WmhOW2AZ,1705.9,1705.900000,UPDATE,,
SBQQ__ContractedPrice__c,PEE084585-XHB554-R,,01t8V000006d31RQAQ,0016A00000JqrrcQAB,a0FPW00000WmhOZ2AZ,2508.44,2508.440000,UPDATE,,
SBQQ__ContractedPrice__c,PEE084585-XHB652-R,,01t8V000006dzChQAI,0016A00000JqrrcQAB,a0FPW00000WmhOb2AJ,7799.03,7799.030000,UPDATE,,
SBQQ__ContractedPrice__c,CAS131664-DS-LEDUNV1220-3X3,,01tPW000006q277YAA,0016A00000JqrfSQAR,,,2914.000000,INSERT,,
SBQQ__ContractedPrice__c,CAS131679-DS-LEDUNV1220-3X3,,01tPW000006q277YAA,001PW00000iFUdzYAG,,,967.000000,INSERT,,
SBQQ__ContractedPrice__c,PEE084585-DS-LEDTK-42VX5S,,01t8V000008Z8EkQAK,0016A00000JqrrcQAB,a0FPW00000WmhDb2AJ,1984.26,1984.260000,UPDATE,,
SBQQ__ContractedPrice__c,PEE084585-DS-LEDUNV-8-4X4-M6M8,,01t8V000005wZX8QAM,0016A00000JqrrcQAB,,,532.690000,INSERT,,
SBQQ__ContractedPrice__c,PEE084585-DS-LEDUNV-IWT-5X5,,01tPW000000o1ovYAA,0016A00000JqrrcQAB,,,818.650000,INSERT,,
SBQQ__ContractedPrice__c,PEE084585-DS-LEDUNV-LMA-7X5,,01tPW000001OXQTYA4,0016A00000JqrrcQAB,,,1241.880000,INSERT,,
SBQQ__ContractedPrice__c,PEE084585-DS-LEDUNV-LSCB-10X5,,01tPW000002l08IYAQ,0016A00000JqrrcQAB,,,1531.560000,INSERT,,
SBQQ__ContractedPrice__c,PEE084585-DS-MBZ642L-TDL,,01t8V0000095fYUQAY,0016A00000JqrrcQAB,a0FPW00000WmbEX2AZ,60.58,55.070000,UPDATE,,
SBQQ__ContractedPrice__c,PEE084585-WMK-7598T,,01t8V000008YmmIQAS,0016A00000JqrrcQAB,a0FPW00000WmbVr2AJ,70.25,63.860000,UPDATE,,
SBQQ__ContractedPrice__c,PEE084585-NT753-R,,01t8V000006cjNmQAI,0016A00000JqrrcQAB,a0FPW00000WmhNX2AZ,1911.93,1911.930000,UPDATE,,
SBQQ__ContractedPrice__c,CAS131679-PR565,,01tPW000001exnBYAQ,001PW00000iFUdzYAG,a0FPW00000WmYgk2AF,189.0,189.000000,UPDATE,,
SBQQ__ContractedPrice__c,CAS131664-PR565,,01tPW000001exnBYAQ,0016A00000JqrfSQAR,a0FPW00000WmBJJ2A3,581.0,581.000000,UPDATE,,
SBQQ__ContractedPrice__c,PEE084585-WPTV654,,01tPW000001OcJhYAK,0016A00000JqrrcQAB,a0FPW00000WmhOP2AZ,1411.46,1411.460000,UPDATE,,
SBQQ__ContractedPrice__c,PEE084585-XHB554-B,,01t8V000006d31MQAQ,0016A00000JqrrcQAB,,,1749.990000,INSERT,,
SBQQ__ContractedPrice__c,PEE084585-V4L2-105SUB-2404,,01tPW000003R7GbYAK,0016A00000JqrrcQAB,a0FPW00000WmbVf2AJ,143.83,130.750000,UPDATE,,
SBQQ__ContractedPrice__c,PEE084585-V4L2-105SUB-2405,,01tPW000003R7EzYAK,0016A00000JqrrcQAB,a0FPW00000WmbVg2AJ,143.83,130.750000,UPDATE,,
SBQQ__ContractedPrice__c,PEE084585-DS-LEDUNVSPACER,,01tPW000003YbBVYA0,0016A00000JqrrcQAB,a0FPW00000WmbER2AZ,96.46,87.690000,UPDATE,,
SBQQ__ContractedPrice__c,CAS131679-DS-LEDUNVSPACER,,01tPW000003YbBVYA0,001PW00000iFUdzYAG,,,83.000000,INSERT,,
SBQQ__ContractedPrice__c,CAS131679-DS-LEDUNV960-4X4,,01tPW000003XhFnYAK,001PW00000iFUdzYAG,a0FPW00000WmgVK2AZ,1319.0,1451.000000,UPDATE,,
SBQQ__ContractedPrice__c,CAS131664-DS-LEDUNV960-4X4,,01tPW000003XhFnYAK,0016A00000JqrfSQAR,a0FPW00000WmgM72AJ,3938.0,4331.000000,UPDATE,,
SBQQ__ContractedPrice__c,CAS131679-DS-LEDTK-29VX14S,,01tPW000008a156YAA,001PW00000iFUdzYAG,a0FPW00000WmgUy2AJ,4522.0,4974.000000,UPDATE,,
SBQQ__ContractedPrice__c,CAS131664-ACC180,,01tPW000009Xqx7YAC,0016A00000JqrfSQAR,a0FPW00000WmYEq2AN,87.0,87.000000,UPDATE,,
SBQQ__ContractedPrice__c,CAS131679-DS-LEDTK-28VX6S,,01tPW000008a155YAA,001PW00000iFUdzYAG,a0FPW00000WmgUw2AJ,3717.0,4089.000000,UPDATE,,
SBQQ__ContractedPrice__c,CAS131678-NTSB150,,01tPW00000ACJkHYAX,001PW00000hyoAvYAI,,,899.000000,INSERT,,
SBQQ__ContractedPrice__c,CAS131679-NTSB150,,01tPW00000ACJkHYAX,001PW00000iFUdzYAG,,,424.000000,INSERT,,
SBQQ__ContractedPrice__c,CAS131679-LEDUNVM-4X4,,01tPW00000CUbw5YAD,001PW00000iFUdzYAG,,,1233.000000,INSERT,,
SBQQ__ContractedPrice__c,CAS131679-LEDUNVS-6X6,,01tPW00000CUc0vYAD,001PW00000iFUdzYAG,,,2262.000000,INSERT,,
SBQQ__ContractedPrice__c,CAS131679-LEDUNVS-8X8,,01tPW00000CKK5JYAX,001PW00000iFUdzYAG,,,3638.000000,INSERT,,
SBQQ__ContractedPrice__c,PEE084585-V4L2-105SUB-2402,,01tPW000003R7LRYA0,0016A00000JqrrcQAB,a0FPW00000WmbVd2AJ,143.83,130.750000,UPDATE,,
SBQQ__ContractedPrice__c,CAS131679-DS-LEDUNV610-4X4,,01tPW000003XhEAYA0,001PW00000iFUdzYAG,a0FPW00000WmgVG2AZ,1076.0,1184.000000,UPDATE,,
SBQQ__ContractedPrice__c,CAS131664-DS-LEDUNV610-4X4,,01tPW000003XhEAYA0,0016A00000JqrfSQAR,a0FPW00000WmgM22AJ,3275.0,3603.000000,UPDATE,,
SBQQ__ContractedPrice__c,CAS131664-DS-LEDUNV610-5X5,,01tPW000003XhEBYA0,0016A00000JqrfSQAR,a0FPW00000WmgM32AJ,5118.0,5629.000000,UPDATE,,
SBQQ__ContractedPrice__c,CAS131679-DS-LEDUNV610-5X5,,01tPW000003XhEBYA0,001PW00000iFUdzYAG,a0FPW00000WmgVH2AZ,1680.0,1848.000000,UPDATE,,
SBQQ__ContractedPrice__c,CAS131679-DS-LEDUNV960,,01tPW000003XhHNYA0,001PW00000iFUdzYAG,a0FPW00000WmT0Z2AV,91.0,91.000000,UPDATE,,
SBQQ__ContractedPrice__c,CAS131679-LEDMTS-6X6,,01tPW00000DMmcdYAD,001PW00000iFUdzYAG,,,4776.000000,INSERT,,
SBQQ__ContractedPrice__c,CAS131679-LEDMTL-2X2,,01tPW00000DMmciYAD,001PW00000iFUdzYAG,,,2087.000000,INSERT,,
SBQQ__ContractedPrice__c,CAS131664-ACC-STSPDU,,01tPW00000Eg2TZYAZ,0016A00000JqrfSQAR,,,115.000000,INSERT,,
SBQQ__ContractedPrice__c,CAS131679-ACC180,,01tPW000009Xqx7YAC,001PW00000iFUdzYAG,a0FPW00000WmYR22AN,26.0,26.000000,UPDATE,,
SBQQ__ContractedPrice__c,CAS131679-DS-LEDIER-24X3,,01tPW000008a14wYAA,001PW00000iFUdzYAG,a0FPW00000WmgUM2AZ,9159.0,10075.000000,UPDATE,,
SBQQ__ContractedPrice__c,CAS131679-LEDUNVL-3X3,,01tPW00000CUbo1YAD,001PW00000iFUdzYAG,,,822.000000,INSERT,,
SBQQ__ContractedPrice__c,CAS131679-LEDMTL-4X4,,01tPW00000DMmckYAD,001PW00000iFUdzYAG,,,4360.000000,INSERT,,
SBQQ__ContractedPrice__c,CAS131678-NTSD65-BND,,01tPW00000FBhFVYA1,001PW00000hyoAvYAI,,,1999.000000,INSERT,,
SBQQ__ContractedPrice__c,CAS131679-DS-LEDTK-21VX10S,,01tPW00000EtlgUYAR,001PW00000iFUdzYAG,,,3492.000000,INSERT,,
SBQQ__ContractedPrice__c,CAS131664-STS680-1UCM3,,01tPW00000EnQu9YAF,0016A00000JqrfSQAR,,,997.000000,INSERT,,
SBQQ__ContractedPrice__c,CAS131679-STS680-1UCM3,,01tPW00000EnQu9YAF,001PW00000iFUdzYAG,,,326.000000,INSERT,,
SBQQ__ContractedPrice__c,CAS131664-DS-LEDUNV960,,01tPW000003XhHNYA0,0016A00000JqrfSQAR,a0FPW00000WmYHO2A3,271.0,270.000000,UPDATE,,
SBQQ__ContractedPrice__c,PEE084585-DS-LEDUNV960,,01tPW000003XhHNYA0,0016A00000JqrrcQAB,a0FPW00000WmbEQ2AZ,55.4,50.360000,UPDATE,,
SBQQ__ContractedPrice__c,CAS131664-DS-LEDUNV1220,,01tPW0000079ImTYAU,0016A00000JqrfSQAR,a0FPW00000WmYHM2A3,323.0,324.000000,UPDATE,,
SBQQ__ContractedPrice__c,CAS131679-DS-LEDUNV1220,,01tPW0000079ImTYAU,001PW00000iFUdzYAG,a0FPW00000WmT0V2AV,108.0,108.000000,UPDATE,,
SBQQ__ContractedPrice__c,CAS131679-DS-LEDTK-5VX10S,,01tPW000008a15BYAQ,001PW00000iFUdzYAG,a0FPW00000WmgV62AJ,1481.0,1629.000000,UPDATE,,
SBQQ__ContractedPrice__c,CAS131679-DS-LEDKMT-AWALL-162,,01tPW000008a14yYAA,001PW00000iFUdzYAG,a0FPW00000WmgUT2AZ,5557.0,6113.000000,UPDATE,,
SBQQ__ContractedPrice__c,CAS131664-SS598ML3,,01t6A000003QPzhQAG,0016A00000JqrfSQAR,a0FPW00000WmgUC2AZ,2299.0,2529.000000,UPDATE,,
SBQQ__ContractedPrice__c,CAS131679-SS598ML3,,01t6A000003QPzhQAG,001PW00000iFUdzYAG,a0FPW00000WmYjq2AF,818.0,818.000000,UPDATE,,
SBQQ__ContractedPrice__c,CAS131679-ST640P,,01t6A000000ar9oQAA,001PW00000iFUdzYAG,a0FPW00000WmYjy2AF,57.0,57.000000,UPDATE,,
SBQQ__ContractedPrice__c,PEE084585-ST640P,,01t6A000000ar9oQAA,0016A00000JqrrcQAB,a0FPW00000WmbUc2AJ,20.34,18.490000,UPDATE,,
SBQQ__ContractedPrice__c,PEE084585-ST650P-M,,01t6A000000asd2QAA,0016A00000JqrrcQAB,a0FPW00000WmbUf2AJ,24.42,22.200000,UPDATE,,
SBQQ__ContractedPrice__c,PEE084585-ST670P,,01t6A000000ast8QAA,0016A00000JqrrcQAB,a0FPW00000WmbUk2AJ,58.12,52.840000,UPDATE,,
SBQQ__ContractedPrice__c,CAS131679-LEDUNVL-4X4,,01tPW00000CUbpdYAD,001PW00000iFUdzYAG,,,1460.000000,INSERT,,
SBQQ__ContractedPrice__c,CAS131679-LEDUNVS-4X4,,01tPW00000CM1plYAD,001PW00000iFUdzYAG,,,1006.000000,INSERT,,
SBQQ__ContractedPrice__c,CAS131679-DS-LEDLSAB-8X6,,01tPW00000EtlgMYAR,001PW00000iFUdzYAG,,,6970.000000,INSERT,,
SBQQ__ContractedPrice__c,CAS131679-LEDMTM-3X3,,01tPW00000DMmcfYAD,001PW00000iFUdzYAG,,,2482.000000,INSERT,,
SBQQ__ContractedPrice__c,CAS131679-LEDFWS-8X8,,01tPW00000EtlgOYAR,001PW00000iFUdzYAG,,,7538.000000,INSERT,,
SBQQ__ContractedPrice__c,CAS131664-ACC-UCM3,,01tPW00000EtlfmYAB,0016A00000JqrfSQAR,,,115.000000,INSERT,,
SBQQ__ContractedPrice__c,CAS131679-ST670P,,01t6A000000ast8QAA,001PW00000iFUdzYAG,a0FPW00000WmYk42AF,84.0,84.000000,UPDATE,,
SBQQ__ContractedPrice__c,CAS131679-SUA761PU,,01t6A000000ar4gQAA,001PW00000iFUdzYAG,a0FPW00000WmYkB2AV,178.0,178.000000,UPDATE,,
SBQQ__ContractedPrice__c,CAS131664-SUA761PU,,01t6A000000ar4gQAA,0016A00000JqrfSQAR,a0FPW00000WmYQT2A3,542.0,543.000000,UPDATE,,
SBQQ__ContractedPrice__c,PEE084585-SUA761PU,,01t6A000000ar4gQAA,0016A00000JqrrcQAB,a0FPW00000WmbUt2AJ,95.26,86.600000,UPDATE,,
SBQQ__ContractedPrice__c,PEE084585-SUF660P-M,,01t6A000000asd1QAA,0016A00000JqrrcQAB,a0FPW00000WmbV32AJ,52.24,47.490000,UPDATE,,
SBQQ__ContractedPrice__c,PEE084585-WSP724-GB,,01t6A000000arwNQAQ,0016A00000JqrrcQAB,a0FPW00000WmbW22AJ,77.76,70.690000,UPDATE,,
SBQQ__ContractedPrice__c,CAS131664-WSP724-GB,,01t6A000000arwNQAQ,0016A00000JqrfSQAR,a0FPW00000WmYQk2AN,213.0,214.000000,UPDATE,,
SBQQ__ContractedPrice__c,PEE084585-ACCK123,,01t2K000006S2D8QAK,0016A00000JqrrcQAB,a0FPW00000WmbBH2AZ,4.1,3.730000,UPDATE,,
SBQQ__ContractedPrice__c,PEE084585-3XWC1,,01t6A000000asf5QAA,0016A00000JqrrcQAB,a0FPW00000Wmb5V2AR,261.45,237.680000,UPDATE,,
SBQQ__ContractedPrice__c,PEE084585-407K94,,01t2K000006KEEIQA4,0016A00000JqrrcQAB,a0FPW00000WmUrV2AV,42.78,38.890000,UPDATE,,
SBQQ__ContractedPrice__c,PEE084585-452Y21,,01t2K000006NXdtQAG,0016A00000JqrrcQAB,a0FPW00000WmUrf2AF,48.13,43.750000,UPDATE,,
SBQQ__ContractedPrice__c,PEE084585-ACC635,,01t6A000000asqFQAQ,0016A00000JqrrcQAB,a0FPW00000Wmb6q2AB,30.77,27.970000,UPDATE,,
SBQQ__ContractedPrice__c,CAS131679-ACC635,,01t6A000000asqFQAQ,001PW00000iFUdzYAG,a0FPW00000WmYTW2A3,47.0,47.000000,UPDATE,,
SBQQ__ContractedPrice__c,CAS131664-ACC-STSPTZ,,01tPW00000Eg2GfYAJ,0016A00000JqrfSQAR,,,253.000000,INSERT,,
SBQQ__ContractedPrice__c,PEE084585-ACC810,,01t6A000000astzQAA,0016A00000JqrrcQAB,a0FPW00000Wmb6y2AB,17.3,15.730000,UPDATE,,
SBQQ__ContractedPrice__c,PEE084585-AV18,,01t6A000000asfFQAQ,0016A00000JqrrcQAB,a0FPW00000WmbDE2AZ,196.98,179.070000,UPDATE,,
SBQQ__ContractedPrice__c,PEE084585-BWPTV75,,01t2K000006StknQAC,0016A00000JqrrcQAB,a0FPW00000WmhBa2AJ,1673.14,1673.140000,UPDATE,,
SBQQ__ContractedPrice__c,PEE084585-DS-LED27BDL-4X4,,01t2K000006X7uBQAS,0016A00000JqrrcQAB,a0FPW00000Wmfo12AB,973.24,973.240000,UPDATE,,
SBQQ__ContractedPrice__c,PEE084585-DS-LED3FHD-HSBC,,01t6A000003QNSQQA4,0016A00000JqrrcQAB,a0FPW00000WmhC02AJ,11232.67,11232.670000,UPDATE,,
SBQQ__ContractedPrice__c,PEE084585-DS-LED4FHD-HSBC,,01t6A000002Zz6oQAC,0016A00000JqrrcQAB,a0FPW00000WmhC12AJ,19320.0,19320.000000,UPDATE,,
SBQQ__ContractedPrice__c,PEE084585-DS-LEDA27-16X8,,01t6A000003QI5ZQAW,0016A00000JqrrcQAB,a0FPW00000WmhC52AJ,3242.24,3242.240000,UPDATE,,
SBQQ__ContractedPrice__c,PEE084585-DS-LEDF41296,,01t2K000006XB4nQAG,0016A00000JqrrcQAB,a0FPW00000WmhCH2AZ,1197.66,1197.660000,UPDATE,,
SBQQ__ContractedPrice__c,PEE084585-DS-LEDIER-3X5,,01t2K000006XImSQAW,0016A00000JqrrcQAB,a0FPW00000WmhCN2AZ,1011.14,1011.140000,UPDATE,,
SBQQ__ContractedPrice__c,CAS131679-DS-LEDIER-3X5,,01t2K000006XImSQAW,001PW00000iFUdzYAG,a0FPW00000WmgUO2AZ,1908.0,2099.000000,UPDATE,,
SBQQ__ContractedPrice__c,CAS131679-DS-LEDIER-5X5,,01t2K000006XKWnQAO,001PW00000iFUdzYAG,a0FPW00000WmgUQ2AZ,3180.0,3498.000000,UPDATE,,
SBQQ__ContractedPrice__c,CAS131664-DS-LEDIER-5X5,,01t2K000006XKWnQAO,0016A00000JqrfSQAR,a0FPW00000WmgLx2AJ,10120.0,11132.000000,UPDATE,,
SBQQ__ContractedPrice__c,PEE084585-DS-LEDIER-5X5,,01t2K000006XKWnQAO,0016A00000JqrrcQAB,a0FPW00000WmhCR2AZ,1343.99,1343.990000,UPDATE,,
SBQQ__ContractedPrice__c,PEE084585-DS-LEDLSCB-12X6,,01t2K00000Cg4yTQAR,0016A00000JqrrcQAB,a0FPW00000WmhCm2AJ,2271.8,2271.800000,UPDATE,,
SBQQ__ContractedPrice__c,PEE084585-DS-LEDLSCB-16X8,,01t2K00000Cg4yYQAR,0016A00000JqrrcQAB,a0FPW00000WmhCn2AJ,3796.24,3796.240000,UPDATE,,
SBQQ__ContractedPrice__c,PEE084585-DS-LEDLSCB-6X6,,01t2K00000AonxlQAB,0016A00000JqrrcQAB,a0FPW00000WmhCx2AJ,1296.6,1296.600000,UPDATE,,
SBQQ__ContractedPrice__c,PEE084585-DS-LEDM-A27,,01t2K000006XLNdQAO,0016A00000JqrrcQAB,a0FPW00000Wm4iu2AB,52.87,48.060000,UPDATE,,
SBQQ__ContractedPrice__c,PEE084585-DS-LEDTK-10VX8S,,01t2K000006Su0bQAC,0016A00000JqrrcQAB,a0FPW00000Wm4j02AB,841.79,765.260000,UPDATE,,
SBQQ__ContractedPrice__c,CAS131679-DS-LEDTK-10VX8S,,01t2K000006Su0bQAC,001PW00000iFUdzYAG,a0FPW00000WmgUY2AZ,1871.0,2058.000000,UPDATE,,
SBQQ__ContractedPrice__c,PEE084585-DS-LEDTK-14VX8V,,01t2K000006XKWiQAO,0016A00000JqrrcQAB,a0FPW00000WmhD72AJ,1019.03,1019.030000,UPDATE,,
SBQQ__ContractedPrice__c,PEE084585-DS-LEDTK-24VX8V,,01t2K000006XRp9QAG,0016A00000JqrrcQAB,a0FPW00000WmhDQ2AZ,1436.81,1436.810000,UPDATE,,
SBQQ__ContractedPrice__c,PEE084585-DS-LEDTK-5V,,01t2K000006XIDIQA4,0016A00000JqrrcQAB,a0FPW00000WmbE92AJ,223.1,202.820000,UPDATE,,
SBQQ__ContractedPrice__c,PEE084585-DS-LEDTK-8V,,01t2K000006XIDXQA4,0016A00000JqrrcQAB,a0FPW00000WmbEI2AZ,365.94,332.670000,UPDATE,,
SBQQ__ContractedPrice__c,PEE084585-DS-LEDTK-8VX5S,,01t2K000006XQSAQA4,0016A00000JqrrcQAB,a0FPW00000WmbEL2AZ,669.34,608.490000,UPDATE,,
SBQQ__ContractedPrice__c,CAS131679-DS-LEDTK-8VX5S,,01t2K000006XQSAQA4,001PW00000iFUdzYAG,a0FPW00000WmgVE2AZ,1479.0,1627.000000,UPDATE,,
SBQQ__ContractedPrice__c,PEE084585-DS-LEDTK-C,,01t2K000006XIDcQAO,0016A00000JqrrcQAB,a0FPW00000WmbEO2AZ,95.18,86.530000,UPDATE,,
SBQQ__ContractedPrice__c,PEE084585-HAR775,,01t2K00000AoZnBQAV,0016A00000JqrrcQAB,a0FPW00000Wm9U92AJ,22.75,20.680000,UPDATE,,
SBQQ__ContractedPrice__c,CAS131679-HAR775,,01t2K00000AoZnBQAV,001PW00000iFUdzYAG,a0FPW00000WmT1i2AF,57.0,57.000000,UPDATE,,
SBQQ__ContractedPrice__c,PEE084585-KIL522-SC-MOTO01,,01t6A000000arDgQAI,0016A00000JqrrcQAB,a0FPW00000WmbI02AJ,331.44,301.310000,UPDATE,,
SBQQ__ContractedPrice__c,PEE084585-KIL522-S-MOTO22,,01t6A000000as9KQAQ,0016A00000JqrrcQAB,a0FPW00000WmbI12AJ,423.41,384.920000,UPDATE,,
SBQQ__ContractedPrice__c,PEE084585-KIL527-S-MOTO27,,01t6A000000arhbQAA,0016A00000JqrrcQAB,a0FPW00000WmbI22AJ,440.08,400.070000,UPDATE,,
SBQQ__ContractedPrice__c,PEE084585-KIL542-EUK,,01t6A000000asXiQAI,0016A00000JqrrcQAB,a0FPW00000WmfoF2AR,984.26,984.260000,UPDATE,,
SBQQ__ContractedPrice__c,PEE084585-KIL547,,01t6A000000aqsZQAQ,0016A00000JqrrcQAB,a0FPW00000WmfoK2AR,956.65,956.650000,UPDATE,,
SBQQ__ContractedPrice__c,PEE084585-KIL547-S-EUK,,01t6A000000arYwQAI,0016A00000JqrrcQAB,a0FPW00000WmfoN2AR,947.27,947.270000,UPDATE,,
SBQQ__ContractedPrice__c,PEE084585-KIL549-RAL9007-DIV,,01t6A000002YkoJQAS,0016A00000JqrrcQAB,a0FPW00000WmhE32AJ,1073.44,1073.440000,UPDATE,,
SBQQ__ContractedPrice__c,PEE084585-KIL549-S,,01t6A000000asEnQAI,0016A00000JqrrcQAB,a0FPW00000WmhE42AJ,1053.64,1053.640000,UPDATE,,
SBQQ__ContractedPrice__c,PEE084585-KIL640-S-EUK,,01t6A000000as8hQAA,0016A00000JqrrcQAB,a0FPW00000WmbI72AJ,640.28,582.070000,UPDATE,,
SBQQ__ContractedPrice__c,PEE084585-KIL643,,01t6A000000arFkQAI,0016A00000JqrrcQAB,a0FPW00000WmbIB2AZ,622.19,565.630000,UPDATE,,
SBQQ__ContractedPrice__c,PEE084585-KIL643-35D,,01t6A000000arFmQAI,0016A00000JqrrcQAB,a0FPW00000WmbIC2AZ,629.54,572.310000,UPDATE,,
SBQQ__ContractedPrice__c,PEE084585-KIL647-35D-S,,01t6A000000at9UQAQ,0016A00000JqrrcQAB,a0FPW00000WmbIR2AZ,680.05,618.230000,UPDATE,,
SBQQ__ContractedPrice__c,PEE084585-KIL647-S-EUK,,01t6A000000asnDQAQ,0016A00000JqrrcQAB,a0FPW00000WmbIU2AZ,641.19,582.900000,UPDATE,,
SBQQ__ContractedPrice__c,PEE084585-KIL648-35D-S,,01t6A000000aru7QAA,0016A00000JqrrcQAB,a0FPW00000WmbIV2AZ,683.0,620.910000,UPDATE,,
SBQQ__ContractedPrice__c,PEE084585-KIL655-35D-B-HEX,,01t6A000002iNnNQAU,0016A00000JqrrcQAB,a0FPW00000WmbIa2AJ,716.63,651.480000,UPDATE,,
SBQQ__ContractedPrice__c,CAS131679-KIL655-35D-B-HEX,,01t6A000002iNnNQAU,001PW00000iFUdzYAG,a0FPW00000WmgVd2AJ,1047.0,1152.000000,UPDATE,,
SBQQ__ContractedPrice__c,PEE084585-KIL655-35D-RAL9007,,01t6A000000aruNQAQ,0016A00000JqrrcQAB,a0FPW00000WmbIb2AJ,756.22,687.470000,UPDATE,,
SBQQ__ContractedPrice__c,PEE084585-KIL655-S,,01t6A000000asXzQAI,0016A00000JqrrcQAB,a0FPW00000WmbIg2AJ,657.8,598.000000,UPDATE,,
SBQQ__ContractedPrice__c,CAS131679-KIL655-S,,01t6A000000asXzQAI,001PW00000iFUdzYAG,a0FPW00000WmfmR2AR,977.0,1075.000000,UPDATE,,
SBQQ__ContractedPrice__c,PEE084585-KIL655-S-EUK,,01t6A000000asXyQAI,0016A00000JqrrcQAB,a0FPW00000WmbIh2AJ,645.39,586.720000,UPDATE,,
SBQQ__ContractedPrice__c,PEE084585-KILH555,,01t6A000000aqrkQAA,0016A00000JqrrcQAB,a0FPW00000WmbJ12AJ,946.63,860.570000,UPDATE,,
SBQQ__ContractedPrice__c,CAS131679-KILH555,,01t6A000000aqrkQAA,001PW00000iFUdzYAG,a0FPW00000WmgVg2AJ,1257.0,1383.000000,UPDATE,,
SBQQ__ContractedPrice__c,CAS131679-KILH555-S,,01t6A000000ash8QAA,001PW00000iFUdzYAG,a0FPW00000WmgVh2AJ,1257.0,1383.000000,UPDATE,,
SBQQ__ContractedPrice__c,PEE084585-KILH555-S,,01t6A000000ash8QAA,0016A00000JqrrcQAB,a0FPW00000WmbJ22AJ,948.74,862.490000,UPDATE,,
SBQQ__ContractedPrice__c,PEE084585-KIP522,,01t2K00000AoZnGQAV,0016A00000JqrrcQAB,a0FPW00000WmbJ52AJ,350.3,318.450000,UPDATE,,
SBQQ__ContractedPrice__c,CAS131679-KIP522,,01t2K00000AoZnGQAV,001PW00000iFUdzYAG,a0FPW00000WmYWb2AN,510.0,510.000000,UPDATE,,
SBQQ__ContractedPrice__c,PEE084585-KIP540B-3,,01t6A000000aqiEQAQ,0016A00000JqrrcQAB,a0FPW00000WmbJA2AZ,883.43,803.120000,UPDATE,,
SBQQ__ContractedPrice__c,PEE084585-KIP540-S,,01t6A000000arxfQAA,0016A00000JqrrcQAB,a0FPW00000WmbJH2AZ,932.0,847.270000,UPDATE,,
SBQQ__ContractedPrice__c,PEE084585-KIP542B,,01t6A000000asnOQAQ,0016A00000JqrrcQAB,a0FPW00000WmbJJ2AZ,919.38,835.800000,UPDATE,,
SBQQ__ContractedPrice__c,PEE084585-KIP546B-3,,01t6A000000atWTQAY,0016A00000JqrrcQAB,a0FPW00000WmbJV2AZ,850.19,772.900000,UPDATE,,
SBQQ__ContractedPrice__c,PEE084585-KIP546B-S-3-EUK,,01t6A000000arZjQAI,0016A00000JqrrcQAB,a0FPW00000WmbJa2AJ,858.72,780.650000,UPDATE,,
SBQQ__ContractedPrice__c,PEE084585-KIP546-EUK,,01t6A000000arYrQAI,0016A00000JqrrcQAB,a0FPW00000WmbJc2AJ,785.53,714.120000,UPDATE,,
SBQQ__ContractedPrice__c,PEE084585-KIP548,,01t6A000000atL7QAI,0016A00000JqrrcQAB,a0FPW00000WmbJp2AJ,802.12,729.200000,UPDATE,,
SBQQ__ContractedPrice__c,PEE084585-KIP586-2LG-W,,01t6A000002ga09QAA,0016A00000JqrrcQAB,a0FPW00000WmbK02AJ,970.89,882.630000,UPDATE,,
SBQQ__ContractedPrice__c,PEE084585-KIP640-35D,,01t6A000000at9rQAA,0016A00000JqrrcQAB,a0FPW00000WmbK52AJ,612.25,556.590000,UPDATE,,
SBQQ__ContractedPrice__c,PEE084585-KIP655-W,,01t2K000006KEbNQAW,0016A00000JqrrcQAB,a0FPW00000WmbKO2AZ,714.67,649.700000,UPDATE,,
SBQQ__ContractedPrice__c,PEE084585-KIPC2540-AW,,01t6A000002ZnKZQA0,0016A00000JqrrcQAB,a0FPW00000WmfoS2AR,922.95,922.950000,UPDATE,,
SBQQ__ContractedPrice__c,PEE084585-KIPC2555B-S,,01t6A000000asgaQAA,0016A00000JqrrcQAB,a0FPW00000WmhMo2AJ,1062.28,1062.280000,UPDATE,,
SBQQ__ContractedPrice__c,CAS131679-KIPC2555B-S,,01t6A000000asgaQAA,001PW00000iFUdzYAG,a0FPW00000WmgVo2AJ,1587.0,1745.040000,UPDATE,,
SBQQ__ContractedPrice__c,CAS131679-KIPC2565,,01t6A000000arn1QAA,001PW00000iFUdzYAG,a0FPW00000WmgVw2AJ,1810.0,1991.000000,UPDATE,,
SBQQ__ContractedPrice__c,PEE084585-KIPC2565,,01t6A000000arn1QAA,0016A00000JqrrcQAB,a0FPW00000WmhMz2AJ,1227.22,1227.220000,UPDATE,,
SBQQ__ContractedPrice__c,PEE084585-KIPICT2555-SD2,,01t2K000006NZmmQAG,0016A00000JqrrcQAB,,,0.010000,INSERT,,
SBQQ__ContractedPrice__c,PEE084585-KIPICT555-SD,,01t6A000000argoQAA,0016A00000JqrrcQAB,,,0.010000,INSERT,,
SBQQ__ContractedPrice__c,PEE084585-KLR62232,,01t2K000006KEIPQA4,0016A00000JqrrcQAB,a0FPW00000WmbKZ2AZ,351.01,319.100000,UPDATE,,
SBQQ__ContractedPrice__c,CAS131679-KLR62232,,01t2K000006KEIPQA4,001PW00000iFUdzYAG,a0FPW00000WmYWd2AN,799.0,799.000000,UPDATE,,
SBQQ__ContractedPrice__c,CAS131679-KOF555-3,,01t2K00000CgGpfQAF,001PW00000iFUdzYAG,a0FPW00000WmgW52AJ,2602.0,2862.000000,UPDATE,,
SBQQ__ContractedPrice__c,PEE084585-KOF555-3,,01t2K00000CgGpfQAF,0016A00000JqrrcQAB,a0FPW00000WmhNA2AZ,1782.87,1782.870000,UPDATE,,
SBQQ__ContractedPrice__c,PEE084585-KOP2555-S-OHF-EUK,,01t2K00000ChenIQAR,0016A00000JqrrcQAB,a0FPW00000WmhNB2AZ,1944.33,1944.330000,UPDATE,,
SBQQ__ContractedPrice__c,PEE084585-KOP2555-S-XHB-EUK,,01t6A000002hEx7QAE,0016A00000JqrrcQAB,a0FPW00000WmhNC2AZ,5676.25,5676.250000,UPDATE,,
SBQQ__ContractedPrice__c,PEE084585-MIS-38084-72,,01t2K000006NXnoQAG,0016A00000JqrrcQAB,a0FPW00000WmbMM2AZ,149.46,135.870000,UPDATE,,
SBQQ__ContractedPrice__c,PEE084585-MIS-40512-S,,01t2K000006S2FtQAK,0016A00000JqrrcQAB,a0FPW00000WmhNN2AZ,1160.12,1160.120000,UPDATE,,
SBQQ__ContractedPrice__c,PEE084585-MIS624,,01t6A000000atANQAY,0016A00000JqrrcQAB,a0FPW00000WmbMc2AJ,36.2,32.910000,UPDATE,,
SBQQ__ContractedPrice__c,PEE084585-NT752,,01t2K000006SpcGQAS,0016A00000JqrrcQAB,a0FPW00000WmhNV2AZ,1673.14,1673.140000,UPDATE,,
SBQQ__ContractedPrice__c,PEE084585-PCASXJMT-W,,01t6A000000atFiQAI,0016A00000JqrrcQAB,a0FPW00000WmJFy2AN,47.67,43.340000,UPDATE,,
SBQQ__ContractedPrice__c,PEE084585-PJF2-UNV,,01t6A000000aqiqQAA,0016A00000JqrrcQAB,a0FPW00000WmJGI2A3,38.08,34.620000,UPDATE,,
SBQQ__ContractedPrice__c,CAS131679-PJF2-UNV,,01t6A000000aqiqQAA,001PW00000iFUdzYAG,a0FPW00000WmYgB2AV,86.0,86.000000,UPDATE,,
SBQQ__ContractedPrice__c,CAS131664-PJF2-UNV,,01t6A000000aqiqQAA,0016A00000JqrfSQAR,a0FPW00000WmBIX2A3,289.0,290.000000,UPDATE,,
SBQQ__ContractedPrice__c,PEE084585-PRMT220,,01t6A000000asz1QAA,0016A00000JqrrcQAB,a0FPW00000WmbPm2AJ,11.57,10.520000,UPDATE,,
SBQQ__ContractedPrice__c,PEE084585-SPK-080-B,,01t6A000002ZPcNQAW,0016A00000JqrrcQAB,,,74.670000,INSERT,,
SBQQ__ContractedPrice__c,PEE084585-ST1PLATE2,,01t6A000000aszcQAA,0016A00000JqrrcQAB,a0FPW00000WmbUU2AZ,12.74,11.580000,UPDATE,,
SBQQ__ContractedPrice__c,PEE084585-TRF632,,01t6A000000atVUQAY,0016A00000JqrrcQAB,a0FPW00000WmbVC2AZ,7.34,6.670000,UPDATE,,
SBQQ__ContractedPrice__c,PEE084585-WPTV75,,01t2K000006StkiQAC,0016A00000JqrrcQAB,a0FPW00000WmhOQ2AZ,1673.14,1673.140000,UPDATE,,
SBQQ__ContractedPrice__c,PEE084585-DS-LEDLSCB-7X7,,01t2K00000AoY4AQAV,0016A00000JqrrcQAB,a0FPW00000WmhCz2AJ,1610.48,1610.480000,UPDATE,,
SBQQ__ContractedPrice__c,PEE084585-ECN41226-REV1,,01t2K00000AoF9AQAV,0016A00000JqrrcQAB,a0FPW00000Wm9TM2AZ,576.68,524.250000,UPDATE,,
SBQQ__ContractedPrice__c,CAS131679-KIPC2555B-3-WHL,,01t2K00000ApcbVQAR,001PW00000iFUdzYAG,a0FPW00000WmgVn2AJ,2552.0,2807.000000,UPDATE,,
SBQQ__ContractedPrice__c,PEE084585-KIPC2555B-3-WHL,,01t2K00000ApcbVQAR,0016A00000JqrrcQAB,a0FPW00000WmhMn2AJ,1430.38,1430.380000,UPDATE,,
SBQQ__ContractedPrice__c,PEE084585-ODTV5502-SD,,01t2K00000Aow0wQAB,0016A00000JqrrcQAB,a0FPW00000WmbOm2AJ,994.85,904.410000,UPDATE,,
SBQQ__ContractedPrice__c,PEE084585-ODTV6502-TS,,01t2K00000Aow1AQAR,0016A00000JqrrcQAB,a0FPW00000WmhNd2AJ,1174.68,1174.680000,UPDATE,,
SBQQ__ContractedPrice__c,PEE084585-ACCKV134B,,01t2K00000ApcWmQAJ,0016A00000JqrrcQAB,a0FPW00000WmbBT2AZ,190.6,173.270000,UPDATE,,
SBQQ__ContractedPrice__c,PEE084585-ACCKV140,,01t2K00000CgowhQAB,0016A00000JqrrcQAB,a0FPW00000WmbBZ2AZ,287.55,261.410000,UPDATE,,
SBQQ__ContractedPrice__c,PEE084585-CO-VOLTAKIOSK,,01t2K00000Aq71hQAB,0016A00000JqrrcQAB,a0FPW00000Wmb4R2AR,0.01,0.010000,UPDATE,,
SBQQ__ContractedPrice__c,PEE084585-DS-LEDTK-13VX8S,,01t2K00000ApB6gQAF,0016A00000JqrrcQAB,a0FPW00000Wm4j72AB,982.84,893.490000,UPDATE,,
SBQQ__ContractedPrice__c,CAS131679-DS-LEDTK-13VX8S,,01t2K00000ApB6gQAF,001PW00000iFUdzYAG,a0FPW00000WmgUe2AJ,2247.0,2472.000000,UPDATE,,
SBQQ__ContractedPrice__c,CAS131679-DS-LEDTK-14VX8S,,01t2K00000Aq73nQAB,001PW00000iFUdzYAG,a0FPW00000WmgUg2AJ,2368.0,2605.000000,UPDATE,,
SBQQ__ContractedPrice__c,PEE084585-DS-LEDTK-14VX8S,,01t2K00000Aq73nQAB,0016A00000JqrrcQAB,a0FPW00000Wmfo82AB,927.95,927.950000,UPDATE,,
SBQQ__ContractedPrice__c,PEE084585-DS-LEDTK-20VX11S,,01t2K00000ChqawQAB,0016A00000JqrrcQAB,a0FPW00000WmhDF2AZ,1272.06,1272.060000,UPDATE,,
SBQQ__ContractedPrice__c,CAS131679-DS-LEDTK-20VX11S,,01t2K00000ChqawQAB,001PW00000iFUdzYAG,a0FPW00000WmgUp2AJ,3248.0,3573.000000,UPDATE,,
SBQQ__ContractedPrice__c,CAS131679-DS-LEDTK-30VX8S,,01t2K00000AqHWFQA3,001PW00000iFUdzYAG,a0FPW00000WmgUz2AJ,3896.0,4286.000000,UPDATE,,
SBQQ__ContractedPrice__c,PEE084585-DS-LEDTK-30VX8S,,01t2K00000AqHWFQA3,0016A00000JqrrcQAB,a0FPW00000WmhDV2AZ,1577.92,1577.920000,UPDATE,,
SBQQ__ContractedPrice__c,PEE084585-DS-LEDUPS-3X4,,01t2K00000CgY8NQAV,0016A00000JqrrcQAB,a0FPW00000WmbET2AZ,813.56,739.600000,UPDATE,,
SBQQ__ContractedPrice__c,CAS131679-DS-LEDUPS-3X4,,01t2K00000CgY8NQAV,001PW00000iFUdzYAG,,,1099.000000,INSERT,,
SBQQ__ContractedPrice__c,PEE084585-MIS44193MC-ADA,,01t2K00000Ci0RTQAZ,0016A00000JqrrcQAB,a0FPW00000WmbMZ2AZ,46.4,42.180000,UPDATE,,
SBQQ__ContractedPrice__c,PEE084585-MIS656-A,,01t8V000005o5g4QAA,0016A00000JqrrcQAB,a0FPW00000WmbMg2AJ,122.8,111.640000,UPDATE,,
SBQQ__ContractedPrice__c,PEE084585-ODTV5503,,01t2K00000ChukNQAR,0016A00000JqrrcQAB,a0FPW00000WmhNY2AZ,1067.52,1067.520000,UPDATE,,
SBQQ__ContractedPrice__c,PEE084585-ODTV7502-S,,01t2K00000AoxwRQAR,0016A00000JqrrcQAB,a0FPW00000WmhNh2AJ,1086.0,1086.000000,UPDATE,,
SBQQ__ContractedPrice__c,PEE084585-SF680P-HUB2,,01t2K00000AptM3QAJ,0016A00000JqrrcQAB,a0FPW00000WmbQe2AJ,103.77,94.340000,UPDATE,,
SBQQ__ContractedPrice__c,CAS131679-SF680P-HUB2,,01t2K00000AptM3QAJ,001PW00000iFUdzYAG,a0FPW00000WmYjX2AV,185.0,185.000000,UPDATE,,
SBQQ__ContractedPrice__c,CAS131664-SF680P-HUB2,,01t2K00000AptM3QAJ,0016A00000JqrfSQAR,a0FPW00000WmYQ82AN,694.0,695.000000,UPDATE,,
SBQQ__ContractedPrice__c,PEE084585-SOTV653,,01t2K00000ChujoQAB,0016A00000JqrrcQAB,a0FPW00000WmhNq2AJ,1347.71,1347.710000,UPDATE,,
SBQQ__ContractedPrice__c,PEE084585-WPTV653,,01t2K00000ChujpQAB,0016A00000JqrrcQAB,a0FPW00000WmhOO2AZ,1347.71,1347.710000,UPDATE,,
SBQQ__ContractedPrice__c,PEE084585-55YF31,,01t2K00000ApG5xQAF,0016A00000JqrrcQAB,a0FPW00000WmUsD2AV,117.66,106.960000,UPDATE,,
SBQQ__ContractedPrice__c,PEE084585-A900-CM,,01t8V000005o5AaQAI,0016A00000JqrrcQAB,a0FPW00000WmUsR2AV,22.33,20.300000,UPDATE,,
SBQQ__ContractedPrice__c,PEE084585-DS-LED27BDL-3X9,,01t8V0000095k63QAA,0016A00000JqrrcQAB,a0FPW00000WmhBv2AJ,1485.95,1485.950000,UPDATE,,
SBQQ__ContractedPrice__c,PEE084585-DS-LEDIWASF-6X6,,01t8V0000095k68QAA,0016A00000JqrrcQAB,a0FPW00000WmhCW2AZ,1462.57,1462.570000,UPDATE,,
SBQQ__ContractedPrice__c,PEE084585-DS-LEDTK-22VX10S,,01t8V000008plHPQAY,0016A00000JqrrcQAB,a0FPW00000WmhDK2AZ,1292.42,1292.420000,UPDATE,,
SBQQ__ContractedPrice__c,PEE084585-407K69,,01tPW000001VidhYAC,0016A00000JqrrcQAB,a0FPW00000WmUr82AF,206.28,187.530000,UPDATE,,
SBQQ__ContractedPrice__c,PEE084585-407K97,,01t8V000008YtKNQA0,0016A00000JqrrcQAB,a0FPW00000WmUrY2AV,65.23,59.300000,UPDATE,,
SBQQ__ContractedPrice__c,PEE084585-555DNT1S-UA,,01t8V000006VDYOQA4,0016A00000JqrrcQAB,a0FPW00000Wmh4o2AB,1073.51,1073.510000,UPDATE,,
SBQQ__ContractedPrice__c,CAS131679-ACC149,,01tPW000003JxU5YAK,001PW00000iFUdzYAG,a0FPW00000WmYQy2AN,56.0,56.000000,UPDATE,,
SBQQ__ContractedPrice__c,PEE084585-DS-LEDIWP-3X7,,01t8V000008XL7IQAW,0016A00000JqrrcQAB,a0FPW00000Wmfo22AB,942.29,942.290000,UPDATE,,
SBQQ__ContractedPrice__c,PEE084585-DS-LEDLSCB-4X8,,01t8V000008Yq2cQAC,0016A00000JqrrcQAB,a0FPW00000WmhCs2AJ,1274.26,1274.260000,UPDATE,,
SBQQ__ContractedPrice__c,PEE084585-DS-LEDLSCB-9X6,,01t8V000006V47wQAC,0016A00000JqrrcQAB,a0FPW00000WmhD42AJ,1817.68,1817.680000,UPDATE,,
SBQQ__ContractedPrice__c,PEE084585-DS-LEDTK-24VX16S,,01tPW000002BmcrYAC,0016A00000JqrrcQAB,a0FPW00000WmhDN2AZ,1610.7,1610.700000,UPDATE,,
SBQQ__ContractedPrice__c,PEE084585-DS-LEDTK-5VX16S,,01t8V00000ANnFbQAL,0016A00000JqrrcQAB,a0FPW00000WmbEA2AZ,880.51,800.460000,UPDATE,,
SBQQ__ContractedPrice__c,PEE084585-DS-LEDTK-8VX13S,,01t8V000008XL6tQAG,0016A00000JqrrcQAB,a0FPW00000WmbEK2AZ,928.24,843.850000,UPDATE,,
SBQQ__ContractedPrice__c,PEE084585-DS-LEDUNV-LSBB-4X4,,01t8V00000ANprwQAD,0016A00000JqrrcQAB,,,579.130000,INSERT,,
SBQQ__ContractedPrice__c,PEE084585-DS-LEDUNV-LSCB-8X4,,01t8V00000ANtNgQAL,0016A00000JqrrcQAB,,,1074.540000,INSERT,,
SBQQ__ContractedPrice__c,PEE084585-DS-LEDUNV-NECE-5X5,,01t8V00000ANnEJQA1,0016A00000JqrrcQAB,,,813.150000,INSERT,,
SBQQ__ContractedPrice__c,PEE084585-DS-LEDUPS-4X2,,01t8V0000095h5lQAA,0016A00000JqrrcQAB,a0FPW00000WmbEU2AZ,814.91,740.830000,UPDATE,,
SBQQ__ContractedPrice__c,PEE084585-DS-LEDUPS-5X6,,01t8V000006VBOrQAO,0016A00000JqrrcQAB,a0FPW00000WmhDo2AJ,1226.26,1226.260000,UPDATE,,
SBQQ__ContractedPrice__c,PEE084585-KIT-10015458,,01t8V000005wblgQAA,0016A00000JqrrcQAB,,,14.190000,INSERT,,
SBQQ__ContractedPrice__c,PEE084585-KIT-10015946,,01t8V000005wbllQAA,0016A00000JqrrcQAB,,,8.560000,INSERT,,
SBQQ__ContractedPrice__c,PEE084585-KOF-OPT-SAM,,01t8V000008XMvsQAG,0016A00000JqrrcQAB,a0FPW00000WmbKf2AJ,81.27,73.880000,UPDATE,,
SBQQ__ContractedPrice__c,CAS131679-KOF-OPT-SAM,,01t8V000008XMvsQAG,001PW00000iFUdzYAG,a0FPW00000WmYWi2AN,106.0,106.000000,UPDATE,,
SBQQ__ContractedPrice__c,PEE084585-NT553-B,,01t8V000006cjNSQAY,0016A00000JqrrcQAB,a0FPW00000WmbOf2AJ,660.0,600.000000,UPDATE,,
SBQQ__ContractedPrice__c,PEE084585-XHB653-B,,01t8V000006VDYiQAO,0016A00000JqrrcQAB,a0FPW00000WmhOd2AJ,3252.31,3252.310000,UPDATE,,
SBQQ__ContractedPrice__c,PEE084585-V4L2-105SUB-2403,,01tPW000003R7IDYA0,0016A00000JqrrcQAB,a0FPW00000WmbVe2AJ,143.83,130.750000,UPDATE,,
SBQQ__ContractedPrice__c,PEE084585-DS-LEDUNV610,,01tPW000003XhFmYAK,0016A00000JqrrcQAB,a0FPW00000WmbEP2AZ,48.11,43.740000,UPDATE,,
SBQQ__ContractedPrice__c,CAS131679-DS-LEDUNV610,,01tPW000003XhFmYAK,001PW00000iFUdzYAG,a0FPW00000WmT0Y2AV,75.0,75.000000,UPDATE,,
SBQQ__ContractedPrice__c,CAS131664-DS-LEDUNV610,,01tPW000003XhFmYAK,0016A00000JqrfSQAR,a0FPW00000WmYHN2A3,226.0,225.000000,UPDATE,,
SBQQ__ContractedPrice__c,CAS131664-DS-LEDUNV610-8X8,,01tPW000003XhKcYAK,0016A00000JqrfSQAR,a0FPW00000WmgM52AJ,13101.0,14411.000000,UPDATE,,
SBQQ__ContractedPrice__c,CAS131679-DS-LEDUNV610-8X8,,01tPW000003XhKcYAK,001PW00000iFUdzYAG,a0FPW00000WmgVJ2AZ,4301.0,4731.000000,UPDATE,,
SBQQ__ContractedPrice__c,CAS131679-DS-LEDLSAB-5X5,,01tPW000008a150YAA,001PW00000iFUdzYAG,,,3300.000000,INSERT,,
SBQQ__ContractedPrice__c,CAS131679-PR565ML3,,01tPW000009TWSLYA4,001PW00000iFUdzYAG,a0FPW00000WmYgl2AF,312.0,312.000000,UPDATE,,
SBQQ__ContractedPrice__c,CAS131679-DS-LEDKMT-AWALL-135,,01tPW000008a14xYAA,001PW00000iFUdzYAG,a0FPW00000WmgUS2AZ,4296.0,4726.000000,UPDATE,,
SBQQ__ContractedPrice__c,CAS131679-DS-LEDTK-5VX15S,,01tPW000008a15CYAQ,001PW00000iFUdzYAG,a0FPW00000WmgV72AJ,2073.0,2280.000000,UPDATE,,
SBQQ__ContractedPrice__c,CAS131679-LEDUNVL-2X2,,01tPW00000CUbhZYAT,001PW00000iFUdzYAG,,,366.000000,INSERT,,
SBQQ__ContractedPrice__c,CAS131679-LEDUNVS-5X5,,01tPW00000CUa9WYAT,001PW00000iFUdzYAG,,,1571.000000,INSERT,,
SBQQ__ContractedPrice__c,CAS131679-LEDUNVSPACER3,,01tPW00000BghAHYAZ,001PW00000iFUdzYAG,,,117.000000,INSERT,,
SBQQ__ContractedPrice__c,CAS131679-LEDMTS-5X5,,01tPW00000DMmccYAD,001PW00000iFUdzYAG,,,3512.000000,INSERT,,
SBQQ__ContractedPrice__c,CAS131679-DS-LEDTK-12VX10S,,01tPW00000EtlgVYAR,001PW00000iFUdzYAG,,,2416.000000,INSERT,,
SBQQ__ContractedPrice__c,CAS131664-ACC-STSLB,,01tPW00000Eg2YPYAZ,0016A00000JqrfSQAR,,,58.000000,INSERT,,
